"year_of_manufacture","vehicle_type","motive_power","no_vehicles"
"1901","Passenger vehicles","Petrol",5
"1902","Passenger vehicles","Petrol",0
"1903","Passenger vehicles","Petrol",9
"1904","Passenger vehicles","Petrol",15
"1905","Passenger vehicles","Petrol",10
"1906","Passenger vehicles","Petrol",18
"1907","Passenger vehicles","Petrol",15
"1908","Passenger vehicles","Petrol",22
"1909","Passenger vehicles","Petrol",28
"1910","Passenger vehicles","Petrol",47
"1911","Passenger vehicles","Petrol",49
"1912","Passenger vehicles","Petrol",59
"1913","Passenger vehicles","Petrol",64
"1914","Passenger vehicles","Petrol",53
"1915","Passenger vehicles","Petrol",75
"1916","Passenger vehicles","Petrol",37
"1917","Passenger vehicles","Petrol",38
"1918","Passenger vehicles","Petrol",31
"1919","Passenger vehicles","Petrol",15
"1920","Passenger vehicles","Petrol",21
"1921","Passenger vehicles","Petrol",20
"1922","Passenger vehicles","Petrol",58
"1923","Passenger vehicles","Petrol",407
"1924","Passenger vehicles","Petrol",205
"1925","Passenger vehicles","Petrol",285
"1926","Passenger vehicles","Petrol",398
"1927","Passenger vehicles","Petrol",563
"1928","Passenger vehicles","Petrol",1281
"1929","Passenger vehicles","Petrol",946
"1930","Passenger vehicles","Petrol",586
"1931","Passenger vehicles","Petrol",227
"1932","Passenger vehicles","Petrol",1064
"1933","Passenger vehicles","Petrol",310
"1934","Passenger vehicles","Petrol",1122
"1935","Passenger vehicles","Petrol",446
"1936","Passenger vehicles","Petrol",509
"1937","Passenger vehicles","Petrol",536
"1938","Passenger vehicles","Petrol",483
"1939","Passenger vehicles","Petrol",465
"1940","Passenger vehicles","Petrol",260
"1941","Passenger vehicles","Petrol",108
"1942","Passenger vehicles","Petrol",225
"1943","Passenger vehicles","Petrol",116
"1944","Passenger vehicles","Petrol",136
"1945","Passenger vehicles","Petrol",39
"1946","Passenger vehicles","Petrol",337
"1947","Passenger vehicles","Petrol",433
"1948","Passenger vehicles","Petrol",864
"1949","Passenger vehicles","Petrol",805
"1950","Passenger vehicles","Petrol",841
"1951","Passenger vehicles","Petrol",920
"1952","Passenger vehicles","Petrol",706
"1953","Passenger vehicles","Petrol",992
"1954","Passenger vehicles","Petrol",1608
"1955","Passenger vehicles","Petrol",2176
"1956","Passenger vehicles","Petrol",1840
"1957","Passenger vehicles","Petrol",2703
"1958","Passenger vehicles","Petrol",1922
"1959","Passenger vehicles","Petrol",2237
"1960","Passenger vehicles","Petrol",2442
"1961","Passenger vehicles","Petrol",1983
"1962","Passenger vehicles","Petrol",3587
"1963","Passenger vehicles","Petrol",4308
"1964","Passenger vehicles","Petrol",6985
"1965","Passenger vehicles","Petrol",6692
"1966","Passenger vehicles","Petrol",8069
"1967","Passenger vehicles","Petrol",8074
"1968","Passenger vehicles","Petrol",8559
"1969","Passenger vehicles","Petrol",9400
"1970","Passenger vehicles","Petrol",11445
"1971","Passenger vehicles","Petrol",12213
"1972","Passenger vehicles","Petrol",7950
"1973","Passenger vehicles","Petrol",8086
"1974","Passenger vehicles","Petrol",8875
"1975","Passenger vehicles","Petrol",7027
"1976","Passenger vehicles","Petrol",7824
"1977","Passenger vehicles","Petrol",7479
"1978","Passenger vehicles","Petrol",7115
"1979","Passenger vehicles","Petrol",5578
"1980","Passenger vehicles","Petrol",4038
"1981","Passenger vehicles","Petrol",4246
"1982","Passenger vehicles","Petrol",4871
"1983","Passenger vehicles","Petrol",4647
"1984","Passenger vehicles","Petrol",6513
"1985","Passenger vehicles","Petrol",7945
"1986","Passenger vehicles","Petrol",6710
"1987","Passenger vehicles","Petrol",6486
"1988","Passenger vehicles","Petrol",8859
"1989","Passenger vehicles","Petrol",12669
"1990","Passenger vehicles","Petrol",15808
"1991","Passenger vehicles","Petrol",14184
"1992","Passenger vehicles","Petrol",16916
"1993","Passenger vehicles","Petrol",21757
"1994","Passenger vehicles","Petrol",27052
"1995","Passenger vehicles","Petrol",32321
"1996","Passenger vehicles","Petrol",39094
"1997","Passenger vehicles","Petrol",56493
"1998","Passenger vehicles","Petrol",80734
"1999","Passenger vehicles","Petrol",97013
"2000","Passenger vehicles","Petrol",128429
"2001","Passenger vehicles","Petrol",149744
"2002","Passenger vehicles","Petrol",189640
"2003","Passenger vehicles","Petrol",261809
"2004","Passenger vehicles","Petrol",302944
"2005","Passenger vehicles","Petrol",361223
"2006","Passenger vehicles","Petrol",395219
"2007","Passenger vehicles","Petrol",465698
"2008","Passenger vehicles","Petrol",467229
"2009","Passenger vehicles","Petrol",448573
"2010","Passenger vehicles","Petrol",539203
"2011","Passenger vehicles","Petrol",521419
"2012","Passenger vehicles","Petrol",595006
"2013","Passenger vehicles","Petrol",645296
"2014","Passenger vehicles","Petrol",624081
"2015","Passenger vehicles","Petrol",689264
"2016","Passenger vehicles","Petrol",699874
"2017","Passenger vehicles","Petrol",718107
"2018","Passenger vehicles","Petrol",676010
"2019","Passenger vehicles","Petrol",612219
"2020","Passenger vehicles","Petrol",485447
"2021","Passenger vehicles","Petrol",588563
"2022","Passenger vehicles","Petrol",575812
"2023","Passenger vehicles","Petrol",553566
"2024","Passenger vehicles","Petrol",352228
"2025","Passenger vehicles","Petrol",40
"Not stated","Passenger vehicles","Petrol",591
"1901","Passenger vehicles","Diesel",0
"1902","Passenger vehicles","Diesel",0
"1903","Passenger vehicles","Diesel",0
"1904","Passenger vehicles","Diesel",0
"1905","Passenger vehicles","Diesel",0
"1906","Passenger vehicles","Diesel",0
"1907","Passenger vehicles","Diesel",0
"1908","Passenger vehicles","Diesel",0
"1909","Passenger vehicles","Diesel",0
"1910","Passenger vehicles","Diesel",0
"1911","Passenger vehicles","Diesel",0
"1912","Passenger vehicles","Diesel",0
"1913","Passenger vehicles","Diesel",0
"1914","Passenger vehicles","Diesel",0
"1915","Passenger vehicles","Diesel",0
"1916","Passenger vehicles","Diesel",3
"1917","Passenger vehicles","Diesel",0
"1918","Passenger vehicles","Diesel",0
"1919","Passenger vehicles","Diesel",0
"1920","Passenger vehicles","Diesel",0
"1921","Passenger vehicles","Diesel",0
"1922","Passenger vehicles","Diesel",0
"1923","Passenger vehicles","Diesel",0
"1924","Passenger vehicles","Diesel",0
"1925","Passenger vehicles","Diesel",0
"1926","Passenger vehicles","Diesel",0
"1927","Passenger vehicles","Diesel",0
"1928","Passenger vehicles","Diesel",0
"1929","Passenger vehicles","Diesel",0
"1930","Passenger vehicles","Diesel",0
"1931","Passenger vehicles","Diesel",0
"1932","Passenger vehicles","Diesel",0
"1933","Passenger vehicles","Diesel",3
"1934","Passenger vehicles","Diesel",0
"1935","Passenger vehicles","Diesel",0
"1936","Passenger vehicles","Diesel",0
"1937","Passenger vehicles","Diesel",0
"1938","Passenger vehicles","Diesel",0
"1939","Passenger vehicles","Diesel",0
"1940","Passenger vehicles","Diesel",3
"1941","Passenger vehicles","Diesel",0
"1942","Passenger vehicles","Diesel",0
"1943","Passenger vehicles","Diesel",0
"1944","Passenger vehicles","Diesel",0
"1945","Passenger vehicles","Diesel",0
"1946","Passenger vehicles","Diesel",3
"1947","Passenger vehicles","Diesel",3
"1948","Passenger vehicles","Diesel",0
"1949","Passenger vehicles","Diesel",0
"1950","Passenger vehicles","Diesel",0
"1951","Passenger vehicles","Diesel",3
"1952","Passenger vehicles","Diesel",0
"1953","Passenger vehicles","Diesel",4
"1954","Passenger vehicles","Diesel",6
"1955","Passenger vehicles","Diesel",3
"1956","Passenger vehicles","Diesel",0
"1957","Passenger vehicles","Diesel",0
"1958","Passenger vehicles","Diesel",5
"1959","Passenger vehicles","Diesel",3
"1960","Passenger vehicles","Diesel",7
"1961","Passenger vehicles","Diesel",5
"1962","Passenger vehicles","Diesel",4
"1963","Passenger vehicles","Diesel",7
"1964","Passenger vehicles","Diesel",6
"1965","Passenger vehicles","Diesel",4
"1966","Passenger vehicles","Diesel",3
"1967","Passenger vehicles","Diesel",8
"1968","Passenger vehicles","Diesel",9
"1969","Passenger vehicles","Diesel",0
"1970","Passenger vehicles","Diesel",6
"1971","Passenger vehicles","Diesel",12
"1972","Passenger vehicles","Diesel",15
"1973","Passenger vehicles","Diesel",9
"1974","Passenger vehicles","Diesel",24
"1975","Passenger vehicles","Diesel",21
"1976","Passenger vehicles","Diesel",47
"1977","Passenger vehicles","Diesel",58
"1978","Passenger vehicles","Diesel",89
"1979","Passenger vehicles","Diesel",126
"1980","Passenger vehicles","Diesel",197
"1981","Passenger vehicles","Diesel",350
"1982","Passenger vehicles","Diesel",436
"1983","Passenger vehicles","Diesel",610
"1984","Passenger vehicles","Diesel",1250
"1985","Passenger vehicles","Diesel",1723
"1986","Passenger vehicles","Diesel",1392
"1987","Passenger vehicles","Diesel",729
"1988","Passenger vehicles","Diesel",2269
"1989","Passenger vehicles","Diesel",3411
"1990","Passenger vehicles","Diesel",4310
"1991","Passenger vehicles","Diesel",5527
"1992","Passenger vehicles","Diesel",6476
"1993","Passenger vehicles","Diesel",5238
"1994","Passenger vehicles","Diesel",5838
"1995","Passenger vehicles","Diesel",6067
"1996","Passenger vehicles","Diesel",6089
"1997","Passenger vehicles","Diesel",7008
"1998","Passenger vehicles","Diesel",7985
"1999","Passenger vehicles","Diesel",8858
"2000","Passenger vehicles","Diesel",11127
"2001","Passenger vehicles","Diesel",12701
"2002","Passenger vehicles","Diesel",16103
"2003","Passenger vehicles","Diesel",20154
"2004","Passenger vehicles","Diesel",24809
"2005","Passenger vehicles","Diesel",26976
"2006","Passenger vehicles","Diesel",36211
"2007","Passenger vehicles","Diesel",45340
"2008","Passenger vehicles","Diesel",65116
"2009","Passenger vehicles","Diesel",66836
"2010","Passenger vehicles","Diesel",100145
"2011","Passenger vehicles","Diesel",109024
"2012","Passenger vehicles","Diesel",141026
"2013","Passenger vehicles","Diesel",148452
"2014","Passenger vehicles","Diesel",141376
"2015","Passenger vehicles","Diesel",154423
"2016","Passenger vehicles","Diesel",162865
"2017","Passenger vehicles","Diesel",151723
"2018","Passenger vehicles","Diesel",142014
"2019","Passenger vehicles","Diesel",113264
"2020","Passenger vehicles","Diesel",94221
"2021","Passenger vehicles","Diesel",120600
"2022","Passenger vehicles","Diesel",140241
"2023","Passenger vehicles","Diesel",141644
"2024","Passenger vehicles","Diesel",87299
"2025","Passenger vehicles","Diesel",30
"Not stated","Passenger vehicles","Diesel",15
"1901","Passenger vehicles","Dual fuel",0
"1902","Passenger vehicles","Dual fuel",0
"1903","Passenger vehicles","Dual fuel",0
"1904","Passenger vehicles","Dual fuel",0
"1905","Passenger vehicles","Dual fuel",0
"1906","Passenger vehicles","Dual fuel",0
"1907","Passenger vehicles","Dual fuel",0
"1908","Passenger vehicles","Dual fuel",0
"1909","Passenger vehicles","Dual fuel",0
"1910","Passenger vehicles","Dual fuel",0
"1911","Passenger vehicles","Dual fuel",0
"1912","Passenger vehicles","Dual fuel",0
"1913","Passenger vehicles","Dual fuel",0
"1914","Passenger vehicles","Dual fuel",0
"1915","Passenger vehicles","Dual fuel",0
"1916","Passenger vehicles","Dual fuel",0
"1917","Passenger vehicles","Dual fuel",0
"1918","Passenger vehicles","Dual fuel",0
"1919","Passenger vehicles","Dual fuel",0
"1920","Passenger vehicles","Dual fuel",0
"1921","Passenger vehicles","Dual fuel",0
"1922","Passenger vehicles","Dual fuel",0
"1923","Passenger vehicles","Dual fuel",0
"1924","Passenger vehicles","Dual fuel",0
"1925","Passenger vehicles","Dual fuel",0
"1926","Passenger vehicles","Dual fuel",0
"1927","Passenger vehicles","Dual fuel",0
"1928","Passenger vehicles","Dual fuel",5
"1929","Passenger vehicles","Dual fuel",4
"1930","Passenger vehicles","Dual fuel",0
"1931","Passenger vehicles","Dual fuel",0
"1932","Passenger vehicles","Dual fuel",3
"1933","Passenger vehicles","Dual fuel",3
"1934","Passenger vehicles","Dual fuel",4
"1935","Passenger vehicles","Dual fuel",3
"1936","Passenger vehicles","Dual fuel",0
"1937","Passenger vehicles","Dual fuel",3
"1938","Passenger vehicles","Dual fuel",3
"1939","Passenger vehicles","Dual fuel",0
"1940","Passenger vehicles","Dual fuel",0
"1941","Passenger vehicles","Dual fuel",3
"1942","Passenger vehicles","Dual fuel",3
"1943","Passenger vehicles","Dual fuel",0
"1944","Passenger vehicles","Dual fuel",0
"1945","Passenger vehicles","Dual fuel",0
"1946","Passenger vehicles","Dual fuel",5
"1947","Passenger vehicles","Dual fuel",7
"1948","Passenger vehicles","Dual fuel",3
"1949","Passenger vehicles","Dual fuel",0
"1950","Passenger vehicles","Dual fuel",0
"1951","Passenger vehicles","Dual fuel",4
"1952","Passenger vehicles","Dual fuel",4
"1953","Passenger vehicles","Dual fuel",0
"1954","Passenger vehicles","Dual fuel",8
"1955","Passenger vehicles","Dual fuel",11
"1956","Passenger vehicles","Dual fuel",14
"1957","Passenger vehicles","Dual fuel",21
"1958","Passenger vehicles","Dual fuel",5
"1959","Passenger vehicles","Dual fuel",16
"1960","Passenger vehicles","Dual fuel",14
"1961","Passenger vehicles","Dual fuel",9
"1962","Passenger vehicles","Dual fuel",27
"1963","Passenger vehicles","Dual fuel",36
"1964","Passenger vehicles","Dual fuel",51
"1965","Passenger vehicles","Dual fuel",71
"1966","Passenger vehicles","Dual fuel",63
"1967","Passenger vehicles","Dual fuel",82
"1968","Passenger vehicles","Dual fuel",74
"1969","Passenger vehicles","Dual fuel",76
"1970","Passenger vehicles","Dual fuel",154
"1971","Passenger vehicles","Dual fuel",159
"1972","Passenger vehicles","Dual fuel",85
"1973","Passenger vehicles","Dual fuel",96
"1974","Passenger vehicles","Dual fuel",130
"1975","Passenger vehicles","Dual fuel",134
"1976","Passenger vehicles","Dual fuel",123
"1977","Passenger vehicles","Dual fuel",215
"1978","Passenger vehicles","Dual fuel",236
"1979","Passenger vehicles","Dual fuel",163
"1980","Passenger vehicles","Dual fuel",93
"1981","Passenger vehicles","Dual fuel",143
"1982","Passenger vehicles","Dual fuel",162
"1983","Passenger vehicles","Dual fuel",153
"1984","Passenger vehicles","Dual fuel",273
"1985","Passenger vehicles","Dual fuel",248
"1986","Passenger vehicles","Dual fuel",153
"1987","Passenger vehicles","Dual fuel",132
"1988","Passenger vehicles","Dual fuel",293
"1989","Passenger vehicles","Dual fuel",470
"1990","Passenger vehicles","Dual fuel",603
"1991","Passenger vehicles","Dual fuel",532
"1992","Passenger vehicles","Dual fuel",780
"1993","Passenger vehicles","Dual fuel",1289
"1994","Passenger vehicles","Dual fuel",1492
"1995","Passenger vehicles","Dual fuel",1377
"1996","Passenger vehicles","Dual fuel",1432
"1997","Passenger vehicles","Dual fuel",1972
"1998","Passenger vehicles","Dual fuel",3400
"1999","Passenger vehicles","Dual fuel",3788
"2000","Passenger vehicles","Dual fuel",3474
"2001","Passenger vehicles","Dual fuel",3130
"2002","Passenger vehicles","Dual fuel",3872
"2003","Passenger vehicles","Dual fuel",5114
"2004","Passenger vehicles","Dual fuel",4690
"2005","Passenger vehicles","Dual fuel",3860
"2006","Passenger vehicles","Dual fuel",2808
"2007","Passenger vehicles","Dual fuel",2774
"2008","Passenger vehicles","Dual fuel",2558
"2009","Passenger vehicles","Dual fuel",2226
"2010","Passenger vehicles","Dual fuel",1618
"2011","Passenger vehicles","Dual fuel",1089
"2012","Passenger vehicles","Dual fuel",575
"2013","Passenger vehicles","Dual fuel",508
"2014","Passenger vehicles","Dual fuel",489
"2015","Passenger vehicles","Dual fuel",617
"2016","Passenger vehicles","Dual fuel",487
"2017","Passenger vehicles","Dual fuel",334
"2018","Passenger vehicles","Dual fuel",204
"2019","Passenger vehicles","Dual fuel",232
"2020","Passenger vehicles","Dual fuel",119
"2021","Passenger vehicles","Dual fuel",165
"2022","Passenger vehicles","Dual fuel",220
"2023","Passenger vehicles","Dual fuel",410
"2024","Passenger vehicles","Dual fuel",853
"2025","Passenger vehicles","Dual fuel",0
"Not stated","Passenger vehicles","Dual fuel",0
"1901","Passenger vehicles","Hybrid electric",0
"1902","Passenger vehicles","Hybrid electric",0
"1903","Passenger vehicles","Hybrid electric",0
"1904","Passenger vehicles","Hybrid electric",0
"1905","Passenger vehicles","Hybrid electric",0
"1906","Passenger vehicles","Hybrid electric",0
"1907","Passenger vehicles","Hybrid electric",0
"1908","Passenger vehicles","Hybrid electric",0
"1909","Passenger vehicles","Hybrid electric",0
"1910","Passenger vehicles","Hybrid electric",0
"1911","Passenger vehicles","Hybrid electric",0
"1912","Passenger vehicles","Hybrid electric",0
"1913","Passenger vehicles","Hybrid electric",0
"1914","Passenger vehicles","Hybrid electric",0
"1915","Passenger vehicles","Hybrid electric",0
"1916","Passenger vehicles","Hybrid electric",0
"1917","Passenger vehicles","Hybrid electric",0
"1918","Passenger vehicles","Hybrid electric",0
"1919","Passenger vehicles","Hybrid electric",0
"1920","Passenger vehicles","Hybrid electric",0
"1921","Passenger vehicles","Hybrid electric",0
"1922","Passenger vehicles","Hybrid electric",0
"1923","Passenger vehicles","Hybrid electric",0
"1924","Passenger vehicles","Hybrid electric",0
"1925","Passenger vehicles","Hybrid electric",0
"1926","Passenger vehicles","Hybrid electric",0
"1927","Passenger vehicles","Hybrid electric",0
"1928","Passenger vehicles","Hybrid electric",0
"1929","Passenger vehicles","Hybrid electric",0
"1930","Passenger vehicles","Hybrid electric",0
"1931","Passenger vehicles","Hybrid electric",0
"1932","Passenger vehicles","Hybrid electric",0
"1933","Passenger vehicles","Hybrid electric",0
"1934","Passenger vehicles","Hybrid electric",0
"1935","Passenger vehicles","Hybrid electric",0
"1936","Passenger vehicles","Hybrid electric",0
"1937","Passenger vehicles","Hybrid electric",0
"1938","Passenger vehicles","Hybrid electric",0
"1939","Passenger vehicles","Hybrid electric",0
"1940","Passenger vehicles","Hybrid electric",0
"1941","Passenger vehicles","Hybrid electric",0
"1942","Passenger vehicles","Hybrid electric",0
"1943","Passenger vehicles","Hybrid electric",0
"1944","Passenger vehicles","Hybrid electric",0
"1945","Passenger vehicles","Hybrid electric",0
"1946","Passenger vehicles","Hybrid electric",0
"1947","Passenger vehicles","Hybrid electric",0
"1948","Passenger vehicles","Hybrid electric",0
"1949","Passenger vehicles","Hybrid electric",0
"1950","Passenger vehicles","Hybrid electric",0
"1951","Passenger vehicles","Hybrid electric",0
"1952","Passenger vehicles","Hybrid electric",0
"1953","Passenger vehicles","Hybrid electric",0
"1954","Passenger vehicles","Hybrid electric",0
"1955","Passenger vehicles","Hybrid electric",0
"1956","Passenger vehicles","Hybrid electric",0
"1957","Passenger vehicles","Hybrid electric",0
"1958","Passenger vehicles","Hybrid electric",0
"1959","Passenger vehicles","Hybrid electric",0
"1960","Passenger vehicles","Hybrid electric",0
"1961","Passenger vehicles","Hybrid electric",0
"1962","Passenger vehicles","Hybrid electric",0
"1963","Passenger vehicles","Hybrid electric",0
"1964","Passenger vehicles","Hybrid electric",0
"1965","Passenger vehicles","Hybrid electric",0
"1966","Passenger vehicles","Hybrid electric",0
"1967","Passenger vehicles","Hybrid electric",0
"1968","Passenger vehicles","Hybrid electric",0
"1969","Passenger vehicles","Hybrid electric",0
"1970","Passenger vehicles","Hybrid electric",0
"1971","Passenger vehicles","Hybrid electric",3
"1972","Passenger vehicles","Hybrid electric",0
"1973","Passenger vehicles","Hybrid electric",0
"1974","Passenger vehicles","Hybrid electric",0
"1975","Passenger vehicles","Hybrid electric",0
"1976","Passenger vehicles","Hybrid electric",0
"1977","Passenger vehicles","Hybrid electric",0
"1978","Passenger vehicles","Hybrid electric",0
"1979","Passenger vehicles","Hybrid electric",0
"1980","Passenger vehicles","Hybrid electric",0
"1981","Passenger vehicles","Hybrid electric",0
"1982","Passenger vehicles","Hybrid electric",0
"1983","Passenger vehicles","Hybrid electric",0
"1984","Passenger vehicles","Hybrid electric",0
"1985","Passenger vehicles","Hybrid electric",0
"1986","Passenger vehicles","Hybrid electric",0
"1987","Passenger vehicles","Hybrid electric",0
"1988","Passenger vehicles","Hybrid electric",0
"1989","Passenger vehicles","Hybrid electric",0
"1990","Passenger vehicles","Hybrid electric",0
"1991","Passenger vehicles","Hybrid electric",0
"1992","Passenger vehicles","Hybrid electric",0
"1993","Passenger vehicles","Hybrid electric",3
"1994","Passenger vehicles","Hybrid electric",0
"1995","Passenger vehicles","Hybrid electric",0
"1996","Passenger vehicles","Hybrid electric",3
"1997","Passenger vehicles","Hybrid electric",0
"1998","Passenger vehicles","Hybrid electric",6
"1999","Passenger vehicles","Hybrid electric",11
"2000","Passenger vehicles","Hybrid electric",11
"2001","Passenger vehicles","Hybrid electric",48
"2002","Passenger vehicles","Hybrid electric",45
"2003","Passenger vehicles","Hybrid electric",125
"2004","Passenger vehicles","Hybrid electric",705
"2005","Passenger vehicles","Hybrid electric",964
"2006","Passenger vehicles","Hybrid electric",2477
"2007","Passenger vehicles","Hybrid electric",3613
"2008","Passenger vehicles","Hybrid electric",3916
"2009","Passenger vehicles","Hybrid electric",3677
"2010","Passenger vehicles","Hybrid electric",7512
"2011","Passenger vehicles","Hybrid electric",7348
"2012","Passenger vehicles","Hybrid electric",12035
"2013","Passenger vehicles","Hybrid electric",12478
"2014","Passenger vehicles","Hybrid electric",13954
"2015","Passenger vehicles","Hybrid electric",13555
"2016","Passenger vehicles","Hybrid electric",13320
"2017","Passenger vehicles","Hybrid electric",14370
"2018","Passenger vehicles","Hybrid electric",18280
"2019","Passenger vehicles","Hybrid electric",32014
"2020","Passenger vehicles","Hybrid electric",58584
"2021","Passenger vehicles","Hybrid electric",83226
"2022","Passenger vehicles","Hybrid electric",88678
"2023","Passenger vehicles","Hybrid electric",127840
"2024","Passenger vehicles","Hybrid electric",183550
"2025","Passenger vehicles","Hybrid electric",3
"Not stated","Passenger vehicles","Hybrid electric",0
"1901","Passenger vehicles","Battery/Fuel-cell electric",0
"1902","Passenger vehicles","Battery/Fuel-cell electric",0
"1903","Passenger vehicles","Battery/Fuel-cell electric",0
"1904","Passenger vehicles","Battery/Fuel-cell electric",0
"1905","Passenger vehicles","Battery/Fuel-cell electric",0
"1906","Passenger vehicles","Battery/Fuel-cell electric",0
"1907","Passenger vehicles","Battery/Fuel-cell electric",0
"1908","Passenger vehicles","Battery/Fuel-cell electric",0
"1909","Passenger vehicles","Battery/Fuel-cell electric",0
"1910","Passenger vehicles","Battery/Fuel-cell electric",0
"1911","Passenger vehicles","Battery/Fuel-cell electric",0
"1912","Passenger vehicles","Battery/Fuel-cell electric",0
"1913","Passenger vehicles","Battery/Fuel-cell electric",0
"1914","Passenger vehicles","Battery/Fuel-cell electric",0
"1915","Passenger vehicles","Battery/Fuel-cell electric",0
"1916","Passenger vehicles","Battery/Fuel-cell electric",0
"1917","Passenger vehicles","Battery/Fuel-cell electric",0
"1918","Passenger vehicles","Battery/Fuel-cell electric",0
"1919","Passenger vehicles","Battery/Fuel-cell electric",0
"1920","Passenger vehicles","Battery/Fuel-cell electric",0
"1921","Passenger vehicles","Battery/Fuel-cell electric",0
"1922","Passenger vehicles","Battery/Fuel-cell electric",0
"1923","Passenger vehicles","Battery/Fuel-cell electric",0
"1924","Passenger vehicles","Battery/Fuel-cell electric",0
"1925","Passenger vehicles","Battery/Fuel-cell electric",0
"1926","Passenger vehicles","Battery/Fuel-cell electric",0
"1927","Passenger vehicles","Battery/Fuel-cell electric",0
"1928","Passenger vehicles","Battery/Fuel-cell electric",0
"1929","Passenger vehicles","Battery/Fuel-cell electric",0
"1930","Passenger vehicles","Battery/Fuel-cell electric",0
"1931","Passenger vehicles","Battery/Fuel-cell electric",0
"1932","Passenger vehicles","Battery/Fuel-cell electric",0
"1933","Passenger vehicles","Battery/Fuel-cell electric",0
"1934","Passenger vehicles","Battery/Fuel-cell electric",0
"1935","Passenger vehicles","Battery/Fuel-cell electric",0
"1936","Passenger vehicles","Battery/Fuel-cell electric",0
"1937","Passenger vehicles","Battery/Fuel-cell electric",0
"1938","Passenger vehicles","Battery/Fuel-cell electric",0
"1939","Passenger vehicles","Battery/Fuel-cell electric",0
"1940","Passenger vehicles","Battery/Fuel-cell electric",0
"1941","Passenger vehicles","Battery/Fuel-cell electric",0
"1942","Passenger vehicles","Battery/Fuel-cell electric",0
"1943","Passenger vehicles","Battery/Fuel-cell electric",0
"1944","Passenger vehicles","Battery/Fuel-cell electric",0
"1945","Passenger vehicles","Battery/Fuel-cell electric",0
"1946","Passenger vehicles","Battery/Fuel-cell electric",0
"1947","Passenger vehicles","Battery/Fuel-cell electric",0
"1948","Passenger vehicles","Battery/Fuel-cell electric",0
"1949","Passenger vehicles","Battery/Fuel-cell electric",0
"1950","Passenger vehicles","Battery/Fuel-cell electric",0
"1951","Passenger vehicles","Battery/Fuel-cell electric",0
"1952","Passenger vehicles","Battery/Fuel-cell electric",0
"1953","Passenger vehicles","Battery/Fuel-cell electric",0
"1954","Passenger vehicles","Battery/Fuel-cell electric",0
"1955","Passenger vehicles","Battery/Fuel-cell electric",3
"1956","Passenger vehicles","Battery/Fuel-cell electric",3
"1957","Passenger vehicles","Battery/Fuel-cell electric",0
"1958","Passenger vehicles","Battery/Fuel-cell electric",3
"1959","Passenger vehicles","Battery/Fuel-cell electric",0
"1960","Passenger vehicles","Battery/Fuel-cell electric",3
"1961","Passenger vehicles","Battery/Fuel-cell electric",0
"1962","Passenger vehicles","Battery/Fuel-cell electric",0
"1963","Passenger vehicles","Battery/Fuel-cell electric",0
"1964","Passenger vehicles","Battery/Fuel-cell electric",0
"1965","Passenger vehicles","Battery/Fuel-cell electric",5
"1966","Passenger vehicles","Battery/Fuel-cell electric",3
"1967","Passenger vehicles","Battery/Fuel-cell electric",4
"1968","Passenger vehicles","Battery/Fuel-cell electric",3
"1969","Passenger vehicles","Battery/Fuel-cell electric",5
"1970","Passenger vehicles","Battery/Fuel-cell electric",6
"1971","Passenger vehicles","Battery/Fuel-cell electric",6
"1972","Passenger vehicles","Battery/Fuel-cell electric",3
"1973","Passenger vehicles","Battery/Fuel-cell electric",3
"1974","Passenger vehicles","Battery/Fuel-cell electric",3
"1975","Passenger vehicles","Battery/Fuel-cell electric",3
"1976","Passenger vehicles","Battery/Fuel-cell electric",3
"1977","Passenger vehicles","Battery/Fuel-cell electric",3
"1978","Passenger vehicles","Battery/Fuel-cell electric",3
"1979","Passenger vehicles","Battery/Fuel-cell electric",0
"1980","Passenger vehicles","Battery/Fuel-cell electric",0
"1981","Passenger vehicles","Battery/Fuel-cell electric",0
"1982","Passenger vehicles","Battery/Fuel-cell electric",0
"1983","Passenger vehicles","Battery/Fuel-cell electric",0
"1984","Passenger vehicles","Battery/Fuel-cell electric",0
"1985","Passenger vehicles","Battery/Fuel-cell electric",3
"1986","Passenger vehicles","Battery/Fuel-cell electric",0
"1987","Passenger vehicles","Battery/Fuel-cell electric",0
"1988","Passenger vehicles","Battery/Fuel-cell electric",3
"1989","Passenger vehicles","Battery/Fuel-cell electric",0
"1990","Passenger vehicles","Battery/Fuel-cell electric",7
"1991","Passenger vehicles","Battery/Fuel-cell electric",4
"1992","Passenger vehicles","Battery/Fuel-cell electric",0
"1993","Passenger vehicles","Battery/Fuel-cell electric",3
"1994","Passenger vehicles","Battery/Fuel-cell electric",3
"1995","Passenger vehicles","Battery/Fuel-cell electric",5
"1996","Passenger vehicles","Battery/Fuel-cell electric",3
"1997","Passenger vehicles","Battery/Fuel-cell electric",5
"1998","Passenger vehicles","Battery/Fuel-cell electric",0
"1999","Passenger vehicles","Battery/Fuel-cell electric",0
"2000","Passenger vehicles","Battery/Fuel-cell electric",3
"2001","Passenger vehicles","Battery/Fuel-cell electric",6
"2002","Passenger vehicles","Battery/Fuel-cell electric",0
"2003","Passenger vehicles","Battery/Fuel-cell electric",3
"2004","Passenger vehicles","Battery/Fuel-cell electric",0
"2005","Passenger vehicles","Battery/Fuel-cell electric",0
"2006","Passenger vehicles","Battery/Fuel-cell electric",17
"2007","Passenger vehicles","Battery/Fuel-cell electric",6
"2008","Passenger vehicles","Battery/Fuel-cell electric",9
"2009","Passenger vehicles","Battery/Fuel-cell electric",3
"2010","Passenger vehicles","Battery/Fuel-cell electric",99
"2011","Passenger vehicles","Battery/Fuel-cell electric",82
"2012","Passenger vehicles","Battery/Fuel-cell electric",226
"2013","Passenger vehicles","Battery/Fuel-cell electric",280
"2014","Passenger vehicles","Battery/Fuel-cell electric",444
"2015","Passenger vehicles","Battery/Fuel-cell electric",803
"2016","Passenger vehicles","Battery/Fuel-cell electric",940
"2017","Passenger vehicles","Battery/Fuel-cell electric",1795
"2018","Passenger vehicles","Battery/Fuel-cell electric",1545
"2019","Passenger vehicles","Battery/Fuel-cell electric",5852
"2020","Passenger vehicles","Battery/Fuel-cell electric",5307
"2021","Passenger vehicles","Battery/Fuel-cell electric",19400
"2022","Passenger vehicles","Battery/Fuel-cell electric",48360
"2023","Passenger vehicles","Battery/Fuel-cell electric",105073
"2024","Passenger vehicles","Battery/Fuel-cell electric",59065
"2025","Passenger vehicles","Battery/Fuel-cell electric",5
"Not stated","Passenger vehicles","Battery/Fuel-cell electric",3
"1901","Passenger vehicles","Other",0
"1902","Passenger vehicles","Other",0
"1903","Passenger vehicles","Other",3
"1904","Passenger vehicles","Other",3
"1905","Passenger vehicles","Other",0
"1906","Passenger vehicles","Other",0
"1907","Passenger vehicles","Other",0
"1908","Passenger vehicles","Other",0
"1909","Passenger vehicles","Other",0
"1910","Passenger vehicles","Other",0
"1911","Passenger vehicles","Other",0
"1912","Passenger vehicles","Other",0
"1913","Passenger vehicles","Other",0
"1914","Passenger vehicles","Other",0
"1915","Passenger vehicles","Other",0
"1916","Passenger vehicles","Other",0
"1917","Passenger vehicles","Other",0
"1918","Passenger vehicles","Other",0
"1919","Passenger vehicles","Other",0
"1920","Passenger vehicles","Other",0
"1921","Passenger vehicles","Other",0
"1922","Passenger vehicles","Other",0
"1923","Passenger vehicles","Other",0
"1924","Passenger vehicles","Other",0
"1925","Passenger vehicles","Other",0
"1926","Passenger vehicles","Other",5
"1927","Passenger vehicles","Other",3
"1928","Passenger vehicles","Other",14
"1929","Passenger vehicles","Other",8
"1930","Passenger vehicles","Other",4
"1931","Passenger vehicles","Other",0
"1932","Passenger vehicles","Other",8
"1933","Passenger vehicles","Other",6
"1934","Passenger vehicles","Other",26
"1935","Passenger vehicles","Other",7
"1936","Passenger vehicles","Other",6
"1937","Passenger vehicles","Other",4
"1938","Passenger vehicles","Other",3
"1939","Passenger vehicles","Other",5
"1940","Passenger vehicles","Other",0
"1941","Passenger vehicles","Other",0
"1942","Passenger vehicles","Other",0
"1943","Passenger vehicles","Other",0
"1944","Passenger vehicles","Other",0
"1945","Passenger vehicles","Other",0
"1946","Passenger vehicles","Other",3
"1947","Passenger vehicles","Other",3
"1948","Passenger vehicles","Other",3
"1949","Passenger vehicles","Other",0
"1950","Passenger vehicles","Other",3
"1951","Passenger vehicles","Other",0
"1952","Passenger vehicles","Other",0
"1953","Passenger vehicles","Other",0
"1954","Passenger vehicles","Other",0
"1955","Passenger vehicles","Other",5
"1956","Passenger vehicles","Other",7
"1957","Passenger vehicles","Other",14
"1958","Passenger vehicles","Other",9
"1959","Passenger vehicles","Other",5
"1960","Passenger vehicles","Other",10
"1961","Passenger vehicles","Other",4
"1962","Passenger vehicles","Other",9
"1963","Passenger vehicles","Other",14
"1964","Passenger vehicles","Other",19
"1965","Passenger vehicles","Other",23
"1966","Passenger vehicles","Other",17
"1967","Passenger vehicles","Other",16
"1968","Passenger vehicles","Other",16
"1969","Passenger vehicles","Other",15
"1970","Passenger vehicles","Other",33
"1971","Passenger vehicles","Other",54
"1972","Passenger vehicles","Other",18
"1973","Passenger vehicles","Other",30
"1974","Passenger vehicles","Other",41
"1975","Passenger vehicles","Other",27
"1976","Passenger vehicles","Other",49
"1977","Passenger vehicles","Other",47
"1978","Passenger vehicles","Other",62
"1979","Passenger vehicles","Other",42
"1980","Passenger vehicles","Other",27
"1981","Passenger vehicles","Other",41
"1982","Passenger vehicles","Other",46
"1983","Passenger vehicles","Other",32
"1984","Passenger vehicles","Other",58
"1985","Passenger vehicles","Other",48
"1986","Passenger vehicles","Other",37
"1987","Passenger vehicles","Other",17
"1988","Passenger vehicles","Other",40
"1989","Passenger vehicles","Other",56
"1990","Passenger vehicles","Other",75
"1991","Passenger vehicles","Other",64
"1992","Passenger vehicles","Other",90
"1993","Passenger vehicles","Other",84
"1994","Passenger vehicles","Other",124
"1995","Passenger vehicles","Other",98
"1996","Passenger vehicles","Other",116
"1997","Passenger vehicles","Other",143
"1998","Passenger vehicles","Other",215
"1999","Passenger vehicles","Other",184
"2000","Passenger vehicles","Other",252
"2001","Passenger vehicles","Other",358
"2002","Passenger vehicles","Other",409
"2003","Passenger vehicles","Other",240
"2004","Passenger vehicles","Other",389
"2005","Passenger vehicles","Other",1176
"2006","Passenger vehicles","Other",2126
"2007","Passenger vehicles","Other",2069
"2008","Passenger vehicles","Other",3041
"2009","Passenger vehicles","Other",2810
"2010","Passenger vehicles","Other",2188
"2011","Passenger vehicles","Other",860
"2012","Passenger vehicles","Other",2479
"2013","Passenger vehicles","Other",2314
"2014","Passenger vehicles","Other",1738
"2015","Passenger vehicles","Other",869
"2016","Passenger vehicles","Other",101
"2017","Passenger vehicles","Other",19
"2018","Passenger vehicles","Other",17
"2019","Passenger vehicles","Other",14
"2020","Passenger vehicles","Other",12
"2021","Passenger vehicles","Other",4
"2022","Passenger vehicles","Other",12
"2023","Passenger vehicles","Other",19
"2024","Passenger vehicles","Other",14
"2025","Passenger vehicles","Other",0
"Not stated","Passenger vehicles","Other",0
"1901","Light commercial vehicles","Petrol",0
"1902","Light commercial vehicles","Petrol",0
"1903","Light commercial vehicles","Petrol",0
"1904","Light commercial vehicles","Petrol",0
"1905","Light commercial vehicles","Petrol",0
"1906","Light commercial vehicles","Petrol",0
"1907","Light commercial vehicles","Petrol",0
"1908","Light commercial vehicles","Petrol",0
"1909","Light commercial vehicles","Petrol",0
"1910","Light commercial vehicles","Petrol",0
"1911","Light commercial vehicles","Petrol",0
"1912","Light commercial vehicles","Petrol",0
"1913","Light commercial vehicles","Petrol",3
"1914","Light commercial vehicles","Petrol",3
"1915","Light commercial vehicles","Petrol",6
"1916","Light commercial vehicles","Petrol",3
"1917","Light commercial vehicles","Petrol",3
"1918","Light commercial vehicles","Petrol",3
"1919","Light commercial vehicles","Petrol",5
"1920","Light commercial vehicles","Petrol",6
"1921","Light commercial vehicles","Petrol",3
"1922","Light commercial vehicles","Petrol",8
"1923","Light commercial vehicles","Petrol",71
"1924","Light commercial vehicles","Petrol",43
"1925","Light commercial vehicles","Petrol",46
"1926","Light commercial vehicles","Petrol",76
"1927","Light commercial vehicles","Petrol",96
"1928","Light commercial vehicles","Petrol",281
"1929","Light commercial vehicles","Petrol",122
"1930","Light commercial vehicles","Petrol",57
"1931","Light commercial vehicles","Petrol",26
"1932","Light commercial vehicles","Petrol",92
"1933","Light commercial vehicles","Petrol",36
"1934","Light commercial vehicles","Petrol",110
"1935","Light commercial vehicles","Petrol",68
"1936","Light commercial vehicles","Petrol",87
"1937","Light commercial vehicles","Petrol",118
"1938","Light commercial vehicles","Petrol",94
"1939","Light commercial vehicles","Petrol",73
"1940","Light commercial vehicles","Petrol",96
"1941","Light commercial vehicles","Petrol",85
"1942","Light commercial vehicles","Petrol",322
"1943","Light commercial vehicles","Petrol",90
"1944","Light commercial vehicles","Petrol",98
"1945","Light commercial vehicles","Petrol",32
"1946","Light commercial vehicles","Petrol",174
"1947","Light commercial vehicles","Petrol",141
"1948","Light commercial vehicles","Petrol",320
"1949","Light commercial vehicles","Petrol",188
"1950","Light commercial vehicles","Petrol",256
"1951","Light commercial vehicles","Petrol",270
"1952","Light commercial vehicles","Petrol",307
"1953","Light commercial vehicles","Petrol",450
"1954","Light commercial vehicles","Petrol",577
"1955","Light commercial vehicles","Petrol",651
"1956","Light commercial vehicles","Petrol",694
"1957","Light commercial vehicles","Petrol",423
"1958","Light commercial vehicles","Petrol",470
"1959","Light commercial vehicles","Petrol",463
"1960","Light commercial vehicles","Petrol",412
"1961","Light commercial vehicles","Petrol",410
"1962","Light commercial vehicles","Petrol",505
"1963","Light commercial vehicles","Petrol",660
"1964","Light commercial vehicles","Petrol",1268
"1965","Light commercial vehicles","Petrol",760
"1966","Light commercial vehicles","Petrol",956
"1967","Light commercial vehicles","Petrol",918
"1968","Light commercial vehicles","Petrol",856
"1969","Light commercial vehicles","Petrol",884
"1970","Light commercial vehicles","Petrol",1415
"1971","Light commercial vehicles","Petrol",1769
"1972","Light commercial vehicles","Petrol",1945
"1973","Light commercial vehicles","Petrol",1909
"1974","Light commercial vehicles","Petrol",2617
"1975","Light commercial vehicles","Petrol",2695
"1976","Light commercial vehicles","Petrol",2949
"1977","Light commercial vehicles","Petrol",3079
"1978","Light commercial vehicles","Petrol",3546
"1979","Light commercial vehicles","Petrol",2807
"1980","Light commercial vehicles","Petrol",2246
"1981","Light commercial vehicles","Petrol",2430
"1982","Light commercial vehicles","Petrol",2274
"1983","Light commercial vehicles","Petrol",2057
"1984","Light commercial vehicles","Petrol",3124
"1985","Light commercial vehicles","Petrol",3052
"1986","Light commercial vehicles","Petrol",1965
"1987","Light commercial vehicles","Petrol",1641
"1988","Light commercial vehicles","Petrol",3218
"1989","Light commercial vehicles","Petrol",5120
"1990","Light commercial vehicles","Petrol",5651
"1991","Light commercial vehicles","Petrol",5053
"1992","Light commercial vehicles","Petrol",6595
"1993","Light commercial vehicles","Petrol",6540
"1994","Light commercial vehicles","Petrol",8898
"1995","Light commercial vehicles","Petrol",9984
"1996","Light commercial vehicles","Petrol",11534
"1997","Light commercial vehicles","Petrol",13559
"1998","Light commercial vehicles","Petrol",18359
"1999","Light commercial vehicles","Petrol",21698
"2000","Light commercial vehicles","Petrol",22847
"2001","Light commercial vehicles","Petrol",26398
"2002","Light commercial vehicles","Petrol",32169
"2003","Light commercial vehicles","Petrol",45176
"2004","Light commercial vehicles","Petrol",51595
"2005","Light commercial vehicles","Petrol",56365
"2006","Light commercial vehicles","Petrol",39736
"2007","Light commercial vehicles","Petrol",44454
"2008","Light commercial vehicles","Petrol",44462
"2009","Light commercial vehicles","Petrol",38814
"2010","Light commercial vehicles","Petrol",34769
"2011","Light commercial vehicles","Petrol",26998
"2012","Light commercial vehicles","Petrol",25541
"2013","Light commercial vehicles","Petrol",23083
"2014","Light commercial vehicles","Petrol",19664
"2015","Light commercial vehicles","Petrol",18711
"2016","Light commercial vehicles","Petrol",19694
"2017","Light commercial vehicles","Petrol",15958
"2018","Light commercial vehicles","Petrol",14591
"2019","Light commercial vehicles","Petrol",14562
"2020","Light commercial vehicles","Petrol",16267
"2021","Light commercial vehicles","Petrol",22132
"2022","Light commercial vehicles","Petrol",27473
"2023","Light commercial vehicles","Petrol",29397
"2024","Light commercial vehicles","Petrol",14788
"2025","Light commercial vehicles","Petrol",12
"Not stated","Light commercial vehicles","Petrol",223
"1901","Light commercial vehicles","Diesel",0
"1902","Light commercial vehicles","Diesel",0
"1903","Light commercial vehicles","Diesel",0
"1904","Light commercial vehicles","Diesel",0
"1905","Light commercial vehicles","Diesel",0
"1906","Light commercial vehicles","Diesel",0
"1907","Light commercial vehicles","Diesel",0
"1908","Light commercial vehicles","Diesel",0
"1909","Light commercial vehicles","Diesel",0
"1910","Light commercial vehicles","Diesel",0
"1911","Light commercial vehicles","Diesel",0
"1912","Light commercial vehicles","Diesel",0
"1913","Light commercial vehicles","Diesel",0
"1914","Light commercial vehicles","Diesel",0
"1915","Light commercial vehicles","Diesel",0
"1916","Light commercial vehicles","Diesel",0
"1917","Light commercial vehicles","Diesel",0
"1918","Light commercial vehicles","Diesel",0
"1919","Light commercial vehicles","Diesel",0
"1920","Light commercial vehicles","Diesel",0
"1921","Light commercial vehicles","Diesel",0
"1922","Light commercial vehicles","Diesel",0
"1923","Light commercial vehicles","Diesel",0
"1924","Light commercial vehicles","Diesel",0
"1925","Light commercial vehicles","Diesel",0
"1926","Light commercial vehicles","Diesel",0
"1927","Light commercial vehicles","Diesel",0
"1928","Light commercial vehicles","Diesel",0
"1929","Light commercial vehicles","Diesel",0
"1930","Light commercial vehicles","Diesel",0
"1931","Light commercial vehicles","Diesel",0
"1932","Light commercial vehicles","Diesel",0
"1933","Light commercial vehicles","Diesel",0
"1934","Light commercial vehicles","Diesel",0
"1935","Light commercial vehicles","Diesel",0
"1936","Light commercial vehicles","Diesel",3
"1937","Light commercial vehicles","Diesel",3
"1938","Light commercial vehicles","Diesel",0
"1939","Light commercial vehicles","Diesel",0
"1940","Light commercial vehicles","Diesel",0
"1941","Light commercial vehicles","Diesel",0
"1942","Light commercial vehicles","Diesel",8
"1943","Light commercial vehicles","Diesel",0
"1944","Light commercial vehicles","Diesel",0
"1945","Light commercial vehicles","Diesel",3
"1946","Light commercial vehicles","Diesel",5
"1947","Light commercial vehicles","Diesel",0
"1948","Light commercial vehicles","Diesel",4
"1949","Light commercial vehicles","Diesel",3
"1950","Light commercial vehicles","Diesel",4
"1951","Light commercial vehicles","Diesel",0
"1952","Light commercial vehicles","Diesel",3
"1953","Light commercial vehicles","Diesel",3
"1954","Light commercial vehicles","Diesel",9
"1955","Light commercial vehicles","Diesel",7
"1956","Light commercial vehicles","Diesel",0
"1957","Light commercial vehicles","Diesel",5
"1958","Light commercial vehicles","Diesel",3
"1959","Light commercial vehicles","Diesel",4
"1960","Light commercial vehicles","Diesel",5
"1961","Light commercial vehicles","Diesel",7
"1962","Light commercial vehicles","Diesel",7
"1963","Light commercial vehicles","Diesel",7
"1964","Light commercial vehicles","Diesel",9
"1965","Light commercial vehicles","Diesel",16
"1966","Light commercial vehicles","Diesel",10
"1967","Light commercial vehicles","Diesel",8
"1968","Light commercial vehicles","Diesel",24
"1969","Light commercial vehicles","Diesel",19
"1970","Light commercial vehicles","Diesel",19
"1971","Light commercial vehicles","Diesel",27
"1972","Light commercial vehicles","Diesel",24
"1973","Light commercial vehicles","Diesel",35
"1974","Light commercial vehicles","Diesel",48
"1975","Light commercial vehicles","Diesel",75
"1976","Light commercial vehicles","Diesel",146
"1977","Light commercial vehicles","Diesel",189
"1978","Light commercial vehicles","Diesel",321
"1979","Light commercial vehicles","Diesel",458
"1980","Light commercial vehicles","Diesel",530
"1981","Light commercial vehicles","Diesel",862
"1982","Light commercial vehicles","Diesel",892
"1983","Light commercial vehicles","Diesel",1018
"1984","Light commercial vehicles","Diesel",1929
"1985","Light commercial vehicles","Diesel",2733
"1986","Light commercial vehicles","Diesel",1744
"1987","Light commercial vehicles","Diesel",1716
"1988","Light commercial vehicles","Diesel",3757
"1989","Light commercial vehicles","Diesel",4728
"1990","Light commercial vehicles","Diesel",5542
"1991","Light commercial vehicles","Diesel",4781
"1992","Light commercial vehicles","Diesel",6733
"1993","Light commercial vehicles","Diesel",7860
"1994","Light commercial vehicles","Diesel",9406
"1995","Light commercial vehicles","Diesel",9753
"1996","Light commercial vehicles","Diesel",10719
"1997","Light commercial vehicles","Diesel",12417
"1998","Light commercial vehicles","Diesel",15207
"1999","Light commercial vehicles","Diesel",17287
"2000","Light commercial vehicles","Diesel",19052
"2001","Light commercial vehicles","Diesel",17502
"2002","Light commercial vehicles","Diesel",24510
"2003","Light commercial vehicles","Diesel",28006
"2004","Light commercial vehicles","Diesel",34521
"2005","Light commercial vehicles","Diesel",41418
"2006","Light commercial vehicles","Diesel",55502
"2007","Light commercial vehicles","Diesel",65333
"2008","Light commercial vehicles","Diesel",88326
"2009","Light commercial vehicles","Diesel",82524
"2010","Light commercial vehicles","Diesel",102900
"2011","Light commercial vehicles","Diesel",103535
"2012","Light commercial vehicles","Diesel",145683
"2013","Light commercial vehicles","Diesel",151928
"2014","Light commercial vehicles","Diesel",151269
"2015","Light commercial vehicles","Diesel",167189
"2016","Light commercial vehicles","Diesel",180527
"2017","Light commercial vehicles","Diesel",204491
"2018","Light commercial vehicles","Diesel",223286
"2019","Light commercial vehicles","Diesel",190946
"2020","Light commercial vehicles","Diesel",175754
"2021","Light commercial vehicles","Diesel",242702
"2022","Light commercial vehicles","Diesel",224440
"2023","Light commercial vehicles","Diesel",251574
"2024","Light commercial vehicles","Diesel",140088
"2025","Light commercial vehicles","Diesel",80
"Not stated","Light commercial vehicles","Diesel",36
"1901","Light commercial vehicles","Dual fuel",0
"1902","Light commercial vehicles","Dual fuel",0
"1903","Light commercial vehicles","Dual fuel",0
"1904","Light commercial vehicles","Dual fuel",0
"1905","Light commercial vehicles","Dual fuel",0
"1906","Light commercial vehicles","Dual fuel",0
"1907","Light commercial vehicles","Dual fuel",0
"1908","Light commercial vehicles","Dual fuel",0
"1909","Light commercial vehicles","Dual fuel",0
"1910","Light commercial vehicles","Dual fuel",0
"1911","Light commercial vehicles","Dual fuel",0
"1912","Light commercial vehicles","Dual fuel",0
"1913","Light commercial vehicles","Dual fuel",0
"1914","Light commercial vehicles","Dual fuel",0
"1915","Light commercial vehicles","Dual fuel",0
"1916","Light commercial vehicles","Dual fuel",0
"1917","Light commercial vehicles","Dual fuel",0
"1918","Light commercial vehicles","Dual fuel",0
"1919","Light commercial vehicles","Dual fuel",0
"1920","Light commercial vehicles","Dual fuel",0
"1921","Light commercial vehicles","Dual fuel",0
"1922","Light commercial vehicles","Dual fuel",0
"1923","Light commercial vehicles","Dual fuel",0
"1924","Light commercial vehicles","Dual fuel",0
"1925","Light commercial vehicles","Dual fuel",0
"1926","Light commercial vehicles","Dual fuel",0
"1927","Light commercial vehicles","Dual fuel",0
"1928","Light commercial vehicles","Dual fuel",0
"1929","Light commercial vehicles","Dual fuel",0
"1930","Light commercial vehicles","Dual fuel",3
"1931","Light commercial vehicles","Dual fuel",0
"1932","Light commercial vehicles","Dual fuel",0
"1933","Light commercial vehicles","Dual fuel",3
"1934","Light commercial vehicles","Dual fuel",3
"1935","Light commercial vehicles","Dual fuel",0
"1936","Light commercial vehicles","Dual fuel",3
"1937","Light commercial vehicles","Dual fuel",0
"1938","Light commercial vehicles","Dual fuel",0
"1939","Light commercial vehicles","Dual fuel",3
"1940","Light commercial vehicles","Dual fuel",3
"1941","Light commercial vehicles","Dual fuel",0
"1942","Light commercial vehicles","Dual fuel",3
"1943","Light commercial vehicles","Dual fuel",0
"1944","Light commercial vehicles","Dual fuel",0
"1945","Light commercial vehicles","Dual fuel",0
"1946","Light commercial vehicles","Dual fuel",4
"1947","Light commercial vehicles","Dual fuel",3
"1948","Light commercial vehicles","Dual fuel",9
"1949","Light commercial vehicles","Dual fuel",0
"1950","Light commercial vehicles","Dual fuel",0
"1951","Light commercial vehicles","Dual fuel",3
"1952","Light commercial vehicles","Dual fuel",4
"1953","Light commercial vehicles","Dual fuel",8
"1954","Light commercial vehicles","Dual fuel",13
"1955","Light commercial vehicles","Dual fuel",9
"1956","Light commercial vehicles","Dual fuel",15
"1957","Light commercial vehicles","Dual fuel",4
"1958","Light commercial vehicles","Dual fuel",5
"1959","Light commercial vehicles","Dual fuel",6
"1960","Light commercial vehicles","Dual fuel",7
"1961","Light commercial vehicles","Dual fuel",6
"1962","Light commercial vehicles","Dual fuel",7
"1963","Light commercial vehicles","Dual fuel",8
"1964","Light commercial vehicles","Dual fuel",17
"1965","Light commercial vehicles","Dual fuel",14
"1966","Light commercial vehicles","Dual fuel",11
"1967","Light commercial vehicles","Dual fuel",16
"1968","Light commercial vehicles","Dual fuel",25
"1969","Light commercial vehicles","Dual fuel",18
"1970","Light commercial vehicles","Dual fuel",46
"1971","Light commercial vehicles","Dual fuel",48
"1972","Light commercial vehicles","Dual fuel",105
"1973","Light commercial vehicles","Dual fuel",77
"1974","Light commercial vehicles","Dual fuel",111
"1975","Light commercial vehicles","Dual fuel",153
"1976","Light commercial vehicles","Dual fuel",227
"1977","Light commercial vehicles","Dual fuel",277
"1978","Light commercial vehicles","Dual fuel",367
"1979","Light commercial vehicles","Dual fuel",259
"1980","Light commercial vehicles","Dual fuel",155
"1981","Light commercial vehicles","Dual fuel",203
"1982","Light commercial vehicles","Dual fuel",235
"1983","Light commercial vehicles","Dual fuel",179
"1984","Light commercial vehicles","Dual fuel",239
"1985","Light commercial vehicles","Dual fuel",184
"1986","Light commercial vehicles","Dual fuel",110
"1987","Light commercial vehicles","Dual fuel",122
"1988","Light commercial vehicles","Dual fuel",225
"1989","Light commercial vehicles","Dual fuel",358
"1990","Light commercial vehicles","Dual fuel",368
"1991","Light commercial vehicles","Dual fuel",311
"1992","Light commercial vehicles","Dual fuel",379
"1993","Light commercial vehicles","Dual fuel",418
"1994","Light commercial vehicles","Dual fuel",543
"1995","Light commercial vehicles","Dual fuel",632
"1996","Light commercial vehicles","Dual fuel",740
"1997","Light commercial vehicles","Dual fuel",876
"1998","Light commercial vehicles","Dual fuel",1044
"1999","Light commercial vehicles","Dual fuel",1434
"2000","Light commercial vehicles","Dual fuel",1464
"2001","Light commercial vehicles","Dual fuel",1330
"2002","Light commercial vehicles","Dual fuel",1594
"2003","Light commercial vehicles","Dual fuel",2676
"2004","Light commercial vehicles","Dual fuel",2554
"2005","Light commercial vehicles","Dual fuel",1960
"2006","Light commercial vehicles","Dual fuel",1471
"2007","Light commercial vehicles","Dual fuel",1314
"2008","Light commercial vehicles","Dual fuel",1483
"2009","Light commercial vehicles","Dual fuel",896
"2010","Light commercial vehicles","Dual fuel",565
"2011","Light commercial vehicles","Dual fuel",361
"2012","Light commercial vehicles","Dual fuel",229
"2013","Light commercial vehicles","Dual fuel",159
"2014","Light commercial vehicles","Dual fuel",102
"2015","Light commercial vehicles","Dual fuel",84
"2016","Light commercial vehicles","Dual fuel",50
"2017","Light commercial vehicles","Dual fuel",33
"2018","Light commercial vehicles","Dual fuel",29
"2019","Light commercial vehicles","Dual fuel",28
"2020","Light commercial vehicles","Dual fuel",49
"2021","Light commercial vehicles","Dual fuel",56
"2022","Light commercial vehicles","Dual fuel",27
"2023","Light commercial vehicles","Dual fuel",13
"2024","Light commercial vehicles","Dual fuel",205
"2025","Light commercial vehicles","Dual fuel",0
"Not stated","Light commercial vehicles","Dual fuel",0
"1901","Light commercial vehicles","Hybrid electric",0
"1902","Light commercial vehicles","Hybrid electric",0
"1903","Light commercial vehicles","Hybrid electric",0
"1904","Light commercial vehicles","Hybrid electric",0
"1905","Light commercial vehicles","Hybrid electric",0
"1906","Light commercial vehicles","Hybrid electric",0
"1907","Light commercial vehicles","Hybrid electric",0
"1908","Light commercial vehicles","Hybrid electric",0
"1909","Light commercial vehicles","Hybrid electric",0
"1910","Light commercial vehicles","Hybrid electric",0
"1911","Light commercial vehicles","Hybrid electric",0
"1912","Light commercial vehicles","Hybrid electric",0
"1913","Light commercial vehicles","Hybrid electric",0
"1914","Light commercial vehicles","Hybrid electric",0
"1915","Light commercial vehicles","Hybrid electric",0
"1916","Light commercial vehicles","Hybrid electric",0
"1917","Light commercial vehicles","Hybrid electric",0
"1918","Light commercial vehicles","Hybrid electric",0
"1919","Light commercial vehicles","Hybrid electric",0
"1920","Light commercial vehicles","Hybrid electric",0
"1921","Light commercial vehicles","Hybrid electric",0
"1922","Light commercial vehicles","Hybrid electric",0
"1923","Light commercial vehicles","Hybrid electric",0
"1924","Light commercial vehicles","Hybrid electric",0
"1925","Light commercial vehicles","Hybrid electric",0
"1926","Light commercial vehicles","Hybrid electric",0
"1927","Light commercial vehicles","Hybrid electric",0
"1928","Light commercial vehicles","Hybrid electric",0
"1929","Light commercial vehicles","Hybrid electric",0
"1930","Light commercial vehicles","Hybrid electric",0
"1931","Light commercial vehicles","Hybrid electric",0
"1932","Light commercial vehicles","Hybrid electric",0
"1933","Light commercial vehicles","Hybrid electric",0
"1934","Light commercial vehicles","Hybrid electric",0
"1935","Light commercial vehicles","Hybrid electric",0
"1936","Light commercial vehicles","Hybrid electric",0
"1937","Light commercial vehicles","Hybrid electric",0
"1938","Light commercial vehicles","Hybrid electric",0
"1939","Light commercial vehicles","Hybrid electric",0
"1940","Light commercial vehicles","Hybrid electric",0
"1941","Light commercial vehicles","Hybrid electric",0
"1942","Light commercial vehicles","Hybrid electric",0
"1943","Light commercial vehicles","Hybrid electric",0
"1944","Light commercial vehicles","Hybrid electric",0
"1945","Light commercial vehicles","Hybrid electric",0
"1946","Light commercial vehicles","Hybrid electric",0
"1947","Light commercial vehicles","Hybrid electric",0
"1948","Light commercial vehicles","Hybrid electric",0
"1949","Light commercial vehicles","Hybrid electric",0
"1950","Light commercial vehicles","Hybrid electric",0
"1951","Light commercial vehicles","Hybrid electric",0
"1952","Light commercial vehicles","Hybrid electric",0
"1953","Light commercial vehicles","Hybrid electric",0
"1954","Light commercial vehicles","Hybrid electric",0
"1955","Light commercial vehicles","Hybrid electric",0
"1956","Light commercial vehicles","Hybrid electric",0
"1957","Light commercial vehicles","Hybrid electric",0
"1958","Light commercial vehicles","Hybrid electric",0
"1959","Light commercial vehicles","Hybrid electric",0
"1960","Light commercial vehicles","Hybrid electric",0
"1961","Light commercial vehicles","Hybrid electric",0
"1962","Light commercial vehicles","Hybrid electric",0
"1963","Light commercial vehicles","Hybrid electric",0
"1964","Light commercial vehicles","Hybrid electric",0
"1965","Light commercial vehicles","Hybrid electric",0
"1966","Light commercial vehicles","Hybrid electric",0
"1967","Light commercial vehicles","Hybrid electric",0
"1968","Light commercial vehicles","Hybrid electric",0
"1969","Light commercial vehicles","Hybrid electric",0
"1970","Light commercial vehicles","Hybrid electric",0
"1971","Light commercial vehicles","Hybrid electric",0
"1972","Light commercial vehicles","Hybrid electric",0
"1973","Light commercial vehicles","Hybrid electric",0
"1974","Light commercial vehicles","Hybrid electric",0
"1975","Light commercial vehicles","Hybrid electric",0
"1976","Light commercial vehicles","Hybrid electric",0
"1977","Light commercial vehicles","Hybrid electric",0
"1978","Light commercial vehicles","Hybrid electric",0
"1979","Light commercial vehicles","Hybrid electric",0
"1980","Light commercial vehicles","Hybrid electric",0
"1981","Light commercial vehicles","Hybrid electric",0
"1982","Light commercial vehicles","Hybrid electric",0
"1983","Light commercial vehicles","Hybrid electric",0
"1984","Light commercial vehicles","Hybrid electric",0
"1985","Light commercial vehicles","Hybrid electric",0
"1986","Light commercial vehicles","Hybrid electric",0
"1987","Light commercial vehicles","Hybrid electric",0
"1988","Light commercial vehicles","Hybrid electric",0
"1989","Light commercial vehicles","Hybrid electric",0
"1990","Light commercial vehicles","Hybrid electric",0
"1991","Light commercial vehicles","Hybrid electric",0
"1992","Light commercial vehicles","Hybrid electric",0
"1993","Light commercial vehicles","Hybrid electric",0
"1994","Light commercial vehicles","Hybrid electric",0
"1995","Light commercial vehicles","Hybrid electric",0
"1996","Light commercial vehicles","Hybrid electric",0
"1997","Light commercial vehicles","Hybrid electric",0
"1998","Light commercial vehicles","Hybrid electric",0
"1999","Light commercial vehicles","Hybrid electric",0
"2000","Light commercial vehicles","Hybrid electric",0
"2001","Light commercial vehicles","Hybrid electric",0
"2002","Light commercial vehicles","Hybrid electric",0
"2003","Light commercial vehicles","Hybrid electric",3
"2004","Light commercial vehicles","Hybrid electric",0
"2005","Light commercial vehicles","Hybrid electric",3
"2006","Light commercial vehicles","Hybrid electric",0
"2007","Light commercial vehicles","Hybrid electric",0
"2008","Light commercial vehicles","Hybrid electric",8
"2009","Light commercial vehicles","Hybrid electric",7
"2010","Light commercial vehicles","Hybrid electric",6
"2011","Light commercial vehicles","Hybrid electric",3
"2012","Light commercial vehicles","Hybrid electric",3
"2013","Light commercial vehicles","Hybrid electric",5
"2014","Light commercial vehicles","Hybrid electric",3
"2015","Light commercial vehicles","Hybrid electric",0
"2016","Light commercial vehicles","Hybrid electric",5
"2017","Light commercial vehicles","Hybrid electric",6
"2018","Light commercial vehicles","Hybrid electric",10
"2019","Light commercial vehicles","Hybrid electric",11
"2020","Light commercial vehicles","Hybrid electric",18
"2021","Light commercial vehicles","Hybrid electric",475
"2022","Light commercial vehicles","Hybrid electric",684
"2023","Light commercial vehicles","Hybrid electric",884
"2024","Light commercial vehicles","Hybrid electric",3746
"2025","Light commercial vehicles","Hybrid electric",3
"Not stated","Light commercial vehicles","Hybrid electric",0
"1901","Light commercial vehicles","Battery/Fuel-cell electric",0
"1902","Light commercial vehicles","Battery/Fuel-cell electric",0
"1903","Light commercial vehicles","Battery/Fuel-cell electric",0
"1904","Light commercial vehicles","Battery/Fuel-cell electric",0
"1905","Light commercial vehicles","Battery/Fuel-cell electric",0
"1906","Light commercial vehicles","Battery/Fuel-cell electric",0
"1907","Light commercial vehicles","Battery/Fuel-cell electric",0
"1908","Light commercial vehicles","Battery/Fuel-cell electric",0
"1909","Light commercial vehicles","Battery/Fuel-cell electric",0
"1910","Light commercial vehicles","Battery/Fuel-cell electric",0
"1911","Light commercial vehicles","Battery/Fuel-cell electric",0
"1912","Light commercial vehicles","Battery/Fuel-cell electric",0
"1913","Light commercial vehicles","Battery/Fuel-cell electric",0
"1914","Light commercial vehicles","Battery/Fuel-cell electric",0
"1915","Light commercial vehicles","Battery/Fuel-cell electric",0
"1916","Light commercial vehicles","Battery/Fuel-cell electric",0
"1917","Light commercial vehicles","Battery/Fuel-cell electric",0
"1918","Light commercial vehicles","Battery/Fuel-cell electric",0
"1919","Light commercial vehicles","Battery/Fuel-cell electric",0
"1920","Light commercial vehicles","Battery/Fuel-cell electric",0
"1921","Light commercial vehicles","Battery/Fuel-cell electric",0
"1922","Light commercial vehicles","Battery/Fuel-cell electric",0
"1923","Light commercial vehicles","Battery/Fuel-cell electric",0
"1924","Light commercial vehicles","Battery/Fuel-cell electric",0
"1925","Light commercial vehicles","Battery/Fuel-cell electric",0
"1926","Light commercial vehicles","Battery/Fuel-cell electric",0
"1927","Light commercial vehicles","Battery/Fuel-cell electric",0
"1928","Light commercial vehicles","Battery/Fuel-cell electric",0
"1929","Light commercial vehicles","Battery/Fuel-cell electric",0
"1930","Light commercial vehicles","Battery/Fuel-cell electric",0
"1931","Light commercial vehicles","Battery/Fuel-cell electric",0
"1932","Light commercial vehicles","Battery/Fuel-cell electric",0
"1933","Light commercial vehicles","Battery/Fuel-cell electric",0
"1934","Light commercial vehicles","Battery/Fuel-cell electric",0
"1935","Light commercial vehicles","Battery/Fuel-cell electric",0
"1936","Light commercial vehicles","Battery/Fuel-cell electric",0
"1937","Light commercial vehicles","Battery/Fuel-cell electric",0
"1938","Light commercial vehicles","Battery/Fuel-cell electric",0
"1939","Light commercial vehicles","Battery/Fuel-cell electric",0
"1940","Light commercial vehicles","Battery/Fuel-cell electric",0
"1941","Light commercial vehicles","Battery/Fuel-cell electric",0
"1942","Light commercial vehicles","Battery/Fuel-cell electric",0
"1943","Light commercial vehicles","Battery/Fuel-cell electric",0
"1944","Light commercial vehicles","Battery/Fuel-cell electric",0
"1945","Light commercial vehicles","Battery/Fuel-cell electric",0
"1946","Light commercial vehicles","Battery/Fuel-cell electric",0
"1947","Light commercial vehicles","Battery/Fuel-cell electric",0
"1948","Light commercial vehicles","Battery/Fuel-cell electric",0
"1949","Light commercial vehicles","Battery/Fuel-cell electric",0
"1950","Light commercial vehicles","Battery/Fuel-cell electric",0
"1951","Light commercial vehicles","Battery/Fuel-cell electric",0
"1952","Light commercial vehicles","Battery/Fuel-cell electric",0
"1953","Light commercial vehicles","Battery/Fuel-cell electric",0
"1954","Light commercial vehicles","Battery/Fuel-cell electric",0
"1955","Light commercial vehicles","Battery/Fuel-cell electric",0
"1956","Light commercial vehicles","Battery/Fuel-cell electric",0
"1957","Light commercial vehicles","Battery/Fuel-cell electric",0
"1958","Light commercial vehicles","Battery/Fuel-cell electric",0
"1959","Light commercial vehicles","Battery/Fuel-cell electric",0
"1960","Light commercial vehicles","Battery/Fuel-cell electric",0
"1961","Light commercial vehicles","Battery/Fuel-cell electric",0
"1962","Light commercial vehicles","Battery/Fuel-cell electric",0
"1963","Light commercial vehicles","Battery/Fuel-cell electric",0
"1964","Light commercial vehicles","Battery/Fuel-cell electric",0
"1965","Light commercial vehicles","Battery/Fuel-cell electric",0
"1966","Light commercial vehicles","Battery/Fuel-cell electric",0
"1967","Light commercial vehicles","Battery/Fuel-cell electric",0
"1968","Light commercial vehicles","Battery/Fuel-cell electric",3
"1969","Light commercial vehicles","Battery/Fuel-cell electric",0
"1970","Light commercial vehicles","Battery/Fuel-cell electric",3
"1971","Light commercial vehicles","Battery/Fuel-cell electric",0
"1972","Light commercial vehicles","Battery/Fuel-cell electric",0
"1973","Light commercial vehicles","Battery/Fuel-cell electric",3
"1974","Light commercial vehicles","Battery/Fuel-cell electric",4
"1975","Light commercial vehicles","Battery/Fuel-cell electric",0
"1976","Light commercial vehicles","Battery/Fuel-cell electric",0
"1977","Light commercial vehicles","Battery/Fuel-cell electric",3
"1978","Light commercial vehicles","Battery/Fuel-cell electric",0
"1979","Light commercial vehicles","Battery/Fuel-cell electric",0
"1980","Light commercial vehicles","Battery/Fuel-cell electric",0
"1981","Light commercial vehicles","Battery/Fuel-cell electric",3
"1982","Light commercial vehicles","Battery/Fuel-cell electric",0
"1983","Light commercial vehicles","Battery/Fuel-cell electric",0
"1984","Light commercial vehicles","Battery/Fuel-cell electric",0
"1985","Light commercial vehicles","Battery/Fuel-cell electric",3
"1986","Light commercial vehicles","Battery/Fuel-cell electric",0
"1987","Light commercial vehicles","Battery/Fuel-cell electric",0
"1988","Light commercial vehicles","Battery/Fuel-cell electric",0
"1989","Light commercial vehicles","Battery/Fuel-cell electric",0
"1990","Light commercial vehicles","Battery/Fuel-cell electric",0
"1991","Light commercial vehicles","Battery/Fuel-cell electric",3
"1992","Light commercial vehicles","Battery/Fuel-cell electric",0
"1993","Light commercial vehicles","Battery/Fuel-cell electric",3
"1994","Light commercial vehicles","Battery/Fuel-cell electric",0
"1995","Light commercial vehicles","Battery/Fuel-cell electric",0
"1996","Light commercial vehicles","Battery/Fuel-cell electric",3
"1997","Light commercial vehicles","Battery/Fuel-cell electric",0
"1998","Light commercial vehicles","Battery/Fuel-cell electric",0
"1999","Light commercial vehicles","Battery/Fuel-cell electric",0
"2000","Light commercial vehicles","Battery/Fuel-cell electric",3
"2001","Light commercial vehicles","Battery/Fuel-cell electric",0
"2002","Light commercial vehicles","Battery/Fuel-cell electric",0
"2003","Light commercial vehicles","Battery/Fuel-cell electric",3
"2004","Light commercial vehicles","Battery/Fuel-cell electric",3
"2005","Light commercial vehicles","Battery/Fuel-cell electric",4
"2006","Light commercial vehicles","Battery/Fuel-cell electric",3
"2007","Light commercial vehicles","Battery/Fuel-cell electric",0
"2008","Light commercial vehicles","Battery/Fuel-cell electric",3
"2009","Light commercial vehicles","Battery/Fuel-cell electric",5
"2010","Light commercial vehicles","Battery/Fuel-cell electric",3
"2011","Light commercial vehicles","Battery/Fuel-cell electric",6
"2012","Light commercial vehicles","Battery/Fuel-cell electric",10
"2013","Light commercial vehicles","Battery/Fuel-cell electric",9
"2014","Light commercial vehicles","Battery/Fuel-cell electric",14
"2015","Light commercial vehicles","Battery/Fuel-cell electric",17
"2016","Light commercial vehicles","Battery/Fuel-cell electric",10
"2017","Light commercial vehicles","Battery/Fuel-cell electric",17
"2018","Light commercial vehicles","Battery/Fuel-cell electric",22
"2019","Light commercial vehicles","Battery/Fuel-cell electric",46
"2020","Light commercial vehicles","Battery/Fuel-cell electric",33
"2021","Light commercial vehicles","Battery/Fuel-cell electric",126
"2022","Light commercial vehicles","Battery/Fuel-cell electric",151
"2023","Light commercial vehicles","Battery/Fuel-cell electric",366
"2024","Light commercial vehicles","Battery/Fuel-cell electric",68
"2025","Light commercial vehicles","Battery/Fuel-cell electric",0
"Not stated","Light commercial vehicles","Battery/Fuel-cell electric",0
"1901","Light commercial vehicles","Other",0
"1902","Light commercial vehicles","Other",0
"1903","Light commercial vehicles","Other",0
"1904","Light commercial vehicles","Other",0
"1905","Light commercial vehicles","Other",0
"1906","Light commercial vehicles","Other",0
"1907","Light commercial vehicles","Other",0
"1908","Light commercial vehicles","Other",0
"1909","Light commercial vehicles","Other",0
"1910","Light commercial vehicles","Other",0
"1911","Light commercial vehicles","Other",0
"1912","Light commercial vehicles","Other",0
"1913","Light commercial vehicles","Other",0
"1914","Light commercial vehicles","Other",0
"1915","Light commercial vehicles","Other",0
"1916","Light commercial vehicles","Other",0
"1917","Light commercial vehicles","Other",0
"1918","Light commercial vehicles","Other",0
"1919","Light commercial vehicles","Other",0
"1920","Light commercial vehicles","Other",0
"1921","Light commercial vehicles","Other",0
"1922","Light commercial vehicles","Other",0
"1923","Light commercial vehicles","Other",0
"1924","Light commercial vehicles","Other",0
"1925","Light commercial vehicles","Other",0
"1926","Light commercial vehicles","Other",0
"1927","Light commercial vehicles","Other",3
"1928","Light commercial vehicles","Other",6
"1929","Light commercial vehicles","Other",3
"1930","Light commercial vehicles","Other",3
"1931","Light commercial vehicles","Other",0
"1932","Light commercial vehicles","Other",3
"1933","Light commercial vehicles","Other",0
"1934","Light commercial vehicles","Other",0
"1935","Light commercial vehicles","Other",0
"1936","Light commercial vehicles","Other",4
"1937","Light commercial vehicles","Other",5
"1938","Light commercial vehicles","Other",3
"1939","Light commercial vehicles","Other",0
"1940","Light commercial vehicles","Other",3
"1941","Light commercial vehicles","Other",0
"1942","Light commercial vehicles","Other",5
"1943","Light commercial vehicles","Other",0
"1944","Light commercial vehicles","Other",0
"1945","Light commercial vehicles","Other",0
"1946","Light commercial vehicles","Other",3
"1947","Light commercial vehicles","Other",0
"1948","Light commercial vehicles","Other",7
"1949","Light commercial vehicles","Other",3
"1950","Light commercial vehicles","Other",0
"1951","Light commercial vehicles","Other",7
"1952","Light commercial vehicles","Other",4
"1953","Light commercial vehicles","Other",3
"1954","Light commercial vehicles","Other",10
"1955","Light commercial vehicles","Other",5
"1956","Light commercial vehicles","Other",6
"1957","Light commercial vehicles","Other",3
"1958","Light commercial vehicles","Other",6
"1959","Light commercial vehicles","Other",3
"1960","Light commercial vehicles","Other",0
"1961","Light commercial vehicles","Other",3
"1962","Light commercial vehicles","Other",4
"1963","Light commercial vehicles","Other",4
"1964","Light commercial vehicles","Other",6
"1965","Light commercial vehicles","Other",4
"1966","Light commercial vehicles","Other",10
"1967","Light commercial vehicles","Other",8
"1968","Light commercial vehicles","Other",5
"1969","Light commercial vehicles","Other",13
"1970","Light commercial vehicles","Other",7
"1971","Light commercial vehicles","Other",24
"1972","Light commercial vehicles","Other",28
"1973","Light commercial vehicles","Other",31
"1974","Light commercial vehicles","Other",44
"1975","Light commercial vehicles","Other",53
"1976","Light commercial vehicles","Other",66
"1977","Light commercial vehicles","Other",106
"1978","Light commercial vehicles","Other",125
"1979","Light commercial vehicles","Other",94
"1980","Light commercial vehicles","Other",44
"1981","Light commercial vehicles","Other",80
"1982","Light commercial vehicles","Other",68
"1983","Light commercial vehicles","Other",57
"1984","Light commercial vehicles","Other",83
"1985","Light commercial vehicles","Other",60
"1986","Light commercial vehicles","Other",37
"1987","Light commercial vehicles","Other",29
"1988","Light commercial vehicles","Other",69
"1989","Light commercial vehicles","Other",85
"1990","Light commercial vehicles","Other",80
"1991","Light commercial vehicles","Other",68
"1992","Light commercial vehicles","Other",56
"1993","Light commercial vehicles","Other",57
"1994","Light commercial vehicles","Other",91
"1995","Light commercial vehicles","Other",76
"1996","Light commercial vehicles","Other",91
"1997","Light commercial vehicles","Other",104
"1998","Light commercial vehicles","Other",96
"1999","Light commercial vehicles","Other",118
"2000","Light commercial vehicles","Other",406
"2001","Light commercial vehicles","Other",797
"2002","Light commercial vehicles","Other",606
"2003","Light commercial vehicles","Other",113
"2004","Light commercial vehicles","Other",368
"2005","Light commercial vehicles","Other",1290
"2006","Light commercial vehicles","Other",2647
"2007","Light commercial vehicles","Other",2405
"2008","Light commercial vehicles","Other",3274
"2009","Light commercial vehicles","Other",2547
"2010","Light commercial vehicles","Other",2444
"2011","Light commercial vehicles","Other",503
"2012","Light commercial vehicles","Other",1949
"2013","Light commercial vehicles","Other",1178
"2014","Light commercial vehicles","Other",771
"2015","Light commercial vehicles","Other",564
"2016","Light commercial vehicles","Other",408
"2017","Light commercial vehicles","Other",4
"2018","Light commercial vehicles","Other",0
"2019","Light commercial vehicles","Other",0
"2020","Light commercial vehicles","Other",3
"2021","Light commercial vehicles","Other",3
"2022","Light commercial vehicles","Other",6
"2023","Light commercial vehicles","Other",3
"2024","Light commercial vehicles","Other",0
"2025","Light commercial vehicles","Other",0
"Not stated","Light commercial vehicles","Other",0
"1901","Light rigid trucks","Petrol",0
"1902","Light rigid trucks","Petrol",0
"1903","Light rigid trucks","Petrol",0
"1904","Light rigid trucks","Petrol",0
"1905","Light rigid trucks","Petrol",0
"1906","Light rigid trucks","Petrol",0
"1907","Light rigid trucks","Petrol",0
"1908","Light rigid trucks","Petrol",0
"1909","Light rigid trucks","Petrol",0
"1910","Light rigid trucks","Petrol",0
"1911","Light rigid trucks","Petrol",0
"1912","Light rigid trucks","Petrol",0
"1913","Light rigid trucks","Petrol",0
"1914","Light rigid trucks","Petrol",0
"1915","Light rigid trucks","Petrol",0
"1916","Light rigid trucks","Petrol",0
"1917","Light rigid trucks","Petrol",0
"1918","Light rigid trucks","Petrol",0
"1919","Light rigid trucks","Petrol",0
"1920","Light rigid trucks","Petrol",0
"1921","Light rigid trucks","Petrol",0
"1922","Light rigid trucks","Petrol",3
"1923","Light rigid trucks","Petrol",0
"1924","Light rigid trucks","Petrol",0
"1925","Light rigid trucks","Petrol",0
"1926","Light rigid trucks","Petrol",3
"1927","Light rigid trucks","Petrol",0
"1928","Light rigid trucks","Petrol",3
"1929","Light rigid trucks","Petrol",3
"1930","Light rigid trucks","Petrol",0
"1931","Light rigid trucks","Petrol",0
"1932","Light rigid trucks","Petrol",3
"1933","Light rigid trucks","Petrol",3
"1934","Light rigid trucks","Petrol",3
"1935","Light rigid trucks","Petrol",0
"1936","Light rigid trucks","Petrol",3
"1937","Light rigid trucks","Petrol",0
"1938","Light rigid trucks","Petrol",0
"1939","Light rigid trucks","Petrol",5
"1940","Light rigid trucks","Petrol",3
"1941","Light rigid trucks","Petrol",3
"1942","Light rigid trucks","Petrol",10
"1943","Light rigid trucks","Petrol",3
"1944","Light rigid trucks","Petrol",6
"1945","Light rigid trucks","Petrol",3
"1946","Light rigid trucks","Petrol",5
"1947","Light rigid trucks","Petrol",3
"1948","Light rigid trucks","Petrol",4
"1949","Light rigid trucks","Petrol",5
"1950","Light rigid trucks","Petrol",4
"1951","Light rigid trucks","Petrol",7
"1952","Light rigid trucks","Petrol",4
"1953","Light rigid trucks","Petrol",10
"1954","Light rigid trucks","Petrol",7
"1955","Light rigid trucks","Petrol",6
"1956","Light rigid trucks","Petrol",6
"1957","Light rigid trucks","Petrol",7
"1958","Light rigid trucks","Petrol",4
"1959","Light rigid trucks","Petrol",3
"1960","Light rigid trucks","Petrol",6
"1961","Light rigid trucks","Petrol",4
"1962","Light rigid trucks","Petrol",5
"1963","Light rigid trucks","Petrol",0
"1964","Light rigid trucks","Petrol",11
"1965","Light rigid trucks","Petrol",20
"1966","Light rigid trucks","Petrol",17
"1967","Light rigid trucks","Petrol",24
"1968","Light rigid trucks","Petrol",28
"1969","Light rigid trucks","Petrol",20
"1970","Light rigid trucks","Petrol",27
"1971","Light rigid trucks","Petrol",31
"1972","Light rigid trucks","Petrol",34
"1973","Light rigid trucks","Petrol",30
"1974","Light rigid trucks","Petrol",68
"1975","Light rigid trucks","Petrol",49
"1976","Light rigid trucks","Petrol",89
"1977","Light rigid trucks","Petrol",85
"1978","Light rigid trucks","Petrol",97
"1979","Light rigid trucks","Petrol",74
"1980","Light rigid trucks","Petrol",46
"1981","Light rigid trucks","Petrol",42
"1982","Light rigid trucks","Petrol",55
"1983","Light rigid trucks","Petrol",29
"1984","Light rigid trucks","Petrol",56
"1985","Light rigid trucks","Petrol",48
"1986","Light rigid trucks","Petrol",67
"1987","Light rigid trucks","Petrol",60
"1988","Light rigid trucks","Petrol",96
"1989","Light rigid trucks","Petrol",93
"1990","Light rigid trucks","Petrol",68
"1991","Light rigid trucks","Petrol",73
"1992","Light rigid trucks","Petrol",83
"1993","Light rigid trucks","Petrol",55
"1994","Light rigid trucks","Petrol",60
"1995","Light rigid trucks","Petrol",55
"1996","Light rigid trucks","Petrol",76
"1997","Light rigid trucks","Petrol",64
"1998","Light rigid trucks","Petrol",84
"1999","Light rigid trucks","Petrol",74
"2000","Light rigid trucks","Petrol",90
"2001","Light rigid trucks","Petrol",199
"2002","Light rigid trucks","Petrol",293
"2003","Light rigid trucks","Petrol",106
"2004","Light rigid trucks","Petrol",199
"2005","Light rigid trucks","Petrol",144
"2006","Light rigid trucks","Petrol",225
"2007","Light rigid trucks","Petrol",98
"2008","Light rigid trucks","Petrol",54
"2009","Light rigid trucks","Petrol",38
"2010","Light rigid trucks","Petrol",42
"2011","Light rigid trucks","Petrol",34
"2012","Light rigid trucks","Petrol",33
"2013","Light rigid trucks","Petrol",45
"2014","Light rigid trucks","Petrol",30
"2015","Light rigid trucks","Petrol",32
"2016","Light rigid trucks","Petrol",45
"2017","Light rigid trucks","Petrol",46
"2018","Light rigid trucks","Petrol",61
"2019","Light rigid trucks","Petrol",57
"2020","Light rigid trucks","Petrol",78
"2021","Light rigid trucks","Petrol",226
"2022","Light rigid trucks","Petrol",515
"2023","Light rigid trucks","Petrol",877
"2024","Light rigid trucks","Petrol",406
"2025","Light rigid trucks","Petrol",17
"Not stated","Light rigid trucks","Petrol",0
"1901","Light rigid trucks","Diesel",0
"1902","Light rigid trucks","Diesel",0
"1903","Light rigid trucks","Diesel",0
"1904","Light rigid trucks","Diesel",0
"1905","Light rigid trucks","Diesel",0
"1906","Light rigid trucks","Diesel",0
"1907","Light rigid trucks","Diesel",0
"1908","Light rigid trucks","Diesel",0
"1909","Light rigid trucks","Diesel",0
"1910","Light rigid trucks","Diesel",0
"1911","Light rigid trucks","Diesel",0
"1912","Light rigid trucks","Diesel",0
"1913","Light rigid trucks","Diesel",0
"1914","Light rigid trucks","Diesel",0
"1915","Light rigid trucks","Diesel",0
"1916","Light rigid trucks","Diesel",0
"1917","Light rigid trucks","Diesel",0
"1918","Light rigid trucks","Diesel",0
"1919","Light rigid trucks","Diesel",0
"1920","Light rigid trucks","Diesel",0
"1921","Light rigid trucks","Diesel",0
"1922","Light rigid trucks","Diesel",0
"1923","Light rigid trucks","Diesel",0
"1924","Light rigid trucks","Diesel",0
"1925","Light rigid trucks","Diesel",0
"1926","Light rigid trucks","Diesel",0
"1927","Light rigid trucks","Diesel",0
"1928","Light rigid trucks","Diesel",0
"1929","Light rigid trucks","Diesel",0
"1930","Light rigid trucks","Diesel",0
"1931","Light rigid trucks","Diesel",0
"1932","Light rigid trucks","Diesel",0
"1933","Light rigid trucks","Diesel",0
"1934","Light rigid trucks","Diesel",0
"1935","Light rigid trucks","Diesel",0
"1936","Light rigid trucks","Diesel",0
"1937","Light rigid trucks","Diesel",0
"1938","Light rigid trucks","Diesel",0
"1939","Light rigid trucks","Diesel",0
"1940","Light rigid trucks","Diesel",0
"1941","Light rigid trucks","Diesel",0
"1942","Light rigid trucks","Diesel",0
"1943","Light rigid trucks","Diesel",0
"1944","Light rigid trucks","Diesel",0
"1945","Light rigid trucks","Diesel",0
"1946","Light rigid trucks","Diesel",0
"1947","Light rigid trucks","Diesel",0
"1948","Light rigid trucks","Diesel",0
"1949","Light rigid trucks","Diesel",0
"1950","Light rigid trucks","Diesel",0
"1951","Light rigid trucks","Diesel",0
"1952","Light rigid trucks","Diesel",0
"1953","Light rigid trucks","Diesel",0
"1954","Light rigid trucks","Diesel",0
"1955","Light rigid trucks","Diesel",0
"1956","Light rigid trucks","Diesel",3
"1957","Light rigid trucks","Diesel",0
"1958","Light rigid trucks","Diesel",3
"1959","Light rigid trucks","Diesel",3
"1960","Light rigid trucks","Diesel",0
"1961","Light rigid trucks","Diesel",3
"1962","Light rigid trucks","Diesel",0
"1963","Light rigid trucks","Diesel",0
"1964","Light rigid trucks","Diesel",0
"1965","Light rigid trucks","Diesel",3
"1966","Light rigid trucks","Diesel",3
"1967","Light rigid trucks","Diesel",0
"1968","Light rigid trucks","Diesel",3
"1969","Light rigid trucks","Diesel",0
"1970","Light rigid trucks","Diesel",6
"1971","Light rigid trucks","Diesel",5
"1972","Light rigid trucks","Diesel",4
"1973","Light rigid trucks","Diesel",5
"1974","Light rigid trucks","Diesel",6
"1975","Light rigid trucks","Diesel",3
"1976","Light rigid trucks","Diesel",18
"1977","Light rigid trucks","Diesel",9
"1978","Light rigid trucks","Diesel",9
"1979","Light rigid trucks","Diesel",15
"1980","Light rigid trucks","Diesel",42
"1981","Light rigid trucks","Diesel",64
"1982","Light rigid trucks","Diesel",53
"1983","Light rigid trucks","Diesel",60
"1984","Light rigid trucks","Diesel",117
"1985","Light rigid trucks","Diesel",301
"1986","Light rigid trucks","Diesel",250
"1987","Light rigid trucks","Diesel",313
"1988","Light rigid trucks","Diesel",604
"1989","Light rigid trucks","Diesel",702
"1990","Light rigid trucks","Diesel",706
"1991","Light rigid trucks","Diesel",475
"1992","Light rigid trucks","Diesel",624
"1993","Light rigid trucks","Diesel",706
"1994","Light rigid trucks","Diesel",918
"1995","Light rigid trucks","Diesel",1042
"1996","Light rigid trucks","Diesel",951
"1997","Light rigid trucks","Diesel",1119
"1998","Light rigid trucks","Diesel",1560
"1999","Light rigid trucks","Diesel",2014
"2000","Light rigid trucks","Diesel",2067
"2001","Light rigid trucks","Diesel",2486
"2002","Light rigid trucks","Diesel",4460
"2003","Light rigid trucks","Diesel",2945
"2004","Light rigid trucks","Diesel",5112
"2005","Light rigid trucks","Diesel",6189
"2006","Light rigid trucks","Diesel",4902
"2007","Light rigid trucks","Diesel",6269
"2008","Light rigid trucks","Diesel",6620
"2009","Light rigid trucks","Diesel",5022
"2010","Light rigid trucks","Diesel",7111
"2011","Light rigid trucks","Diesel",4515
"2012","Light rigid trucks","Diesel",5583
"2013","Light rigid trucks","Diesel",6210
"2014","Light rigid trucks","Diesel",7558
"2015","Light rigid trucks","Diesel",9428
"2016","Light rigid trucks","Diesel",10255
"2017","Light rigid trucks","Diesel",11345
"2018","Light rigid trucks","Diesel",12525
"2019","Light rigid trucks","Diesel",10646
"2020","Light rigid trucks","Diesel",10886
"2021","Light rigid trucks","Diesel",18671
"2022","Light rigid trucks","Diesel",26732
"2023","Light rigid trucks","Diesel",34105
"2024","Light rigid trucks","Diesel",20830
"2025","Light rigid trucks","Diesel",105
"Not stated","Light rigid trucks","Diesel",0
"1901","Light rigid trucks","Dual fuel",0
"1902","Light rigid trucks","Dual fuel",0
"1903","Light rigid trucks","Dual fuel",0
"1904","Light rigid trucks","Dual fuel",0
"1905","Light rigid trucks","Dual fuel",0
"1906","Light rigid trucks","Dual fuel",0
"1907","Light rigid trucks","Dual fuel",0
"1908","Light rigid trucks","Dual fuel",0
"1909","Light rigid trucks","Dual fuel",0
"1910","Light rigid trucks","Dual fuel",0
"1911","Light rigid trucks","Dual fuel",0
"1912","Light rigid trucks","Dual fuel",0
"1913","Light rigid trucks","Dual fuel",0
"1914","Light rigid trucks","Dual fuel",0
"1915","Light rigid trucks","Dual fuel",0
"1916","Light rigid trucks","Dual fuel",0
"1917","Light rigid trucks","Dual fuel",0
"1918","Light rigid trucks","Dual fuel",0
"1919","Light rigid trucks","Dual fuel",0
"1920","Light rigid trucks","Dual fuel",0
"1921","Light rigid trucks","Dual fuel",0
"1922","Light rigid trucks","Dual fuel",0
"1923","Light rigid trucks","Dual fuel",0
"1924","Light rigid trucks","Dual fuel",0
"1925","Light rigid trucks","Dual fuel",0
"1926","Light rigid trucks","Dual fuel",0
"1927","Light rigid trucks","Dual fuel",0
"1928","Light rigid trucks","Dual fuel",0
"1929","Light rigid trucks","Dual fuel",0
"1930","Light rigid trucks","Dual fuel",0
"1931","Light rigid trucks","Dual fuel",0
"1932","Light rigid trucks","Dual fuel",0
"1933","Light rigid trucks","Dual fuel",0
"1934","Light rigid trucks","Dual fuel",0
"1935","Light rigid trucks","Dual fuel",0
"1936","Light rigid trucks","Dual fuel",0
"1937","Light rigid trucks","Dual fuel",0
"1938","Light rigid trucks","Dual fuel",0
"1939","Light rigid trucks","Dual fuel",0
"1940","Light rigid trucks","Dual fuel",0
"1941","Light rigid trucks","Dual fuel",0
"1942","Light rigid trucks","Dual fuel",0
"1943","Light rigid trucks","Dual fuel",0
"1944","Light rigid trucks","Dual fuel",0
"1945","Light rigid trucks","Dual fuel",0
"1946","Light rigid trucks","Dual fuel",0
"1947","Light rigid trucks","Dual fuel",0
"1948","Light rigid trucks","Dual fuel",0
"1949","Light rigid trucks","Dual fuel",0
"1950","Light rigid trucks","Dual fuel",0
"1951","Light rigid trucks","Dual fuel",0
"1952","Light rigid trucks","Dual fuel",0
"1953","Light rigid trucks","Dual fuel",0
"1954","Light rigid trucks","Dual fuel",0
"1955","Light rigid trucks","Dual fuel",0
"1956","Light rigid trucks","Dual fuel",0
"1957","Light rigid trucks","Dual fuel",0
"1958","Light rigid trucks","Dual fuel",0
"1959","Light rigid trucks","Dual fuel",0
"1960","Light rigid trucks","Dual fuel",0
"1961","Light rigid trucks","Dual fuel",0
"1962","Light rigid trucks","Dual fuel",0
"1963","Light rigid trucks","Dual fuel",0
"1964","Light rigid trucks","Dual fuel",3
"1965","Light rigid trucks","Dual fuel",0
"1966","Light rigid trucks","Dual fuel",0
"1967","Light rigid trucks","Dual fuel",0
"1968","Light rigid trucks","Dual fuel",4
"1969","Light rigid trucks","Dual fuel",0
"1970","Light rigid trucks","Dual fuel",0
"1971","Light rigid trucks","Dual fuel",3
"1972","Light rigid trucks","Dual fuel",5
"1973","Light rigid trucks","Dual fuel",3
"1974","Light rigid trucks","Dual fuel",9
"1975","Light rigid trucks","Dual fuel",19
"1976","Light rigid trucks","Dual fuel",10
"1977","Light rigid trucks","Dual fuel",23
"1978","Light rigid trucks","Dual fuel",28
"1979","Light rigid trucks","Dual fuel",22
"1980","Light rigid trucks","Dual fuel",16
"1981","Light rigid trucks","Dual fuel",12
"1982","Light rigid trucks","Dual fuel",23
"1983","Light rigid trucks","Dual fuel",7
"1984","Light rigid trucks","Dual fuel",12
"1985","Light rigid trucks","Dual fuel",9
"1986","Light rigid trucks","Dual fuel",9
"1987","Light rigid trucks","Dual fuel",9
"1988","Light rigid trucks","Dual fuel",10
"1989","Light rigid trucks","Dual fuel",9
"1990","Light rigid trucks","Dual fuel",7
"1991","Light rigid trucks","Dual fuel",11
"1992","Light rigid trucks","Dual fuel",7
"1993","Light rigid trucks","Dual fuel",6
"1994","Light rigid trucks","Dual fuel",3
"1995","Light rigid trucks","Dual fuel",0
"1996","Light rigid trucks","Dual fuel",6
"1997","Light rigid trucks","Dual fuel",10
"1998","Light rigid trucks","Dual fuel",4
"1999","Light rigid trucks","Dual fuel",5
"2000","Light rigid trucks","Dual fuel",0
"2001","Light rigid trucks","Dual fuel",30
"2002","Light rigid trucks","Dual fuel",50
"2003","Light rigid trucks","Dual fuel",29
"2004","Light rigid trucks","Dual fuel",35
"2005","Light rigid trucks","Dual fuel",32
"2006","Light rigid trucks","Dual fuel",40
"2007","Light rigid trucks","Dual fuel",12
"2008","Light rigid trucks","Dual fuel",12
"2009","Light rigid trucks","Dual fuel",6
"2010","Light rigid trucks","Dual fuel",4
"2011","Light rigid trucks","Dual fuel",5
"2012","Light rigid trucks","Dual fuel",5
"2013","Light rigid trucks","Dual fuel",3
"2014","Light rigid trucks","Dual fuel",7
"2015","Light rigid trucks","Dual fuel",3
"2016","Light rigid trucks","Dual fuel",5
"2017","Light rigid trucks","Dual fuel",8
"2018","Light rigid trucks","Dual fuel",9
"2019","Light rigid trucks","Dual fuel",6
"2020","Light rigid trucks","Dual fuel",3
"2021","Light rigid trucks","Dual fuel",6
"2022","Light rigid trucks","Dual fuel",3
"2023","Light rigid trucks","Dual fuel",24
"2024","Light rigid trucks","Dual fuel",11
"2025","Light rigid trucks","Dual fuel",0
"Not stated","Light rigid trucks","Dual fuel",0
"1901","Light rigid trucks","Hybrid electric",0
"1902","Light rigid trucks","Hybrid electric",0
"1903","Light rigid trucks","Hybrid electric",0
"1904","Light rigid trucks","Hybrid electric",0
"1905","Light rigid trucks","Hybrid electric",0
"1906","Light rigid trucks","Hybrid electric",0
"1907","Light rigid trucks","Hybrid electric",0
"1908","Light rigid trucks","Hybrid electric",0
"1909","Light rigid trucks","Hybrid electric",0
"1910","Light rigid trucks","Hybrid electric",0
"1911","Light rigid trucks","Hybrid electric",0
"1912","Light rigid trucks","Hybrid electric",0
"1913","Light rigid trucks","Hybrid electric",0
"1914","Light rigid trucks","Hybrid electric",0
"1915","Light rigid trucks","Hybrid electric",0
"1916","Light rigid trucks","Hybrid electric",0
"1917","Light rigid trucks","Hybrid electric",0
"1918","Light rigid trucks","Hybrid electric",0
"1919","Light rigid trucks","Hybrid electric",0
"1920","Light rigid trucks","Hybrid electric",0
"1921","Light rigid trucks","Hybrid electric",0
"1922","Light rigid trucks","Hybrid electric",0
"1923","Light rigid trucks","Hybrid electric",0
"1924","Light rigid trucks","Hybrid electric",0
"1925","Light rigid trucks","Hybrid electric",0
"1926","Light rigid trucks","Hybrid electric",0
"1927","Light rigid trucks","Hybrid electric",0
"1928","Light rigid trucks","Hybrid electric",0
"1929","Light rigid trucks","Hybrid electric",0
"1930","Light rigid trucks","Hybrid electric",0
"1931","Light rigid trucks","Hybrid electric",0
"1932","Light rigid trucks","Hybrid electric",0
"1933","Light rigid trucks","Hybrid electric",0
"1934","Light rigid trucks","Hybrid electric",0
"1935","Light rigid trucks","Hybrid electric",0
"1936","Light rigid trucks","Hybrid electric",0
"1937","Light rigid trucks","Hybrid electric",0
"1938","Light rigid trucks","Hybrid electric",0
"1939","Light rigid trucks","Hybrid electric",0
"1940","Light rigid trucks","Hybrid electric",0
"1941","Light rigid trucks","Hybrid electric",0
"1942","Light rigid trucks","Hybrid electric",0
"1943","Light rigid trucks","Hybrid electric",0
"1944","Light rigid trucks","Hybrid electric",0
"1945","Light rigid trucks","Hybrid electric",0
"1946","Light rigid trucks","Hybrid electric",0
"1947","Light rigid trucks","Hybrid electric",0
"1948","Light rigid trucks","Hybrid electric",0
"1949","Light rigid trucks","Hybrid electric",0
"1950","Light rigid trucks","Hybrid electric",0
"1951","Light rigid trucks","Hybrid electric",0
"1952","Light rigid trucks","Hybrid electric",0
"1953","Light rigid trucks","Hybrid electric",0
"1954","Light rigid trucks","Hybrid electric",0
"1955","Light rigid trucks","Hybrid electric",0
"1956","Light rigid trucks","Hybrid electric",0
"1957","Light rigid trucks","Hybrid electric",0
"1958","Light rigid trucks","Hybrid electric",0
"1959","Light rigid trucks","Hybrid electric",0
"1960","Light rigid trucks","Hybrid electric",0
"1961","Light rigid trucks","Hybrid electric",0
"1962","Light rigid trucks","Hybrid electric",0
"1963","Light rigid trucks","Hybrid electric",0
"1964","Light rigid trucks","Hybrid electric",0
"1965","Light rigid trucks","Hybrid electric",0
"1966","Light rigid trucks","Hybrid electric",0
"1967","Light rigid trucks","Hybrid electric",0
"1968","Light rigid trucks","Hybrid electric",0
"1969","Light rigid trucks","Hybrid electric",0
"1970","Light rigid trucks","Hybrid electric",0
"1971","Light rigid trucks","Hybrid electric",0
"1972","Light rigid trucks","Hybrid electric",0
"1973","Light rigid trucks","Hybrid electric",0
"1974","Light rigid trucks","Hybrid electric",0
"1975","Light rigid trucks","Hybrid electric",0
"1976","Light rigid trucks","Hybrid electric",0
"1977","Light rigid trucks","Hybrid electric",0
"1978","Light rigid trucks","Hybrid electric",0
"1979","Light rigid trucks","Hybrid electric",0
"1980","Light rigid trucks","Hybrid electric",0
"1981","Light rigid trucks","Hybrid electric",0
"1982","Light rigid trucks","Hybrid electric",0
"1983","Light rigid trucks","Hybrid electric",0
"1984","Light rigid trucks","Hybrid electric",0
"1985","Light rigid trucks","Hybrid electric",0
"1986","Light rigid trucks","Hybrid electric",0
"1987","Light rigid trucks","Hybrid electric",0
"1988","Light rigid trucks","Hybrid electric",0
"1989","Light rigid trucks","Hybrid electric",0
"1990","Light rigid trucks","Hybrid electric",0
"1991","Light rigid trucks","Hybrid electric",0
"1992","Light rigid trucks","Hybrid electric",0
"1993","Light rigid trucks","Hybrid electric",0
"1994","Light rigid trucks","Hybrid electric",0
"1995","Light rigid trucks","Hybrid electric",0
"1996","Light rigid trucks","Hybrid electric",0
"1997","Light rigid trucks","Hybrid electric",0
"1998","Light rigid trucks","Hybrid electric",0
"1999","Light rigid trucks","Hybrid electric",0
"2000","Light rigid trucks","Hybrid electric",0
"2001","Light rigid trucks","Hybrid electric",0
"2002","Light rigid trucks","Hybrid electric",0
"2003","Light rigid trucks","Hybrid electric",0
"2004","Light rigid trucks","Hybrid electric",0
"2005","Light rigid trucks","Hybrid electric",0
"2006","Light rigid trucks","Hybrid electric",0
"2007","Light rigid trucks","Hybrid electric",0
"2008","Light rigid trucks","Hybrid electric",3
"2009","Light rigid trucks","Hybrid electric",0
"2010","Light rigid trucks","Hybrid electric",0
"2011","Light rigid trucks","Hybrid electric",0
"2012","Light rigid trucks","Hybrid electric",6
"2013","Light rigid trucks","Hybrid electric",5
"2014","Light rigid trucks","Hybrid electric",5
"2015","Light rigid trucks","Hybrid electric",0
"2016","Light rigid trucks","Hybrid electric",0
"2017","Light rigid trucks","Hybrid electric",0
"2018","Light rigid trucks","Hybrid electric",3
"2019","Light rigid trucks","Hybrid electric",0
"2020","Light rigid trucks","Hybrid electric",4
"2021","Light rigid trucks","Hybrid electric",3
"2022","Light rigid trucks","Hybrid electric",22
"2023","Light rigid trucks","Hybrid electric",301
"2024","Light rigid trucks","Hybrid electric",161
"2025","Light rigid trucks","Hybrid electric",3
"Not stated","Light rigid trucks","Hybrid electric",0
"1901","Light rigid trucks","Battery/Fuel-cell electric",0
"1902","Light rigid trucks","Battery/Fuel-cell electric",0
"1903","Light rigid trucks","Battery/Fuel-cell electric",0
"1904","Light rigid trucks","Battery/Fuel-cell electric",0
"1905","Light rigid trucks","Battery/Fuel-cell electric",0
"1906","Light rigid trucks","Battery/Fuel-cell electric",0
"1907","Light rigid trucks","Battery/Fuel-cell electric",0
"1908","Light rigid trucks","Battery/Fuel-cell electric",0
"1909","Light rigid trucks","Battery/Fuel-cell electric",0
"1910","Light rigid trucks","Battery/Fuel-cell electric",0
"1911","Light rigid trucks","Battery/Fuel-cell electric",0
"1912","Light rigid trucks","Battery/Fuel-cell electric",0
"1913","Light rigid trucks","Battery/Fuel-cell electric",0
"1914","Light rigid trucks","Battery/Fuel-cell electric",0
"1915","Light rigid trucks","Battery/Fuel-cell electric",0
"1916","Light rigid trucks","Battery/Fuel-cell electric",0
"1917","Light rigid trucks","Battery/Fuel-cell electric",0
"1918","Light rigid trucks","Battery/Fuel-cell electric",0
"1919","Light rigid trucks","Battery/Fuel-cell electric",0
"1920","Light rigid trucks","Battery/Fuel-cell electric",0
"1921","Light rigid trucks","Battery/Fuel-cell electric",0
"1922","Light rigid trucks","Battery/Fuel-cell electric",0
"1923","Light rigid trucks","Battery/Fuel-cell electric",0
"1924","Light rigid trucks","Battery/Fuel-cell electric",0
"1925","Light rigid trucks","Battery/Fuel-cell electric",0
"1926","Light rigid trucks","Battery/Fuel-cell electric",0
"1927","Light rigid trucks","Battery/Fuel-cell electric",0
"1928","Light rigid trucks","Battery/Fuel-cell electric",0
"1929","Light rigid trucks","Battery/Fuel-cell electric",0
"1930","Light rigid trucks","Battery/Fuel-cell electric",0
"1931","Light rigid trucks","Battery/Fuel-cell electric",0
"1932","Light rigid trucks","Battery/Fuel-cell electric",0
"1933","Light rigid trucks","Battery/Fuel-cell electric",0
"1934","Light rigid trucks","Battery/Fuel-cell electric",0
"1935","Light rigid trucks","Battery/Fuel-cell electric",0
"1936","Light rigid trucks","Battery/Fuel-cell electric",0
"1937","Light rigid trucks","Battery/Fuel-cell electric",0
"1938","Light rigid trucks","Battery/Fuel-cell electric",0
"1939","Light rigid trucks","Battery/Fuel-cell electric",0
"1940","Light rigid trucks","Battery/Fuel-cell electric",0
"1941","Light rigid trucks","Battery/Fuel-cell electric",0
"1942","Light rigid trucks","Battery/Fuel-cell electric",0
"1943","Light rigid trucks","Battery/Fuel-cell electric",0
"1944","Light rigid trucks","Battery/Fuel-cell electric",0
"1945","Light rigid trucks","Battery/Fuel-cell electric",0
"1946","Light rigid trucks","Battery/Fuel-cell electric",0
"1947","Light rigid trucks","Battery/Fuel-cell electric",0
"1948","Light rigid trucks","Battery/Fuel-cell electric",0
"1949","Light rigid trucks","Battery/Fuel-cell electric",0
"1950","Light rigid trucks","Battery/Fuel-cell electric",0
"1951","Light rigid trucks","Battery/Fuel-cell electric",0
"1952","Light rigid trucks","Battery/Fuel-cell electric",0
"1953","Light rigid trucks","Battery/Fuel-cell electric",0
"1954","Light rigid trucks","Battery/Fuel-cell electric",0
"1955","Light rigid trucks","Battery/Fuel-cell electric",0
"1956","Light rigid trucks","Battery/Fuel-cell electric",0
"1957","Light rigid trucks","Battery/Fuel-cell electric",0
"1958","Light rigid trucks","Battery/Fuel-cell electric",0
"1959","Light rigid trucks","Battery/Fuel-cell electric",0
"1960","Light rigid trucks","Battery/Fuel-cell electric",0
"1961","Light rigid trucks","Battery/Fuel-cell electric",0
"1962","Light rigid trucks","Battery/Fuel-cell electric",0
"1963","Light rigid trucks","Battery/Fuel-cell electric",0
"1964","Light rigid trucks","Battery/Fuel-cell electric",0
"1965","Light rigid trucks","Battery/Fuel-cell electric",0
"1966","Light rigid trucks","Battery/Fuel-cell electric",0
"1967","Light rigid trucks","Battery/Fuel-cell electric",0
"1968","Light rigid trucks","Battery/Fuel-cell electric",0
"1969","Light rigid trucks","Battery/Fuel-cell electric",0
"1970","Light rigid trucks","Battery/Fuel-cell electric",0
"1971","Light rigid trucks","Battery/Fuel-cell electric",0
"1972","Light rigid trucks","Battery/Fuel-cell electric",0
"1973","Light rigid trucks","Battery/Fuel-cell electric",0
"1974","Light rigid trucks","Battery/Fuel-cell electric",0
"1975","Light rigid trucks","Battery/Fuel-cell electric",0
"1976","Light rigid trucks","Battery/Fuel-cell electric",0
"1977","Light rigid trucks","Battery/Fuel-cell electric",0
"1978","Light rigid trucks","Battery/Fuel-cell electric",0
"1979","Light rigid trucks","Battery/Fuel-cell electric",0
"1980","Light rigid trucks","Battery/Fuel-cell electric",0
"1981","Light rigid trucks","Battery/Fuel-cell electric",0
"1982","Light rigid trucks","Battery/Fuel-cell electric",0
"1983","Light rigid trucks","Battery/Fuel-cell electric",0
"1984","Light rigid trucks","Battery/Fuel-cell electric",0
"1985","Light rigid trucks","Battery/Fuel-cell electric",0
"1986","Light rigid trucks","Battery/Fuel-cell electric",0
"1987","Light rigid trucks","Battery/Fuel-cell electric",0
"1988","Light rigid trucks","Battery/Fuel-cell electric",0
"1989","Light rigid trucks","Battery/Fuel-cell electric",0
"1990","Light rigid trucks","Battery/Fuel-cell electric",0
"1991","Light rigid trucks","Battery/Fuel-cell electric",0
"1992","Light rigid trucks","Battery/Fuel-cell electric",0
"1993","Light rigid trucks","Battery/Fuel-cell electric",0
"1994","Light rigid trucks","Battery/Fuel-cell electric",0
"1995","Light rigid trucks","Battery/Fuel-cell electric",0
"1996","Light rigid trucks","Battery/Fuel-cell electric",0
"1997","Light rigid trucks","Battery/Fuel-cell electric",0
"1998","Light rigid trucks","Battery/Fuel-cell electric",0
"1999","Light rigid trucks","Battery/Fuel-cell electric",0
"2000","Light rigid trucks","Battery/Fuel-cell electric",0
"2001","Light rigid trucks","Battery/Fuel-cell electric",0
"2002","Light rigid trucks","Battery/Fuel-cell electric",0
"2003","Light rigid trucks","Battery/Fuel-cell electric",0
"2004","Light rigid trucks","Battery/Fuel-cell electric",0
"2005","Light rigid trucks","Battery/Fuel-cell electric",0
"2006","Light rigid trucks","Battery/Fuel-cell electric",0
"2007","Light rigid trucks","Battery/Fuel-cell electric",0
"2008","Light rigid trucks","Battery/Fuel-cell electric",0
"2009","Light rigid trucks","Battery/Fuel-cell electric",0
"2010","Light rigid trucks","Battery/Fuel-cell electric",0
"2011","Light rigid trucks","Battery/Fuel-cell electric",0
"2012","Light rigid trucks","Battery/Fuel-cell electric",0
"2013","Light rigid trucks","Battery/Fuel-cell electric",0
"2014","Light rigid trucks","Battery/Fuel-cell electric",0
"2015","Light rigid trucks","Battery/Fuel-cell electric",0
"2016","Light rigid trucks","Battery/Fuel-cell electric",0
"2017","Light rigid trucks","Battery/Fuel-cell electric",3
"2018","Light rigid trucks","Battery/Fuel-cell electric",3
"2019","Light rigid trucks","Battery/Fuel-cell electric",0
"2020","Light rigid trucks","Battery/Fuel-cell electric",0
"2021","Light rigid trucks","Battery/Fuel-cell electric",0
"2022","Light rigid trucks","Battery/Fuel-cell electric",119
"2023","Light rigid trucks","Battery/Fuel-cell electric",274
"2024","Light rigid trucks","Battery/Fuel-cell electric",163
"2025","Light rigid trucks","Battery/Fuel-cell electric",0
"Not stated","Light rigid trucks","Battery/Fuel-cell electric",0
"1901","Light rigid trucks","Other",0
"1902","Light rigid trucks","Other",0
"1903","Light rigid trucks","Other",0
"1904","Light rigid trucks","Other",0
"1905","Light rigid trucks","Other",0
"1906","Light rigid trucks","Other",0
"1907","Light rigid trucks","Other",0
"1908","Light rigid trucks","Other",0
"1909","Light rigid trucks","Other",0
"1910","Light rigid trucks","Other",0
"1911","Light rigid trucks","Other",0
"1912","Light rigid trucks","Other",0
"1913","Light rigid trucks","Other",0
"1914","Light rigid trucks","Other",0
"1915","Light rigid trucks","Other",0
"1916","Light rigid trucks","Other",0
"1917","Light rigid trucks","Other",0
"1918","Light rigid trucks","Other",0
"1919","Light rigid trucks","Other",0
"1920","Light rigid trucks","Other",0
"1921","Light rigid trucks","Other",0
"1922","Light rigid trucks","Other",0
"1923","Light rigid trucks","Other",0
"1924","Light rigid trucks","Other",0
"1925","Light rigid trucks","Other",0
"1926","Light rigid trucks","Other",0
"1927","Light rigid trucks","Other",0
"1928","Light rigid trucks","Other",0
"1929","Light rigid trucks","Other",0
"1930","Light rigid trucks","Other",0
"1931","Light rigid trucks","Other",0
"1932","Light rigid trucks","Other",0
"1933","Light rigid trucks","Other",0
"1934","Light rigid trucks","Other",0
"1935","Light rigid trucks","Other",0
"1936","Light rigid trucks","Other",0
"1937","Light rigid trucks","Other",0
"1938","Light rigid trucks","Other",0
"1939","Light rigid trucks","Other",0
"1940","Light rigid trucks","Other",0
"1941","Light rigid trucks","Other",0
"1942","Light rigid trucks","Other",0
"1943","Light rigid trucks","Other",0
"1944","Light rigid trucks","Other",0
"1945","Light rigid trucks","Other",0
"1946","Light rigid trucks","Other",0
"1947","Light rigid trucks","Other",0
"1948","Light rigid trucks","Other",0
"1949","Light rigid trucks","Other",0
"1950","Light rigid trucks","Other",0
"1951","Light rigid trucks","Other",0
"1952","Light rigid trucks","Other",0
"1953","Light rigid trucks","Other",0
"1954","Light rigid trucks","Other",0
"1955","Light rigid trucks","Other",0
"1956","Light rigid trucks","Other",0
"1957","Light rigid trucks","Other",0
"1958","Light rigid trucks","Other",0
"1959","Light rigid trucks","Other",0
"1960","Light rigid trucks","Other",0
"1961","Light rigid trucks","Other",0
"1962","Light rigid trucks","Other",0
"1963","Light rigid trucks","Other",0
"1964","Light rigid trucks","Other",0
"1965","Light rigid trucks","Other",0
"1966","Light rigid trucks","Other",0
"1967","Light rigid trucks","Other",3
"1968","Light rigid trucks","Other",0
"1969","Light rigid trucks","Other",3
"1970","Light rigid trucks","Other",0
"1971","Light rigid trucks","Other",3
"1972","Light rigid trucks","Other",0
"1973","Light rigid trucks","Other",0
"1974","Light rigid trucks","Other",3
"1975","Light rigid trucks","Other",0
"1976","Light rigid trucks","Other",7
"1977","Light rigid trucks","Other",10
"1978","Light rigid trucks","Other",8
"1979","Light rigid trucks","Other",10
"1980","Light rigid trucks","Other",6
"1981","Light rigid trucks","Other",5
"1982","Light rigid trucks","Other",12
"1983","Light rigid trucks","Other",6
"1984","Light rigid trucks","Other",10
"1985","Light rigid trucks","Other",0
"1986","Light rigid trucks","Other",5
"1987","Light rigid trucks","Other",4
"1988","Light rigid trucks","Other",3
"1989","Light rigid trucks","Other",3
"1990","Light rigid trucks","Other",5
"1991","Light rigid trucks","Other",0
"1992","Light rigid trucks","Other",0
"1993","Light rigid trucks","Other",0
"1994","Light rigid trucks","Other",0
"1995","Light rigid trucks","Other",0
"1996","Light rigid trucks","Other",0
"1997","Light rigid trucks","Other",0
"1998","Light rigid trucks","Other",0
"1999","Light rigid trucks","Other",0
"2000","Light rigid trucks","Other",0
"2001","Light rigid trucks","Other",3
"2002","Light rigid trucks","Other",0
"2003","Light rigid trucks","Other",0
"2004","Light rigid trucks","Other",3
"2005","Light rigid trucks","Other",0
"2006","Light rigid trucks","Other",3
"2007","Light rigid trucks","Other",3
"2008","Light rigid trucks","Other",3
"2009","Light rigid trucks","Other",0
"2010","Light rigid trucks","Other",3
"2011","Light rigid trucks","Other",0
"2012","Light rigid trucks","Other",0
"2013","Light rigid trucks","Other",0
"2014","Light rigid trucks","Other",3
"2015","Light rigid trucks","Other",0
"2016","Light rigid trucks","Other",3
"2017","Light rigid trucks","Other",0
"2018","Light rigid trucks","Other",0
"2019","Light rigid trucks","Other",3
"2020","Light rigid trucks","Other",0
"2021","Light rigid trucks","Other",0
"2022","Light rigid trucks","Other",3
"2023","Light rigid trucks","Other",0
"2024","Light rigid trucks","Other",0
"2025","Light rigid trucks","Other",0
"Not stated","Light rigid trucks","Other",0
"1901","Heavy rigid trucks","Petrol",0
"1902","Heavy rigid trucks","Petrol",0
"1903","Heavy rigid trucks","Petrol",0
"1904","Heavy rigid trucks","Petrol",0
"1905","Heavy rigid trucks","Petrol",0
"1906","Heavy rigid trucks","Petrol",3
"1907","Heavy rigid trucks","Petrol",0
"1908","Heavy rigid trucks","Petrol",0
"1909","Heavy rigid trucks","Petrol",0
"1910","Heavy rigid trucks","Petrol",3
"1911","Heavy rigid trucks","Petrol",3
"1912","Heavy rigid trucks","Petrol",0
"1913","Heavy rigid trucks","Petrol",0
"1914","Heavy rigid trucks","Petrol",0
"1915","Heavy rigid trucks","Petrol",0
"1916","Heavy rigid trucks","Petrol",0
"1917","Heavy rigid trucks","Petrol",0
"1918","Heavy rigid trucks","Petrol",0
"1919","Heavy rigid trucks","Petrol",0
"1920","Heavy rigid trucks","Petrol",0
"1921","Heavy rigid trucks","Petrol",3
"1922","Heavy rigid trucks","Petrol",0
"1923","Heavy rigid trucks","Petrol",3
"1924","Heavy rigid trucks","Petrol",0
"1925","Heavy rigid trucks","Petrol",0
"1926","Heavy rigid trucks","Petrol",3
"1927","Heavy rigid trucks","Petrol",0
"1928","Heavy rigid trucks","Petrol",0
"1929","Heavy rigid trucks","Petrol",0
"1930","Heavy rigid trucks","Petrol",3
"1931","Heavy rigid trucks","Petrol",0
"1932","Heavy rigid trucks","Petrol",0
"1933","Heavy rigid trucks","Petrol",0
"1934","Heavy rigid trucks","Petrol",3
"1935","Heavy rigid trucks","Petrol",3
"1936","Heavy rigid trucks","Petrol",4
"1937","Heavy rigid trucks","Petrol",0
"1938","Heavy rigid trucks","Petrol",4
"1939","Heavy rigid trucks","Petrol",0
"1940","Heavy rigid trucks","Petrol",3
"1941","Heavy rigid trucks","Petrol",7
"1942","Heavy rigid trucks","Petrol",14
"1943","Heavy rigid trucks","Petrol",14
"1944","Heavy rigid trucks","Petrol",9
"1945","Heavy rigid trucks","Petrol",15
"1946","Heavy rigid trucks","Petrol",12
"1947","Heavy rigid trucks","Petrol",6
"1948","Heavy rigid trucks","Petrol",15
"1949","Heavy rigid trucks","Petrol",16
"1950","Heavy rigid trucks","Petrol",13
"1951","Heavy rigid trucks","Petrol",11
"1952","Heavy rigid trucks","Petrol",19
"1953","Heavy rigid trucks","Petrol",21
"1954","Heavy rigid trucks","Petrol",25
"1955","Heavy rigid trucks","Petrol",28
"1956","Heavy rigid trucks","Petrol",39
"1957","Heavy rigid trucks","Petrol",28
"1958","Heavy rigid trucks","Petrol",31
"1959","Heavy rigid trucks","Petrol",37
"1960","Heavy rigid trucks","Petrol",64
"1961","Heavy rigid trucks","Petrol",45
"1962","Heavy rigid trucks","Petrol",101
"1963","Heavy rigid trucks","Petrol",121
"1964","Heavy rigid trucks","Petrol",180
"1965","Heavy rigid trucks","Petrol",189
"1966","Heavy rigid trucks","Petrol",182
"1967","Heavy rigid trucks","Petrol",197
"1968","Heavy rigid trucks","Petrol",240
"1969","Heavy rigid trucks","Petrol",237
"1970","Heavy rigid trucks","Petrol",295
"1971","Heavy rigid trucks","Petrol",218
"1972","Heavy rigid trucks","Petrol",236
"1973","Heavy rigid trucks","Petrol",284
"1974","Heavy rigid trucks","Petrol",303
"1975","Heavy rigid trucks","Petrol",357
"1976","Heavy rigid trucks","Petrol",361
"1977","Heavy rigid trucks","Petrol",271
"1978","Heavy rigid trucks","Petrol",265
"1979","Heavy rigid trucks","Petrol",251
"1980","Heavy rigid trucks","Petrol",145
"1981","Heavy rigid trucks","Petrol",114
"1982","Heavy rigid trucks","Petrol",70
"1983","Heavy rigid trucks","Petrol",69
"1984","Heavy rigid trucks","Petrol",65
"1985","Heavy rigid trucks","Petrol",83
"1986","Heavy rigid trucks","Petrol",75
"1987","Heavy rigid trucks","Petrol",70
"1988","Heavy rigid trucks","Petrol",117
"1989","Heavy rigid trucks","Petrol",72
"1990","Heavy rigid trucks","Petrol",63
"1991","Heavy rigid trucks","Petrol",34
"1992","Heavy rigid trucks","Petrol",45
"1993","Heavy rigid trucks","Petrol",31
"1994","Heavy rigid trucks","Petrol",54
"1995","Heavy rigid trucks","Petrol",43
"1996","Heavy rigid trucks","Petrol",43
"1997","Heavy rigid trucks","Petrol",64
"1998","Heavy rigid trucks","Petrol",79
"1999","Heavy rigid trucks","Petrol",36
"2000","Heavy rigid trucks","Petrol",57
"2001","Heavy rigid trucks","Petrol",56
"2002","Heavy rigid trucks","Petrol",82
"2003","Heavy rigid trucks","Petrol",96
"2004","Heavy rigid trucks","Petrol",113
"2005","Heavy rigid trucks","Petrol",127
"2006","Heavy rigid trucks","Petrol",187
"2007","Heavy rigid trucks","Petrol",221
"2008","Heavy rigid trucks","Petrol",126
"2009","Heavy rigid trucks","Petrol",88
"2010","Heavy rigid trucks","Petrol",99
"2011","Heavy rigid trucks","Petrol",84
"2012","Heavy rigid trucks","Petrol",83
"2013","Heavy rigid trucks","Petrol",94
"2014","Heavy rigid trucks","Petrol",79
"2015","Heavy rigid trucks","Petrol",75
"2016","Heavy rigid trucks","Petrol",102
"2017","Heavy rigid trucks","Petrol",107
"2018","Heavy rigid trucks","Petrol",107
"2019","Heavy rigid trucks","Petrol",81
"2020","Heavy rigid trucks","Petrol",70
"2021","Heavy rigid trucks","Petrol",117
"2022","Heavy rigid trucks","Petrol",170
"2023","Heavy rigid trucks","Petrol",147
"2024","Heavy rigid trucks","Petrol",51
"2025","Heavy rigid trucks","Petrol",0
"Not stated","Heavy rigid trucks","Petrol",27
"1901","Heavy rigid trucks","Diesel",0
"1902","Heavy rigid trucks","Diesel",0
"1903","Heavy rigid trucks","Diesel",0
"1904","Heavy rigid trucks","Diesel",0
"1905","Heavy rigid trucks","Diesel",0
"1906","Heavy rigid trucks","Diesel",0
"1907","Heavy rigid trucks","Diesel",0
"1908","Heavy rigid trucks","Diesel",0
"1909","Heavy rigid trucks","Diesel",0
"1910","Heavy rigid trucks","Diesel",0
"1911","Heavy rigid trucks","Diesel",0
"1912","Heavy rigid trucks","Diesel",0
"1913","Heavy rigid trucks","Diesel",0
"1914","Heavy rigid trucks","Diesel",0
"1915","Heavy rigid trucks","Diesel",0
"1916","Heavy rigid trucks","Diesel",0
"1917","Heavy rigid trucks","Diesel",0
"1918","Heavy rigid trucks","Diesel",0
"1919","Heavy rigid trucks","Diesel",0
"1920","Heavy rigid trucks","Diesel",0
"1921","Heavy rigid trucks","Diesel",0
"1922","Heavy rigid trucks","Diesel",0
"1923","Heavy rigid trucks","Diesel",0
"1924","Heavy rigid trucks","Diesel",0
"1925","Heavy rigid trucks","Diesel",0
"1926","Heavy rigid trucks","Diesel",0
"1927","Heavy rigid trucks","Diesel",0
"1928","Heavy rigid trucks","Diesel",0
"1929","Heavy rigid trucks","Diesel",0
"1930","Heavy rigid trucks","Diesel",0
"1931","Heavy rigid trucks","Diesel",0
"1932","Heavy rigid trucks","Diesel",0
"1933","Heavy rigid trucks","Diesel",0
"1934","Heavy rigid trucks","Diesel",0
"1935","Heavy rigid trucks","Diesel",0
"1936","Heavy rigid trucks","Diesel",0
"1937","Heavy rigid trucks","Diesel",0
"1938","Heavy rigid trucks","Diesel",0
"1939","Heavy rigid trucks","Diesel",0
"1940","Heavy rigid trucks","Diesel",0
"1941","Heavy rigid trucks","Diesel",0
"1942","Heavy rigid trucks","Diesel",3
"1943","Heavy rigid trucks","Diesel",3
"1944","Heavy rigid trucks","Diesel",0
"1945","Heavy rigid trucks","Diesel",0
"1946","Heavy rigid trucks","Diesel",3
"1947","Heavy rigid trucks","Diesel",3
"1948","Heavy rigid trucks","Diesel",0
"1949","Heavy rigid trucks","Diesel",4
"1950","Heavy rigid trucks","Diesel",3
"1951","Heavy rigid trucks","Diesel",3
"1952","Heavy rigid trucks","Diesel",4
"1953","Heavy rigid trucks","Diesel",4
"1954","Heavy rigid trucks","Diesel",4
"1955","Heavy rigid trucks","Diesel",0
"1956","Heavy rigid trucks","Diesel",6
"1957","Heavy rigid trucks","Diesel",7
"1958","Heavy rigid trucks","Diesel",4
"1959","Heavy rigid trucks","Diesel",5
"1960","Heavy rigid trucks","Diesel",5
"1961","Heavy rigid trucks","Diesel",10
"1962","Heavy rigid trucks","Diesel",4
"1963","Heavy rigid trucks","Diesel",30
"1964","Heavy rigid trucks","Diesel",44
"1965","Heavy rigid trucks","Diesel",43
"1966","Heavy rigid trucks","Diesel",70
"1967","Heavy rigid trucks","Diesel",69
"1968","Heavy rigid trucks","Diesel",109
"1969","Heavy rigid trucks","Diesel",124
"1970","Heavy rigid trucks","Diesel",181
"1971","Heavy rigid trucks","Diesel",146
"1972","Heavy rigid trucks","Diesel",192
"1973","Heavy rigid trucks","Diesel",254
"1974","Heavy rigid trucks","Diesel",378
"1975","Heavy rigid trucks","Diesel",479
"1976","Heavy rigid trucks","Diesel",765
"1977","Heavy rigid trucks","Diesel",769
"1978","Heavy rigid trucks","Diesel",817
"1979","Heavy rigid trucks","Diesel",1050
"1980","Heavy rigid trucks","Diesel",1484
"1981","Heavy rigid trucks","Diesel",1699
"1982","Heavy rigid trucks","Diesel",1661
"1983","Heavy rigid trucks","Diesel",1573
"1984","Heavy rigid trucks","Diesel",2560
"1985","Heavy rigid trucks","Diesel",3971
"1986","Heavy rigid trucks","Diesel",3032
"1987","Heavy rigid trucks","Diesel",2756
"1988","Heavy rigid trucks","Diesel",3996
"1989","Heavy rigid trucks","Diesel",4161
"1990","Heavy rigid trucks","Diesel",3854
"1991","Heavy rigid trucks","Diesel",2580
"1992","Heavy rigid trucks","Diesel",3178
"1993","Heavy rigid trucks","Diesel",3374
"1994","Heavy rigid trucks","Diesel",4552
"1995","Heavy rigid trucks","Diesel",4105
"1996","Heavy rigid trucks","Diesel",4128
"1997","Heavy rigid trucks","Diesel",4770
"1998","Heavy rigid trucks","Diesel",5943
"1999","Heavy rigid trucks","Diesel",6100
"2000","Heavy rigid trucks","Diesel",6014
"2001","Heavy rigid trucks","Diesel",5963
"2002","Heavy rigid trucks","Diesel",8399
"2003","Heavy rigid trucks","Diesel",8032
"2004","Heavy rigid trucks","Diesel",11322
"2005","Heavy rigid trucks","Diesel",11983
"2006","Heavy rigid trucks","Diesel",13027
"2007","Heavy rigid trucks","Diesel",17933
"2008","Heavy rigid trucks","Diesel",13031
"2009","Heavy rigid trucks","Diesel",11368
"2010","Heavy rigid trucks","Diesel",13975
"2011","Heavy rigid trucks","Diesel",9025
"2012","Heavy rigid trucks","Diesel",12616
"2013","Heavy rigid trucks","Diesel",11306
"2014","Heavy rigid trucks","Diesel",12062
"2015","Heavy rigid trucks","Diesel",12528
"2016","Heavy rigid trucks","Diesel",12821
"2017","Heavy rigid trucks","Diesel",14572
"2018","Heavy rigid trucks","Diesel",17202
"2019","Heavy rigid trucks","Diesel",13705
"2020","Heavy rigid trucks","Diesel",12756
"2021","Heavy rigid trucks","Diesel",21418
"2022","Heavy rigid trucks","Diesel",22197
"2023","Heavy rigid trucks","Diesel",17663
"2024","Heavy rigid trucks","Diesel",7906
"2025","Heavy rigid trucks","Diesel",6
"Not stated","Heavy rigid trucks","Diesel",25
"1901","Heavy rigid trucks","Dual fuel",0
"1902","Heavy rigid trucks","Dual fuel",0
"1903","Heavy rigid trucks","Dual fuel",0
"1904","Heavy rigid trucks","Dual fuel",0
"1905","Heavy rigid trucks","Dual fuel",0
"1906","Heavy rigid trucks","Dual fuel",0
"1907","Heavy rigid trucks","Dual fuel",0
"1908","Heavy rigid trucks","Dual fuel",0
"1909","Heavy rigid trucks","Dual fuel",0
"1910","Heavy rigid trucks","Dual fuel",0
"1911","Heavy rigid trucks","Dual fuel",0
"1912","Heavy rigid trucks","Dual fuel",0
"1913","Heavy rigid trucks","Dual fuel",0
"1914","Heavy rigid trucks","Dual fuel",0
"1915","Heavy rigid trucks","Dual fuel",0
"1916","Heavy rigid trucks","Dual fuel",0
"1917","Heavy rigid trucks","Dual fuel",0
"1918","Heavy rigid trucks","Dual fuel",0
"1919","Heavy rigid trucks","Dual fuel",0
"1920","Heavy rigid trucks","Dual fuel",0
"1921","Heavy rigid trucks","Dual fuel",0
"1922","Heavy rigid trucks","Dual fuel",0
"1923","Heavy rigid trucks","Dual fuel",0
"1924","Heavy rigid trucks","Dual fuel",0
"1925","Heavy rigid trucks","Dual fuel",0
"1926","Heavy rigid trucks","Dual fuel",0
"1927","Heavy rigid trucks","Dual fuel",0
"1928","Heavy rigid trucks","Dual fuel",0
"1929","Heavy rigid trucks","Dual fuel",0
"1930","Heavy rigid trucks","Dual fuel",0
"1931","Heavy rigid trucks","Dual fuel",0
"1932","Heavy rigid trucks","Dual fuel",0
"1933","Heavy rigid trucks","Dual fuel",0
"1934","Heavy rigid trucks","Dual fuel",0
"1935","Heavy rigid trucks","Dual fuel",0
"1936","Heavy rigid trucks","Dual fuel",0
"1937","Heavy rigid trucks","Dual fuel",0
"1938","Heavy rigid trucks","Dual fuel",0
"1939","Heavy rigid trucks","Dual fuel",0
"1940","Heavy rigid trucks","Dual fuel",0
"1941","Heavy rigid trucks","Dual fuel",0
"1942","Heavy rigid trucks","Dual fuel",0
"1943","Heavy rigid trucks","Dual fuel",0
"1944","Heavy rigid trucks","Dual fuel",0
"1945","Heavy rigid trucks","Dual fuel",0
"1946","Heavy rigid trucks","Dual fuel",0
"1947","Heavy rigid trucks","Dual fuel",0
"1948","Heavy rigid trucks","Dual fuel",0
"1949","Heavy rigid trucks","Dual fuel",3
"1950","Heavy rigid trucks","Dual fuel",0
"1951","Heavy rigid trucks","Dual fuel",0
"1952","Heavy rigid trucks","Dual fuel",0
"1953","Heavy rigid trucks","Dual fuel",0
"1954","Heavy rigid trucks","Dual fuel",0
"1955","Heavy rigid trucks","Dual fuel",0
"1956","Heavy rigid trucks","Dual fuel",0
"1957","Heavy rigid trucks","Dual fuel",0
"1958","Heavy rigid trucks","Dual fuel",0
"1959","Heavy rigid trucks","Dual fuel",0
"1960","Heavy rigid trucks","Dual fuel",0
"1961","Heavy rigid trucks","Dual fuel",3
"1962","Heavy rigid trucks","Dual fuel",0
"1963","Heavy rigid trucks","Dual fuel",0
"1964","Heavy rigid trucks","Dual fuel",3
"1965","Heavy rigid trucks","Dual fuel",4
"1966","Heavy rigid trucks","Dual fuel",3
"1967","Heavy rigid trucks","Dual fuel",3
"1968","Heavy rigid trucks","Dual fuel",6
"1969","Heavy rigid trucks","Dual fuel",3
"1970","Heavy rigid trucks","Dual fuel",4
"1971","Heavy rigid trucks","Dual fuel",3
"1972","Heavy rigid trucks","Dual fuel",6
"1973","Heavy rigid trucks","Dual fuel",6
"1974","Heavy rigid trucks","Dual fuel",8
"1975","Heavy rigid trucks","Dual fuel",17
"1976","Heavy rigid trucks","Dual fuel",8
"1977","Heavy rigid trucks","Dual fuel",7
"1978","Heavy rigid trucks","Dual fuel",17
"1979","Heavy rigid trucks","Dual fuel",7
"1980","Heavy rigid trucks","Dual fuel",5
"1981","Heavy rigid trucks","Dual fuel",8
"1982","Heavy rigid trucks","Dual fuel",7
"1983","Heavy rigid trucks","Dual fuel",3
"1984","Heavy rigid trucks","Dual fuel",5
"1985","Heavy rigid trucks","Dual fuel",5
"1986","Heavy rigid trucks","Dual fuel",3
"1987","Heavy rigid trucks","Dual fuel",8
"1988","Heavy rigid trucks","Dual fuel",0
"1989","Heavy rigid trucks","Dual fuel",0
"1990","Heavy rigid trucks","Dual fuel",5
"1991","Heavy rigid trucks","Dual fuel",3
"1992","Heavy rigid trucks","Dual fuel",3
"1993","Heavy rigid trucks","Dual fuel",3
"1994","Heavy rigid trucks","Dual fuel",6
"1995","Heavy rigid trucks","Dual fuel",5
"1996","Heavy rigid trucks","Dual fuel",3
"1997","Heavy rigid trucks","Dual fuel",0
"1998","Heavy rigid trucks","Dual fuel",5
"1999","Heavy rigid trucks","Dual fuel",5
"2000","Heavy rigid trucks","Dual fuel",7
"2001","Heavy rigid trucks","Dual fuel",4
"2002","Heavy rigid trucks","Dual fuel",7
"2003","Heavy rigid trucks","Dual fuel",10
"2004","Heavy rigid trucks","Dual fuel",9
"2005","Heavy rigid trucks","Dual fuel",13
"2006","Heavy rigid trucks","Dual fuel",18
"2007","Heavy rigid trucks","Dual fuel",21
"2008","Heavy rigid trucks","Dual fuel",19
"2009","Heavy rigid trucks","Dual fuel",16
"2010","Heavy rigid trucks","Dual fuel",23
"2011","Heavy rigid trucks","Dual fuel",14
"2012","Heavy rigid trucks","Dual fuel",17
"2013","Heavy rigid trucks","Dual fuel",20
"2014","Heavy rigid trucks","Dual fuel",18
"2015","Heavy rigid trucks","Dual fuel",12
"2016","Heavy rigid trucks","Dual fuel",18
"2017","Heavy rigid trucks","Dual fuel",24
"2018","Heavy rigid trucks","Dual fuel",22
"2019","Heavy rigid trucks","Dual fuel",23
"2020","Heavy rigid trucks","Dual fuel",15
"2021","Heavy rigid trucks","Dual fuel",11
"2022","Heavy rigid trucks","Dual fuel",14
"2023","Heavy rigid trucks","Dual fuel",13
"2024","Heavy rigid trucks","Dual fuel",3
"2025","Heavy rigid trucks","Dual fuel",0
"Not stated","Heavy rigid trucks","Dual fuel",0
"1901","Heavy rigid trucks","Hybrid electric",0
"1902","Heavy rigid trucks","Hybrid electric",0
"1903","Heavy rigid trucks","Hybrid electric",0
"1904","Heavy rigid trucks","Hybrid electric",0
"1905","Heavy rigid trucks","Hybrid electric",0
"1906","Heavy rigid trucks","Hybrid electric",0
"1907","Heavy rigid trucks","Hybrid electric",0
"1908","Heavy rigid trucks","Hybrid electric",0
"1909","Heavy rigid trucks","Hybrid electric",0
"1910","Heavy rigid trucks","Hybrid electric",0
"1911","Heavy rigid trucks","Hybrid electric",0
"1912","Heavy rigid trucks","Hybrid electric",0
"1913","Heavy rigid trucks","Hybrid electric",0
"1914","Heavy rigid trucks","Hybrid electric",0
"1915","Heavy rigid trucks","Hybrid electric",0
"1916","Heavy rigid trucks","Hybrid electric",0
"1917","Heavy rigid trucks","Hybrid electric",0
"1918","Heavy rigid trucks","Hybrid electric",0
"1919","Heavy rigid trucks","Hybrid electric",0
"1920","Heavy rigid trucks","Hybrid electric",0
"1921","Heavy rigid trucks","Hybrid electric",0
"1922","Heavy rigid trucks","Hybrid electric",0
"1923","Heavy rigid trucks","Hybrid electric",0
"1924","Heavy rigid trucks","Hybrid electric",0
"1925","Heavy rigid trucks","Hybrid electric",0
"1926","Heavy rigid trucks","Hybrid electric",0
"1927","Heavy rigid trucks","Hybrid electric",0
"1928","Heavy rigid trucks","Hybrid electric",0
"1929","Heavy rigid trucks","Hybrid electric",0
"1930","Heavy rigid trucks","Hybrid electric",0
"1931","Heavy rigid trucks","Hybrid electric",0
"1932","Heavy rigid trucks","Hybrid electric",0
"1933","Heavy rigid trucks","Hybrid electric",0
"1934","Heavy rigid trucks","Hybrid electric",0
"1935","Heavy rigid trucks","Hybrid electric",0
"1936","Heavy rigid trucks","Hybrid electric",0
"1937","Heavy rigid trucks","Hybrid electric",0
"1938","Heavy rigid trucks","Hybrid electric",0
"1939","Heavy rigid trucks","Hybrid electric",0
"1940","Heavy rigid trucks","Hybrid electric",0
"1941","Heavy rigid trucks","Hybrid electric",0
"1942","Heavy rigid trucks","Hybrid electric",0
"1943","Heavy rigid trucks","Hybrid electric",0
"1944","Heavy rigid trucks","Hybrid electric",0
"1945","Heavy rigid trucks","Hybrid electric",0
"1946","Heavy rigid trucks","Hybrid electric",0
"1947","Heavy rigid trucks","Hybrid electric",0
"1948","Heavy rigid trucks","Hybrid electric",0
"1949","Heavy rigid trucks","Hybrid electric",0
"1950","Heavy rigid trucks","Hybrid electric",0
"1951","Heavy rigid trucks","Hybrid electric",0
"1952","Heavy rigid trucks","Hybrid electric",0
"1953","Heavy rigid trucks","Hybrid electric",0
"1954","Heavy rigid trucks","Hybrid electric",0
"1955","Heavy rigid trucks","Hybrid electric",0
"1956","Heavy rigid trucks","Hybrid electric",0
"1957","Heavy rigid trucks","Hybrid electric",0
"1958","Heavy rigid trucks","Hybrid electric",0
"1959","Heavy rigid trucks","Hybrid electric",0
"1960","Heavy rigid trucks","Hybrid electric",0
"1961","Heavy rigid trucks","Hybrid electric",0
"1962","Heavy rigid trucks","Hybrid electric",0
"1963","Heavy rigid trucks","Hybrid electric",0
"1964","Heavy rigid trucks","Hybrid electric",0
"1965","Heavy rigid trucks","Hybrid electric",0
"1966","Heavy rigid trucks","Hybrid electric",0
"1967","Heavy rigid trucks","Hybrid electric",0
"1968","Heavy rigid trucks","Hybrid electric",0
"1969","Heavy rigid trucks","Hybrid electric",0
"1970","Heavy rigid trucks","Hybrid electric",0
"1971","Heavy rigid trucks","Hybrid electric",0
"1972","Heavy rigid trucks","Hybrid electric",0
"1973","Heavy rigid trucks","Hybrid electric",0
"1974","Heavy rigid trucks","Hybrid electric",0
"1975","Heavy rigid trucks","Hybrid electric",0
"1976","Heavy rigid trucks","Hybrid electric",0
"1977","Heavy rigid trucks","Hybrid electric",0
"1978","Heavy rigid trucks","Hybrid electric",0
"1979","Heavy rigid trucks","Hybrid electric",0
"1980","Heavy rigid trucks","Hybrid electric",0
"1981","Heavy rigid trucks","Hybrid electric",0
"1982","Heavy rigid trucks","Hybrid electric",0
"1983","Heavy rigid trucks","Hybrid electric",0
"1984","Heavy rigid trucks","Hybrid electric",0
"1985","Heavy rigid trucks","Hybrid electric",0
"1986","Heavy rigid trucks","Hybrid electric",0
"1987","Heavy rigid trucks","Hybrid electric",0
"1988","Heavy rigid trucks","Hybrid electric",0
"1989","Heavy rigid trucks","Hybrid electric",0
"1990","Heavy rigid trucks","Hybrid electric",3
"1991","Heavy rigid trucks","Hybrid electric",0
"1992","Heavy rigid trucks","Hybrid electric",0
"1993","Heavy rigid trucks","Hybrid electric",0
"1994","Heavy rigid trucks","Hybrid electric",0
"1995","Heavy rigid trucks","Hybrid electric",0
"1996","Heavy rigid trucks","Hybrid electric",0
"1997","Heavy rigid trucks","Hybrid electric",0
"1998","Heavy rigid trucks","Hybrid electric",0
"1999","Heavy rigid trucks","Hybrid electric",0
"2000","Heavy rigid trucks","Hybrid electric",0
"2001","Heavy rigid trucks","Hybrid electric",0
"2002","Heavy rigid trucks","Hybrid electric",0
"2003","Heavy rigid trucks","Hybrid electric",0
"2004","Heavy rigid trucks","Hybrid electric",0
"2005","Heavy rigid trucks","Hybrid electric",0
"2006","Heavy rigid trucks","Hybrid electric",0
"2007","Heavy rigid trucks","Hybrid electric",5
"2008","Heavy rigid trucks","Hybrid electric",7
"2009","Heavy rigid trucks","Hybrid electric",4
"2010","Heavy rigid trucks","Hybrid electric",6
"2011","Heavy rigid trucks","Hybrid electric",3
"2012","Heavy rigid trucks","Hybrid electric",15
"2013","Heavy rigid trucks","Hybrid electric",9
"2014","Heavy rigid trucks","Hybrid electric",17
"2015","Heavy rigid trucks","Hybrid electric",4
"2016","Heavy rigid trucks","Hybrid electric",4
"2017","Heavy rigid trucks","Hybrid electric",5
"2018","Heavy rigid trucks","Hybrid electric",0
"2019","Heavy rigid trucks","Hybrid electric",3
"2020","Heavy rigid trucks","Hybrid electric",7
"2021","Heavy rigid trucks","Hybrid electric",9
"2022","Heavy rigid trucks","Hybrid electric",48
"2023","Heavy rigid trucks","Hybrid electric",30
"2024","Heavy rigid trucks","Hybrid electric",8
"2025","Heavy rigid trucks","Hybrid electric",0
"Not stated","Heavy rigid trucks","Hybrid electric",0
"1901","Heavy rigid trucks","Battery/Fuel-cell electric",0
"1902","Heavy rigid trucks","Battery/Fuel-cell electric",0
"1903","Heavy rigid trucks","Battery/Fuel-cell electric",0
"1904","Heavy rigid trucks","Battery/Fuel-cell electric",0
"1905","Heavy rigid trucks","Battery/Fuel-cell electric",0
"1906","Heavy rigid trucks","Battery/Fuel-cell electric",0
"1907","Heavy rigid trucks","Battery/Fuel-cell electric",0
"1908","Heavy rigid trucks","Battery/Fuel-cell electric",0
"1909","Heavy rigid trucks","Battery/Fuel-cell electric",0
"1910","Heavy rigid trucks","Battery/Fuel-cell electric",0
"1911","Heavy rigid trucks","Battery/Fuel-cell electric",0
"1912","Heavy rigid trucks","Battery/Fuel-cell electric",0
"1913","Heavy rigid trucks","Battery/Fuel-cell electric",0
"1914","Heavy rigid trucks","Battery/Fuel-cell electric",0
"1915","Heavy rigid trucks","Battery/Fuel-cell electric",0
"1916","Heavy rigid trucks","Battery/Fuel-cell electric",0
"1917","Heavy rigid trucks","Battery/Fuel-cell electric",0
"1918","Heavy rigid trucks","Battery/Fuel-cell electric",0
"1919","Heavy rigid trucks","Battery/Fuel-cell electric",0
"1920","Heavy rigid trucks","Battery/Fuel-cell electric",0
"1921","Heavy rigid trucks","Battery/Fuel-cell electric",0
"1922","Heavy rigid trucks","Battery/Fuel-cell electric",0
"1923","Heavy rigid trucks","Battery/Fuel-cell electric",0
"1924","Heavy rigid trucks","Battery/Fuel-cell electric",0
"1925","Heavy rigid trucks","Battery/Fuel-cell electric",0
"1926","Heavy rigid trucks","Battery/Fuel-cell electric",0
"1927","Heavy rigid trucks","Battery/Fuel-cell electric",0
"1928","Heavy rigid trucks","Battery/Fuel-cell electric",0
"1929","Heavy rigid trucks","Battery/Fuel-cell electric",0
"1930","Heavy rigid trucks","Battery/Fuel-cell electric",0
"1931","Heavy rigid trucks","Battery/Fuel-cell electric",0
"1932","Heavy rigid trucks","Battery/Fuel-cell electric",0
"1933","Heavy rigid trucks","Battery/Fuel-cell electric",0
"1934","Heavy rigid trucks","Battery/Fuel-cell electric",0
"1935","Heavy rigid trucks","Battery/Fuel-cell electric",0
"1936","Heavy rigid trucks","Battery/Fuel-cell electric",0
"1937","Heavy rigid trucks","Battery/Fuel-cell electric",0
"1938","Heavy rigid trucks","Battery/Fuel-cell electric",0
"1939","Heavy rigid trucks","Battery/Fuel-cell electric",0
"1940","Heavy rigid trucks","Battery/Fuel-cell electric",0
"1941","Heavy rigid trucks","Battery/Fuel-cell electric",0
"1942","Heavy rigid trucks","Battery/Fuel-cell electric",0
"1943","Heavy rigid trucks","Battery/Fuel-cell electric",0
"1944","Heavy rigid trucks","Battery/Fuel-cell electric",0
"1945","Heavy rigid trucks","Battery/Fuel-cell electric",0
"1946","Heavy rigid trucks","Battery/Fuel-cell electric",0
"1947","Heavy rigid trucks","Battery/Fuel-cell electric",0
"1948","Heavy rigid trucks","Battery/Fuel-cell electric",0
"1949","Heavy rigid trucks","Battery/Fuel-cell electric",0
"1950","Heavy rigid trucks","Battery/Fuel-cell electric",0
"1951","Heavy rigid trucks","Battery/Fuel-cell electric",0
"1952","Heavy rigid trucks","Battery/Fuel-cell electric",0
"1953","Heavy rigid trucks","Battery/Fuel-cell electric",0
"1954","Heavy rigid trucks","Battery/Fuel-cell electric",0
"1955","Heavy rigid trucks","Battery/Fuel-cell electric",0
"1956","Heavy rigid trucks","Battery/Fuel-cell electric",0
"1957","Heavy rigid trucks","Battery/Fuel-cell electric",0
"1958","Heavy rigid trucks","Battery/Fuel-cell electric",0
"1959","Heavy rigid trucks","Battery/Fuel-cell electric",0
"1960","Heavy rigid trucks","Battery/Fuel-cell electric",0
"1961","Heavy rigid trucks","Battery/Fuel-cell electric",0
"1962","Heavy rigid trucks","Battery/Fuel-cell electric",0
"1963","Heavy rigid trucks","Battery/Fuel-cell electric",0
"1964","Heavy rigid trucks","Battery/Fuel-cell electric",0
"1965","Heavy rigid trucks","Battery/Fuel-cell electric",0
"1966","Heavy rigid trucks","Battery/Fuel-cell electric",0
"1967","Heavy rigid trucks","Battery/Fuel-cell electric",0
"1968","Heavy rigid trucks","Battery/Fuel-cell electric",0
"1969","Heavy rigid trucks","Battery/Fuel-cell electric",0
"1970","Heavy rigid trucks","Battery/Fuel-cell electric",0
"1971","Heavy rigid trucks","Battery/Fuel-cell electric",0
"1972","Heavy rigid trucks","Battery/Fuel-cell electric",0
"1973","Heavy rigid trucks","Battery/Fuel-cell electric",0
"1974","Heavy rigid trucks","Battery/Fuel-cell electric",0
"1975","Heavy rigid trucks","Battery/Fuel-cell electric",0
"1976","Heavy rigid trucks","Battery/Fuel-cell electric",0
"1977","Heavy rigid trucks","Battery/Fuel-cell electric",0
"1978","Heavy rigid trucks","Battery/Fuel-cell electric",0
"1979","Heavy rigid trucks","Battery/Fuel-cell electric",0
"1980","Heavy rigid trucks","Battery/Fuel-cell electric",0
"1981","Heavy rigid trucks","Battery/Fuel-cell electric",0
"1982","Heavy rigid trucks","Battery/Fuel-cell electric",0
"1983","Heavy rigid trucks","Battery/Fuel-cell electric",0
"1984","Heavy rigid trucks","Battery/Fuel-cell electric",0
"1985","Heavy rigid trucks","Battery/Fuel-cell electric",0
"1986","Heavy rigid trucks","Battery/Fuel-cell electric",0
"1987","Heavy rigid trucks","Battery/Fuel-cell electric",3
"1988","Heavy rigid trucks","Battery/Fuel-cell electric",0
"1989","Heavy rigid trucks","Battery/Fuel-cell electric",0
"1990","Heavy rigid trucks","Battery/Fuel-cell electric",0
"1991","Heavy rigid trucks","Battery/Fuel-cell electric",0
"1992","Heavy rigid trucks","Battery/Fuel-cell electric",0
"1993","Heavy rigid trucks","Battery/Fuel-cell electric",0
"1994","Heavy rigid trucks","Battery/Fuel-cell electric",0
"1995","Heavy rigid trucks","Battery/Fuel-cell electric",0
"1996","Heavy rigid trucks","Battery/Fuel-cell electric",0
"1997","Heavy rigid trucks","Battery/Fuel-cell electric",0
"1998","Heavy rigid trucks","Battery/Fuel-cell electric",0
"1999","Heavy rigid trucks","Battery/Fuel-cell electric",0
"2000","Heavy rigid trucks","Battery/Fuel-cell electric",0
"2001","Heavy rigid trucks","Battery/Fuel-cell electric",0
"2002","Heavy rigid trucks","Battery/Fuel-cell electric",3
"2003","Heavy rigid trucks","Battery/Fuel-cell electric",0
"2004","Heavy rigid trucks","Battery/Fuel-cell electric",0
"2005","Heavy rigid trucks","Battery/Fuel-cell electric",0
"2006","Heavy rigid trucks","Battery/Fuel-cell electric",3
"2007","Heavy rigid trucks","Battery/Fuel-cell electric",0
"2008","Heavy rigid trucks","Battery/Fuel-cell electric",0
"2009","Heavy rigid trucks","Battery/Fuel-cell electric",0
"2010","Heavy rigid trucks","Battery/Fuel-cell electric",3
"2011","Heavy rigid trucks","Battery/Fuel-cell electric",0
"2012","Heavy rigid trucks","Battery/Fuel-cell electric",0
"2013","Heavy rigid trucks","Battery/Fuel-cell electric",0
"2014","Heavy rigid trucks","Battery/Fuel-cell electric",0
"2015","Heavy rigid trucks","Battery/Fuel-cell electric",0
"2016","Heavy rigid trucks","Battery/Fuel-cell electric",3
"2017","Heavy rigid trucks","Battery/Fuel-cell electric",3
"2018","Heavy rigid trucks","Battery/Fuel-cell electric",4
"2019","Heavy rigid trucks","Battery/Fuel-cell electric",5
"2020","Heavy rigid trucks","Battery/Fuel-cell electric",4
"2021","Heavy rigid trucks","Battery/Fuel-cell electric",73
"2022","Heavy rigid trucks","Battery/Fuel-cell electric",50
"2023","Heavy rigid trucks","Battery/Fuel-cell electric",129
"2024","Heavy rigid trucks","Battery/Fuel-cell electric",26
"2025","Heavy rigid trucks","Battery/Fuel-cell electric",0
"Not stated","Heavy rigid trucks","Battery/Fuel-cell electric",0
"1901","Heavy rigid trucks","Other",0
"1902","Heavy rigid trucks","Other",0
"1903","Heavy rigid trucks","Other",0
"1904","Heavy rigid trucks","Other",0
"1905","Heavy rigid trucks","Other",0
"1906","Heavy rigid trucks","Other",0
"1907","Heavy rigid trucks","Other",0
"1908","Heavy rigid trucks","Other",0
"1909","Heavy rigid trucks","Other",0
"1910","Heavy rigid trucks","Other",0
"1911","Heavy rigid trucks","Other",0
"1912","Heavy rigid trucks","Other",0
"1913","Heavy rigid trucks","Other",0
"1914","Heavy rigid trucks","Other",0
"1915","Heavy rigid trucks","Other",0
"1916","Heavy rigid trucks","Other",0
"1917","Heavy rigid trucks","Other",0
"1918","Heavy rigid trucks","Other",3
"1919","Heavy rigid trucks","Other",0
"1920","Heavy rigid trucks","Other",0
"1921","Heavy rigid trucks","Other",0
"1922","Heavy rigid trucks","Other",0
"1923","Heavy rigid trucks","Other",0
"1924","Heavy rigid trucks","Other",0
"1925","Heavy rigid trucks","Other",0
"1926","Heavy rigid trucks","Other",0
"1927","Heavy rigid trucks","Other",0
"1928","Heavy rigid trucks","Other",0
"1929","Heavy rigid trucks","Other",0
"1930","Heavy rigid trucks","Other",0
"1931","Heavy rigid trucks","Other",0
"1932","Heavy rigid trucks","Other",0
"1933","Heavy rigid trucks","Other",0
"1934","Heavy rigid trucks","Other",0
"1935","Heavy rigid trucks","Other",0
"1936","Heavy rigid trucks","Other",0
"1937","Heavy rigid trucks","Other",0
"1938","Heavy rigid trucks","Other",0
"1939","Heavy rigid trucks","Other",0
"1940","Heavy rigid trucks","Other",0
"1941","Heavy rigid trucks","Other",0
"1942","Heavy rigid trucks","Other",0
"1943","Heavy rigid trucks","Other",0
"1944","Heavy rigid trucks","Other",0
"1945","Heavy rigid trucks","Other",0
"1946","Heavy rigid trucks","Other",0
"1947","Heavy rigid trucks","Other",0
"1948","Heavy rigid trucks","Other",0
"1949","Heavy rigid trucks","Other",0
"1950","Heavy rigid trucks","Other",0
"1951","Heavy rigid trucks","Other",0
"1952","Heavy rigid trucks","Other",0
"1953","Heavy rigid trucks","Other",0
"1954","Heavy rigid trucks","Other",0
"1955","Heavy rigid trucks","Other",0
"1956","Heavy rigid trucks","Other",3
"1957","Heavy rigid trucks","Other",0
"1958","Heavy rigid trucks","Other",0
"1959","Heavy rigid trucks","Other",0
"1960","Heavy rigid trucks","Other",0
"1961","Heavy rigid trucks","Other",0
"1962","Heavy rigid trucks","Other",3
"1963","Heavy rigid trucks","Other",0
"1964","Heavy rigid trucks","Other",0
"1965","Heavy rigid trucks","Other",0
"1966","Heavy rigid trucks","Other",0
"1967","Heavy rigid trucks","Other",0
"1968","Heavy rigid trucks","Other",3
"1969","Heavy rigid trucks","Other",0
"1970","Heavy rigid trucks","Other",3
"1971","Heavy rigid trucks","Other",0
"1972","Heavy rigid trucks","Other",0
"1973","Heavy rigid trucks","Other",0
"1974","Heavy rigid trucks","Other",3
"1975","Heavy rigid trucks","Other",6
"1976","Heavy rigid trucks","Other",9
"1977","Heavy rigid trucks","Other",3
"1978","Heavy rigid trucks","Other",8
"1979","Heavy rigid trucks","Other",8
"1980","Heavy rigid trucks","Other",7
"1981","Heavy rigid trucks","Other",6
"1982","Heavy rigid trucks","Other",3
"1983","Heavy rigid trucks","Other",3
"1984","Heavy rigid trucks","Other",0
"1985","Heavy rigid trucks","Other",3
"1986","Heavy rigid trucks","Other",0
"1987","Heavy rigid trucks","Other",0
"1988","Heavy rigid trucks","Other",5
"1989","Heavy rigid trucks","Other",0
"1990","Heavy rigid trucks","Other",0
"1991","Heavy rigid trucks","Other",0
"1992","Heavy rigid trucks","Other",0
"1993","Heavy rigid trucks","Other",0
"1994","Heavy rigid trucks","Other",3
"1995","Heavy rigid trucks","Other",0
"1996","Heavy rigid trucks","Other",0
"1997","Heavy rigid trucks","Other",3
"1998","Heavy rigid trucks","Other",0
"1999","Heavy rigid trucks","Other",0
"2000","Heavy rigid trucks","Other",0
"2001","Heavy rigid trucks","Other",0
"2002","Heavy rigid trucks","Other",0
"2003","Heavy rigid trucks","Other",3
"2004","Heavy rigid trucks","Other",8
"2005","Heavy rigid trucks","Other",6
"2006","Heavy rigid trucks","Other",4
"2007","Heavy rigid trucks","Other",5
"2008","Heavy rigid trucks","Other",3
"2009","Heavy rigid trucks","Other",3
"2010","Heavy rigid trucks","Other",4
"2011","Heavy rigid trucks","Other",5
"2012","Heavy rigid trucks","Other",3
"2013","Heavy rigid trucks","Other",0
"2014","Heavy rigid trucks","Other",0
"2015","Heavy rigid trucks","Other",0
"2016","Heavy rigid trucks","Other",10
"2017","Heavy rigid trucks","Other",3
"2018","Heavy rigid trucks","Other",3
"2019","Heavy rigid trucks","Other",4
"2020","Heavy rigid trucks","Other",0
"2021","Heavy rigid trucks","Other",4
"2022","Heavy rigid trucks","Other",3
"2023","Heavy rigid trucks","Other",0
"2024","Heavy rigid trucks","Other",0
"2025","Heavy rigid trucks","Other",0
"Not stated","Heavy rigid trucks","Other",0
"1901","Articulated trucks","Petrol",0
"1902","Articulated trucks","Petrol",0
"1903","Articulated trucks","Petrol",0
"1904","Articulated trucks","Petrol",0
"1905","Articulated trucks","Petrol",0
"1906","Articulated trucks","Petrol",0
"1907","Articulated trucks","Petrol",0
"1908","Articulated trucks","Petrol",0
"1909","Articulated trucks","Petrol",0
"1910","Articulated trucks","Petrol",0
"1911","Articulated trucks","Petrol",0
"1912","Articulated trucks","Petrol",0
"1913","Articulated trucks","Petrol",0
"1914","Articulated trucks","Petrol",0
"1915","Articulated trucks","Petrol",0
"1916","Articulated trucks","Petrol",0
"1917","Articulated trucks","Petrol",0
"1918","Articulated trucks","Petrol",0
"1919","Articulated trucks","Petrol",0
"1920","Articulated trucks","Petrol",0
"1921","Articulated trucks","Petrol",0
"1922","Articulated trucks","Petrol",0
"1923","Articulated trucks","Petrol",0
"1924","Articulated trucks","Petrol",0
"1925","Articulated trucks","Petrol",0
"1926","Articulated trucks","Petrol",0
"1927","Articulated trucks","Petrol",0
"1928","Articulated trucks","Petrol",0
"1929","Articulated trucks","Petrol",0
"1930","Articulated trucks","Petrol",0
"1931","Articulated trucks","Petrol",0
"1932","Articulated trucks","Petrol",0
"1933","Articulated trucks","Petrol",0
"1934","Articulated trucks","Petrol",0
"1935","Articulated trucks","Petrol",0
"1936","Articulated trucks","Petrol",0
"1937","Articulated trucks","Petrol",0
"1938","Articulated trucks","Petrol",0
"1939","Articulated trucks","Petrol",0
"1940","Articulated trucks","Petrol",0
"1941","Articulated trucks","Petrol",0
"1942","Articulated trucks","Petrol",0
"1943","Articulated trucks","Petrol",0
"1944","Articulated trucks","Petrol",0
"1945","Articulated trucks","Petrol",0
"1946","Articulated trucks","Petrol",0
"1947","Articulated trucks","Petrol",0
"1948","Articulated trucks","Petrol",0
"1949","Articulated trucks","Petrol",0
"1950","Articulated trucks","Petrol",0
"1951","Articulated trucks","Petrol",0
"1952","Articulated trucks","Petrol",0
"1953","Articulated trucks","Petrol",0
"1954","Articulated trucks","Petrol",0
"1955","Articulated trucks","Petrol",0
"1956","Articulated trucks","Petrol",3
"1957","Articulated trucks","Petrol",3
"1958","Articulated trucks","Petrol",3
"1959","Articulated trucks","Petrol",0
"1960","Articulated trucks","Petrol",0
"1961","Articulated trucks","Petrol",4
"1962","Articulated trucks","Petrol",0
"1963","Articulated trucks","Petrol",0
"1964","Articulated trucks","Petrol",0
"1965","Articulated trucks","Petrol",3
"1966","Articulated trucks","Petrol",0
"1967","Articulated trucks","Petrol",3
"1968","Articulated trucks","Petrol",5
"1969","Articulated trucks","Petrol",5
"1970","Articulated trucks","Petrol",13
"1971","Articulated trucks","Petrol",6
"1972","Articulated trucks","Petrol",5
"1973","Articulated trucks","Petrol",7
"1974","Articulated trucks","Petrol",7
"1975","Articulated trucks","Petrol",6
"1976","Articulated trucks","Petrol",11
"1977","Articulated trucks","Petrol",5
"1978","Articulated trucks","Petrol",12
"1979","Articulated trucks","Petrol",10
"1980","Articulated trucks","Petrol",5
"1981","Articulated trucks","Petrol",4
"1982","Articulated trucks","Petrol",7
"1983","Articulated trucks","Petrol",0
"1984","Articulated trucks","Petrol",0
"1985","Articulated trucks","Petrol",8
"1986","Articulated trucks","Petrol",8
"1987","Articulated trucks","Petrol",3
"1988","Articulated trucks","Petrol",7
"1989","Articulated trucks","Petrol",10
"1990","Articulated trucks","Petrol",8
"1991","Articulated trucks","Petrol",5
"1992","Articulated trucks","Petrol",0
"1993","Articulated trucks","Petrol",11
"1994","Articulated trucks","Petrol",22
"1995","Articulated trucks","Petrol",12
"1996","Articulated trucks","Petrol",12
"1997","Articulated trucks","Petrol",11
"1998","Articulated trucks","Petrol",15
"1999","Articulated trucks","Petrol",6
"2000","Articulated trucks","Petrol",3
"2001","Articulated trucks","Petrol",9
"2002","Articulated trucks","Petrol",17
"2003","Articulated trucks","Petrol",25
"2004","Articulated trucks","Petrol",30
"2005","Articulated trucks","Petrol",25
"2006","Articulated trucks","Petrol",29
"2007","Articulated trucks","Petrol",71
"2008","Articulated trucks","Petrol",28
"2009","Articulated trucks","Petrol",17
"2010","Articulated trucks","Petrol",23
"2011","Articulated trucks","Petrol",15
"2012","Articulated trucks","Petrol",25
"2013","Articulated trucks","Petrol",25
"2014","Articulated trucks","Petrol",19
"2015","Articulated trucks","Petrol",19
"2016","Articulated trucks","Petrol",27
"2017","Articulated trucks","Petrol",46
"2018","Articulated trucks","Petrol",26
"2019","Articulated trucks","Petrol",19
"2020","Articulated trucks","Petrol",12
"2021","Articulated trucks","Petrol",33
"2022","Articulated trucks","Petrol",46
"2023","Articulated trucks","Petrol",45
"2024","Articulated trucks","Petrol",40
"2025","Articulated trucks","Petrol",0
"Not stated","Articulated trucks","Petrol",3
"1901","Articulated trucks","Diesel",0
"1902","Articulated trucks","Diesel",0
"1903","Articulated trucks","Diesel",0
"1904","Articulated trucks","Diesel",0
"1905","Articulated trucks","Diesel",0
"1906","Articulated trucks","Diesel",0
"1907","Articulated trucks","Diesel",0
"1908","Articulated trucks","Diesel",0
"1909","Articulated trucks","Diesel",0
"1910","Articulated trucks","Diesel",0
"1911","Articulated trucks","Diesel",0
"1912","Articulated trucks","Diesel",0
"1913","Articulated trucks","Diesel",0
"1914","Articulated trucks","Diesel",0
"1915","Articulated trucks","Diesel",0
"1916","Articulated trucks","Diesel",0
"1917","Articulated trucks","Diesel",0
"1918","Articulated trucks","Diesel",0
"1919","Articulated trucks","Diesel",0
"1920","Articulated trucks","Diesel",0
"1921","Articulated trucks","Diesel",0
"1922","Articulated trucks","Diesel",0
"1923","Articulated trucks","Diesel",0
"1924","Articulated trucks","Diesel",0
"1925","Articulated trucks","Diesel",0
"1926","Articulated trucks","Diesel",0
"1927","Articulated trucks","Diesel",0
"1928","Articulated trucks","Diesel",0
"1929","Articulated trucks","Diesel",0
"1930","Articulated trucks","Diesel",0
"1931","Articulated trucks","Diesel",0
"1932","Articulated trucks","Diesel",0
"1933","Articulated trucks","Diesel",0
"1934","Articulated trucks","Diesel",0
"1935","Articulated trucks","Diesel",0
"1936","Articulated trucks","Diesel",0
"1937","Articulated trucks","Diesel",0
"1938","Articulated trucks","Diesel",0
"1939","Articulated trucks","Diesel",0
"1940","Articulated trucks","Diesel",0
"1941","Articulated trucks","Diesel",0
"1942","Articulated trucks","Diesel",0
"1943","Articulated trucks","Diesel",0
"1944","Articulated trucks","Diesel",0
"1945","Articulated trucks","Diesel",0
"1946","Articulated trucks","Diesel",0
"1947","Articulated trucks","Diesel",0
"1948","Articulated trucks","Diesel",0
"1949","Articulated trucks","Diesel",0
"1950","Articulated trucks","Diesel",0
"1951","Articulated trucks","Diesel",3
"1952","Articulated trucks","Diesel",0
"1953","Articulated trucks","Diesel",0
"1954","Articulated trucks","Diesel",3
"1955","Articulated trucks","Diesel",3
"1956","Articulated trucks","Diesel",0
"1957","Articulated trucks","Diesel",3
"1958","Articulated trucks","Diesel",3
"1959","Articulated trucks","Diesel",3
"1960","Articulated trucks","Diesel",4
"1961","Articulated trucks","Diesel",3
"1962","Articulated trucks","Diesel",5
"1963","Articulated trucks","Diesel",10
"1964","Articulated trucks","Diesel",31
"1965","Articulated trucks","Diesel",12
"1966","Articulated trucks","Diesel",19
"1967","Articulated trucks","Diesel",11
"1968","Articulated trucks","Diesel",20
"1969","Articulated trucks","Diesel",27
"1970","Articulated trucks","Diesel",37
"1971","Articulated trucks","Diesel",40
"1972","Articulated trucks","Diesel",40
"1973","Articulated trucks","Diesel",52
"1974","Articulated trucks","Diesel",63
"1975","Articulated trucks","Diesel",93
"1976","Articulated trucks","Diesel",163
"1977","Articulated trucks","Diesel",164
"1978","Articulated trucks","Diesel",183
"1979","Articulated trucks","Diesel",270
"1980","Articulated trucks","Diesel",274
"1981","Articulated trucks","Diesel",268
"1982","Articulated trucks","Diesel",232
"1983","Articulated trucks","Diesel",141
"1984","Articulated trucks","Diesel",327
"1985","Articulated trucks","Diesel",497
"1986","Articulated trucks","Diesel",425
"1987","Articulated trucks","Diesel",390
"1988","Articulated trucks","Diesel",628
"1989","Articulated trucks","Diesel",662
"1990","Articulated trucks","Diesel",541
"1991","Articulated trucks","Diesel",248
"1992","Articulated trucks","Diesel",352
"1993","Articulated trucks","Diesel",746
"1994","Articulated trucks","Diesel",1162
"1995","Articulated trucks","Diesel",1151
"1996","Articulated trucks","Diesel",1047
"1997","Articulated trucks","Diesel",1250
"1998","Articulated trucks","Diesel",1612
"1999","Articulated trucks","Diesel",1452
"2000","Articulated trucks","Diesel",1352
"2001","Articulated trucks","Diesel",1321
"2002","Articulated trucks","Diesel",1901
"2003","Articulated trucks","Diesel",2508
"2004","Articulated trucks","Diesel",3175
"2005","Articulated trucks","Diesel",3327
"2006","Articulated trucks","Diesel",3303
"2007","Articulated trucks","Diesel",5910
"2008","Articulated trucks","Diesel",3007
"2009","Articulated trucks","Diesel",2414
"2010","Articulated trucks","Diesel",4319
"2011","Articulated trucks","Diesel",2636
"2012","Articulated trucks","Diesel",4549
"2013","Articulated trucks","Diesel",5049
"2014","Articulated trucks","Diesel",4856
"2015","Articulated trucks","Diesel",4212
"2016","Articulated trucks","Diesel",4136
"2017","Articulated trucks","Diesel",5580
"2018","Articulated trucks","Diesel",6708
"2019","Articulated trucks","Diesel",5585
"2020","Articulated trucks","Diesel",5213
"2021","Articulated trucks","Diesel",8092
"2022","Articulated trucks","Diesel",9127
"2023","Articulated trucks","Diesel",10112
"2024","Articulated trucks","Diesel",4189
"2025","Articulated trucks","Diesel",0
"Not stated","Articulated trucks","Diesel",0
"1901","Articulated trucks","Dual fuel",0
"1902","Articulated trucks","Dual fuel",0
"1903","Articulated trucks","Dual fuel",0
"1904","Articulated trucks","Dual fuel",0
"1905","Articulated trucks","Dual fuel",0
"1906","Articulated trucks","Dual fuel",0
"1907","Articulated trucks","Dual fuel",0
"1908","Articulated trucks","Dual fuel",0
"1909","Articulated trucks","Dual fuel",0
"1910","Articulated trucks","Dual fuel",0
"1911","Articulated trucks","Dual fuel",0
"1912","Articulated trucks","Dual fuel",0
"1913","Articulated trucks","Dual fuel",0
"1914","Articulated trucks","Dual fuel",0
"1915","Articulated trucks","Dual fuel",0
"1916","Articulated trucks","Dual fuel",0
"1917","Articulated trucks","Dual fuel",0
"1918","Articulated trucks","Dual fuel",0
"1919","Articulated trucks","Dual fuel",0
"1920","Articulated trucks","Dual fuel",0
"1921","Articulated trucks","Dual fuel",0
"1922","Articulated trucks","Dual fuel",0
"1923","Articulated trucks","Dual fuel",0
"1924","Articulated trucks","Dual fuel",0
"1925","Articulated trucks","Dual fuel",0
"1926","Articulated trucks","Dual fuel",0
"1927","Articulated trucks","Dual fuel",0
"1928","Articulated trucks","Dual fuel",0
"1929","Articulated trucks","Dual fuel",0
"1930","Articulated trucks","Dual fuel",0
"1931","Articulated trucks","Dual fuel",0
"1932","Articulated trucks","Dual fuel",0
"1933","Articulated trucks","Dual fuel",0
"1934","Articulated trucks","Dual fuel",0
"1935","Articulated trucks","Dual fuel",0
"1936","Articulated trucks","Dual fuel",0
"1937","Articulated trucks","Dual fuel",0
"1938","Articulated trucks","Dual fuel",0
"1939","Articulated trucks","Dual fuel",0
"1940","Articulated trucks","Dual fuel",0
"1941","Articulated trucks","Dual fuel",0
"1942","Articulated trucks","Dual fuel",0
"1943","Articulated trucks","Dual fuel",0
"1944","Articulated trucks","Dual fuel",0
"1945","Articulated trucks","Dual fuel",0
"1946","Articulated trucks","Dual fuel",0
"1947","Articulated trucks","Dual fuel",0
"1948","Articulated trucks","Dual fuel",0
"1949","Articulated trucks","Dual fuel",0
"1950","Articulated trucks","Dual fuel",0
"1951","Articulated trucks","Dual fuel",0
"1952","Articulated trucks","Dual fuel",0
"1953","Articulated trucks","Dual fuel",0
"1954","Articulated trucks","Dual fuel",0
"1955","Articulated trucks","Dual fuel",0
"1956","Articulated trucks","Dual fuel",0
"1957","Articulated trucks","Dual fuel",0
"1958","Articulated trucks","Dual fuel",0
"1959","Articulated trucks","Dual fuel",0
"1960","Articulated trucks","Dual fuel",0
"1961","Articulated trucks","Dual fuel",0
"1962","Articulated trucks","Dual fuel",0
"1963","Articulated trucks","Dual fuel",0
"1964","Articulated trucks","Dual fuel",0
"1965","Articulated trucks","Dual fuel",0
"1966","Articulated trucks","Dual fuel",0
"1967","Articulated trucks","Dual fuel",0
"1968","Articulated trucks","Dual fuel",0
"1969","Articulated trucks","Dual fuel",0
"1970","Articulated trucks","Dual fuel",0
"1971","Articulated trucks","Dual fuel",0
"1972","Articulated trucks","Dual fuel",0
"1973","Articulated trucks","Dual fuel",0
"1974","Articulated trucks","Dual fuel",0
"1975","Articulated trucks","Dual fuel",0
"1976","Articulated trucks","Dual fuel",0
"1977","Articulated trucks","Dual fuel",0
"1978","Articulated trucks","Dual fuel",3
"1979","Articulated trucks","Dual fuel",0
"1980","Articulated trucks","Dual fuel",0
"1981","Articulated trucks","Dual fuel",0
"1982","Articulated trucks","Dual fuel",0
"1983","Articulated trucks","Dual fuel",0
"1984","Articulated trucks","Dual fuel",0
"1985","Articulated trucks","Dual fuel",0
"1986","Articulated trucks","Dual fuel",0
"1987","Articulated trucks","Dual fuel",0
"1988","Articulated trucks","Dual fuel",0
"1989","Articulated trucks","Dual fuel",0
"1990","Articulated trucks","Dual fuel",0
"1991","Articulated trucks","Dual fuel",0
"1992","Articulated trucks","Dual fuel",0
"1993","Articulated trucks","Dual fuel",3
"1994","Articulated trucks","Dual fuel",3
"1995","Articulated trucks","Dual fuel",0
"1996","Articulated trucks","Dual fuel",0
"1997","Articulated trucks","Dual fuel",3
"1998","Articulated trucks","Dual fuel",0
"1999","Articulated trucks","Dual fuel",3
"2000","Articulated trucks","Dual fuel",4
"2001","Articulated trucks","Dual fuel",0
"2002","Articulated trucks","Dual fuel",3
"2003","Articulated trucks","Dual fuel",0
"2004","Articulated trucks","Dual fuel",0
"2005","Articulated trucks","Dual fuel",3
"2006","Articulated trucks","Dual fuel",6
"2007","Articulated trucks","Dual fuel",13
"2008","Articulated trucks","Dual fuel",5
"2009","Articulated trucks","Dual fuel",4
"2010","Articulated trucks","Dual fuel",6
"2011","Articulated trucks","Dual fuel",4
"2012","Articulated trucks","Dual fuel",5
"2013","Articulated trucks","Dual fuel",9
"2014","Articulated trucks","Dual fuel",5
"2015","Articulated trucks","Dual fuel",4
"2016","Articulated trucks","Dual fuel",8
"2017","Articulated trucks","Dual fuel",8
"2018","Articulated trucks","Dual fuel",8
"2019","Articulated trucks","Dual fuel",10
"2020","Articulated trucks","Dual fuel",10
"2021","Articulated trucks","Dual fuel",3
"2022","Articulated trucks","Dual fuel",4
"2023","Articulated trucks","Dual fuel",0
"2024","Articulated trucks","Dual fuel",3
"2025","Articulated trucks","Dual fuel",0
"Not stated","Articulated trucks","Dual fuel",0
"1901","Articulated trucks","Hybrid electric",0
"1902","Articulated trucks","Hybrid electric",0
"1903","Articulated trucks","Hybrid electric",0
"1904","Articulated trucks","Hybrid electric",0
"1905","Articulated trucks","Hybrid electric",0
"1906","Articulated trucks","Hybrid electric",0
"1907","Articulated trucks","Hybrid electric",0
"1908","Articulated trucks","Hybrid electric",0
"1909","Articulated trucks","Hybrid electric",0
"1910","Articulated trucks","Hybrid electric",0
"1911","Articulated trucks","Hybrid electric",0
"1912","Articulated trucks","Hybrid electric",0
"1913","Articulated trucks","Hybrid electric",0
"1914","Articulated trucks","Hybrid electric",0
"1915","Articulated trucks","Hybrid electric",0
"1916","Articulated trucks","Hybrid electric",0
"1917","Articulated trucks","Hybrid electric",0
"1918","Articulated trucks","Hybrid electric",0
"1919","Articulated trucks","Hybrid electric",0
"1920","Articulated trucks","Hybrid electric",0
"1921","Articulated trucks","Hybrid electric",0
"1922","Articulated trucks","Hybrid electric",0
"1923","Articulated trucks","Hybrid electric",0
"1924","Articulated trucks","Hybrid electric",0
"1925","Articulated trucks","Hybrid electric",0
"1926","Articulated trucks","Hybrid electric",0
"1927","Articulated trucks","Hybrid electric",0
"1928","Articulated trucks","Hybrid electric",0
"1929","Articulated trucks","Hybrid electric",0
"1930","Articulated trucks","Hybrid electric",0
"1931","Articulated trucks","Hybrid electric",0
"1932","Articulated trucks","Hybrid electric",0
"1933","Articulated trucks","Hybrid electric",0
"1934","Articulated trucks","Hybrid electric",0
"1935","Articulated trucks","Hybrid electric",0
"1936","Articulated trucks","Hybrid electric",0
"1937","Articulated trucks","Hybrid electric",0
"1938","Articulated trucks","Hybrid electric",0
"1939","Articulated trucks","Hybrid electric",0
"1940","Articulated trucks","Hybrid electric",0
"1941","Articulated trucks","Hybrid electric",0
"1942","Articulated trucks","Hybrid electric",0
"1943","Articulated trucks","Hybrid electric",0
"1944","Articulated trucks","Hybrid electric",0
"1945","Articulated trucks","Hybrid electric",0
"1946","Articulated trucks","Hybrid electric",0
"1947","Articulated trucks","Hybrid electric",0
"1948","Articulated trucks","Hybrid electric",0
"1949","Articulated trucks","Hybrid electric",0
"1950","Articulated trucks","Hybrid electric",0
"1951","Articulated trucks","Hybrid electric",0
"1952","Articulated trucks","Hybrid electric",0
"1953","Articulated trucks","Hybrid electric",0
"1954","Articulated trucks","Hybrid electric",0
"1955","Articulated trucks","Hybrid electric",0
"1956","Articulated trucks","Hybrid electric",0
"1957","Articulated trucks","Hybrid electric",0
"1958","Articulated trucks","Hybrid electric",0
"1959","Articulated trucks","Hybrid electric",0
"1960","Articulated trucks","Hybrid electric",0
"1961","Articulated trucks","Hybrid electric",0
"1962","Articulated trucks","Hybrid electric",0
"1963","Articulated trucks","Hybrid electric",0
"1964","Articulated trucks","Hybrid electric",0
"1965","Articulated trucks","Hybrid electric",0
"1966","Articulated trucks","Hybrid electric",0
"1967","Articulated trucks","Hybrid electric",0
"1968","Articulated trucks","Hybrid electric",0
"1969","Articulated trucks","Hybrid electric",0
"1970","Articulated trucks","Hybrid electric",0
"1971","Articulated trucks","Hybrid electric",0
"1972","Articulated trucks","Hybrid electric",0
"1973","Articulated trucks","Hybrid electric",0
"1974","Articulated trucks","Hybrid electric",0
"1975","Articulated trucks","Hybrid electric",0
"1976","Articulated trucks","Hybrid electric",0
"1977","Articulated trucks","Hybrid electric",0
"1978","Articulated trucks","Hybrid electric",0
"1979","Articulated trucks","Hybrid electric",0
"1980","Articulated trucks","Hybrid electric",0
"1981","Articulated trucks","Hybrid electric",0
"1982","Articulated trucks","Hybrid electric",0
"1983","Articulated trucks","Hybrid electric",0
"1984","Articulated trucks","Hybrid electric",0
"1985","Articulated trucks","Hybrid electric",0
"1986","Articulated trucks","Hybrid electric",0
"1987","Articulated trucks","Hybrid electric",0
"1988","Articulated trucks","Hybrid electric",0
"1989","Articulated trucks","Hybrid electric",0
"1990","Articulated trucks","Hybrid electric",0
"1991","Articulated trucks","Hybrid electric",0
"1992","Articulated trucks","Hybrid electric",0
"1993","Articulated trucks","Hybrid electric",0
"1994","Articulated trucks","Hybrid electric",0
"1995","Articulated trucks","Hybrid electric",0
"1996","Articulated trucks","Hybrid electric",0
"1997","Articulated trucks","Hybrid electric",0
"1998","Articulated trucks","Hybrid electric",0
"1999","Articulated trucks","Hybrid electric",0
"2000","Articulated trucks","Hybrid electric",0
"2001","Articulated trucks","Hybrid electric",0
"2002","Articulated trucks","Hybrid electric",0
"2003","Articulated trucks","Hybrid electric",0
"2004","Articulated trucks","Hybrid electric",0
"2005","Articulated trucks","Hybrid electric",0
"2006","Articulated trucks","Hybrid electric",0
"2007","Articulated trucks","Hybrid electric",0
"2008","Articulated trucks","Hybrid electric",0
"2009","Articulated trucks","Hybrid electric",0
"2010","Articulated trucks","Hybrid electric",0
"2011","Articulated trucks","Hybrid electric",0
"2012","Articulated trucks","Hybrid electric",0
"2013","Articulated trucks","Hybrid electric",0
"2014","Articulated trucks","Hybrid electric",0
"2015","Articulated trucks","Hybrid electric",0
"2016","Articulated trucks","Hybrid electric",0
"2017","Articulated trucks","Hybrid electric",0
"2018","Articulated trucks","Hybrid electric",0
"2019","Articulated trucks","Hybrid electric",0
"2020","Articulated trucks","Hybrid electric",0
"2021","Articulated trucks","Hybrid electric",0
"2022","Articulated trucks","Hybrid electric",0
"2023","Articulated trucks","Hybrid electric",0
"2024","Articulated trucks","Hybrid electric",0
"2025","Articulated trucks","Hybrid electric",0
"Not stated","Articulated trucks","Hybrid electric",0
"1901","Articulated trucks","Battery/Fuel-cell electric",0
"1902","Articulated trucks","Battery/Fuel-cell electric",0
"1903","Articulated trucks","Battery/Fuel-cell electric",0
"1904","Articulated trucks","Battery/Fuel-cell electric",0
"1905","Articulated trucks","Battery/Fuel-cell electric",0
"1906","Articulated trucks","Battery/Fuel-cell electric",0
"1907","Articulated trucks","Battery/Fuel-cell electric",0
"1908","Articulated trucks","Battery/Fuel-cell electric",0
"1909","Articulated trucks","Battery/Fuel-cell electric",0
"1910","Articulated trucks","Battery/Fuel-cell electric",0
"1911","Articulated trucks","Battery/Fuel-cell electric",0
"1912","Articulated trucks","Battery/Fuel-cell electric",0
"1913","Articulated trucks","Battery/Fuel-cell electric",0
"1914","Articulated trucks","Battery/Fuel-cell electric",0
"1915","Articulated trucks","Battery/Fuel-cell electric",0
"1916","Articulated trucks","Battery/Fuel-cell electric",0
"1917","Articulated trucks","Battery/Fuel-cell electric",0
"1918","Articulated trucks","Battery/Fuel-cell electric",0
"1919","Articulated trucks","Battery/Fuel-cell electric",0
"1920","Articulated trucks","Battery/Fuel-cell electric",0
"1921","Articulated trucks","Battery/Fuel-cell electric",0
"1922","Articulated trucks","Battery/Fuel-cell electric",0
"1923","Articulated trucks","Battery/Fuel-cell electric",0
"1924","Articulated trucks","Battery/Fuel-cell electric",0
"1925","Articulated trucks","Battery/Fuel-cell electric",0
"1926","Articulated trucks","Battery/Fuel-cell electric",0
"1927","Articulated trucks","Battery/Fuel-cell electric",0
"1928","Articulated trucks","Battery/Fuel-cell electric",0
"1929","Articulated trucks","Battery/Fuel-cell electric",0
"1930","Articulated trucks","Battery/Fuel-cell electric",0
"1931","Articulated trucks","Battery/Fuel-cell electric",0
"1932","Articulated trucks","Battery/Fuel-cell electric",0
"1933","Articulated trucks","Battery/Fuel-cell electric",0
"1934","Articulated trucks","Battery/Fuel-cell electric",0
"1935","Articulated trucks","Battery/Fuel-cell electric",0
"1936","Articulated trucks","Battery/Fuel-cell electric",0
"1937","Articulated trucks","Battery/Fuel-cell electric",0
"1938","Articulated trucks","Battery/Fuel-cell electric",0
"1939","Articulated trucks","Battery/Fuel-cell electric",0
"1940","Articulated trucks","Battery/Fuel-cell electric",0
"1941","Articulated trucks","Battery/Fuel-cell electric",0
"1942","Articulated trucks","Battery/Fuel-cell electric",0
"1943","Articulated trucks","Battery/Fuel-cell electric",0
"1944","Articulated trucks","Battery/Fuel-cell electric",0
"1945","Articulated trucks","Battery/Fuel-cell electric",0
"1946","Articulated trucks","Battery/Fuel-cell electric",0
"1947","Articulated trucks","Battery/Fuel-cell electric",0
"1948","Articulated trucks","Battery/Fuel-cell electric",0
"1949","Articulated trucks","Battery/Fuel-cell electric",0
"1950","Articulated trucks","Battery/Fuel-cell electric",0
"1951","Articulated trucks","Battery/Fuel-cell electric",0
"1952","Articulated trucks","Battery/Fuel-cell electric",0
"1953","Articulated trucks","Battery/Fuel-cell electric",0
"1954","Articulated trucks","Battery/Fuel-cell electric",0
"1955","Articulated trucks","Battery/Fuel-cell electric",0
"1956","Articulated trucks","Battery/Fuel-cell electric",0
"1957","Articulated trucks","Battery/Fuel-cell electric",0
"1958","Articulated trucks","Battery/Fuel-cell electric",0
"1959","Articulated trucks","Battery/Fuel-cell electric",0
"1960","Articulated trucks","Battery/Fuel-cell electric",0
"1961","Articulated trucks","Battery/Fuel-cell electric",0
"1962","Articulated trucks","Battery/Fuel-cell electric",0
"1963","Articulated trucks","Battery/Fuel-cell electric",0
"1964","Articulated trucks","Battery/Fuel-cell electric",0
"1965","Articulated trucks","Battery/Fuel-cell electric",0
"1966","Articulated trucks","Battery/Fuel-cell electric",0
"1967","Articulated trucks","Battery/Fuel-cell electric",0
"1968","Articulated trucks","Battery/Fuel-cell electric",0
"1969","Articulated trucks","Battery/Fuel-cell electric",0
"1970","Articulated trucks","Battery/Fuel-cell electric",0
"1971","Articulated trucks","Battery/Fuel-cell electric",0
"1972","Articulated trucks","Battery/Fuel-cell electric",0
"1973","Articulated trucks","Battery/Fuel-cell electric",0
"1974","Articulated trucks","Battery/Fuel-cell electric",0
"1975","Articulated trucks","Battery/Fuel-cell electric",0
"1976","Articulated trucks","Battery/Fuel-cell electric",0
"1977","Articulated trucks","Battery/Fuel-cell electric",0
"1978","Articulated trucks","Battery/Fuel-cell electric",0
"1979","Articulated trucks","Battery/Fuel-cell electric",0
"1980","Articulated trucks","Battery/Fuel-cell electric",0
"1981","Articulated trucks","Battery/Fuel-cell electric",0
"1982","Articulated trucks","Battery/Fuel-cell electric",0
"1983","Articulated trucks","Battery/Fuel-cell electric",0
"1984","Articulated trucks","Battery/Fuel-cell electric",0
"1985","Articulated trucks","Battery/Fuel-cell electric",0
"1986","Articulated trucks","Battery/Fuel-cell electric",0
"1987","Articulated trucks","Battery/Fuel-cell electric",0
"1988","Articulated trucks","Battery/Fuel-cell electric",0
"1989","Articulated trucks","Battery/Fuel-cell electric",0
"1990","Articulated trucks","Battery/Fuel-cell electric",0
"1991","Articulated trucks","Battery/Fuel-cell electric",0
"1992","Articulated trucks","Battery/Fuel-cell electric",0
"1993","Articulated trucks","Battery/Fuel-cell electric",0
"1994","Articulated trucks","Battery/Fuel-cell electric",0
"1995","Articulated trucks","Battery/Fuel-cell electric",0
"1996","Articulated trucks","Battery/Fuel-cell electric",0
"1997","Articulated trucks","Battery/Fuel-cell electric",0
"1998","Articulated trucks","Battery/Fuel-cell electric",0
"1999","Articulated trucks","Battery/Fuel-cell electric",0
"2000","Articulated trucks","Battery/Fuel-cell electric",0
"2001","Articulated trucks","Battery/Fuel-cell electric",0
"2002","Articulated trucks","Battery/Fuel-cell electric",0
"2003","Articulated trucks","Battery/Fuel-cell electric",0
"2004","Articulated trucks","Battery/Fuel-cell electric",0
"2005","Articulated trucks","Battery/Fuel-cell electric",0
"2006","Articulated trucks","Battery/Fuel-cell electric",0
"2007","Articulated trucks","Battery/Fuel-cell electric",0
"2008","Articulated trucks","Battery/Fuel-cell electric",0
"2009","Articulated trucks","Battery/Fuel-cell electric",0
"2010","Articulated trucks","Battery/Fuel-cell electric",0
"2011","Articulated trucks","Battery/Fuel-cell electric",0
"2012","Articulated trucks","Battery/Fuel-cell electric",0
"2013","Articulated trucks","Battery/Fuel-cell electric",5
"2014","Articulated trucks","Battery/Fuel-cell electric",0
"2015","Articulated trucks","Battery/Fuel-cell electric",3
"2016","Articulated trucks","Battery/Fuel-cell electric",0
"2017","Articulated trucks","Battery/Fuel-cell electric",0
"2018","Articulated trucks","Battery/Fuel-cell electric",0
"2019","Articulated trucks","Battery/Fuel-cell electric",0
"2020","Articulated trucks","Battery/Fuel-cell electric",0
"2021","Articulated trucks","Battery/Fuel-cell electric",0
"2022","Articulated trucks","Battery/Fuel-cell electric",0
"2023","Articulated trucks","Battery/Fuel-cell electric",9
"2024","Articulated trucks","Battery/Fuel-cell electric",6
"2025","Articulated trucks","Battery/Fuel-cell electric",0
"Not stated","Articulated trucks","Battery/Fuel-cell electric",0
"1901","Articulated trucks","Other",0
"1902","Articulated trucks","Other",0
"1903","Articulated trucks","Other",0
"1904","Articulated trucks","Other",0
"1905","Articulated trucks","Other",0
"1906","Articulated trucks","Other",0
"1907","Articulated trucks","Other",0
"1908","Articulated trucks","Other",0
"1909","Articulated trucks","Other",0
"1910","Articulated trucks","Other",0
"1911","Articulated trucks","Other",0
"1912","Articulated trucks","Other",0
"1913","Articulated trucks","Other",0
"1914","Articulated trucks","Other",0
"1915","Articulated trucks","Other",0
"1916","Articulated trucks","Other",0
"1917","Articulated trucks","Other",0
"1918","Articulated trucks","Other",0
"1919","Articulated trucks","Other",0
"1920","Articulated trucks","Other",0
"1921","Articulated trucks","Other",0
"1922","Articulated trucks","Other",0
"1923","Articulated trucks","Other",0
"1924","Articulated trucks","Other",0
"1925","Articulated trucks","Other",0
"1926","Articulated trucks","Other",0
"1927","Articulated trucks","Other",0
"1928","Articulated trucks","Other",0
"1929","Articulated trucks","Other",0
"1930","Articulated trucks","Other",0
"1931","Articulated trucks","Other",0
"1932","Articulated trucks","Other",0
"1933","Articulated trucks","Other",0
"1934","Articulated trucks","Other",0
"1935","Articulated trucks","Other",0
"1936","Articulated trucks","Other",0
"1937","Articulated trucks","Other",0
"1938","Articulated trucks","Other",0
"1939","Articulated trucks","Other",0
"1940","Articulated trucks","Other",0
"1941","Articulated trucks","Other",0
"1942","Articulated trucks","Other",0
"1943","Articulated trucks","Other",0
"1944","Articulated trucks","Other",0
"1945","Articulated trucks","Other",0
"1946","Articulated trucks","Other",0
"1947","Articulated trucks","Other",0
"1948","Articulated trucks","Other",0
"1949","Articulated trucks","Other",0
"1950","Articulated trucks","Other",0
"1951","Articulated trucks","Other",0
"1952","Articulated trucks","Other",0
"1953","Articulated trucks","Other",0
"1954","Articulated trucks","Other",0
"1955","Articulated trucks","Other",0
"1956","Articulated trucks","Other",0
"1957","Articulated trucks","Other",0
"1958","Articulated trucks","Other",0
"1959","Articulated trucks","Other",0
"1960","Articulated trucks","Other",0
"1961","Articulated trucks","Other",0
"1962","Articulated trucks","Other",0
"1963","Articulated trucks","Other",0
"1964","Articulated trucks","Other",0
"1965","Articulated trucks","Other",0
"1966","Articulated trucks","Other",0
"1967","Articulated trucks","Other",0
"1968","Articulated trucks","Other",0
"1969","Articulated trucks","Other",0
"1970","Articulated trucks","Other",0
"1971","Articulated trucks","Other",0
"1972","Articulated trucks","Other",0
"1973","Articulated trucks","Other",0
"1974","Articulated trucks","Other",0
"1975","Articulated trucks","Other",0
"1976","Articulated trucks","Other",0
"1977","Articulated trucks","Other",0
"1978","Articulated trucks","Other",0
"1979","Articulated trucks","Other",0
"1980","Articulated trucks","Other",0
"1981","Articulated trucks","Other",0
"1982","Articulated trucks","Other",0
"1983","Articulated trucks","Other",0
"1984","Articulated trucks","Other",0
"1985","Articulated trucks","Other",0
"1986","Articulated trucks","Other",0
"1987","Articulated trucks","Other",0
"1988","Articulated trucks","Other",0
"1989","Articulated trucks","Other",0
"1990","Articulated trucks","Other",0
"1991","Articulated trucks","Other",0
"1992","Articulated trucks","Other",0
"1993","Articulated trucks","Other",0
"1994","Articulated trucks","Other",0
"1995","Articulated trucks","Other",0
"1996","Articulated trucks","Other",0
"1997","Articulated trucks","Other",0
"1998","Articulated trucks","Other",3
"1999","Articulated trucks","Other",0
"2000","Articulated trucks","Other",0
"2001","Articulated trucks","Other",0
"2002","Articulated trucks","Other",0
"2003","Articulated trucks","Other",3
"2004","Articulated trucks","Other",0
"2005","Articulated trucks","Other",3
"2006","Articulated trucks","Other",4
"2007","Articulated trucks","Other",6
"2008","Articulated trucks","Other",0
"2009","Articulated trucks","Other",0
"2010","Articulated trucks","Other",3
"2011","Articulated trucks","Other",0
"2012","Articulated trucks","Other",0
"2013","Articulated trucks","Other",4
"2014","Articulated trucks","Other",0
"2015","Articulated trucks","Other",0
"2016","Articulated trucks","Other",3
"2017","Articulated trucks","Other",0
"2018","Articulated trucks","Other",0
"2019","Articulated trucks","Other",0
"2020","Articulated trucks","Other",0
"2021","Articulated trucks","Other",3
"2022","Articulated trucks","Other",0
"2023","Articulated trucks","Other",0
"2024","Articulated trucks","Other",0
"2025","Articulated trucks","Other",0
"Not stated","Articulated trucks","Other",0
"1901","Non-freight-carrying vehicles","Petrol",0
"1902","Non-freight-carrying vehicles","Petrol",0
"1903","Non-freight-carrying vehicles","Petrol",0
"1904","Non-freight-carrying vehicles","Petrol",0
"1905","Non-freight-carrying vehicles","Petrol",0
"1906","Non-freight-carrying vehicles","Petrol",3
"1907","Non-freight-carrying vehicles","Petrol",0
"1908","Non-freight-carrying vehicles","Petrol",0
"1909","Non-freight-carrying vehicles","Petrol",0
"1910","Non-freight-carrying vehicles","Petrol",0
"1911","Non-freight-carrying vehicles","Petrol",0
"1912","Non-freight-carrying vehicles","Petrol",0
"1913","Non-freight-carrying vehicles","Petrol",0
"1914","Non-freight-carrying vehicles","Petrol",0
"1915","Non-freight-carrying vehicles","Petrol",0
"1916","Non-freight-carrying vehicles","Petrol",0
"1917","Non-freight-carrying vehicles","Petrol",0
"1918","Non-freight-carrying vehicles","Petrol",0
"1919","Non-freight-carrying vehicles","Petrol",3
"1920","Non-freight-carrying vehicles","Petrol",0
"1921","Non-freight-carrying vehicles","Petrol",0
"1922","Non-freight-carrying vehicles","Petrol",0
"1923","Non-freight-carrying vehicles","Petrol",3
"1924","Non-freight-carrying vehicles","Petrol",3
"1925","Non-freight-carrying vehicles","Petrol",4
"1926","Non-freight-carrying vehicles","Petrol",4
"1927","Non-freight-carrying vehicles","Petrol",4
"1928","Non-freight-carrying vehicles","Petrol",0
"1929","Non-freight-carrying vehicles","Petrol",3
"1930","Non-freight-carrying vehicles","Petrol",0
"1931","Non-freight-carrying vehicles","Petrol",3
"1932","Non-freight-carrying vehicles","Petrol",3
"1933","Non-freight-carrying vehicles","Petrol",0
"1934","Non-freight-carrying vehicles","Petrol",0
"1935","Non-freight-carrying vehicles","Petrol",0
"1936","Non-freight-carrying vehicles","Petrol",3
"1937","Non-freight-carrying vehicles","Petrol",3
"1938","Non-freight-carrying vehicles","Petrol",3
"1939","Non-freight-carrying vehicles","Petrol",6
"1940","Non-freight-carrying vehicles","Petrol",0
"1941","Non-freight-carrying vehicles","Petrol",0
"1942","Non-freight-carrying vehicles","Petrol",8
"1943","Non-freight-carrying vehicles","Petrol",3
"1944","Non-freight-carrying vehicles","Petrol",0
"1945","Non-freight-carrying vehicles","Petrol",0
"1946","Non-freight-carrying vehicles","Petrol",3
"1947","Non-freight-carrying vehicles","Petrol",0
"1948","Non-freight-carrying vehicles","Petrol",3
"1949","Non-freight-carrying vehicles","Petrol",0
"1950","Non-freight-carrying vehicles","Petrol",0
"1951","Non-freight-carrying vehicles","Petrol",0
"1952","Non-freight-carrying vehicles","Petrol",3
"1953","Non-freight-carrying vehicles","Petrol",0
"1954","Non-freight-carrying vehicles","Petrol",5
"1955","Non-freight-carrying vehicles","Petrol",3
"1956","Non-freight-carrying vehicles","Petrol",7
"1957","Non-freight-carrying vehicles","Petrol",3
"1958","Non-freight-carrying vehicles","Petrol",7
"1959","Non-freight-carrying vehicles","Petrol",7
"1960","Non-freight-carrying vehicles","Petrol",7
"1961","Non-freight-carrying vehicles","Petrol",3
"1962","Non-freight-carrying vehicles","Petrol",8
"1963","Non-freight-carrying vehicles","Petrol",10
"1964","Non-freight-carrying vehicles","Petrol",13
"1965","Non-freight-carrying vehicles","Petrol",10
"1966","Non-freight-carrying vehicles","Petrol",6
"1967","Non-freight-carrying vehicles","Petrol",15
"1968","Non-freight-carrying vehicles","Petrol",22
"1969","Non-freight-carrying vehicles","Petrol",17
"1970","Non-freight-carrying vehicles","Petrol",30
"1971","Non-freight-carrying vehicles","Petrol",39
"1972","Non-freight-carrying vehicles","Petrol",20
"1973","Non-freight-carrying vehicles","Petrol",21
"1974","Non-freight-carrying vehicles","Petrol",22
"1975","Non-freight-carrying vehicles","Petrol",30
"1976","Non-freight-carrying vehicles","Petrol",36
"1977","Non-freight-carrying vehicles","Petrol",30
"1978","Non-freight-carrying vehicles","Petrol",22
"1979","Non-freight-carrying vehicles","Petrol",23
"1980","Non-freight-carrying vehicles","Petrol",16
"1981","Non-freight-carrying vehicles","Petrol",43
"1982","Non-freight-carrying vehicles","Petrol",25
"1983","Non-freight-carrying vehicles","Petrol",39
"1984","Non-freight-carrying vehicles","Petrol",25
"1985","Non-freight-carrying vehicles","Petrol",15
"1986","Non-freight-carrying vehicles","Petrol",10
"1987","Non-freight-carrying vehicles","Petrol",10
"1988","Non-freight-carrying vehicles","Petrol",24
"1989","Non-freight-carrying vehicles","Petrol",36
"1990","Non-freight-carrying vehicles","Petrol",25
"1991","Non-freight-carrying vehicles","Petrol",26
"1992","Non-freight-carrying vehicles","Petrol",35
"1993","Non-freight-carrying vehicles","Petrol",30
"1994","Non-freight-carrying vehicles","Petrol",19
"1995","Non-freight-carrying vehicles","Petrol",32
"1996","Non-freight-carrying vehicles","Petrol",43
"1997","Non-freight-carrying vehicles","Petrol",43
"1998","Non-freight-carrying vehicles","Petrol",37
"1999","Non-freight-carrying vehicles","Petrol",28
"2000","Non-freight-carrying vehicles","Petrol",36
"2001","Non-freight-carrying vehicles","Petrol",19
"2002","Non-freight-carrying vehicles","Petrol",24
"2003","Non-freight-carrying vehicles","Petrol",24
"2004","Non-freight-carrying vehicles","Petrol",31
"2005","Non-freight-carrying vehicles","Petrol",55
"2006","Non-freight-carrying vehicles","Petrol",45
"2007","Non-freight-carrying vehicles","Petrol",57
"2008","Non-freight-carrying vehicles","Petrol",57
"2009","Non-freight-carrying vehicles","Petrol",36
"2010","Non-freight-carrying vehicles","Petrol",32
"2011","Non-freight-carrying vehicles","Petrol",29
"2012","Non-freight-carrying vehicles","Petrol",36
"2013","Non-freight-carrying vehicles","Petrol",44
"2014","Non-freight-carrying vehicles","Petrol",39
"2015","Non-freight-carrying vehicles","Petrol",38
"2016","Non-freight-carrying vehicles","Petrol",66
"2017","Non-freight-carrying vehicles","Petrol",43
"2018","Non-freight-carrying vehicles","Petrol",27
"2019","Non-freight-carrying vehicles","Petrol",31
"2020","Non-freight-carrying vehicles","Petrol",24
"2021","Non-freight-carrying vehicles","Petrol",49
"2022","Non-freight-carrying vehicles","Petrol",30
"2023","Non-freight-carrying vehicles","Petrol",37
"2024","Non-freight-carrying vehicles","Petrol",15
"2025","Non-freight-carrying vehicles","Petrol",0
"Not stated","Non-freight-carrying vehicles","Petrol",3
"1901","Non-freight-carrying vehicles","Diesel",0
"1902","Non-freight-carrying vehicles","Diesel",0
"1903","Non-freight-carrying vehicles","Diesel",0
"1904","Non-freight-carrying vehicles","Diesel",0
"1905","Non-freight-carrying vehicles","Diesel",0
"1906","Non-freight-carrying vehicles","Diesel",0
"1907","Non-freight-carrying vehicles","Diesel",0
"1908","Non-freight-carrying vehicles","Diesel",0
"1909","Non-freight-carrying vehicles","Diesel",0
"1910","Non-freight-carrying vehicles","Diesel",0
"1911","Non-freight-carrying vehicles","Diesel",0
"1912","Non-freight-carrying vehicles","Diesel",0
"1913","Non-freight-carrying vehicles","Diesel",0
"1914","Non-freight-carrying vehicles","Diesel",0
"1915","Non-freight-carrying vehicles","Diesel",0
"1916","Non-freight-carrying vehicles","Diesel",0
"1917","Non-freight-carrying vehicles","Diesel",0
"1918","Non-freight-carrying vehicles","Diesel",0
"1919","Non-freight-carrying vehicles","Diesel",0
"1920","Non-freight-carrying vehicles","Diesel",0
"1921","Non-freight-carrying vehicles","Diesel",0
"1922","Non-freight-carrying vehicles","Diesel",0
"1923","Non-freight-carrying vehicles","Diesel",0
"1924","Non-freight-carrying vehicles","Diesel",3
"1925","Non-freight-carrying vehicles","Diesel",0
"1926","Non-freight-carrying vehicles","Diesel",0
"1927","Non-freight-carrying vehicles","Diesel",0
"1928","Non-freight-carrying vehicles","Diesel",0
"1929","Non-freight-carrying vehicles","Diesel",0
"1930","Non-freight-carrying vehicles","Diesel",0
"1931","Non-freight-carrying vehicles","Diesel",0
"1932","Non-freight-carrying vehicles","Diesel",0
"1933","Non-freight-carrying vehicles","Diesel",0
"1934","Non-freight-carrying vehicles","Diesel",0
"1935","Non-freight-carrying vehicles","Diesel",0
"1936","Non-freight-carrying vehicles","Diesel",0
"1937","Non-freight-carrying vehicles","Diesel",0
"1938","Non-freight-carrying vehicles","Diesel",0
"1939","Non-freight-carrying vehicles","Diesel",0
"1940","Non-freight-carrying vehicles","Diesel",0
"1941","Non-freight-carrying vehicles","Diesel",0
"1942","Non-freight-carrying vehicles","Diesel",0
"1943","Non-freight-carrying vehicles","Diesel",0
"1944","Non-freight-carrying vehicles","Diesel",0
"1945","Non-freight-carrying vehicles","Diesel",0
"1946","Non-freight-carrying vehicles","Diesel",0
"1947","Non-freight-carrying vehicles","Diesel",0
"1948","Non-freight-carrying vehicles","Diesel",0
"1949","Non-freight-carrying vehicles","Diesel",0
"1950","Non-freight-carrying vehicles","Diesel",3
"1951","Non-freight-carrying vehicles","Diesel",0
"1952","Non-freight-carrying vehicles","Diesel",0
"1953","Non-freight-carrying vehicles","Diesel",0
"1954","Non-freight-carrying vehicles","Diesel",0
"1955","Non-freight-carrying vehicles","Diesel",3
"1956","Non-freight-carrying vehicles","Diesel",3
"1957","Non-freight-carrying vehicles","Diesel",0
"1958","Non-freight-carrying vehicles","Diesel",0
"1959","Non-freight-carrying vehicles","Diesel",0
"1960","Non-freight-carrying vehicles","Diesel",0
"1961","Non-freight-carrying vehicles","Diesel",0
"1962","Non-freight-carrying vehicles","Diesel",3
"1963","Non-freight-carrying vehicles","Diesel",3
"1964","Non-freight-carrying vehicles","Diesel",0
"1965","Non-freight-carrying vehicles","Diesel",4
"1966","Non-freight-carrying vehicles","Diesel",0
"1967","Non-freight-carrying vehicles","Diesel",3
"1968","Non-freight-carrying vehicles","Diesel",6
"1969","Non-freight-carrying vehicles","Diesel",5
"1970","Non-freight-carrying vehicles","Diesel",14
"1971","Non-freight-carrying vehicles","Diesel",9
"1972","Non-freight-carrying vehicles","Diesel",12
"1973","Non-freight-carrying vehicles","Diesel",16
"1974","Non-freight-carrying vehicles","Diesel",16
"1975","Non-freight-carrying vehicles","Diesel",12
"1976","Non-freight-carrying vehicles","Diesel",27
"1977","Non-freight-carrying vehicles","Diesel",23
"1978","Non-freight-carrying vehicles","Diesel",34
"1979","Non-freight-carrying vehicles","Diesel",31
"1980","Non-freight-carrying vehicles","Diesel",58
"1981","Non-freight-carrying vehicles","Diesel",50
"1982","Non-freight-carrying vehicles","Diesel",71
"1983","Non-freight-carrying vehicles","Diesel",59
"1984","Non-freight-carrying vehicles","Diesel",106
"1985","Non-freight-carrying vehicles","Diesel",156
"1986","Non-freight-carrying vehicles","Diesel",147
"1987","Non-freight-carrying vehicles","Diesel",218
"1988","Non-freight-carrying vehicles","Diesel",297
"1989","Non-freight-carrying vehicles","Diesel",233
"1990","Non-freight-carrying vehicles","Diesel",234
"1991","Non-freight-carrying vehicles","Diesel",220
"1992","Non-freight-carrying vehicles","Diesel",287
"1993","Non-freight-carrying vehicles","Diesel",224
"1994","Non-freight-carrying vehicles","Diesel",283
"1995","Non-freight-carrying vehicles","Diesel",344
"1996","Non-freight-carrying vehicles","Diesel",359
"1997","Non-freight-carrying vehicles","Diesel",336
"1998","Non-freight-carrying vehicles","Diesel",408
"1999","Non-freight-carrying vehicles","Diesel",514
"2000","Non-freight-carrying vehicles","Diesel",470
"2001","Non-freight-carrying vehicles","Diesel",498
"2002","Non-freight-carrying vehicles","Diesel",711
"2003","Non-freight-carrying vehicles","Diesel",634
"2004","Non-freight-carrying vehicles","Diesel",958
"2005","Non-freight-carrying vehicles","Diesel",1175
"2006","Non-freight-carrying vehicles","Diesel",1276
"2007","Non-freight-carrying vehicles","Diesel",1692
"2008","Non-freight-carrying vehicles","Diesel",1589
"2009","Non-freight-carrying vehicles","Diesel",1265
"2010","Non-freight-carrying vehicles","Diesel",1543
"2011","Non-freight-carrying vehicles","Diesel",1439
"2012","Non-freight-carrying vehicles","Diesel",1804
"2013","Non-freight-carrying vehicles","Diesel",1472
"2014","Non-freight-carrying vehicles","Diesel",1576
"2015","Non-freight-carrying vehicles","Diesel",1497
"2016","Non-freight-carrying vehicles","Diesel",1378
"2017","Non-freight-carrying vehicles","Diesel",1590
"2018","Non-freight-carrying vehicles","Diesel",1813
"2019","Non-freight-carrying vehicles","Diesel",2148
"2020","Non-freight-carrying vehicles","Diesel",1885
"2021","Non-freight-carrying vehicles","Diesel",2398
"2022","Non-freight-carrying vehicles","Diesel",2296
"2023","Non-freight-carrying vehicles","Diesel",2110
"2024","Non-freight-carrying vehicles","Diesel",1259
"2025","Non-freight-carrying vehicles","Diesel",34
"Not stated","Non-freight-carrying vehicles","Diesel",41
"1901","Non-freight-carrying vehicles","Dual fuel",0
"1902","Non-freight-carrying vehicles","Dual fuel",0
"1903","Non-freight-carrying vehicles","Dual fuel",0
"1904","Non-freight-carrying vehicles","Dual fuel",0
"1905","Non-freight-carrying vehicles","Dual fuel",0
"1906","Non-freight-carrying vehicles","Dual fuel",0
"1907","Non-freight-carrying vehicles","Dual fuel",0
"1908","Non-freight-carrying vehicles","Dual fuel",0
"1909","Non-freight-carrying vehicles","Dual fuel",0
"1910","Non-freight-carrying vehicles","Dual fuel",0
"1911","Non-freight-carrying vehicles","Dual fuel",0
"1912","Non-freight-carrying vehicles","Dual fuel",0
"1913","Non-freight-carrying vehicles","Dual fuel",0
"1914","Non-freight-carrying vehicles","Dual fuel",0
"1915","Non-freight-carrying vehicles","Dual fuel",0
"1916","Non-freight-carrying vehicles","Dual fuel",0
"1917","Non-freight-carrying vehicles","Dual fuel",0
"1918","Non-freight-carrying vehicles","Dual fuel",0
"1919","Non-freight-carrying vehicles","Dual fuel",0
"1920","Non-freight-carrying vehicles","Dual fuel",0
"1921","Non-freight-carrying vehicles","Dual fuel",0
"1922","Non-freight-carrying vehicles","Dual fuel",0
"1923","Non-freight-carrying vehicles","Dual fuel",0
"1924","Non-freight-carrying vehicles","Dual fuel",0
"1925","Non-freight-carrying vehicles","Dual fuel",0
"1926","Non-freight-carrying vehicles","Dual fuel",0
"1927","Non-freight-carrying vehicles","Dual fuel",0
"1928","Non-freight-carrying vehicles","Dual fuel",0
"1929","Non-freight-carrying vehicles","Dual fuel",0
"1930","Non-freight-carrying vehicles","Dual fuel",0
"1931","Non-freight-carrying vehicles","Dual fuel",0
"1932","Non-freight-carrying vehicles","Dual fuel",0
"1933","Non-freight-carrying vehicles","Dual fuel",0
"1934","Non-freight-carrying vehicles","Dual fuel",0
"1935","Non-freight-carrying vehicles","Dual fuel",0
"1936","Non-freight-carrying vehicles","Dual fuel",0
"1937","Non-freight-carrying vehicles","Dual fuel",0
"1938","Non-freight-carrying vehicles","Dual fuel",0
"1939","Non-freight-carrying vehicles","Dual fuel",0
"1940","Non-freight-carrying vehicles","Dual fuel",0
"1941","Non-freight-carrying vehicles","Dual fuel",0
"1942","Non-freight-carrying vehicles","Dual fuel",0
"1943","Non-freight-carrying vehicles","Dual fuel",0
"1944","Non-freight-carrying vehicles","Dual fuel",0
"1945","Non-freight-carrying vehicles","Dual fuel",0
"1946","Non-freight-carrying vehicles","Dual fuel",0
"1947","Non-freight-carrying vehicles","Dual fuel",0
"1948","Non-freight-carrying vehicles","Dual fuel",0
"1949","Non-freight-carrying vehicles","Dual fuel",0
"1950","Non-freight-carrying vehicles","Dual fuel",0
"1951","Non-freight-carrying vehicles","Dual fuel",0
"1952","Non-freight-carrying vehicles","Dual fuel",0
"1953","Non-freight-carrying vehicles","Dual fuel",0
"1954","Non-freight-carrying vehicles","Dual fuel",0
"1955","Non-freight-carrying vehicles","Dual fuel",0
"1956","Non-freight-carrying vehicles","Dual fuel",0
"1957","Non-freight-carrying vehicles","Dual fuel",0
"1958","Non-freight-carrying vehicles","Dual fuel",0
"1959","Non-freight-carrying vehicles","Dual fuel",0
"1960","Non-freight-carrying vehicles","Dual fuel",0
"1961","Non-freight-carrying vehicles","Dual fuel",0
"1962","Non-freight-carrying vehicles","Dual fuel",0
"1963","Non-freight-carrying vehicles","Dual fuel",0
"1964","Non-freight-carrying vehicles","Dual fuel",0
"1965","Non-freight-carrying vehicles","Dual fuel",0
"1966","Non-freight-carrying vehicles","Dual fuel",0
"1967","Non-freight-carrying vehicles","Dual fuel",0
"1968","Non-freight-carrying vehicles","Dual fuel",0
"1969","Non-freight-carrying vehicles","Dual fuel",0
"1970","Non-freight-carrying vehicles","Dual fuel",3
"1971","Non-freight-carrying vehicles","Dual fuel",0
"1972","Non-freight-carrying vehicles","Dual fuel",3
"1973","Non-freight-carrying vehicles","Dual fuel",0
"1974","Non-freight-carrying vehicles","Dual fuel",0
"1975","Non-freight-carrying vehicles","Dual fuel",0
"1976","Non-freight-carrying vehicles","Dual fuel",3
"1977","Non-freight-carrying vehicles","Dual fuel",3
"1978","Non-freight-carrying vehicles","Dual fuel",3
"1979","Non-freight-carrying vehicles","Dual fuel",0
"1980","Non-freight-carrying vehicles","Dual fuel",3
"1981","Non-freight-carrying vehicles","Dual fuel",3
"1982","Non-freight-carrying vehicles","Dual fuel",3
"1983","Non-freight-carrying vehicles","Dual fuel",3
"1984","Non-freight-carrying vehicles","Dual fuel",3
"1985","Non-freight-carrying vehicles","Dual fuel",0
"1986","Non-freight-carrying vehicles","Dual fuel",0
"1987","Non-freight-carrying vehicles","Dual fuel",0
"1988","Non-freight-carrying vehicles","Dual fuel",3
"1989","Non-freight-carrying vehicles","Dual fuel",0
"1990","Non-freight-carrying vehicles","Dual fuel",3
"1991","Non-freight-carrying vehicles","Dual fuel",3
"1992","Non-freight-carrying vehicles","Dual fuel",0
"1993","Non-freight-carrying vehicles","Dual fuel",3
"1994","Non-freight-carrying vehicles","Dual fuel",0
"1995","Non-freight-carrying vehicles","Dual fuel",0
"1996","Non-freight-carrying vehicles","Dual fuel",3
"1997","Non-freight-carrying vehicles","Dual fuel",3
"1998","Non-freight-carrying vehicles","Dual fuel",3
"1999","Non-freight-carrying vehicles","Dual fuel",3
"2000","Non-freight-carrying vehicles","Dual fuel",3
"2001","Non-freight-carrying vehicles","Dual fuel",3
"2002","Non-freight-carrying vehicles","Dual fuel",0
"2003","Non-freight-carrying vehicles","Dual fuel",3
"2004","Non-freight-carrying vehicles","Dual fuel",5
"2005","Non-freight-carrying vehicles","Dual fuel",10
"2006","Non-freight-carrying vehicles","Dual fuel",6
"2007","Non-freight-carrying vehicles","Dual fuel",6
"2008","Non-freight-carrying vehicles","Dual fuel",0
"2009","Non-freight-carrying vehicles","Dual fuel",0
"2010","Non-freight-carrying vehicles","Dual fuel",11
"2011","Non-freight-carrying vehicles","Dual fuel",6
"2012","Non-freight-carrying vehicles","Dual fuel",9
"2013","Non-freight-carrying vehicles","Dual fuel",7
"2014","Non-freight-carrying vehicles","Dual fuel",6
"2015","Non-freight-carrying vehicles","Dual fuel",9
"2016","Non-freight-carrying vehicles","Dual fuel",8
"2017","Non-freight-carrying vehicles","Dual fuel",12
"2018","Non-freight-carrying vehicles","Dual fuel",9
"2019","Non-freight-carrying vehicles","Dual fuel",7
"2020","Non-freight-carrying vehicles","Dual fuel",3
"2021","Non-freight-carrying vehicles","Dual fuel",7
"2022","Non-freight-carrying vehicles","Dual fuel",0
"2023","Non-freight-carrying vehicles","Dual fuel",6
"2024","Non-freight-carrying vehicles","Dual fuel",5
"2025","Non-freight-carrying vehicles","Dual fuel",0
"Not stated","Non-freight-carrying vehicles","Dual fuel",3
"1901","Non-freight-carrying vehicles","Hybrid electric",0
"1902","Non-freight-carrying vehicles","Hybrid electric",0
"1903","Non-freight-carrying vehicles","Hybrid electric",0
"1904","Non-freight-carrying vehicles","Hybrid electric",0
"1905","Non-freight-carrying vehicles","Hybrid electric",0
"1906","Non-freight-carrying vehicles","Hybrid electric",0
"1907","Non-freight-carrying vehicles","Hybrid electric",0
"1908","Non-freight-carrying vehicles","Hybrid electric",0
"1909","Non-freight-carrying vehicles","Hybrid electric",0
"1910","Non-freight-carrying vehicles","Hybrid electric",0
"1911","Non-freight-carrying vehicles","Hybrid electric",0
"1912","Non-freight-carrying vehicles","Hybrid electric",0
"1913","Non-freight-carrying vehicles","Hybrid electric",0
"1914","Non-freight-carrying vehicles","Hybrid electric",0
"1915","Non-freight-carrying vehicles","Hybrid electric",0
"1916","Non-freight-carrying vehicles","Hybrid electric",0
"1917","Non-freight-carrying vehicles","Hybrid electric",0
"1918","Non-freight-carrying vehicles","Hybrid electric",0
"1919","Non-freight-carrying vehicles","Hybrid electric",0
"1920","Non-freight-carrying vehicles","Hybrid electric",0
"1921","Non-freight-carrying vehicles","Hybrid electric",0
"1922","Non-freight-carrying vehicles","Hybrid electric",0
"1923","Non-freight-carrying vehicles","Hybrid electric",0
"1924","Non-freight-carrying vehicles","Hybrid electric",0
"1925","Non-freight-carrying vehicles","Hybrid electric",0
"1926","Non-freight-carrying vehicles","Hybrid electric",0
"1927","Non-freight-carrying vehicles","Hybrid electric",0
"1928","Non-freight-carrying vehicles","Hybrid electric",0
"1929","Non-freight-carrying vehicles","Hybrid electric",0
"1930","Non-freight-carrying vehicles","Hybrid electric",0
"1931","Non-freight-carrying vehicles","Hybrid electric",0
"1932","Non-freight-carrying vehicles","Hybrid electric",0
"1933","Non-freight-carrying vehicles","Hybrid electric",0
"1934","Non-freight-carrying vehicles","Hybrid electric",0
"1935","Non-freight-carrying vehicles","Hybrid electric",0
"1936","Non-freight-carrying vehicles","Hybrid electric",0
"1937","Non-freight-carrying vehicles","Hybrid electric",0
"1938","Non-freight-carrying vehicles","Hybrid electric",0
"1939","Non-freight-carrying vehicles","Hybrid electric",0
"1940","Non-freight-carrying vehicles","Hybrid electric",0
"1941","Non-freight-carrying vehicles","Hybrid electric",0
"1942","Non-freight-carrying vehicles","Hybrid electric",0
"1943","Non-freight-carrying vehicles","Hybrid electric",0
"1944","Non-freight-carrying vehicles","Hybrid electric",0
"1945","Non-freight-carrying vehicles","Hybrid electric",0
"1946","Non-freight-carrying vehicles","Hybrid electric",0
"1947","Non-freight-carrying vehicles","Hybrid electric",0
"1948","Non-freight-carrying vehicles","Hybrid electric",0
"1949","Non-freight-carrying vehicles","Hybrid electric",0
"1950","Non-freight-carrying vehicles","Hybrid electric",0
"1951","Non-freight-carrying vehicles","Hybrid electric",0
"1952","Non-freight-carrying vehicles","Hybrid electric",0
"1953","Non-freight-carrying vehicles","Hybrid electric",0
"1954","Non-freight-carrying vehicles","Hybrid electric",0
"1955","Non-freight-carrying vehicles","Hybrid electric",0
"1956","Non-freight-carrying vehicles","Hybrid electric",0
"1957","Non-freight-carrying vehicles","Hybrid electric",0
"1958","Non-freight-carrying vehicles","Hybrid electric",0
"1959","Non-freight-carrying vehicles","Hybrid electric",0
"1960","Non-freight-carrying vehicles","Hybrid electric",0
"1961","Non-freight-carrying vehicles","Hybrid electric",0
"1962","Non-freight-carrying vehicles","Hybrid electric",0
"1963","Non-freight-carrying vehicles","Hybrid electric",0
"1964","Non-freight-carrying vehicles","Hybrid electric",0
"1965","Non-freight-carrying vehicles","Hybrid electric",0
"1966","Non-freight-carrying vehicles","Hybrid electric",0
"1967","Non-freight-carrying vehicles","Hybrid electric",0
"1968","Non-freight-carrying vehicles","Hybrid electric",0
"1969","Non-freight-carrying vehicles","Hybrid electric",0
"1970","Non-freight-carrying vehicles","Hybrid electric",0
"1971","Non-freight-carrying vehicles","Hybrid electric",0
"1972","Non-freight-carrying vehicles","Hybrid electric",0
"1973","Non-freight-carrying vehicles","Hybrid electric",0
"1974","Non-freight-carrying vehicles","Hybrid electric",0
"1975","Non-freight-carrying vehicles","Hybrid electric",0
"1976","Non-freight-carrying vehicles","Hybrid electric",0
"1977","Non-freight-carrying vehicles","Hybrid electric",0
"1978","Non-freight-carrying vehicles","Hybrid electric",0
"1979","Non-freight-carrying vehicles","Hybrid electric",0
"1980","Non-freight-carrying vehicles","Hybrid electric",0
"1981","Non-freight-carrying vehicles","Hybrid electric",0
"1982","Non-freight-carrying vehicles","Hybrid electric",0
"1983","Non-freight-carrying vehicles","Hybrid electric",0
"1984","Non-freight-carrying vehicles","Hybrid electric",0
"1985","Non-freight-carrying vehicles","Hybrid electric",0
"1986","Non-freight-carrying vehicles","Hybrid electric",0
"1987","Non-freight-carrying vehicles","Hybrid electric",0
"1988","Non-freight-carrying vehicles","Hybrid electric",0
"1989","Non-freight-carrying vehicles","Hybrid electric",0
"1990","Non-freight-carrying vehicles","Hybrid electric",0
"1991","Non-freight-carrying vehicles","Hybrid electric",0
"1992","Non-freight-carrying vehicles","Hybrid electric",0
"1993","Non-freight-carrying vehicles","Hybrid electric",0
"1994","Non-freight-carrying vehicles","Hybrid electric",0
"1995","Non-freight-carrying vehicles","Hybrid electric",0
"1996","Non-freight-carrying vehicles","Hybrid electric",0
"1997","Non-freight-carrying vehicles","Hybrid electric",0
"1998","Non-freight-carrying vehicles","Hybrid electric",0
"1999","Non-freight-carrying vehicles","Hybrid electric",0
"2000","Non-freight-carrying vehicles","Hybrid electric",0
"2001","Non-freight-carrying vehicles","Hybrid electric",0
"2002","Non-freight-carrying vehicles","Hybrid electric",0
"2003","Non-freight-carrying vehicles","Hybrid electric",0
"2004","Non-freight-carrying vehicles","Hybrid electric",0
"2005","Non-freight-carrying vehicles","Hybrid electric",0
"2006","Non-freight-carrying vehicles","Hybrid electric",0
"2007","Non-freight-carrying vehicles","Hybrid electric",0
"2008","Non-freight-carrying vehicles","Hybrid electric",3
"2009","Non-freight-carrying vehicles","Hybrid electric",0
"2010","Non-freight-carrying vehicles","Hybrid electric",0
"2011","Non-freight-carrying vehicles","Hybrid electric",0
"2012","Non-freight-carrying vehicles","Hybrid electric",0
"2013","Non-freight-carrying vehicles","Hybrid electric",0
"2014","Non-freight-carrying vehicles","Hybrid electric",0
"2015","Non-freight-carrying vehicles","Hybrid electric",0
"2016","Non-freight-carrying vehicles","Hybrid electric",0
"2017","Non-freight-carrying vehicles","Hybrid electric",3
"2018","Non-freight-carrying vehicles","Hybrid electric",5
"2019","Non-freight-carrying vehicles","Hybrid electric",3
"2020","Non-freight-carrying vehicles","Hybrid electric",3
"2021","Non-freight-carrying vehicles","Hybrid electric",0
"2022","Non-freight-carrying vehicles","Hybrid electric",3
"2023","Non-freight-carrying vehicles","Hybrid electric",0
"2024","Non-freight-carrying vehicles","Hybrid electric",0
"2025","Non-freight-carrying vehicles","Hybrid electric",0
"Not stated","Non-freight-carrying vehicles","Hybrid electric",0
"1901","Non-freight-carrying vehicles","Battery/Fuel-cell electric",0
"1902","Non-freight-carrying vehicles","Battery/Fuel-cell electric",0
"1903","Non-freight-carrying vehicles","Battery/Fuel-cell electric",0
"1904","Non-freight-carrying vehicles","Battery/Fuel-cell electric",0
"1905","Non-freight-carrying vehicles","Battery/Fuel-cell electric",0
"1906","Non-freight-carrying vehicles","Battery/Fuel-cell electric",0
"1907","Non-freight-carrying vehicles","Battery/Fuel-cell electric",0
"1908","Non-freight-carrying vehicles","Battery/Fuel-cell electric",0
"1909","Non-freight-carrying vehicles","Battery/Fuel-cell electric",0
"1910","Non-freight-carrying vehicles","Battery/Fuel-cell electric",0
"1911","Non-freight-carrying vehicles","Battery/Fuel-cell electric",0
"1912","Non-freight-carrying vehicles","Battery/Fuel-cell electric",0
"1913","Non-freight-carrying vehicles","Battery/Fuel-cell electric",0
"1914","Non-freight-carrying vehicles","Battery/Fuel-cell electric",0
"1915","Non-freight-carrying vehicles","Battery/Fuel-cell electric",0
"1916","Non-freight-carrying vehicles","Battery/Fuel-cell electric",0
"1917","Non-freight-carrying vehicles","Battery/Fuel-cell electric",0
"1918","Non-freight-carrying vehicles","Battery/Fuel-cell electric",0
"1919","Non-freight-carrying vehicles","Battery/Fuel-cell electric",0
"1920","Non-freight-carrying vehicles","Battery/Fuel-cell electric",0
"1921","Non-freight-carrying vehicles","Battery/Fuel-cell electric",0
"1922","Non-freight-carrying vehicles","Battery/Fuel-cell electric",0
"1923","Non-freight-carrying vehicles","Battery/Fuel-cell electric",0
"1924","Non-freight-carrying vehicles","Battery/Fuel-cell electric",0
"1925","Non-freight-carrying vehicles","Battery/Fuel-cell electric",0
"1926","Non-freight-carrying vehicles","Battery/Fuel-cell electric",0
"1927","Non-freight-carrying vehicles","Battery/Fuel-cell electric",0
"1928","Non-freight-carrying vehicles","Battery/Fuel-cell electric",0
"1929","Non-freight-carrying vehicles","Battery/Fuel-cell electric",0
"1930","Non-freight-carrying vehicles","Battery/Fuel-cell electric",0
"1931","Non-freight-carrying vehicles","Battery/Fuel-cell electric",0
"1932","Non-freight-carrying vehicles","Battery/Fuel-cell electric",0
"1933","Non-freight-carrying vehicles","Battery/Fuel-cell electric",0
"1934","Non-freight-carrying vehicles","Battery/Fuel-cell electric",0
"1935","Non-freight-carrying vehicles","Battery/Fuel-cell electric",0
"1936","Non-freight-carrying vehicles","Battery/Fuel-cell electric",0
"1937","Non-freight-carrying vehicles","Battery/Fuel-cell electric",0
"1938","Non-freight-carrying vehicles","Battery/Fuel-cell electric",0
"1939","Non-freight-carrying vehicles","Battery/Fuel-cell electric",0
"1940","Non-freight-carrying vehicles","Battery/Fuel-cell electric",0
"1941","Non-freight-carrying vehicles","Battery/Fuel-cell electric",0
"1942","Non-freight-carrying vehicles","Battery/Fuel-cell electric",0
"1943","Non-freight-carrying vehicles","Battery/Fuel-cell electric",0
"1944","Non-freight-carrying vehicles","Battery/Fuel-cell electric",0
"1945","Non-freight-carrying vehicles","Battery/Fuel-cell electric",0
"1946","Non-freight-carrying vehicles","Battery/Fuel-cell electric",0
"1947","Non-freight-carrying vehicles","Battery/Fuel-cell electric",0
"1948","Non-freight-carrying vehicles","Battery/Fuel-cell electric",0
"1949","Non-freight-carrying vehicles","Battery/Fuel-cell electric",0
"1950","Non-freight-carrying vehicles","Battery/Fuel-cell electric",0
"1951","Non-freight-carrying vehicles","Battery/Fuel-cell electric",0
"1952","Non-freight-carrying vehicles","Battery/Fuel-cell electric",0
"1953","Non-freight-carrying vehicles","Battery/Fuel-cell electric",0
"1954","Non-freight-carrying vehicles","Battery/Fuel-cell electric",0
"1955","Non-freight-carrying vehicles","Battery/Fuel-cell electric",0
"1956","Non-freight-carrying vehicles","Battery/Fuel-cell electric",0
"1957","Non-freight-carrying vehicles","Battery/Fuel-cell electric",0
"1958","Non-freight-carrying vehicles","Battery/Fuel-cell electric",0
"1959","Non-freight-carrying vehicles","Battery/Fuel-cell electric",0
"1960","Non-freight-carrying vehicles","Battery/Fuel-cell electric",0
"1961","Non-freight-carrying vehicles","Battery/Fuel-cell electric",0
"1962","Non-freight-carrying vehicles","Battery/Fuel-cell electric",0
"1963","Non-freight-carrying vehicles","Battery/Fuel-cell electric",0
"1964","Non-freight-carrying vehicles","Battery/Fuel-cell electric",0
"1965","Non-freight-carrying vehicles","Battery/Fuel-cell electric",0
"1966","Non-freight-carrying vehicles","Battery/Fuel-cell electric",0
"1967","Non-freight-carrying vehicles","Battery/Fuel-cell electric",0
"1968","Non-freight-carrying vehicles","Battery/Fuel-cell electric",0
"1969","Non-freight-carrying vehicles","Battery/Fuel-cell electric",0
"1970","Non-freight-carrying vehicles","Battery/Fuel-cell electric",0
"1971","Non-freight-carrying vehicles","Battery/Fuel-cell electric",0
"1972","Non-freight-carrying vehicles","Battery/Fuel-cell electric",0
"1973","Non-freight-carrying vehicles","Battery/Fuel-cell electric",0
"1974","Non-freight-carrying vehicles","Battery/Fuel-cell electric",0
"1975","Non-freight-carrying vehicles","Battery/Fuel-cell electric",0
"1976","Non-freight-carrying vehicles","Battery/Fuel-cell electric",0
"1977","Non-freight-carrying vehicles","Battery/Fuel-cell electric",0
"1978","Non-freight-carrying vehicles","Battery/Fuel-cell electric",0
"1979","Non-freight-carrying vehicles","Battery/Fuel-cell electric",0
"1980","Non-freight-carrying vehicles","Battery/Fuel-cell electric",0
"1981","Non-freight-carrying vehicles","Battery/Fuel-cell electric",0
"1982","Non-freight-carrying vehicles","Battery/Fuel-cell electric",0
"1983","Non-freight-carrying vehicles","Battery/Fuel-cell electric",0
"1984","Non-freight-carrying vehicles","Battery/Fuel-cell electric",0
"1985","Non-freight-carrying vehicles","Battery/Fuel-cell electric",0
"1986","Non-freight-carrying vehicles","Battery/Fuel-cell electric",0
"1987","Non-freight-carrying vehicles","Battery/Fuel-cell electric",0
"1988","Non-freight-carrying vehicles","Battery/Fuel-cell electric",0
"1989","Non-freight-carrying vehicles","Battery/Fuel-cell electric",0
"1990","Non-freight-carrying vehicles","Battery/Fuel-cell electric",0
"1991","Non-freight-carrying vehicles","Battery/Fuel-cell electric",0
"1992","Non-freight-carrying vehicles","Battery/Fuel-cell electric",0
"1993","Non-freight-carrying vehicles","Battery/Fuel-cell electric",0
"1994","Non-freight-carrying vehicles","Battery/Fuel-cell electric",0
"1995","Non-freight-carrying vehicles","Battery/Fuel-cell electric",0
"1996","Non-freight-carrying vehicles","Battery/Fuel-cell electric",0
"1997","Non-freight-carrying vehicles","Battery/Fuel-cell electric",0
"1998","Non-freight-carrying vehicles","Battery/Fuel-cell electric",0
"1999","Non-freight-carrying vehicles","Battery/Fuel-cell electric",0
"2000","Non-freight-carrying vehicles","Battery/Fuel-cell electric",0
"2001","Non-freight-carrying vehicles","Battery/Fuel-cell electric",0
"2002","Non-freight-carrying vehicles","Battery/Fuel-cell electric",3
"2003","Non-freight-carrying vehicles","Battery/Fuel-cell electric",0
"2004","Non-freight-carrying vehicles","Battery/Fuel-cell electric",3
"2005","Non-freight-carrying vehicles","Battery/Fuel-cell electric",0
"2006","Non-freight-carrying vehicles","Battery/Fuel-cell electric",0
"2007","Non-freight-carrying vehicles","Battery/Fuel-cell electric",3
"2008","Non-freight-carrying vehicles","Battery/Fuel-cell electric",0
"2009","Non-freight-carrying vehicles","Battery/Fuel-cell electric",3
"2010","Non-freight-carrying vehicles","Battery/Fuel-cell electric",0
"2011","Non-freight-carrying vehicles","Battery/Fuel-cell electric",3
"2012","Non-freight-carrying vehicles","Battery/Fuel-cell electric",0
"2013","Non-freight-carrying vehicles","Battery/Fuel-cell electric",0
"2014","Non-freight-carrying vehicles","Battery/Fuel-cell electric",0
"2015","Non-freight-carrying vehicles","Battery/Fuel-cell electric",5
"2016","Non-freight-carrying vehicles","Battery/Fuel-cell electric",5
"2017","Non-freight-carrying vehicles","Battery/Fuel-cell electric",0
"2018","Non-freight-carrying vehicles","Battery/Fuel-cell electric",0
"2019","Non-freight-carrying vehicles","Battery/Fuel-cell electric",4
"2020","Non-freight-carrying vehicles","Battery/Fuel-cell electric",0
"2021","Non-freight-carrying vehicles","Battery/Fuel-cell electric",0
"2022","Non-freight-carrying vehicles","Battery/Fuel-cell electric",4
"2023","Non-freight-carrying vehicles","Battery/Fuel-cell electric",7
"2024","Non-freight-carrying vehicles","Battery/Fuel-cell electric",4
"2025","Non-freight-carrying vehicles","Battery/Fuel-cell electric",0
"Not stated","Non-freight-carrying vehicles","Battery/Fuel-cell electric",3
"1901","Non-freight-carrying vehicles","Other",0
"1902","Non-freight-carrying vehicles","Other",0
"1903","Non-freight-carrying vehicles","Other",0
"1904","Non-freight-carrying vehicles","Other",0
"1905","Non-freight-carrying vehicles","Other",0
"1906","Non-freight-carrying vehicles","Other",0
"1907","Non-freight-carrying vehicles","Other",0
"1908","Non-freight-carrying vehicles","Other",0
"1909","Non-freight-carrying vehicles","Other",0
"1910","Non-freight-carrying vehicles","Other",0
"1911","Non-freight-carrying vehicles","Other",0
"1912","Non-freight-carrying vehicles","Other",3
"1913","Non-freight-carrying vehicles","Other",0
"1914","Non-freight-carrying vehicles","Other",0
"1915","Non-freight-carrying vehicles","Other",0
"1916","Non-freight-carrying vehicles","Other",0
"1917","Non-freight-carrying vehicles","Other",0
"1918","Non-freight-carrying vehicles","Other",0
"1919","Non-freight-carrying vehicles","Other",0
"1920","Non-freight-carrying vehicles","Other",0
"1921","Non-freight-carrying vehicles","Other",0
"1922","Non-freight-carrying vehicles","Other",0
"1923","Non-freight-carrying vehicles","Other",0
"1924","Non-freight-carrying vehicles","Other",0
"1925","Non-freight-carrying vehicles","Other",0
"1926","Non-freight-carrying vehicles","Other",0
"1927","Non-freight-carrying vehicles","Other",0
"1928","Non-freight-carrying vehicles","Other",0
"1929","Non-freight-carrying vehicles","Other",0
"1930","Non-freight-carrying vehicles","Other",0
"1931","Non-freight-carrying vehicles","Other",0
"1932","Non-freight-carrying vehicles","Other",0
"1933","Non-freight-carrying vehicles","Other",0
"1934","Non-freight-carrying vehicles","Other",0
"1935","Non-freight-carrying vehicles","Other",0
"1936","Non-freight-carrying vehicles","Other",0
"1937","Non-freight-carrying vehicles","Other",0
"1938","Non-freight-carrying vehicles","Other",0
"1939","Non-freight-carrying vehicles","Other",0
"1940","Non-freight-carrying vehicles","Other",0
"1941","Non-freight-carrying vehicles","Other",0
"1942","Non-freight-carrying vehicles","Other",0
"1943","Non-freight-carrying vehicles","Other",0
"1944","Non-freight-carrying vehicles","Other",0
"1945","Non-freight-carrying vehicles","Other",0
"1946","Non-freight-carrying vehicles","Other",0
"1947","Non-freight-carrying vehicles","Other",0
"1948","Non-freight-carrying vehicles","Other",0
"1949","Non-freight-carrying vehicles","Other",0
"1950","Non-freight-carrying vehicles","Other",0
"1951","Non-freight-carrying vehicles","Other",0
"1952","Non-freight-carrying vehicles","Other",0
"1953","Non-freight-carrying vehicles","Other",0
"1954","Non-freight-carrying vehicles","Other",0
"1955","Non-freight-carrying vehicles","Other",0
"1956","Non-freight-carrying vehicles","Other",0
"1957","Non-freight-carrying vehicles","Other",0
"1958","Non-freight-carrying vehicles","Other",0
"1959","Non-freight-carrying vehicles","Other",0
"1960","Non-freight-carrying vehicles","Other",0
"1961","Non-freight-carrying vehicles","Other",0
"1962","Non-freight-carrying vehicles","Other",0
"1963","Non-freight-carrying vehicles","Other",0
"1964","Non-freight-carrying vehicles","Other",0
"1965","Non-freight-carrying vehicles","Other",0
"1966","Non-freight-carrying vehicles","Other",0
"1967","Non-freight-carrying vehicles","Other",0
"1968","Non-freight-carrying vehicles","Other",0
"1969","Non-freight-carrying vehicles","Other",0
"1970","Non-freight-carrying vehicles","Other",0
"1971","Non-freight-carrying vehicles","Other",3
"1972","Non-freight-carrying vehicles","Other",3
"1973","Non-freight-carrying vehicles","Other",0
"1974","Non-freight-carrying vehicles","Other",0
"1975","Non-freight-carrying vehicles","Other",4
"1976","Non-freight-carrying vehicles","Other",0
"1977","Non-freight-carrying vehicles","Other",3
"1978","Non-freight-carrying vehicles","Other",4
"1979","Non-freight-carrying vehicles","Other",3
"1980","Non-freight-carrying vehicles","Other",0
"1981","Non-freight-carrying vehicles","Other",11
"1982","Non-freight-carrying vehicles","Other",3
"1983","Non-freight-carrying vehicles","Other",0
"1984","Non-freight-carrying vehicles","Other",8
"1985","Non-freight-carrying vehicles","Other",0
"1986","Non-freight-carrying vehicles","Other",0
"1987","Non-freight-carrying vehicles","Other",3
"1988","Non-freight-carrying vehicles","Other",0
"1989","Non-freight-carrying vehicles","Other",0
"1990","Non-freight-carrying vehicles","Other",0
"1991","Non-freight-carrying vehicles","Other",0
"1992","Non-freight-carrying vehicles","Other",0
"1993","Non-freight-carrying vehicles","Other",0
"1994","Non-freight-carrying vehicles","Other",3
"1995","Non-freight-carrying vehicles","Other",0
"1996","Non-freight-carrying vehicles","Other",3
"1997","Non-freight-carrying vehicles","Other",0
"1998","Non-freight-carrying vehicles","Other",3
"1999","Non-freight-carrying vehicles","Other",0
"2000","Non-freight-carrying vehicles","Other",0
"2001","Non-freight-carrying vehicles","Other",0
"2002","Non-freight-carrying vehicles","Other",0
"2003","Non-freight-carrying vehicles","Other",3
"2004","Non-freight-carrying vehicles","Other",0
"2005","Non-freight-carrying vehicles","Other",0
"2006","Non-freight-carrying vehicles","Other",0
"2007","Non-freight-carrying vehicles","Other",3
"2008","Non-freight-carrying vehicles","Other",0
"2009","Non-freight-carrying vehicles","Other",3
"2010","Non-freight-carrying vehicles","Other",3
"2011","Non-freight-carrying vehicles","Other",0
"2012","Non-freight-carrying vehicles","Other",3
"2013","Non-freight-carrying vehicles","Other",5
"2014","Non-freight-carrying vehicles","Other",8
"2015","Non-freight-carrying vehicles","Other",0
"2016","Non-freight-carrying vehicles","Other",0
"2017","Non-freight-carrying vehicles","Other",0
"2018","Non-freight-carrying vehicles","Other",3
"2019","Non-freight-carrying vehicles","Other",0
"2020","Non-freight-carrying vehicles","Other",0
"2021","Non-freight-carrying vehicles","Other",0
"2022","Non-freight-carrying vehicles","Other",0
"2023","Non-freight-carrying vehicles","Other",0
"2024","Non-freight-carrying vehicles","Other",0
"2025","Non-freight-carrying vehicles","Other",0
"Not stated","Non-freight-carrying vehicles","Other",3
"1901","Campervans","Petrol",0
"1902","Campervans","Petrol",0
"1903","Campervans","Petrol",0
"1904","Campervans","Petrol",0
"1905","Campervans","Petrol",0
"1906","Campervans","Petrol",0
"1907","Campervans","Petrol",0
"1908","Campervans","Petrol",0
"1909","Campervans","Petrol",0
"1910","Campervans","Petrol",0
"1911","Campervans","Petrol",0
"1912","Campervans","Petrol",0
"1913","Campervans","Petrol",0
"1914","Campervans","Petrol",0
"1915","Campervans","Petrol",0
"1916","Campervans","Petrol",0
"1917","Campervans","Petrol",0
"1918","Campervans","Petrol",0
"1919","Campervans","Petrol",0
"1920","Campervans","Petrol",0
"1921","Campervans","Petrol",0
"1922","Campervans","Petrol",0
"1923","Campervans","Petrol",3
"1924","Campervans","Petrol",0
"1925","Campervans","Petrol",0
"1926","Campervans","Petrol",0
"1927","Campervans","Petrol",0
"1928","Campervans","Petrol",0
"1929","Campervans","Petrol",0
"1930","Campervans","Petrol",0
"1931","Campervans","Petrol",0
"1932","Campervans","Petrol",0
"1933","Campervans","Petrol",0
"1934","Campervans","Petrol",3
"1935","Campervans","Petrol",0
"1936","Campervans","Petrol",0
"1937","Campervans","Petrol",0
"1938","Campervans","Petrol",0
"1939","Campervans","Petrol",0
"1940","Campervans","Petrol",3
"1941","Campervans","Petrol",0
"1942","Campervans","Petrol",0
"1943","Campervans","Petrol",0
"1944","Campervans","Petrol",0
"1945","Campervans","Petrol",0
"1946","Campervans","Petrol",0
"1947","Campervans","Petrol",0
"1948","Campervans","Petrol",3
"1949","Campervans","Petrol",3
"1950","Campervans","Petrol",0
"1951","Campervans","Petrol",0
"1952","Campervans","Petrol",0
"1953","Campervans","Petrol",3
"1954","Campervans","Petrol",0
"1955","Campervans","Petrol",4
"1956","Campervans","Petrol",4
"1957","Campervans","Petrol",3
"1958","Campervans","Petrol",3
"1959","Campervans","Petrol",3
"1960","Campervans","Petrol",5
"1961","Campervans","Petrol",3
"1962","Campervans","Petrol",6
"1963","Campervans","Petrol",9
"1964","Campervans","Petrol",9
"1965","Campervans","Petrol",13
"1966","Campervans","Petrol",17
"1967","Campervans","Petrol",14
"1968","Campervans","Petrol",17
"1969","Campervans","Petrol",26
"1970","Campervans","Petrol",31
"1971","Campervans","Petrol",33
"1972","Campervans","Petrol",53
"1973","Campervans","Petrol",98
"1974","Campervans","Petrol",222
"1975","Campervans","Petrol",229
"1976","Campervans","Petrol",310
"1977","Campervans","Petrol",162
"1978","Campervans","Petrol",102
"1979","Campervans","Petrol",95
"1980","Campervans","Petrol",44
"1981","Campervans","Petrol",58
"1982","Campervans","Petrol",100
"1983","Campervans","Petrol",116
"1984","Campervans","Petrol",151
"1985","Campervans","Petrol",219
"1986","Campervans","Petrol",138
"1987","Campervans","Petrol",112
"1988","Campervans","Petrol",168
"1989","Campervans","Petrol",171
"1990","Campervans","Petrol",182
"1991","Campervans","Petrol",152
"1992","Campervans","Petrol",151
"1993","Campervans","Petrol",162
"1994","Campervans","Petrol",163
"1995","Campervans","Petrol",165
"1996","Campervans","Petrol",184
"1997","Campervans","Petrol",300
"1998","Campervans","Petrol",540
"1999","Campervans","Petrol",753
"2000","Campervans","Petrol",1192
"2001","Campervans","Petrol",1460
"2002","Campervans","Petrol",2345
"2003","Campervans","Petrol",3714
"2004","Campervans","Petrol",4276
"2005","Campervans","Petrol",3629
"2006","Campervans","Petrol",3420
"2007","Campervans","Petrol",2542
"2008","Campervans","Petrol",1957
"2009","Campervans","Petrol",1289
"2010","Campervans","Petrol",1493
"2011","Campervans","Petrol",898
"2012","Campervans","Petrol",757
"2013","Campervans","Petrol",530
"2014","Campervans","Petrol",374
"2015","Campervans","Petrol",517
"2016","Campervans","Petrol",547
"2017","Campervans","Petrol",576
"2018","Campervans","Petrol",414
"2019","Campervans","Petrol",213
"2020","Campervans","Petrol",110
"2021","Campervans","Petrol",104
"2022","Campervans","Petrol",74
"2023","Campervans","Petrol",27
"2024","Campervans","Petrol",20
"2025","Campervans","Petrol",0
"Not stated","Campervans","Petrol",0
"1901","Campervans","Diesel",0
"1902","Campervans","Diesel",0
"1903","Campervans","Diesel",0
"1904","Campervans","Diesel",0
"1905","Campervans","Diesel",0
"1906","Campervans","Diesel",0
"1907","Campervans","Diesel",0
"1908","Campervans","Diesel",0
"1909","Campervans","Diesel",0
"1910","Campervans","Diesel",0
"1911","Campervans","Diesel",0
"1912","Campervans","Diesel",0
"1913","Campervans","Diesel",0
"1914","Campervans","Diesel",0
"1915","Campervans","Diesel",0
"1916","Campervans","Diesel",0
"1917","Campervans","Diesel",0
"1918","Campervans","Diesel",0
"1919","Campervans","Diesel",0
"1920","Campervans","Diesel",0
"1921","Campervans","Diesel",0
"1922","Campervans","Diesel",0
"1923","Campervans","Diesel",0
"1924","Campervans","Diesel",0
"1925","Campervans","Diesel",0
"1926","Campervans","Diesel",0
"1927","Campervans","Diesel",0
"1928","Campervans","Diesel",0
"1929","Campervans","Diesel",0
"1930","Campervans","Diesel",0
"1931","Campervans","Diesel",0
"1932","Campervans","Diesel",0
"1933","Campervans","Diesel",0
"1934","Campervans","Diesel",0
"1935","Campervans","Diesel",0
"1936","Campervans","Diesel",0
"1937","Campervans","Diesel",0
"1938","Campervans","Diesel",0
"1939","Campervans","Diesel",0
"1940","Campervans","Diesel",0
"1941","Campervans","Diesel",0
"1942","Campervans","Diesel",0
"1943","Campervans","Diesel",3
"1944","Campervans","Diesel",0
"1945","Campervans","Diesel",0
"1946","Campervans","Diesel",0
"1947","Campervans","Diesel",3
"1948","Campervans","Diesel",3
"1949","Campervans","Diesel",0
"1950","Campervans","Diesel",0
"1951","Campervans","Diesel",0
"1952","Campervans","Diesel",3
"1953","Campervans","Diesel",0
"1954","Campervans","Diesel",0
"1955","Campervans","Diesel",0
"1956","Campervans","Diesel",3
"1957","Campervans","Diesel",4
"1958","Campervans","Diesel",3
"1959","Campervans","Diesel",3
"1960","Campervans","Diesel",0
"1961","Campervans","Diesel",3
"1962","Campervans","Diesel",5
"1963","Campervans","Diesel",3
"1964","Campervans","Diesel",5
"1965","Campervans","Diesel",4
"1966","Campervans","Diesel",10
"1967","Campervans","Diesel",7
"1968","Campervans","Diesel",17
"1969","Campervans","Diesel",23
"1970","Campervans","Diesel",24
"1971","Campervans","Diesel",31
"1972","Campervans","Diesel",34
"1973","Campervans","Diesel",34
"1974","Campervans","Diesel",42
"1975","Campervans","Diesel",42
"1976","Campervans","Diesel",56
"1977","Campervans","Diesel",47
"1978","Campervans","Diesel",67
"1979","Campervans","Diesel",87
"1980","Campervans","Diesel",98
"1981","Campervans","Diesel",148
"1982","Campervans","Diesel",179
"1983","Campervans","Diesel",239
"1984","Campervans","Diesel",356
"1985","Campervans","Diesel",450
"1986","Campervans","Diesel",514
"1987","Campervans","Diesel",604
"1988","Campervans","Diesel",878
"1989","Campervans","Diesel",628
"1990","Campervans","Diesel",529
"1991","Campervans","Diesel",476
"1992","Campervans","Diesel",608
"1993","Campervans","Diesel",606
"1994","Campervans","Diesel",753
"1995","Campervans","Diesel",868
"1996","Campervans","Diesel",842
"1997","Campervans","Diesel",895
"1998","Campervans","Diesel",919
"1999","Campervans","Diesel",983
"2000","Campervans","Diesel",1064
"2001","Campervans","Diesel",1206
"2002","Campervans","Diesel",1138
"2003","Campervans","Diesel",1159
"2004","Campervans","Diesel",1390
"2005","Campervans","Diesel",1464
"2006","Campervans","Diesel",1705
"2007","Campervans","Diesel",1959
"2008","Campervans","Diesel",2069
"2009","Campervans","Diesel",1410
"2010","Campervans","Diesel",2291
"2011","Campervans","Diesel",1814
"2012","Campervans","Diesel",1663
"2013","Campervans","Diesel",1686
"2014","Campervans","Diesel",1791
"2015","Campervans","Diesel",2167
"2016","Campervans","Diesel",2344
"2017","Campervans","Diesel",2461
"2018","Campervans","Diesel",2750
"2019","Campervans","Diesel",2408
"2020","Campervans","Diesel",1801
"2021","Campervans","Diesel",3288
"2022","Campervans","Diesel",3189
"2023","Campervans","Diesel",3866
"2024","Campervans","Diesel",4228
"2025","Campervans","Diesel",68
"Not stated","Campervans","Diesel",3
"1901","Campervans","Dual fuel",0
"1902","Campervans","Dual fuel",0
"1903","Campervans","Dual fuel",0
"1904","Campervans","Dual fuel",0
"1905","Campervans","Dual fuel",0
"1906","Campervans","Dual fuel",0
"1907","Campervans","Dual fuel",0
"1908","Campervans","Dual fuel",0
"1909","Campervans","Dual fuel",0
"1910","Campervans","Dual fuel",0
"1911","Campervans","Dual fuel",0
"1912","Campervans","Dual fuel",0
"1913","Campervans","Dual fuel",0
"1914","Campervans","Dual fuel",0
"1915","Campervans","Dual fuel",0
"1916","Campervans","Dual fuel",0
"1917","Campervans","Dual fuel",0
"1918","Campervans","Dual fuel",0
"1919","Campervans","Dual fuel",0
"1920","Campervans","Dual fuel",0
"1921","Campervans","Dual fuel",0
"1922","Campervans","Dual fuel",0
"1923","Campervans","Dual fuel",0
"1924","Campervans","Dual fuel",0
"1925","Campervans","Dual fuel",0
"1926","Campervans","Dual fuel",0
"1927","Campervans","Dual fuel",0
"1928","Campervans","Dual fuel",0
"1929","Campervans","Dual fuel",0
"1930","Campervans","Dual fuel",0
"1931","Campervans","Dual fuel",0
"1932","Campervans","Dual fuel",0
"1933","Campervans","Dual fuel",0
"1934","Campervans","Dual fuel",0
"1935","Campervans","Dual fuel",0
"1936","Campervans","Dual fuel",0
"1937","Campervans","Dual fuel",0
"1938","Campervans","Dual fuel",0
"1939","Campervans","Dual fuel",0
"1940","Campervans","Dual fuel",0
"1941","Campervans","Dual fuel",0
"1942","Campervans","Dual fuel",0
"1943","Campervans","Dual fuel",0
"1944","Campervans","Dual fuel",0
"1945","Campervans","Dual fuel",0
"1946","Campervans","Dual fuel",0
"1947","Campervans","Dual fuel",0
"1948","Campervans","Dual fuel",0
"1949","Campervans","Dual fuel",3
"1950","Campervans","Dual fuel",0
"1951","Campervans","Dual fuel",0
"1952","Campervans","Dual fuel",0
"1953","Campervans","Dual fuel",0
"1954","Campervans","Dual fuel",0
"1955","Campervans","Dual fuel",0
"1956","Campervans","Dual fuel",0
"1957","Campervans","Dual fuel",0
"1958","Campervans","Dual fuel",3
"1959","Campervans","Dual fuel",0
"1960","Campervans","Dual fuel",0
"1961","Campervans","Dual fuel",0
"1962","Campervans","Dual fuel",0
"1963","Campervans","Dual fuel",0
"1964","Campervans","Dual fuel",3
"1965","Campervans","Dual fuel",3
"1966","Campervans","Dual fuel",3
"1967","Campervans","Dual fuel",0
"1968","Campervans","Dual fuel",3
"1969","Campervans","Dual fuel",3
"1970","Campervans","Dual fuel",5
"1971","Campervans","Dual fuel",4
"1972","Campervans","Dual fuel",3
"1973","Campervans","Dual fuel",11
"1974","Campervans","Dual fuel",10
"1975","Campervans","Dual fuel",11
"1976","Campervans","Dual fuel",13
"1977","Campervans","Dual fuel",10
"1978","Campervans","Dual fuel",16
"1979","Campervans","Dual fuel",8
"1980","Campervans","Dual fuel",13
"1981","Campervans","Dual fuel",10
"1982","Campervans","Dual fuel",13
"1983","Campervans","Dual fuel",8
"1984","Campervans","Dual fuel",8
"1985","Campervans","Dual fuel",17
"1986","Campervans","Dual fuel",12
"1987","Campervans","Dual fuel",21
"1988","Campervans","Dual fuel",20
"1989","Campervans","Dual fuel",14
"1990","Campervans","Dual fuel",11
"1991","Campervans","Dual fuel",13
"1992","Campervans","Dual fuel",14
"1993","Campervans","Dual fuel",20
"1994","Campervans","Dual fuel",28
"1995","Campervans","Dual fuel",12
"1996","Campervans","Dual fuel",21
"1997","Campervans","Dual fuel",22
"1998","Campervans","Dual fuel",37
"1999","Campervans","Dual fuel",30
"2000","Campervans","Dual fuel",21
"2001","Campervans","Dual fuel",29
"2002","Campervans","Dual fuel",20
"2003","Campervans","Dual fuel",25
"2004","Campervans","Dual fuel",36
"2005","Campervans","Dual fuel",15
"2006","Campervans","Dual fuel",16
"2007","Campervans","Dual fuel",25
"2008","Campervans","Dual fuel",22
"2009","Campervans","Dual fuel",11
"2010","Campervans","Dual fuel",15
"2011","Campervans","Dual fuel",17
"2012","Campervans","Dual fuel",17
"2013","Campervans","Dual fuel",6
"2014","Campervans","Dual fuel",0
"2015","Campervans","Dual fuel",4
"2016","Campervans","Dual fuel",4
"2017","Campervans","Dual fuel",5
"2018","Campervans","Dual fuel",3
"2019","Campervans","Dual fuel",0
"2020","Campervans","Dual fuel",3
"2021","Campervans","Dual fuel",5
"2022","Campervans","Dual fuel",0
"2023","Campervans","Dual fuel",0
"2024","Campervans","Dual fuel",0
"2025","Campervans","Dual fuel",0
"Not stated","Campervans","Dual fuel",0
"1901","Campervans","Hybrid electric",0
"1902","Campervans","Hybrid electric",0
"1903","Campervans","Hybrid electric",0
"1904","Campervans","Hybrid electric",0
"1905","Campervans","Hybrid electric",0
"1906","Campervans","Hybrid electric",0
"1907","Campervans","Hybrid electric",0
"1908","Campervans","Hybrid electric",0
"1909","Campervans","Hybrid electric",0
"1910","Campervans","Hybrid electric",0
"1911","Campervans","Hybrid electric",0
"1912","Campervans","Hybrid electric",0
"1913","Campervans","Hybrid electric",0
"1914","Campervans","Hybrid electric",0
"1915","Campervans","Hybrid electric",0
"1916","Campervans","Hybrid electric",0
"1917","Campervans","Hybrid electric",0
"1918","Campervans","Hybrid electric",0
"1919","Campervans","Hybrid electric",0
"1920","Campervans","Hybrid electric",0
"1921","Campervans","Hybrid electric",0
"1922","Campervans","Hybrid electric",0
"1923","Campervans","Hybrid electric",0
"1924","Campervans","Hybrid electric",0
"1925","Campervans","Hybrid electric",0
"1926","Campervans","Hybrid electric",0
"1927","Campervans","Hybrid electric",0
"1928","Campervans","Hybrid electric",0
"1929","Campervans","Hybrid electric",0
"1930","Campervans","Hybrid electric",0
"1931","Campervans","Hybrid electric",0
"1932","Campervans","Hybrid electric",0
"1933","Campervans","Hybrid electric",0
"1934","Campervans","Hybrid electric",0
"1935","Campervans","Hybrid electric",0
"1936","Campervans","Hybrid electric",0
"1937","Campervans","Hybrid electric",0
"1938","Campervans","Hybrid electric",0
"1939","Campervans","Hybrid electric",0
"1940","Campervans","Hybrid electric",0
"1941","Campervans","Hybrid electric",0
"1942","Campervans","Hybrid electric",0
"1943","Campervans","Hybrid electric",0
"1944","Campervans","Hybrid electric",0
"1945","Campervans","Hybrid electric",0
"1946","Campervans","Hybrid electric",0
"1947","Campervans","Hybrid electric",0
"1948","Campervans","Hybrid electric",0
"1949","Campervans","Hybrid electric",0
"1950","Campervans","Hybrid electric",0
"1951","Campervans","Hybrid electric",0
"1952","Campervans","Hybrid electric",0
"1953","Campervans","Hybrid electric",0
"1954","Campervans","Hybrid electric",0
"1955","Campervans","Hybrid electric",0
"1956","Campervans","Hybrid electric",0
"1957","Campervans","Hybrid electric",0
"1958","Campervans","Hybrid electric",0
"1959","Campervans","Hybrid electric",0
"1960","Campervans","Hybrid electric",0
"1961","Campervans","Hybrid electric",0
"1962","Campervans","Hybrid electric",0
"1963","Campervans","Hybrid electric",0
"1964","Campervans","Hybrid electric",0
"1965","Campervans","Hybrid electric",0
"1966","Campervans","Hybrid electric",0
"1967","Campervans","Hybrid electric",0
"1968","Campervans","Hybrid electric",0
"1969","Campervans","Hybrid electric",0
"1970","Campervans","Hybrid electric",0
"1971","Campervans","Hybrid electric",0
"1972","Campervans","Hybrid electric",0
"1973","Campervans","Hybrid electric",0
"1974","Campervans","Hybrid electric",0
"1975","Campervans","Hybrid electric",0
"1976","Campervans","Hybrid electric",0
"1977","Campervans","Hybrid electric",0
"1978","Campervans","Hybrid electric",0
"1979","Campervans","Hybrid electric",0
"1980","Campervans","Hybrid electric",0
"1981","Campervans","Hybrid electric",0
"1982","Campervans","Hybrid electric",0
"1983","Campervans","Hybrid electric",0
"1984","Campervans","Hybrid electric",0
"1985","Campervans","Hybrid electric",0
"1986","Campervans","Hybrid electric",0
"1987","Campervans","Hybrid electric",0
"1988","Campervans","Hybrid electric",0
"1989","Campervans","Hybrid electric",0
"1990","Campervans","Hybrid electric",0
"1991","Campervans","Hybrid electric",0
"1992","Campervans","Hybrid electric",0
"1993","Campervans","Hybrid electric",0
"1994","Campervans","Hybrid electric",0
"1995","Campervans","Hybrid electric",0
"1996","Campervans","Hybrid electric",0
"1997","Campervans","Hybrid electric",0
"1998","Campervans","Hybrid electric",0
"1999","Campervans","Hybrid electric",0
"2000","Campervans","Hybrid electric",0
"2001","Campervans","Hybrid electric",0
"2002","Campervans","Hybrid electric",0
"2003","Campervans","Hybrid electric",0
"2004","Campervans","Hybrid electric",0
"2005","Campervans","Hybrid electric",0
"2006","Campervans","Hybrid electric",6
"2007","Campervans","Hybrid electric",5
"2008","Campervans","Hybrid electric",13
"2009","Campervans","Hybrid electric",8
"2010","Campervans","Hybrid electric",12
"2011","Campervans","Hybrid electric",8
"2012","Campervans","Hybrid electric",3
"2013","Campervans","Hybrid electric",3
"2014","Campervans","Hybrid electric",3
"2015","Campervans","Hybrid electric",0
"2016","Campervans","Hybrid electric",4
"2017","Campervans","Hybrid electric",0
"2018","Campervans","Hybrid electric",0
"2019","Campervans","Hybrid electric",19
"2020","Campervans","Hybrid electric",14
"2021","Campervans","Hybrid electric",3
"2022","Campervans","Hybrid electric",0
"2023","Campervans","Hybrid electric",0
"2024","Campervans","Hybrid electric",0
"2025","Campervans","Hybrid electric",0
"Not stated","Campervans","Hybrid electric",0
"1901","Campervans","Battery/Fuel-cell electric",0
"1902","Campervans","Battery/Fuel-cell electric",0
"1903","Campervans","Battery/Fuel-cell electric",0
"1904","Campervans","Battery/Fuel-cell electric",0
"1905","Campervans","Battery/Fuel-cell electric",0
"1906","Campervans","Battery/Fuel-cell electric",0
"1907","Campervans","Battery/Fuel-cell electric",0
"1908","Campervans","Battery/Fuel-cell electric",0
"1909","Campervans","Battery/Fuel-cell electric",0
"1910","Campervans","Battery/Fuel-cell electric",0
"1911","Campervans","Battery/Fuel-cell electric",0
"1912","Campervans","Battery/Fuel-cell electric",0
"1913","Campervans","Battery/Fuel-cell electric",0
"1914","Campervans","Battery/Fuel-cell electric",0
"1915","Campervans","Battery/Fuel-cell electric",0
"1916","Campervans","Battery/Fuel-cell electric",0
"1917","Campervans","Battery/Fuel-cell electric",0
"1918","Campervans","Battery/Fuel-cell electric",0
"1919","Campervans","Battery/Fuel-cell electric",0
"1920","Campervans","Battery/Fuel-cell electric",0
"1921","Campervans","Battery/Fuel-cell electric",0
"1922","Campervans","Battery/Fuel-cell electric",0
"1923","Campervans","Battery/Fuel-cell electric",0
"1924","Campervans","Battery/Fuel-cell electric",0
"1925","Campervans","Battery/Fuel-cell electric",0
"1926","Campervans","Battery/Fuel-cell electric",0
"1927","Campervans","Battery/Fuel-cell electric",0
"1928","Campervans","Battery/Fuel-cell electric",0
"1929","Campervans","Battery/Fuel-cell electric",0
"1930","Campervans","Battery/Fuel-cell electric",0
"1931","Campervans","Battery/Fuel-cell electric",0
"1932","Campervans","Battery/Fuel-cell electric",0
"1933","Campervans","Battery/Fuel-cell electric",0
"1934","Campervans","Battery/Fuel-cell electric",0
"1935","Campervans","Battery/Fuel-cell electric",0
"1936","Campervans","Battery/Fuel-cell electric",0
"1937","Campervans","Battery/Fuel-cell electric",0
"1938","Campervans","Battery/Fuel-cell electric",0
"1939","Campervans","Battery/Fuel-cell electric",0
"1940","Campervans","Battery/Fuel-cell electric",0
"1941","Campervans","Battery/Fuel-cell electric",0
"1942","Campervans","Battery/Fuel-cell electric",0
"1943","Campervans","Battery/Fuel-cell electric",0
"1944","Campervans","Battery/Fuel-cell electric",0
"1945","Campervans","Battery/Fuel-cell electric",0
"1946","Campervans","Battery/Fuel-cell electric",0
"1947","Campervans","Battery/Fuel-cell electric",0
"1948","Campervans","Battery/Fuel-cell electric",0
"1949","Campervans","Battery/Fuel-cell electric",0
"1950","Campervans","Battery/Fuel-cell electric",0
"1951","Campervans","Battery/Fuel-cell electric",0
"1952","Campervans","Battery/Fuel-cell electric",0
"1953","Campervans","Battery/Fuel-cell electric",0
"1954","Campervans","Battery/Fuel-cell electric",0
"1955","Campervans","Battery/Fuel-cell electric",0
"1956","Campervans","Battery/Fuel-cell electric",0
"1957","Campervans","Battery/Fuel-cell electric",0
"1958","Campervans","Battery/Fuel-cell electric",0
"1959","Campervans","Battery/Fuel-cell electric",0
"1960","Campervans","Battery/Fuel-cell electric",0
"1961","Campervans","Battery/Fuel-cell electric",0
"1962","Campervans","Battery/Fuel-cell electric",0
"1963","Campervans","Battery/Fuel-cell electric",0
"1964","Campervans","Battery/Fuel-cell electric",0
"1965","Campervans","Battery/Fuel-cell electric",0
"1966","Campervans","Battery/Fuel-cell electric",0
"1967","Campervans","Battery/Fuel-cell electric",0
"1968","Campervans","Battery/Fuel-cell electric",0
"1969","Campervans","Battery/Fuel-cell electric",0
"1970","Campervans","Battery/Fuel-cell electric",0
"1971","Campervans","Battery/Fuel-cell electric",0
"1972","Campervans","Battery/Fuel-cell electric",0
"1973","Campervans","Battery/Fuel-cell electric",0
"1974","Campervans","Battery/Fuel-cell electric",0
"1975","Campervans","Battery/Fuel-cell electric",3
"1976","Campervans","Battery/Fuel-cell electric",0
"1977","Campervans","Battery/Fuel-cell electric",0
"1978","Campervans","Battery/Fuel-cell electric",0
"1979","Campervans","Battery/Fuel-cell electric",0
"1980","Campervans","Battery/Fuel-cell electric",0
"1981","Campervans","Battery/Fuel-cell electric",0
"1982","Campervans","Battery/Fuel-cell electric",0
"1983","Campervans","Battery/Fuel-cell electric",0
"1984","Campervans","Battery/Fuel-cell electric",0
"1985","Campervans","Battery/Fuel-cell electric",0
"1986","Campervans","Battery/Fuel-cell electric",0
"1987","Campervans","Battery/Fuel-cell electric",0
"1988","Campervans","Battery/Fuel-cell electric",0
"1989","Campervans","Battery/Fuel-cell electric",0
"1990","Campervans","Battery/Fuel-cell electric",0
"1991","Campervans","Battery/Fuel-cell electric",0
"1992","Campervans","Battery/Fuel-cell electric",0
"1993","Campervans","Battery/Fuel-cell electric",0
"1994","Campervans","Battery/Fuel-cell electric",0
"1995","Campervans","Battery/Fuel-cell electric",0
"1996","Campervans","Battery/Fuel-cell electric",0
"1997","Campervans","Battery/Fuel-cell electric",0
"1998","Campervans","Battery/Fuel-cell electric",0
"1999","Campervans","Battery/Fuel-cell electric",0
"2000","Campervans","Battery/Fuel-cell electric",0
"2001","Campervans","Battery/Fuel-cell electric",3
"2002","Campervans","Battery/Fuel-cell electric",0
"2003","Campervans","Battery/Fuel-cell electric",0
"2004","Campervans","Battery/Fuel-cell electric",0
"2005","Campervans","Battery/Fuel-cell electric",0
"2006","Campervans","Battery/Fuel-cell electric",0
"2007","Campervans","Battery/Fuel-cell electric",0
"2008","Campervans","Battery/Fuel-cell electric",0
"2009","Campervans","Battery/Fuel-cell electric",0
"2010","Campervans","Battery/Fuel-cell electric",0
"2011","Campervans","Battery/Fuel-cell electric",0
"2012","Campervans","Battery/Fuel-cell electric",0
"2013","Campervans","Battery/Fuel-cell electric",0
"2014","Campervans","Battery/Fuel-cell electric",0
"2015","Campervans","Battery/Fuel-cell electric",0
"2016","Campervans","Battery/Fuel-cell electric",0
"2017","Campervans","Battery/Fuel-cell electric",0
"2018","Campervans","Battery/Fuel-cell electric",0
"2019","Campervans","Battery/Fuel-cell electric",0
"2020","Campervans","Battery/Fuel-cell electric",0
"2021","Campervans","Battery/Fuel-cell electric",0
"2022","Campervans","Battery/Fuel-cell electric",0
"2023","Campervans","Battery/Fuel-cell electric",0
"2024","Campervans","Battery/Fuel-cell electric",0
"2025","Campervans","Battery/Fuel-cell electric",0
"Not stated","Campervans","Battery/Fuel-cell electric",0
"1901","Campervans","Other",0
"1902","Campervans","Other",0
"1903","Campervans","Other",0
"1904","Campervans","Other",0
"1905","Campervans","Other",0
"1906","Campervans","Other",0
"1907","Campervans","Other",0
"1908","Campervans","Other",0
"1909","Campervans","Other",0
"1910","Campervans","Other",0
"1911","Campervans","Other",0
"1912","Campervans","Other",0
"1913","Campervans","Other",0
"1914","Campervans","Other",0
"1915","Campervans","Other",0
"1916","Campervans","Other",0
"1917","Campervans","Other",0
"1918","Campervans","Other",0
"1919","Campervans","Other",0
"1920","Campervans","Other",0
"1921","Campervans","Other",0
"1922","Campervans","Other",0
"1923","Campervans","Other",0
"1924","Campervans","Other",0
"1925","Campervans","Other",0
"1926","Campervans","Other",0
"1927","Campervans","Other",0
"1928","Campervans","Other",0
"1929","Campervans","Other",0
"1930","Campervans","Other",0
"1931","Campervans","Other",0
"1932","Campervans","Other",0
"1933","Campervans","Other",0
"1934","Campervans","Other",0
"1935","Campervans","Other",0
"1936","Campervans","Other",0
"1937","Campervans","Other",0
"1938","Campervans","Other",0
"1939","Campervans","Other",0
"1940","Campervans","Other",0
"1941","Campervans","Other",0
"1942","Campervans","Other",0
"1943","Campervans","Other",0
"1944","Campervans","Other",0
"1945","Campervans","Other",0
"1946","Campervans","Other",0
"1947","Campervans","Other",0
"1948","Campervans","Other",0
"1949","Campervans","Other",0
"1950","Campervans","Other",0
"1951","Campervans","Other",0
"1952","Campervans","Other",0
"1953","Campervans","Other",0
"1954","Campervans","Other",0
"1955","Campervans","Other",0
"1956","Campervans","Other",0
"1957","Campervans","Other",0
"1958","Campervans","Other",0
"1959","Campervans","Other",0
"1960","Campervans","Other",0
"1961","Campervans","Other",0
"1962","Campervans","Other",0
"1963","Campervans","Other",0
"1964","Campervans","Other",0
"1965","Campervans","Other",3
"1966","Campervans","Other",0
"1967","Campervans","Other",0
"1968","Campervans","Other",0
"1969","Campervans","Other",0
"1970","Campervans","Other",0
"1971","Campervans","Other",0
"1972","Campervans","Other",0
"1973","Campervans","Other",0
"1974","Campervans","Other",3
"1975","Campervans","Other",0
"1976","Campervans","Other",3
"1977","Campervans","Other",6
"1978","Campervans","Other",8
"1979","Campervans","Other",5
"1980","Campervans","Other",4
"1981","Campervans","Other",0
"1982","Campervans","Other",4
"1983","Campervans","Other",0
"1984","Campervans","Other",3
"1985","Campervans","Other",6
"1986","Campervans","Other",6
"1987","Campervans","Other",3
"1988","Campervans","Other",3
"1989","Campervans","Other",0
"1990","Campervans","Other",5
"1991","Campervans","Other",3
"1992","Campervans","Other",3
"1993","Campervans","Other",3
"1994","Campervans","Other",3
"1995","Campervans","Other",3
"1996","Campervans","Other",3
"1997","Campervans","Other",3
"1998","Campervans","Other",3
"1999","Campervans","Other",3
"2000","Campervans","Other",4
"2001","Campervans","Other",3
"2002","Campervans","Other",4
"2003","Campervans","Other",4
"2004","Campervans","Other",0
"2005","Campervans","Other",0
"2006","Campervans","Other",0
"2007","Campervans","Other",3
"2008","Campervans","Other",0
"2009","Campervans","Other",3
"2010","Campervans","Other",3
"2011","Campervans","Other",0
"2012","Campervans","Other",0
"2013","Campervans","Other",0
"2014","Campervans","Other",0
"2015","Campervans","Other",0
"2016","Campervans","Other",0
"2017","Campervans","Other",0
"2018","Campervans","Other",0
"2019","Campervans","Other",0
"2020","Campervans","Other",0
"2021","Campervans","Other",0
"2022","Campervans","Other",0
"2023","Campervans","Other",0
"2024","Campervans","Other",0
"2025","Campervans","Other",0
"Not stated","Campervans","Other",0
"1901","Light buses","Petrol",0
"1902","Light buses","Petrol",0
"1903","Light buses","Petrol",0
"1904","Light buses","Petrol",0
"1905","Light buses","Petrol",0
"1906","Light buses","Petrol",0
"1907","Light buses","Petrol",0
"1908","Light buses","Petrol",0
"1909","Light buses","Petrol",0
"1910","Light buses","Petrol",0
"1911","Light buses","Petrol",0
"1912","Light buses","Petrol",0
"1913","Light buses","Petrol",0
"1914","Light buses","Petrol",0
"1915","Light buses","Petrol",0
"1916","Light buses","Petrol",0
"1917","Light buses","Petrol",0
"1918","Light buses","Petrol",0
"1919","Light buses","Petrol",0
"1920","Light buses","Petrol",0
"1921","Light buses","Petrol",0
"1922","Light buses","Petrol",0
"1923","Light buses","Petrol",0
"1924","Light buses","Petrol",0
"1925","Light buses","Petrol",0
"1926","Light buses","Petrol",0
"1927","Light buses","Petrol",0
"1928","Light buses","Petrol",0
"1929","Light buses","Petrol",0
"1930","Light buses","Petrol",0
"1931","Light buses","Petrol",0
"1932","Light buses","Petrol",0
"1933","Light buses","Petrol",0
"1934","Light buses","Petrol",0
"1935","Light buses","Petrol",0
"1936","Light buses","Petrol",0
"1937","Light buses","Petrol",0
"1938","Light buses","Petrol",0
"1939","Light buses","Petrol",0
"1940","Light buses","Petrol",0
"1941","Light buses","Petrol",0
"1942","Light buses","Petrol",0
"1943","Light buses","Petrol",0
"1944","Light buses","Petrol",0
"1945","Light buses","Petrol",0
"1946","Light buses","Petrol",0
"1947","Light buses","Petrol",0
"1948","Light buses","Petrol",0
"1949","Light buses","Petrol",0
"1950","Light buses","Petrol",0
"1951","Light buses","Petrol",0
"1952","Light buses","Petrol",0
"1953","Light buses","Petrol",0
"1954","Light buses","Petrol",0
"1955","Light buses","Petrol",0
"1956","Light buses","Petrol",0
"1957","Light buses","Petrol",6
"1958","Light buses","Petrol",0
"1959","Light buses","Petrol",0
"1960","Light buses","Petrol",3
"1961","Light buses","Petrol",3
"1962","Light buses","Petrol",0
"1963","Light buses","Petrol",0
"1964","Light buses","Petrol",5
"1965","Light buses","Petrol",0
"1966","Light buses","Petrol",4
"1967","Light buses","Petrol",4
"1968","Light buses","Petrol",3
"1969","Light buses","Petrol",3
"1970","Light buses","Petrol",6
"1971","Light buses","Petrol",5
"1972","Light buses","Petrol",4
"1973","Light buses","Petrol",0
"1974","Light buses","Petrol",10
"1975","Light buses","Petrol",14
"1976","Light buses","Petrol",10
"1977","Light buses","Petrol",10
"1978","Light buses","Petrol",4
"1979","Light buses","Petrol",6
"1980","Light buses","Petrol",8
"1981","Light buses","Petrol",14
"1982","Light buses","Petrol",13
"1983","Light buses","Petrol",16
"1984","Light buses","Petrol",28
"1985","Light buses","Petrol",22
"1986","Light buses","Petrol",15
"1987","Light buses","Petrol",16
"1988","Light buses","Petrol",31
"1989","Light buses","Petrol",37
"1990","Light buses","Petrol",37
"1991","Light buses","Petrol",38
"1992","Light buses","Petrol",50
"1993","Light buses","Petrol",69
"1994","Light buses","Petrol",72
"1995","Light buses","Petrol",119
"1996","Light buses","Petrol",128
"1997","Light buses","Petrol",160
"1998","Light buses","Petrol",206
"1999","Light buses","Petrol",225
"2000","Light buses","Petrol",330
"2001","Light buses","Petrol",232
"2002","Light buses","Petrol",314
"2003","Light buses","Petrol",403
"2004","Light buses","Petrol",205
"2005","Light buses","Petrol",499
"2006","Light buses","Petrol",810
"2007","Light buses","Petrol",739
"2008","Light buses","Petrol",826
"2009","Light buses","Petrol",615
"2010","Light buses","Petrol",688
"2011","Light buses","Petrol",754
"2012","Light buses","Petrol",494
"2013","Light buses","Petrol",477
"2014","Light buses","Petrol",573
"2015","Light buses","Petrol",616
"2016","Light buses","Petrol",481
"2017","Light buses","Petrol",494
"2018","Light buses","Petrol",598
"2019","Light buses","Petrol",160
"2020","Light buses","Petrol",11
"2021","Light buses","Petrol",19
"2022","Light buses","Petrol",7
"2023","Light buses","Petrol",7
"2024","Light buses","Petrol",0
"2025","Light buses","Petrol",0
"Not stated","Light buses","Petrol",0
"1901","Light buses","Diesel",0
"1902","Light buses","Diesel",0
"1903","Light buses","Diesel",0
"1904","Light buses","Diesel",0
"1905","Light buses","Diesel",0
"1906","Light buses","Diesel",0
"1907","Light buses","Diesel",0
"1908","Light buses","Diesel",0
"1909","Light buses","Diesel",0
"1910","Light buses","Diesel",0
"1911","Light buses","Diesel",0
"1912","Light buses","Diesel",0
"1913","Light buses","Diesel",0
"1914","Light buses","Diesel",0
"1915","Light buses","Diesel",0
"1916","Light buses","Diesel",0
"1917","Light buses","Diesel",0
"1918","Light buses","Diesel",0
"1919","Light buses","Diesel",0
"1920","Light buses","Diesel",0
"1921","Light buses","Diesel",0
"1922","Light buses","Diesel",0
"1923","Light buses","Diesel",0
"1924","Light buses","Diesel",0
"1925","Light buses","Diesel",0
"1926","Light buses","Diesel",0
"1927","Light buses","Diesel",0
"1928","Light buses","Diesel",0
"1929","Light buses","Diesel",0
"1930","Light buses","Diesel",0
"1931","Light buses","Diesel",0
"1932","Light buses","Diesel",0
"1933","Light buses","Diesel",0
"1934","Light buses","Diesel",0
"1935","Light buses","Diesel",0
"1936","Light buses","Diesel",3
"1937","Light buses","Diesel",0
"1938","Light buses","Diesel",0
"1939","Light buses","Diesel",0
"1940","Light buses","Diesel",0
"1941","Light buses","Diesel",0
"1942","Light buses","Diesel",0
"1943","Light buses","Diesel",0
"1944","Light buses","Diesel",0
"1945","Light buses","Diesel",0
"1946","Light buses","Diesel",0
"1947","Light buses","Diesel",0
"1948","Light buses","Diesel",0
"1949","Light buses","Diesel",0
"1950","Light buses","Diesel",0
"1951","Light buses","Diesel",0
"1952","Light buses","Diesel",0
"1953","Light buses","Diesel",0
"1954","Light buses","Diesel",0
"1955","Light buses","Diesel",0
"1956","Light buses","Diesel",0
"1957","Light buses","Diesel",0
"1958","Light buses","Diesel",0
"1959","Light buses","Diesel",0
"1960","Light buses","Diesel",0
"1961","Light buses","Diesel",0
"1962","Light buses","Diesel",0
"1963","Light buses","Diesel",0
"1964","Light buses","Diesel",0
"1965","Light buses","Diesel",0
"1966","Light buses","Diesel",0
"1967","Light buses","Diesel",0
"1968","Light buses","Diesel",0
"1969","Light buses","Diesel",0
"1970","Light buses","Diesel",0
"1971","Light buses","Diesel",0
"1972","Light buses","Diesel",0
"1973","Light buses","Diesel",0
"1974","Light buses","Diesel",0
"1975","Light buses","Diesel",0
"1976","Light buses","Diesel",0
"1977","Light buses","Diesel",0
"1978","Light buses","Diesel",0
"1979","Light buses","Diesel",7
"1980","Light buses","Diesel",12
"1981","Light buses","Diesel",12
"1982","Light buses","Diesel",22
"1983","Light buses","Diesel",19
"1984","Light buses","Diesel",42
"1985","Light buses","Diesel",58
"1986","Light buses","Diesel",48
"1987","Light buses","Diesel",68
"1988","Light buses","Diesel",110
"1989","Light buses","Diesel",95
"1990","Light buses","Diesel",141
"1991","Light buses","Diesel",189
"1992","Light buses","Diesel",210
"1993","Light buses","Diesel",169
"1994","Light buses","Diesel",260
"1995","Light buses","Diesel",212
"1996","Light buses","Diesel",212
"1997","Light buses","Diesel",242
"1998","Light buses","Diesel",303
"1999","Light buses","Diesel",355
"2000","Light buses","Diesel",514
"2001","Light buses","Diesel",349
"2002","Light buses","Diesel",374
"2003","Light buses","Diesel",438
"2004","Light buses","Diesel",440
"2005","Light buses","Diesel",948
"2006","Light buses","Diesel",1018
"2007","Light buses","Diesel",950
"2008","Light buses","Diesel",1879
"2009","Light buses","Diesel",1076
"2010","Light buses","Diesel",1400
"2011","Light buses","Diesel",2004
"2012","Light buses","Diesel",1617
"2013","Light buses","Diesel",1422
"2014","Light buses","Diesel",2008
"2015","Light buses","Diesel",1836
"2016","Light buses","Diesel",1787
"2017","Light buses","Diesel",1947
"2018","Light buses","Diesel",2135
"2019","Light buses","Diesel",2615
"2020","Light buses","Diesel",1977
"2021","Light buses","Diesel",3125
"2022","Light buses","Diesel",2277
"2023","Light buses","Diesel",2778
"2024","Light buses","Diesel",3091
"2025","Light buses","Diesel",4
"Not stated","Light buses","Diesel",0
"1901","Light buses","Dual fuel",0
"1902","Light buses","Dual fuel",0
"1903","Light buses","Dual fuel",0
"1904","Light buses","Dual fuel",0
"1905","Light buses","Dual fuel",0
"1906","Light buses","Dual fuel",0
"1907","Light buses","Dual fuel",0
"1908","Light buses","Dual fuel",0
"1909","Light buses","Dual fuel",0
"1910","Light buses","Dual fuel",0
"1911","Light buses","Dual fuel",0
"1912","Light buses","Dual fuel",0
"1913","Light buses","Dual fuel",0
"1914","Light buses","Dual fuel",0
"1915","Light buses","Dual fuel",0
"1916","Light buses","Dual fuel",0
"1917","Light buses","Dual fuel",0
"1918","Light buses","Dual fuel",0
"1919","Light buses","Dual fuel",0
"1920","Light buses","Dual fuel",0
"1921","Light buses","Dual fuel",0
"1922","Light buses","Dual fuel",0
"1923","Light buses","Dual fuel",0
"1924","Light buses","Dual fuel",0
"1925","Light buses","Dual fuel",0
"1926","Light buses","Dual fuel",0
"1927","Light buses","Dual fuel",0
"1928","Light buses","Dual fuel",3
"1929","Light buses","Dual fuel",0
"1930","Light buses","Dual fuel",3
"1931","Light buses","Dual fuel",0
"1932","Light buses","Dual fuel",0
"1933","Light buses","Dual fuel",0
"1934","Light buses","Dual fuel",0
"1935","Light buses","Dual fuel",0
"1936","Light buses","Dual fuel",0
"1937","Light buses","Dual fuel",0
"1938","Light buses","Dual fuel",0
"1939","Light buses","Dual fuel",0
"1940","Light buses","Dual fuel",0
"1941","Light buses","Dual fuel",0
"1942","Light buses","Dual fuel",0
"1943","Light buses","Dual fuel",0
"1944","Light buses","Dual fuel",0
"1945","Light buses","Dual fuel",0
"1946","Light buses","Dual fuel",0
"1947","Light buses","Dual fuel",0
"1948","Light buses","Dual fuel",0
"1949","Light buses","Dual fuel",0
"1950","Light buses","Dual fuel",0
"1951","Light buses","Dual fuel",0
"1952","Light buses","Dual fuel",0
"1953","Light buses","Dual fuel",0
"1954","Light buses","Dual fuel",0
"1955","Light buses","Dual fuel",3
"1956","Light buses","Dual fuel",0
"1957","Light buses","Dual fuel",0
"1958","Light buses","Dual fuel",0
"1959","Light buses","Dual fuel",0
"1960","Light buses","Dual fuel",0
"1961","Light buses","Dual fuel",0
"1962","Light buses","Dual fuel",0
"1963","Light buses","Dual fuel",0
"1964","Light buses","Dual fuel",0
"1965","Light buses","Dual fuel",0
"1966","Light buses","Dual fuel",0
"1967","Light buses","Dual fuel",0
"1968","Light buses","Dual fuel",0
"1969","Light buses","Dual fuel",0
"1970","Light buses","Dual fuel",0
"1971","Light buses","Dual fuel",0
"1972","Light buses","Dual fuel",0
"1973","Light buses","Dual fuel",0
"1974","Light buses","Dual fuel",0
"1975","Light buses","Dual fuel",0
"1976","Light buses","Dual fuel",0
"1977","Light buses","Dual fuel",0
"1978","Light buses","Dual fuel",0
"1979","Light buses","Dual fuel",3
"1980","Light buses","Dual fuel",3
"1981","Light buses","Dual fuel",0
"1982","Light buses","Dual fuel",4
"1983","Light buses","Dual fuel",0
"1984","Light buses","Dual fuel",0
"1985","Light buses","Dual fuel",3
"1986","Light buses","Dual fuel",7
"1987","Light buses","Dual fuel",0
"1988","Light buses","Dual fuel",0
"1989","Light buses","Dual fuel",3
"1990","Light buses","Dual fuel",8
"1991","Light buses","Dual fuel",4
"1992","Light buses","Dual fuel",0
"1993","Light buses","Dual fuel",5
"1994","Light buses","Dual fuel",7
"1995","Light buses","Dual fuel",3
"1996","Light buses","Dual fuel",0
"1997","Light buses","Dual fuel",13
"1998","Light buses","Dual fuel",8
"1999","Light buses","Dual fuel",11
"2000","Light buses","Dual fuel",13
"2001","Light buses","Dual fuel",16
"2002","Light buses","Dual fuel",8
"2003","Light buses","Dual fuel",23
"2004","Light buses","Dual fuel",6
"2005","Light buses","Dual fuel",20
"2006","Light buses","Dual fuel",61
"2007","Light buses","Dual fuel",79
"2008","Light buses","Dual fuel",93
"2009","Light buses","Dual fuel",75
"2010","Light buses","Dual fuel",108
"2011","Light buses","Dual fuel",141
"2012","Light buses","Dual fuel",38
"2013","Light buses","Dual fuel",42
"2014","Light buses","Dual fuel",67
"2015","Light buses","Dual fuel",81
"2016","Light buses","Dual fuel",37
"2017","Light buses","Dual fuel",29
"2018","Light buses","Dual fuel",29
"2019","Light buses","Dual fuel",4
"2020","Light buses","Dual fuel",0
"2021","Light buses","Dual fuel",0
"2022","Light buses","Dual fuel",0
"2023","Light buses","Dual fuel",0
"2024","Light buses","Dual fuel",0
"2025","Light buses","Dual fuel",0
"Not stated","Light buses","Dual fuel",0
"1901","Light buses","Hybrid electric",0
"1902","Light buses","Hybrid electric",0
"1903","Light buses","Hybrid electric",0
"1904","Light buses","Hybrid electric",0
"1905","Light buses","Hybrid electric",0
"1906","Light buses","Hybrid electric",0
"1907","Light buses","Hybrid electric",0
"1908","Light buses","Hybrid electric",0
"1909","Light buses","Hybrid electric",0
"1910","Light buses","Hybrid electric",0
"1911","Light buses","Hybrid electric",0
"1912","Light buses","Hybrid electric",0
"1913","Light buses","Hybrid electric",0
"1914","Light buses","Hybrid electric",0
"1915","Light buses","Hybrid electric",0
"1916","Light buses","Hybrid electric",0
"1917","Light buses","Hybrid electric",0
"1918","Light buses","Hybrid electric",0
"1919","Light buses","Hybrid electric",0
"1920","Light buses","Hybrid electric",0
"1921","Light buses","Hybrid electric",0
"1922","Light buses","Hybrid electric",0
"1923","Light buses","Hybrid electric",0
"1924","Light buses","Hybrid electric",0
"1925","Light buses","Hybrid electric",0
"1926","Light buses","Hybrid electric",0
"1927","Light buses","Hybrid electric",0
"1928","Light buses","Hybrid electric",0
"1929","Light buses","Hybrid electric",0
"1930","Light buses","Hybrid electric",0
"1931","Light buses","Hybrid electric",0
"1932","Light buses","Hybrid electric",0
"1933","Light buses","Hybrid electric",0
"1934","Light buses","Hybrid electric",0
"1935","Light buses","Hybrid electric",0
"1936","Light buses","Hybrid electric",0
"1937","Light buses","Hybrid electric",0
"1938","Light buses","Hybrid electric",0
"1939","Light buses","Hybrid electric",0
"1940","Light buses","Hybrid electric",0
"1941","Light buses","Hybrid electric",0
"1942","Light buses","Hybrid electric",0
"1943","Light buses","Hybrid electric",0
"1944","Light buses","Hybrid electric",0
"1945","Light buses","Hybrid electric",0
"1946","Light buses","Hybrid electric",0
"1947","Light buses","Hybrid electric",0
"1948","Light buses","Hybrid electric",0
"1949","Light buses","Hybrid electric",0
"1950","Light buses","Hybrid electric",0
"1951","Light buses","Hybrid electric",0
"1952","Light buses","Hybrid electric",0
"1953","Light buses","Hybrid electric",0
"1954","Light buses","Hybrid electric",0
"1955","Light buses","Hybrid electric",0
"1956","Light buses","Hybrid electric",0
"1957","Light buses","Hybrid electric",0
"1958","Light buses","Hybrid electric",0
"1959","Light buses","Hybrid electric",0
"1960","Light buses","Hybrid electric",0
"1961","Light buses","Hybrid electric",0
"1962","Light buses","Hybrid electric",0
"1963","Light buses","Hybrid electric",0
"1964","Light buses","Hybrid electric",0
"1965","Light buses","Hybrid electric",0
"1966","Light buses","Hybrid electric",0
"1967","Light buses","Hybrid electric",0
"1968","Light buses","Hybrid electric",0
"1969","Light buses","Hybrid electric",0
"1970","Light buses","Hybrid electric",0
"1971","Light buses","Hybrid electric",0
"1972","Light buses","Hybrid electric",0
"1973","Light buses","Hybrid electric",0
"1974","Light buses","Hybrid electric",0
"1975","Light buses","Hybrid electric",0
"1976","Light buses","Hybrid electric",0
"1977","Light buses","Hybrid electric",0
"1978","Light buses","Hybrid electric",0
"1979","Light buses","Hybrid electric",0
"1980","Light buses","Hybrid electric",0
"1981","Light buses","Hybrid electric",0
"1982","Light buses","Hybrid electric",0
"1983","Light buses","Hybrid electric",0
"1984","Light buses","Hybrid electric",0
"1985","Light buses","Hybrid electric",0
"1986","Light buses","Hybrid electric",0
"1987","Light buses","Hybrid electric",0
"1988","Light buses","Hybrid electric",0
"1989","Light buses","Hybrid electric",0
"1990","Light buses","Hybrid electric",0
"1991","Light buses","Hybrid electric",0
"1992","Light buses","Hybrid electric",0
"1993","Light buses","Hybrid electric",0
"1994","Light buses","Hybrid electric",0
"1995","Light buses","Hybrid electric",0
"1996","Light buses","Hybrid electric",0
"1997","Light buses","Hybrid electric",0
"1998","Light buses","Hybrid electric",0
"1999","Light buses","Hybrid electric",0
"2000","Light buses","Hybrid electric",0
"2001","Light buses","Hybrid electric",0
"2002","Light buses","Hybrid electric",0
"2003","Light buses","Hybrid electric",0
"2004","Light buses","Hybrid electric",0
"2005","Light buses","Hybrid electric",0
"2006","Light buses","Hybrid electric",0
"2007","Light buses","Hybrid electric",0
"2008","Light buses","Hybrid electric",0
"2009","Light buses","Hybrid electric",0
"2010","Light buses","Hybrid electric",0
"2011","Light buses","Hybrid electric",0
"2012","Light buses","Hybrid electric",0
"2013","Light buses","Hybrid electric",0
"2014","Light buses","Hybrid electric",0
"2015","Light buses","Hybrid electric",0
"2016","Light buses","Hybrid electric",0
"2017","Light buses","Hybrid electric",0
"2018","Light buses","Hybrid electric",0
"2019","Light buses","Hybrid electric",0
"2020","Light buses","Hybrid electric",0
"2021","Light buses","Hybrid electric",0
"2022","Light buses","Hybrid electric",0
"2023","Light buses","Hybrid electric",0
"2024","Light buses","Hybrid electric",0
"2025","Light buses","Hybrid electric",0
"Not stated","Light buses","Hybrid electric",0
"1901","Light buses","Battery/Fuel-cell electric",0
"1902","Light buses","Battery/Fuel-cell electric",0
"1903","Light buses","Battery/Fuel-cell electric",0
"1904","Light buses","Battery/Fuel-cell electric",0
"1905","Light buses","Battery/Fuel-cell electric",0
"1906","Light buses","Battery/Fuel-cell electric",0
"1907","Light buses","Battery/Fuel-cell electric",0
"1908","Light buses","Battery/Fuel-cell electric",0
"1909","Light buses","Battery/Fuel-cell electric",0
"1910","Light buses","Battery/Fuel-cell electric",0
"1911","Light buses","Battery/Fuel-cell electric",0
"1912","Light buses","Battery/Fuel-cell electric",0
"1913","Light buses","Battery/Fuel-cell electric",0
"1914","Light buses","Battery/Fuel-cell electric",0
"1915","Light buses","Battery/Fuel-cell electric",0
"1916","Light buses","Battery/Fuel-cell electric",0
"1917","Light buses","Battery/Fuel-cell electric",0
"1918","Light buses","Battery/Fuel-cell electric",0
"1919","Light buses","Battery/Fuel-cell electric",0
"1920","Light buses","Battery/Fuel-cell electric",0
"1921","Light buses","Battery/Fuel-cell electric",0
"1922","Light buses","Battery/Fuel-cell electric",0
"1923","Light buses","Battery/Fuel-cell electric",0
"1924","Light buses","Battery/Fuel-cell electric",0
"1925","Light buses","Battery/Fuel-cell electric",0
"1926","Light buses","Battery/Fuel-cell electric",0
"1927","Light buses","Battery/Fuel-cell electric",0
"1928","Light buses","Battery/Fuel-cell electric",0
"1929","Light buses","Battery/Fuel-cell electric",0
"1930","Light buses","Battery/Fuel-cell electric",0
"1931","Light buses","Battery/Fuel-cell electric",0
"1932","Light buses","Battery/Fuel-cell electric",0
"1933","Light buses","Battery/Fuel-cell electric",0
"1934","Light buses","Battery/Fuel-cell electric",0
"1935","Light buses","Battery/Fuel-cell electric",0
"1936","Light buses","Battery/Fuel-cell electric",0
"1937","Light buses","Battery/Fuel-cell electric",0
"1938","Light buses","Battery/Fuel-cell electric",0
"1939","Light buses","Battery/Fuel-cell electric",0
"1940","Light buses","Battery/Fuel-cell electric",0
"1941","Light buses","Battery/Fuel-cell electric",0
"1942","Light buses","Battery/Fuel-cell electric",0
"1943","Light buses","Battery/Fuel-cell electric",0
"1944","Light buses","Battery/Fuel-cell electric",0
"1945","Light buses","Battery/Fuel-cell electric",0
"1946","Light buses","Battery/Fuel-cell electric",0
"1947","Light buses","Battery/Fuel-cell electric",0
"1948","Light buses","Battery/Fuel-cell electric",0
"1949","Light buses","Battery/Fuel-cell electric",0
"1950","Light buses","Battery/Fuel-cell electric",0
"1951","Light buses","Battery/Fuel-cell electric",0
"1952","Light buses","Battery/Fuel-cell electric",0
"1953","Light buses","Battery/Fuel-cell electric",0
"1954","Light buses","Battery/Fuel-cell electric",0
"1955","Light buses","Battery/Fuel-cell electric",0
"1956","Light buses","Battery/Fuel-cell electric",0
"1957","Light buses","Battery/Fuel-cell electric",0
"1958","Light buses","Battery/Fuel-cell electric",0
"1959","Light buses","Battery/Fuel-cell electric",0
"1960","Light buses","Battery/Fuel-cell electric",0
"1961","Light buses","Battery/Fuel-cell electric",0
"1962","Light buses","Battery/Fuel-cell electric",0
"1963","Light buses","Battery/Fuel-cell electric",0
"1964","Light buses","Battery/Fuel-cell electric",0
"1965","Light buses","Battery/Fuel-cell electric",0
"1966","Light buses","Battery/Fuel-cell electric",0
"1967","Light buses","Battery/Fuel-cell electric",0
"1968","Light buses","Battery/Fuel-cell electric",0
"1969","Light buses","Battery/Fuel-cell electric",0
"1970","Light buses","Battery/Fuel-cell electric",0
"1971","Light buses","Battery/Fuel-cell electric",0
"1972","Light buses","Battery/Fuel-cell electric",0
"1973","Light buses","Battery/Fuel-cell electric",0
"1974","Light buses","Battery/Fuel-cell electric",0
"1975","Light buses","Battery/Fuel-cell electric",0
"1976","Light buses","Battery/Fuel-cell electric",0
"1977","Light buses","Battery/Fuel-cell electric",0
"1978","Light buses","Battery/Fuel-cell electric",0
"1979","Light buses","Battery/Fuel-cell electric",0
"1980","Light buses","Battery/Fuel-cell electric",0
"1981","Light buses","Battery/Fuel-cell electric",0
"1982","Light buses","Battery/Fuel-cell electric",0
"1983","Light buses","Battery/Fuel-cell electric",0
"1984","Light buses","Battery/Fuel-cell electric",0
"1985","Light buses","Battery/Fuel-cell electric",0
"1986","Light buses","Battery/Fuel-cell electric",0
"1987","Light buses","Battery/Fuel-cell electric",0
"1988","Light buses","Battery/Fuel-cell electric",0
"1989","Light buses","Battery/Fuel-cell electric",0
"1990","Light buses","Battery/Fuel-cell electric",0
"1991","Light buses","Battery/Fuel-cell electric",0
"1992","Light buses","Battery/Fuel-cell electric",0
"1993","Light buses","Battery/Fuel-cell electric",0
"1994","Light buses","Battery/Fuel-cell electric",0
"1995","Light buses","Battery/Fuel-cell electric",0
"1996","Light buses","Battery/Fuel-cell electric",0
"1997","Light buses","Battery/Fuel-cell electric",0
"1998","Light buses","Battery/Fuel-cell electric",0
"1999","Light buses","Battery/Fuel-cell electric",0
"2000","Light buses","Battery/Fuel-cell electric",0
"2001","Light buses","Battery/Fuel-cell electric",0
"2002","Light buses","Battery/Fuel-cell electric",0
"2003","Light buses","Battery/Fuel-cell electric",0
"2004","Light buses","Battery/Fuel-cell electric",0
"2005","Light buses","Battery/Fuel-cell electric",0
"2006","Light buses","Battery/Fuel-cell electric",0
"2007","Light buses","Battery/Fuel-cell electric",0
"2008","Light buses","Battery/Fuel-cell electric",0
"2009","Light buses","Battery/Fuel-cell electric",0
"2010","Light buses","Battery/Fuel-cell electric",0
"2011","Light buses","Battery/Fuel-cell electric",0
"2012","Light buses","Battery/Fuel-cell electric",0
"2013","Light buses","Battery/Fuel-cell electric",0
"2014","Light buses","Battery/Fuel-cell electric",0
"2015","Light buses","Battery/Fuel-cell electric",0
"2016","Light buses","Battery/Fuel-cell electric",3
"2017","Light buses","Battery/Fuel-cell electric",0
"2018","Light buses","Battery/Fuel-cell electric",0
"2019","Light buses","Battery/Fuel-cell electric",0
"2020","Light buses","Battery/Fuel-cell electric",0
"2021","Light buses","Battery/Fuel-cell electric",4
"2022","Light buses","Battery/Fuel-cell electric",6
"2023","Light buses","Battery/Fuel-cell electric",8
"2024","Light buses","Battery/Fuel-cell electric",10
"2025","Light buses","Battery/Fuel-cell electric",0
"Not stated","Light buses","Battery/Fuel-cell electric",0
"1901","Light buses","Other",0
"1902","Light buses","Other",0
"1903","Light buses","Other",0
"1904","Light buses","Other",0
"1905","Light buses","Other",0
"1906","Light buses","Other",0
"1907","Light buses","Other",0
"1908","Light buses","Other",0
"1909","Light buses","Other",0
"1910","Light buses","Other",0
"1911","Light buses","Other",0
"1912","Light buses","Other",0
"1913","Light buses","Other",0
"1914","Light buses","Other",0
"1915","Light buses","Other",0
"1916","Light buses","Other",0
"1917","Light buses","Other",0
"1918","Light buses","Other",0
"1919","Light buses","Other",0
"1920","Light buses","Other",0
"1921","Light buses","Other",0
"1922","Light buses","Other",0
"1923","Light buses","Other",0
"1924","Light buses","Other",0
"1925","Light buses","Other",0
"1926","Light buses","Other",0
"1927","Light buses","Other",0
"1928","Light buses","Other",0
"1929","Light buses","Other",0
"1930","Light buses","Other",0
"1931","Light buses","Other",0
"1932","Light buses","Other",0
"1933","Light buses","Other",0
"1934","Light buses","Other",0
"1935","Light buses","Other",0
"1936","Light buses","Other",0
"1937","Light buses","Other",0
"1938","Light buses","Other",0
"1939","Light buses","Other",0
"1940","Light buses","Other",0
"1941","Light buses","Other",0
"1942","Light buses","Other",0
"1943","Light buses","Other",0
"1944","Light buses","Other",0
"1945","Light buses","Other",0
"1946","Light buses","Other",0
"1947","Light buses","Other",0
"1948","Light buses","Other",0
"1949","Light buses","Other",0
"1950","Light buses","Other",0
"1951","Light buses","Other",0
"1952","Light buses","Other",0
"1953","Light buses","Other",0
"1954","Light buses","Other",0
"1955","Light buses","Other",0
"1956","Light buses","Other",0
"1957","Light buses","Other",0
"1958","Light buses","Other",0
"1959","Light buses","Other",0
"1960","Light buses","Other",0
"1961","Light buses","Other",0
"1962","Light buses","Other",0
"1963","Light buses","Other",0
"1964","Light buses","Other",0
"1965","Light buses","Other",0
"1966","Light buses","Other",0
"1967","Light buses","Other",0
"1968","Light buses","Other",0
"1969","Light buses","Other",0
"1970","Light buses","Other",0
"1971","Light buses","Other",0
"1972","Light buses","Other",3
"1973","Light buses","Other",0
"1974","Light buses","Other",0
"1975","Light buses","Other",0
"1976","Light buses","Other",0
"1977","Light buses","Other",0
"1978","Light buses","Other",0
"1979","Light buses","Other",0
"1980","Light buses","Other",0
"1981","Light buses","Other",0
"1982","Light buses","Other",3
"1983","Light buses","Other",0
"1984","Light buses","Other",0
"1985","Light buses","Other",0
"1986","Light buses","Other",0
"1987","Light buses","Other",0
"1988","Light buses","Other",3
"1989","Light buses","Other",4
"1990","Light buses","Other",0
"1991","Light buses","Other",0
"1992","Light buses","Other",3
"1993","Light buses","Other",0
"1994","Light buses","Other",0
"1995","Light buses","Other",0
"1996","Light buses","Other",0
"1997","Light buses","Other",0
"1998","Light buses","Other",3
"1999","Light buses","Other",0
"2000","Light buses","Other",0
"2001","Light buses","Other",0
"2002","Light buses","Other",0
"2003","Light buses","Other",0
"2004","Light buses","Other",0
"2005","Light buses","Other",0
"2006","Light buses","Other",3
"2007","Light buses","Other",0
"2008","Light buses","Other",5
"2009","Light buses","Other",4
"2010","Light buses","Other",3
"2011","Light buses","Other",0
"2012","Light buses","Other",0
"2013","Light buses","Other",0
"2014","Light buses","Other",0
"2015","Light buses","Other",3
"2016","Light buses","Other",0
"2017","Light buses","Other",0
"2018","Light buses","Other",3
"2019","Light buses","Other",0
"2020","Light buses","Other",0
"2021","Light buses","Other",0
"2022","Light buses","Other",0
"2023","Light buses","Other",0
"2024","Light buses","Other",0
"2025","Light buses","Other",0
"Not stated","Light buses","Other",0
"1901","Heavy buses","Petrol",0
"1902","Heavy buses","Petrol",0
"1903","Heavy buses","Petrol",0
"1904","Heavy buses","Petrol",0
"1905","Heavy buses","Petrol",0
"1906","Heavy buses","Petrol",0
"1907","Heavy buses","Petrol",0
"1908","Heavy buses","Petrol",0
"1909","Heavy buses","Petrol",0
"1910","Heavy buses","Petrol",0
"1911","Heavy buses","Petrol",0
"1912","Heavy buses","Petrol",0
"1913","Heavy buses","Petrol",0
"1914","Heavy buses","Petrol",3
"1915","Heavy buses","Petrol",0
"1916","Heavy buses","Petrol",0
"1917","Heavy buses","Petrol",0
"1918","Heavy buses","Petrol",0
"1919","Heavy buses","Petrol",0
"1920","Heavy buses","Petrol",0
"1921","Heavy buses","Petrol",3
"1922","Heavy buses","Petrol",0
"1923","Heavy buses","Petrol",0
"1924","Heavy buses","Petrol",0
"1925","Heavy buses","Petrol",0
"1926","Heavy buses","Petrol",3
"1927","Heavy buses","Petrol",0
"1928","Heavy buses","Petrol",0
"1929","Heavy buses","Petrol",0
"1930","Heavy buses","Petrol",0
"1931","Heavy buses","Petrol",0
"1932","Heavy buses","Petrol",3
"1933","Heavy buses","Petrol",3
"1934","Heavy buses","Petrol",0
"1935","Heavy buses","Petrol",3
"1936","Heavy buses","Petrol",0
"1937","Heavy buses","Petrol",0
"1938","Heavy buses","Petrol",3
"1939","Heavy buses","Petrol",0
"1940","Heavy buses","Petrol",0
"1941","Heavy buses","Petrol",0
"1942","Heavy buses","Petrol",4
"1943","Heavy buses","Petrol",0
"1944","Heavy buses","Petrol",0
"1945","Heavy buses","Petrol",0
"1946","Heavy buses","Petrol",0
"1947","Heavy buses","Petrol",0
"1948","Heavy buses","Petrol",0
"1949","Heavy buses","Petrol",0
"1950","Heavy buses","Petrol",0
"1951","Heavy buses","Petrol",3
"1952","Heavy buses","Petrol",3
"1953","Heavy buses","Petrol",0
"1954","Heavy buses","Petrol",3
"1955","Heavy buses","Petrol",0
"1956","Heavy buses","Petrol",3
"1957","Heavy buses","Petrol",3
"1958","Heavy buses","Petrol",0
"1959","Heavy buses","Petrol",3
"1960","Heavy buses","Petrol",0
"1961","Heavy buses","Petrol",0
"1962","Heavy buses","Petrol",3
"1963","Heavy buses","Petrol",0
"1964","Heavy buses","Petrol",0
"1965","Heavy buses","Petrol",3
"1966","Heavy buses","Petrol",0
"1967","Heavy buses","Petrol",7
"1968","Heavy buses","Petrol",5
"1969","Heavy buses","Petrol",0
"1970","Heavy buses","Petrol",6
"1971","Heavy buses","Petrol",6
"1972","Heavy buses","Petrol",5
"1973","Heavy buses","Petrol",5
"1974","Heavy buses","Petrol",5
"1975","Heavy buses","Petrol",4
"1976","Heavy buses","Petrol",10
"1977","Heavy buses","Petrol",8
"1978","Heavy buses","Petrol",8
"1979","Heavy buses","Petrol",0
"1980","Heavy buses","Petrol",4
"1981","Heavy buses","Petrol",8
"1982","Heavy buses","Petrol",9
"1983","Heavy buses","Petrol",6
"1984","Heavy buses","Petrol",12
"1985","Heavy buses","Petrol",11
"1986","Heavy buses","Petrol",7
"1987","Heavy buses","Petrol",5
"1988","Heavy buses","Petrol",11
"1989","Heavy buses","Petrol",14
"1990","Heavy buses","Petrol",12
"1991","Heavy buses","Petrol",11
"1992","Heavy buses","Petrol",3
"1993","Heavy buses","Petrol",7
"1994","Heavy buses","Petrol",3
"1995","Heavy buses","Petrol",3
"1996","Heavy buses","Petrol",7
"1997","Heavy buses","Petrol",9
"1998","Heavy buses","Petrol",6
"1999","Heavy buses","Petrol",13
"2000","Heavy buses","Petrol",32
"2001","Heavy buses","Petrol",9
"2002","Heavy buses","Petrol",27
"2003","Heavy buses","Petrol",19
"2004","Heavy buses","Petrol",19
"2005","Heavy buses","Petrol",24
"2006","Heavy buses","Petrol",30
"2007","Heavy buses","Petrol",59
"2008","Heavy buses","Petrol",43
"2009","Heavy buses","Petrol",32
"2010","Heavy buses","Petrol",25
"2011","Heavy buses","Petrol",30
"2012","Heavy buses","Petrol",35
"2013","Heavy buses","Petrol",25
"2014","Heavy buses","Petrol",26
"2015","Heavy buses","Petrol",16
"2016","Heavy buses","Petrol",11
"2017","Heavy buses","Petrol",13
"2018","Heavy buses","Petrol",11
"2019","Heavy buses","Petrol",9
"2020","Heavy buses","Petrol",8
"2021","Heavy buses","Petrol",7
"2022","Heavy buses","Petrol",11
"2023","Heavy buses","Petrol",10
"2024","Heavy buses","Petrol",14
"2025","Heavy buses","Petrol",0
"Not stated","Heavy buses","Petrol",0
"1901","Heavy buses","Diesel",0
"1902","Heavy buses","Diesel",0
"1903","Heavy buses","Diesel",0
"1904","Heavy buses","Diesel",0
"1905","Heavy buses","Diesel",0
"1906","Heavy buses","Diesel",0
"1907","Heavy buses","Diesel",0
"1908","Heavy buses","Diesel",0
"1909","Heavy buses","Diesel",0
"1910","Heavy buses","Diesel",0
"1911","Heavy buses","Diesel",0
"1912","Heavy buses","Diesel",0
"1913","Heavy buses","Diesel",0
"1914","Heavy buses","Diesel",0
"1915","Heavy buses","Diesel",0
"1916","Heavy buses","Diesel",0
"1917","Heavy buses","Diesel",0
"1918","Heavy buses","Diesel",0
"1919","Heavy buses","Diesel",0
"1920","Heavy buses","Diesel",0
"1921","Heavy buses","Diesel",0
"1922","Heavy buses","Diesel",0
"1923","Heavy buses","Diesel",0
"1924","Heavy buses","Diesel",0
"1925","Heavy buses","Diesel",0
"1926","Heavy buses","Diesel",0
"1927","Heavy buses","Diesel",0
"1928","Heavy buses","Diesel",0
"1929","Heavy buses","Diesel",0
"1930","Heavy buses","Diesel",0
"1931","Heavy buses","Diesel",0
"1932","Heavy buses","Diesel",0
"1933","Heavy buses","Diesel",0
"1934","Heavy buses","Diesel",0
"1935","Heavy buses","Diesel",0
"1936","Heavy buses","Diesel",0
"1937","Heavy buses","Diesel",0
"1938","Heavy buses","Diesel",0
"1939","Heavy buses","Diesel",0
"1940","Heavy buses","Diesel",0
"1941","Heavy buses","Diesel",0
"1942","Heavy buses","Diesel",3
"1943","Heavy buses","Diesel",0
"1944","Heavy buses","Diesel",0
"1945","Heavy buses","Diesel",0
"1946","Heavy buses","Diesel",0
"1947","Heavy buses","Diesel",3
"1948","Heavy buses","Diesel",3
"1949","Heavy buses","Diesel",3
"1950","Heavy buses","Diesel",0
"1951","Heavy buses","Diesel",0
"1952","Heavy buses","Diesel",3
"1953","Heavy buses","Diesel",0
"1954","Heavy buses","Diesel",0
"1955","Heavy buses","Diesel",0
"1956","Heavy buses","Diesel",0
"1957","Heavy buses","Diesel",3
"1958","Heavy buses","Diesel",0
"1959","Heavy buses","Diesel",0
"1960","Heavy buses","Diesel",3
"1961","Heavy buses","Diesel",0
"1962","Heavy buses","Diesel",3
"1963","Heavy buses","Diesel",0
"1964","Heavy buses","Diesel",0
"1965","Heavy buses","Diesel",4
"1966","Heavy buses","Diesel",3
"1967","Heavy buses","Diesel",0
"1968","Heavy buses","Diesel",4
"1969","Heavy buses","Diesel",3
"1970","Heavy buses","Diesel",5
"1971","Heavy buses","Diesel",4
"1972","Heavy buses","Diesel",5
"1973","Heavy buses","Diesel",4
"1974","Heavy buses","Diesel",7
"1975","Heavy buses","Diesel",5
"1976","Heavy buses","Diesel",6
"1977","Heavy buses","Diesel",9
"1978","Heavy buses","Diesel",19
"1979","Heavy buses","Diesel",11
"1980","Heavy buses","Diesel",29
"1981","Heavy buses","Diesel",29
"1982","Heavy buses","Diesel",36
"1983","Heavy buses","Diesel",45
"1984","Heavy buses","Diesel",76
"1985","Heavy buses","Diesel",95
"1986","Heavy buses","Diesel",134
"1987","Heavy buses","Diesel",128
"1988","Heavy buses","Diesel",187
"1989","Heavy buses","Diesel",168
"1990","Heavy buses","Diesel",175
"1991","Heavy buses","Diesel",143
"1992","Heavy buses","Diesel",201
"1993","Heavy buses","Diesel",191
"1994","Heavy buses","Diesel",253
"1995","Heavy buses","Diesel",301
"1996","Heavy buses","Diesel",311
"1997","Heavy buses","Diesel",402
"1998","Heavy buses","Diesel",587
"1999","Heavy buses","Diesel",622
"2000","Heavy buses","Diesel",778
"2001","Heavy buses","Diesel",678
"2002","Heavy buses","Diesel",796
"2003","Heavy buses","Diesel",769
"2004","Heavy buses","Diesel",901
"2005","Heavy buses","Diesel",1161
"2006","Heavy buses","Diesel",1270
"2007","Heavy buses","Diesel",1788
"2008","Heavy buses","Diesel",1896
"2009","Heavy buses","Diesel",2131
"2010","Heavy buses","Diesel",2401
"2011","Heavy buses","Diesel",2144
"2012","Heavy buses","Diesel",2411
"2013","Heavy buses","Diesel",2129
"2014","Heavy buses","Diesel",1919
"2015","Heavy buses","Diesel",1926
"2016","Heavy buses","Diesel",1944
"2017","Heavy buses","Diesel",1913
"2018","Heavy buses","Diesel",2087
"2019","Heavy buses","Diesel",2193
"2020","Heavy buses","Diesel",1808
"2021","Heavy buses","Diesel",1691
"2022","Heavy buses","Diesel",1588
"2023","Heavy buses","Diesel",1777
"2024","Heavy buses","Diesel",1956
"2025","Heavy buses","Diesel",55
"Not stated","Heavy buses","Diesel",0
"1901","Heavy buses","Dual fuel",0
"1902","Heavy buses","Dual fuel",0
"1903","Heavy buses","Dual fuel",0
"1904","Heavy buses","Dual fuel",0
"1905","Heavy buses","Dual fuel",0
"1906","Heavy buses","Dual fuel",0
"1907","Heavy buses","Dual fuel",0
"1908","Heavy buses","Dual fuel",0
"1909","Heavy buses","Dual fuel",0
"1910","Heavy buses","Dual fuel",0
"1911","Heavy buses","Dual fuel",0
"1912","Heavy buses","Dual fuel",0
"1913","Heavy buses","Dual fuel",0
"1914","Heavy buses","Dual fuel",0
"1915","Heavy buses","Dual fuel",0
"1916","Heavy buses","Dual fuel",0
"1917","Heavy buses","Dual fuel",0
"1918","Heavy buses","Dual fuel",0
"1919","Heavy buses","Dual fuel",0
"1920","Heavy buses","Dual fuel",0
"1921","Heavy buses","Dual fuel",0
"1922","Heavy buses","Dual fuel",0
"1923","Heavy buses","Dual fuel",0
"1924","Heavy buses","Dual fuel",0
"1925","Heavy buses","Dual fuel",0
"1926","Heavy buses","Dual fuel",0
"1927","Heavy buses","Dual fuel",0
"1928","Heavy buses","Dual fuel",0
"1929","Heavy buses","Dual fuel",0
"1930","Heavy buses","Dual fuel",0
"1931","Heavy buses","Dual fuel",0
"1932","Heavy buses","Dual fuel",0
"1933","Heavy buses","Dual fuel",0
"1934","Heavy buses","Dual fuel",0
"1935","Heavy buses","Dual fuel",0
"1936","Heavy buses","Dual fuel",0
"1937","Heavy buses","Dual fuel",0
"1938","Heavy buses","Dual fuel",0
"1939","Heavy buses","Dual fuel",0
"1940","Heavy buses","Dual fuel",0
"1941","Heavy buses","Dual fuel",0
"1942","Heavy buses","Dual fuel",0
"1943","Heavy buses","Dual fuel",0
"1944","Heavy buses","Dual fuel",0
"1945","Heavy buses","Dual fuel",0
"1946","Heavy buses","Dual fuel",0
"1947","Heavy buses","Dual fuel",0
"1948","Heavy buses","Dual fuel",0
"1949","Heavy buses","Dual fuel",0
"1950","Heavy buses","Dual fuel",0
"1951","Heavy buses","Dual fuel",0
"1952","Heavy buses","Dual fuel",0
"1953","Heavy buses","Dual fuel",0
"1954","Heavy buses","Dual fuel",0
"1955","Heavy buses","Dual fuel",0
"1956","Heavy buses","Dual fuel",0
"1957","Heavy buses","Dual fuel",0
"1958","Heavy buses","Dual fuel",0
"1959","Heavy buses","Dual fuel",0
"1960","Heavy buses","Dual fuel",0
"1961","Heavy buses","Dual fuel",0
"1962","Heavy buses","Dual fuel",0
"1963","Heavy buses","Dual fuel",0
"1964","Heavy buses","Dual fuel",0
"1965","Heavy buses","Dual fuel",3
"1966","Heavy buses","Dual fuel",0
"1967","Heavy buses","Dual fuel",0
"1968","Heavy buses","Dual fuel",0
"1969","Heavy buses","Dual fuel",0
"1970","Heavy buses","Dual fuel",0
"1971","Heavy buses","Dual fuel",0
"1972","Heavy buses","Dual fuel",0
"1973","Heavy buses","Dual fuel",0
"1974","Heavy buses","Dual fuel",0
"1975","Heavy buses","Dual fuel",0
"1976","Heavy buses","Dual fuel",0
"1977","Heavy buses","Dual fuel",0
"1978","Heavy buses","Dual fuel",0
"1979","Heavy buses","Dual fuel",0
"1980","Heavy buses","Dual fuel",3
"1981","Heavy buses","Dual fuel",0
"1982","Heavy buses","Dual fuel",0
"1983","Heavy buses","Dual fuel",0
"1984","Heavy buses","Dual fuel",0
"1985","Heavy buses","Dual fuel",3
"1986","Heavy buses","Dual fuel",3
"1987","Heavy buses","Dual fuel",3
"1988","Heavy buses","Dual fuel",0
"1989","Heavy buses","Dual fuel",0
"1990","Heavy buses","Dual fuel",0
"1991","Heavy buses","Dual fuel",3
"1992","Heavy buses","Dual fuel",0
"1993","Heavy buses","Dual fuel",0
"1994","Heavy buses","Dual fuel",0
"1995","Heavy buses","Dual fuel",0
"1996","Heavy buses","Dual fuel",0
"1997","Heavy buses","Dual fuel",0
"1998","Heavy buses","Dual fuel",3
"1999","Heavy buses","Dual fuel",0
"2000","Heavy buses","Dual fuel",0
"2001","Heavy buses","Dual fuel",0
"2002","Heavy buses","Dual fuel",0
"2003","Heavy buses","Dual fuel",0
"2004","Heavy buses","Dual fuel",0
"2005","Heavy buses","Dual fuel",0
"2006","Heavy buses","Dual fuel",3
"2007","Heavy buses","Dual fuel",5
"2008","Heavy buses","Dual fuel",3
"2009","Heavy buses","Dual fuel",4
"2010","Heavy buses","Dual fuel",5
"2011","Heavy buses","Dual fuel",0
"2012","Heavy buses","Dual fuel",3
"2013","Heavy buses","Dual fuel",0
"2014","Heavy buses","Dual fuel",3
"2015","Heavy buses","Dual fuel",0
"2016","Heavy buses","Dual fuel",4
"2017","Heavy buses","Dual fuel",3
"2018","Heavy buses","Dual fuel",5
"2019","Heavy buses","Dual fuel",19
"2020","Heavy buses","Dual fuel",8
"2021","Heavy buses","Dual fuel",5
"2022","Heavy buses","Dual fuel",0
"2023","Heavy buses","Dual fuel",3
"2024","Heavy buses","Dual fuel",0
"2025","Heavy buses","Dual fuel",0
"Not stated","Heavy buses","Dual fuel",0
"1901","Heavy buses","Hybrid electric",0
"1902","Heavy buses","Hybrid electric",0
"1903","Heavy buses","Hybrid electric",0
"1904","Heavy buses","Hybrid electric",0
"1905","Heavy buses","Hybrid electric",0
"1906","Heavy buses","Hybrid electric",0
"1907","Heavy buses","Hybrid electric",0
"1908","Heavy buses","Hybrid electric",0
"1909","Heavy buses","Hybrid electric",0
"1910","Heavy buses","Hybrid electric",0
"1911","Heavy buses","Hybrid electric",0
"1912","Heavy buses","Hybrid electric",0
"1913","Heavy buses","Hybrid electric",0
"1914","Heavy buses","Hybrid electric",0
"1915","Heavy buses","Hybrid electric",0
"1916","Heavy buses","Hybrid electric",0
"1917","Heavy buses","Hybrid electric",0
"1918","Heavy buses","Hybrid electric",0
"1919","Heavy buses","Hybrid electric",0
"1920","Heavy buses","Hybrid electric",0
"1921","Heavy buses","Hybrid electric",0
"1922","Heavy buses","Hybrid electric",0
"1923","Heavy buses","Hybrid electric",0
"1924","Heavy buses","Hybrid electric",0
"1925","Heavy buses","Hybrid electric",0
"1926","Heavy buses","Hybrid electric",0
"1927","Heavy buses","Hybrid electric",0
"1928","Heavy buses","Hybrid electric",0
"1929","Heavy buses","Hybrid electric",0
"1930","Heavy buses","Hybrid electric",0
"1931","Heavy buses","Hybrid electric",0
"1932","Heavy buses","Hybrid electric",0
"1933","Heavy buses","Hybrid electric",0
"1934","Heavy buses","Hybrid electric",0
"1935","Heavy buses","Hybrid electric",0
"1936","Heavy buses","Hybrid electric",0
"1937","Heavy buses","Hybrid electric",0
"1938","Heavy buses","Hybrid electric",0
"1939","Heavy buses","Hybrid electric",0
"1940","Heavy buses","Hybrid electric",0
"1941","Heavy buses","Hybrid electric",0
"1942","Heavy buses","Hybrid electric",0
"1943","Heavy buses","Hybrid electric",0
"1944","Heavy buses","Hybrid electric",0
"1945","Heavy buses","Hybrid electric",0
"1946","Heavy buses","Hybrid electric",0
"1947","Heavy buses","Hybrid electric",0
"1948","Heavy buses","Hybrid electric",0
"1949","Heavy buses","Hybrid electric",0
"1950","Heavy buses","Hybrid electric",0
"1951","Heavy buses","Hybrid electric",0
"1952","Heavy buses","Hybrid electric",0
"1953","Heavy buses","Hybrid electric",0
"1954","Heavy buses","Hybrid electric",0
"1955","Heavy buses","Hybrid electric",0
"1956","Heavy buses","Hybrid electric",0
"1957","Heavy buses","Hybrid electric",0
"1958","Heavy buses","Hybrid electric",0
"1959","Heavy buses","Hybrid electric",0
"1960","Heavy buses","Hybrid electric",0
"1961","Heavy buses","Hybrid electric",0
"1962","Heavy buses","Hybrid electric",0
"1963","Heavy buses","Hybrid electric",0
"1964","Heavy buses","Hybrid electric",0
"1965","Heavy buses","Hybrid electric",0
"1966","Heavy buses","Hybrid electric",0
"1967","Heavy buses","Hybrid electric",0
"1968","Heavy buses","Hybrid electric",0
"1969","Heavy buses","Hybrid electric",0
"1970","Heavy buses","Hybrid electric",0
"1971","Heavy buses","Hybrid electric",0
"1972","Heavy buses","Hybrid electric",0
"1973","Heavy buses","Hybrid electric",0
"1974","Heavy buses","Hybrid electric",0
"1975","Heavy buses","Hybrid electric",0
"1976","Heavy buses","Hybrid electric",0
"1977","Heavy buses","Hybrid electric",0
"1978","Heavy buses","Hybrid electric",0
"1979","Heavy buses","Hybrid electric",0
"1980","Heavy buses","Hybrid electric",0
"1981","Heavy buses","Hybrid electric",0
"1982","Heavy buses","Hybrid electric",0
"1983","Heavy buses","Hybrid electric",0
"1984","Heavy buses","Hybrid electric",0
"1985","Heavy buses","Hybrid electric",0
"1986","Heavy buses","Hybrid electric",0
"1987","Heavy buses","Hybrid electric",0
"1988","Heavy buses","Hybrid electric",0
"1989","Heavy buses","Hybrid electric",0
"1990","Heavy buses","Hybrid electric",0
"1991","Heavy buses","Hybrid electric",0
"1992","Heavy buses","Hybrid electric",0
"1993","Heavy buses","Hybrid electric",0
"1994","Heavy buses","Hybrid electric",0
"1995","Heavy buses","Hybrid electric",0
"1996","Heavy buses","Hybrid electric",0
"1997","Heavy buses","Hybrid electric",0
"1998","Heavy buses","Hybrid electric",0
"1999","Heavy buses","Hybrid electric",0
"2000","Heavy buses","Hybrid electric",0
"2001","Heavy buses","Hybrid electric",0
"2002","Heavy buses","Hybrid electric",0
"2003","Heavy buses","Hybrid electric",0
"2004","Heavy buses","Hybrid electric",0
"2005","Heavy buses","Hybrid electric",0
"2006","Heavy buses","Hybrid electric",0
"2007","Heavy buses","Hybrid electric",0
"2008","Heavy buses","Hybrid electric",0
"2009","Heavy buses","Hybrid electric",0
"2010","Heavy buses","Hybrid electric",0
"2011","Heavy buses","Hybrid electric",0
"2012","Heavy buses","Hybrid electric",0
"2013","Heavy buses","Hybrid electric",3
"2014","Heavy buses","Hybrid electric",0
"2015","Heavy buses","Hybrid electric",0
"2016","Heavy buses","Hybrid electric",0
"2017","Heavy buses","Hybrid electric",0
"2018","Heavy buses","Hybrid electric",0
"2019","Heavy buses","Hybrid electric",5
"2020","Heavy buses","Hybrid electric",3
"2021","Heavy buses","Hybrid electric",5
"2022","Heavy buses","Hybrid electric",36
"2023","Heavy buses","Hybrid electric",3
"2024","Heavy buses","Hybrid electric",8
"2025","Heavy buses","Hybrid electric",0
"Not stated","Heavy buses","Hybrid electric",0
"1901","Heavy buses","Battery/Fuel-cell electric",0
"1902","Heavy buses","Battery/Fuel-cell electric",0
"1903","Heavy buses","Battery/Fuel-cell electric",0
"1904","Heavy buses","Battery/Fuel-cell electric",0
"1905","Heavy buses","Battery/Fuel-cell electric",0
"1906","Heavy buses","Battery/Fuel-cell electric",0
"1907","Heavy buses","Battery/Fuel-cell electric",0
"1908","Heavy buses","Battery/Fuel-cell electric",0
"1909","Heavy buses","Battery/Fuel-cell electric",0
"1910","Heavy buses","Battery/Fuel-cell electric",0
"1911","Heavy buses","Battery/Fuel-cell electric",0
"1912","Heavy buses","Battery/Fuel-cell electric",0
"1913","Heavy buses","Battery/Fuel-cell electric",0
"1914","Heavy buses","Battery/Fuel-cell electric",0
"1915","Heavy buses","Battery/Fuel-cell electric",0
"1916","Heavy buses","Battery/Fuel-cell electric",0
"1917","Heavy buses","Battery/Fuel-cell electric",0
"1918","Heavy buses","Battery/Fuel-cell electric",0
"1919","Heavy buses","Battery/Fuel-cell electric",0
"1920","Heavy buses","Battery/Fuel-cell electric",0
"1921","Heavy buses","Battery/Fuel-cell electric",0
"1922","Heavy buses","Battery/Fuel-cell electric",0
"1923","Heavy buses","Battery/Fuel-cell electric",0
"1924","Heavy buses","Battery/Fuel-cell electric",0
"1925","Heavy buses","Battery/Fuel-cell electric",0
"1926","Heavy buses","Battery/Fuel-cell electric",0
"1927","Heavy buses","Battery/Fuel-cell electric",0
"1928","Heavy buses","Battery/Fuel-cell electric",0
"1929","Heavy buses","Battery/Fuel-cell electric",0
"1930","Heavy buses","Battery/Fuel-cell electric",0
"1931","Heavy buses","Battery/Fuel-cell electric",0
"1932","Heavy buses","Battery/Fuel-cell electric",0
"1933","Heavy buses","Battery/Fuel-cell electric",0
"1934","Heavy buses","Battery/Fuel-cell electric",0
"1935","Heavy buses","Battery/Fuel-cell electric",0
"1936","Heavy buses","Battery/Fuel-cell electric",0
"1937","Heavy buses","Battery/Fuel-cell electric",0
"1938","Heavy buses","Battery/Fuel-cell electric",0
"1939","Heavy buses","Battery/Fuel-cell electric",0
"1940","Heavy buses","Battery/Fuel-cell electric",0
"1941","Heavy buses","Battery/Fuel-cell electric",0
"1942","Heavy buses","Battery/Fuel-cell electric",0
"1943","Heavy buses","Battery/Fuel-cell electric",0
"1944","Heavy buses","Battery/Fuel-cell electric",0
"1945","Heavy buses","Battery/Fuel-cell electric",0
"1946","Heavy buses","Battery/Fuel-cell electric",0
"1947","Heavy buses","Battery/Fuel-cell electric",0
"1948","Heavy buses","Battery/Fuel-cell electric",0
"1949","Heavy buses","Battery/Fuel-cell electric",0
"1950","Heavy buses","Battery/Fuel-cell electric",0
"1951","Heavy buses","Battery/Fuel-cell electric",0
"1952","Heavy buses","Battery/Fuel-cell electric",0
"1953","Heavy buses","Battery/Fuel-cell electric",0
"1954","Heavy buses","Battery/Fuel-cell electric",0
"1955","Heavy buses","Battery/Fuel-cell electric",0
"1956","Heavy buses","Battery/Fuel-cell electric",0
"1957","Heavy buses","Battery/Fuel-cell electric",0
"1958","Heavy buses","Battery/Fuel-cell electric",0
"1959","Heavy buses","Battery/Fuel-cell electric",0
"1960","Heavy buses","Battery/Fuel-cell electric",0
"1961","Heavy buses","Battery/Fuel-cell electric",0
"1962","Heavy buses","Battery/Fuel-cell electric",0
"1963","Heavy buses","Battery/Fuel-cell electric",0
"1964","Heavy buses","Battery/Fuel-cell electric",0
"1965","Heavy buses","Battery/Fuel-cell electric",0
"1966","Heavy buses","Battery/Fuel-cell electric",0
"1967","Heavy buses","Battery/Fuel-cell electric",0
"1968","Heavy buses","Battery/Fuel-cell electric",0
"1969","Heavy buses","Battery/Fuel-cell electric",0
"1970","Heavy buses","Battery/Fuel-cell electric",0
"1971","Heavy buses","Battery/Fuel-cell electric",0
"1972","Heavy buses","Battery/Fuel-cell electric",0
"1973","Heavy buses","Battery/Fuel-cell electric",0
"1974","Heavy buses","Battery/Fuel-cell electric",0
"1975","Heavy buses","Battery/Fuel-cell electric",0
"1976","Heavy buses","Battery/Fuel-cell electric",0
"1977","Heavy buses","Battery/Fuel-cell electric",0
"1978","Heavy buses","Battery/Fuel-cell electric",0
"1979","Heavy buses","Battery/Fuel-cell electric",0
"1980","Heavy buses","Battery/Fuel-cell electric",0
"1981","Heavy buses","Battery/Fuel-cell electric",0
"1982","Heavy buses","Battery/Fuel-cell electric",0
"1983","Heavy buses","Battery/Fuel-cell electric",0
"1984","Heavy buses","Battery/Fuel-cell electric",0
"1985","Heavy buses","Battery/Fuel-cell electric",0
"1986","Heavy buses","Battery/Fuel-cell electric",0
"1987","Heavy buses","Battery/Fuel-cell electric",0
"1988","Heavy buses","Battery/Fuel-cell electric",0
"1989","Heavy buses","Battery/Fuel-cell electric",0
"1990","Heavy buses","Battery/Fuel-cell electric",0
"1991","Heavy buses","Battery/Fuel-cell electric",0
"1992","Heavy buses","Battery/Fuel-cell electric",0
"1993","Heavy buses","Battery/Fuel-cell electric",0
"1994","Heavy buses","Battery/Fuel-cell electric",0
"1995","Heavy buses","Battery/Fuel-cell electric",0
"1996","Heavy buses","Battery/Fuel-cell electric",0
"1997","Heavy buses","Battery/Fuel-cell electric",0
"1998","Heavy buses","Battery/Fuel-cell electric",0
"1999","Heavy buses","Battery/Fuel-cell electric",0
"2000","Heavy buses","Battery/Fuel-cell electric",0
"2001","Heavy buses","Battery/Fuel-cell electric",0
"2002","Heavy buses","Battery/Fuel-cell electric",0
"2003","Heavy buses","Battery/Fuel-cell electric",0
"2004","Heavy buses","Battery/Fuel-cell electric",0
"2005","Heavy buses","Battery/Fuel-cell electric",0
"2006","Heavy buses","Battery/Fuel-cell electric",0
"2007","Heavy buses","Battery/Fuel-cell electric",0
"2008","Heavy buses","Battery/Fuel-cell electric",0
"2009","Heavy buses","Battery/Fuel-cell electric",0
"2010","Heavy buses","Battery/Fuel-cell electric",0
"2011","Heavy buses","Battery/Fuel-cell electric",0
"2012","Heavy buses","Battery/Fuel-cell electric",0
"2013","Heavy buses","Battery/Fuel-cell electric",0
"2014","Heavy buses","Battery/Fuel-cell electric",0
"2015","Heavy buses","Battery/Fuel-cell electric",0
"2016","Heavy buses","Battery/Fuel-cell electric",6
"2017","Heavy buses","Battery/Fuel-cell electric",0
"2018","Heavy buses","Battery/Fuel-cell electric",12
"2019","Heavy buses","Battery/Fuel-cell electric",9
"2020","Heavy buses","Battery/Fuel-cell electric",3
"2021","Heavy buses","Battery/Fuel-cell electric",115
"2022","Heavy buses","Battery/Fuel-cell electric",122
"2023","Heavy buses","Battery/Fuel-cell electric",174
"2024","Heavy buses","Battery/Fuel-cell electric",183
"2025","Heavy buses","Battery/Fuel-cell electric",4
"Not stated","Heavy buses","Battery/Fuel-cell electric",0
"1901","Heavy buses","Other",0
"1902","Heavy buses","Other",0
"1903","Heavy buses","Other",0
"1904","Heavy buses","Other",0
"1905","Heavy buses","Other",0
"1906","Heavy buses","Other",0
"1907","Heavy buses","Other",0
"1908","Heavy buses","Other",0
"1909","Heavy buses","Other",0
"1910","Heavy buses","Other",0
"1911","Heavy buses","Other",0
"1912","Heavy buses","Other",0
"1913","Heavy buses","Other",0
"1914","Heavy buses","Other",0
"1915","Heavy buses","Other",0
"1916","Heavy buses","Other",0
"1917","Heavy buses","Other",0
"1918","Heavy buses","Other",0
"1919","Heavy buses","Other",0
"1920","Heavy buses","Other",0
"1921","Heavy buses","Other",0
"1922","Heavy buses","Other",0
"1923","Heavy buses","Other",0
"1924","Heavy buses","Other",0
"1925","Heavy buses","Other",0
"1926","Heavy buses","Other",0
"1927","Heavy buses","Other",0
"1928","Heavy buses","Other",0
"1929","Heavy buses","Other",0
"1930","Heavy buses","Other",0
"1931","Heavy buses","Other",0
"1932","Heavy buses","Other",0
"1933","Heavy buses","Other",0
"1934","Heavy buses","Other",0
"1935","Heavy buses","Other",0
"1936","Heavy buses","Other",0
"1937","Heavy buses","Other",0
"1938","Heavy buses","Other",0
"1939","Heavy buses","Other",0
"1940","Heavy buses","Other",0
"1941","Heavy buses","Other",0
"1942","Heavy buses","Other",0
"1943","Heavy buses","Other",0
"1944","Heavy buses","Other",0
"1945","Heavy buses","Other",0
"1946","Heavy buses","Other",0
"1947","Heavy buses","Other",0
"1948","Heavy buses","Other",0
"1949","Heavy buses","Other",0
"1950","Heavy buses","Other",0
"1951","Heavy buses","Other",0
"1952","Heavy buses","Other",0
"1953","Heavy buses","Other",0
"1954","Heavy buses","Other",0
"1955","Heavy buses","Other",0
"1956","Heavy buses","Other",0
"1957","Heavy buses","Other",3
"1958","Heavy buses","Other",0
"1959","Heavy buses","Other",0
"1960","Heavy buses","Other",0
"1961","Heavy buses","Other",0
"1962","Heavy buses","Other",0
"1963","Heavy buses","Other",0
"1964","Heavy buses","Other",0
"1965","Heavy buses","Other",0
"1966","Heavy buses","Other",0
"1967","Heavy buses","Other",0
"1968","Heavy buses","Other",0
"1969","Heavy buses","Other",0
"1970","Heavy buses","Other",0
"1971","Heavy buses","Other",0
"1972","Heavy buses","Other",0
"1973","Heavy buses","Other",0
"1974","Heavy buses","Other",0
"1975","Heavy buses","Other",0
"1976","Heavy buses","Other",3
"1977","Heavy buses","Other",0
"1978","Heavy buses","Other",0
"1979","Heavy buses","Other",0
"1980","Heavy buses","Other",0
"1981","Heavy buses","Other",0
"1982","Heavy buses","Other",0
"1983","Heavy buses","Other",0
"1984","Heavy buses","Other",0
"1985","Heavy buses","Other",3
"1986","Heavy buses","Other",0
"1987","Heavy buses","Other",0
"1988","Heavy buses","Other",0
"1989","Heavy buses","Other",0
"1990","Heavy buses","Other",0
"1991","Heavy buses","Other",0
"1992","Heavy buses","Other",0
"1993","Heavy buses","Other",0
"1994","Heavy buses","Other",0
"1995","Heavy buses","Other",3
"1996","Heavy buses","Other",0
"1997","Heavy buses","Other",0
"1998","Heavy buses","Other",0
"1999","Heavy buses","Other",0
"2000","Heavy buses","Other",17
"2001","Heavy buses","Other",40
"2002","Heavy buses","Other",9
"2003","Heavy buses","Other",0
"2004","Heavy buses","Other",22
"2005","Heavy buses","Other",15
"2006","Heavy buses","Other",61
"2007","Heavy buses","Other",148
"2008","Heavy buses","Other",291
"2009","Heavy buses","Other",212
"2010","Heavy buses","Other",122
"2011","Heavy buses","Other",22
"2012","Heavy buses","Other",0
"2013","Heavy buses","Other",0
"2014","Heavy buses","Other",0
"2015","Heavy buses","Other",0
"2016","Heavy buses","Other",0
"2017","Heavy buses","Other",0
"2018","Heavy buses","Other",0
"2019","Heavy buses","Other",0
"2020","Heavy buses","Other",0
"2021","Heavy buses","Other",0
"2022","Heavy buses","Other",0
"2023","Heavy buses","Other",0
"2024","Heavy buses","Other",0
"2025","Heavy buses","Other",0
"Not stated","Heavy buses","Other",0
"1901","Motorcycles","Petrol",23
"1902","Motorcycles","Petrol",0
"1903","Motorcycles","Petrol",0
"1904","Motorcycles","Petrol",0
"1905","Motorcycles","Petrol",0
"1906","Motorcycles","Petrol",0
"1907","Motorcycles","Petrol",4
"1908","Motorcycles","Petrol",3
"1909","Motorcycles","Petrol",3
"1910","Motorcycles","Petrol",6
"1911","Motorcycles","Petrol",6
"1912","Motorcycles","Petrol",17
"1913","Motorcycles","Petrol",21
"1914","Motorcycles","Petrol",36
"1915","Motorcycles","Petrol",31
"1916","Motorcycles","Petrol",21
"1917","Motorcycles","Petrol",12
"1918","Motorcycles","Petrol",12
"1919","Motorcycles","Petrol",4
"1920","Motorcycles","Petrol",7
"1921","Motorcycles","Petrol",3
"1922","Motorcycles","Petrol",6
"1923","Motorcycles","Petrol",18
"1924","Motorcycles","Petrol",31
"1925","Motorcycles","Petrol",27
"1926","Motorcycles","Petrol",36
"1927","Motorcycles","Petrol",42
"1928","Motorcycles","Petrol",77
"1929","Motorcycles","Petrol",63
"1930","Motorcycles","Petrol",47
"1931","Motorcycles","Petrol",13
"1932","Motorcycles","Petrol",7
"1933","Motorcycles","Petrol",13
"1934","Motorcycles","Petrol",25
"1935","Motorcycles","Petrol",42
"1936","Motorcycles","Petrol",62
"1937","Motorcycles","Petrol",68
"1938","Motorcycles","Petrol",82
"1939","Motorcycles","Petrol",90
"1940","Motorcycles","Petrol",56
"1941","Motorcycles","Petrol",110
"1942","Motorcycles","Petrol",382
"1943","Motorcycles","Petrol",24
"1944","Motorcycles","Petrol",64
"1945","Motorcycles","Petrol",17
"1946","Motorcycles","Petrol",84
"1947","Motorcycles","Petrol",161
"1948","Motorcycles","Petrol",238
"1949","Motorcycles","Petrol",238
"1950","Motorcycles","Petrol",239
"1951","Motorcycles","Petrol",325
"1952","Motorcycles","Petrol",210
"1953","Motorcycles","Petrol",171
"1954","Motorcycles","Petrol",260
"1955","Motorcycles","Petrol",227
"1956","Motorcycles","Petrol",239
"1957","Motorcycles","Petrol",249
"1958","Motorcycles","Petrol",249
"1959","Motorcycles","Petrol",243
"1960","Motorcycles","Petrol",257
"1961","Motorcycles","Petrol",196
"1962","Motorcycles","Petrol",247
"1963","Motorcycles","Petrol",271
"1964","Motorcycles","Petrol",321
"1965","Motorcycles","Petrol",386
"1966","Motorcycles","Petrol",446
"1967","Motorcycles","Petrol",462
"1968","Motorcycles","Petrol",604
"1969","Motorcycles","Petrol",659
"1970","Motorcycles","Petrol",629
"1971","Motorcycles","Petrol",893
"1972","Motorcycles","Petrol",1369
"1973","Motorcycles","Petrol",1295
"1974","Motorcycles","Petrol",1616
"1975","Motorcycles","Petrol",1618
"1976","Motorcycles","Petrol",1559
"1977","Motorcycles","Petrol",1076
"1978","Motorcycles","Petrol",1410
"1979","Motorcycles","Petrol",1389
"1980","Motorcycles","Petrol",1957
"1981","Motorcycles","Petrol",2430
"1982","Motorcycles","Petrol",1928
"1983","Motorcycles","Petrol",1651
"1984","Motorcycles","Petrol",1818
"1985","Motorcycles","Petrol",2223
"1986","Motorcycles","Petrol",1586
"1987","Motorcycles","Petrol",1526
"1988","Motorcycles","Petrol",2697
"1989","Motorcycles","Petrol",1812
"1990","Motorcycles","Petrol",2086
"1991","Motorcycles","Petrol",2503
"1992","Motorcycles","Petrol",2653
"1993","Motorcycles","Petrol",3065
"1994","Motorcycles","Petrol",4076
"1995","Motorcycles","Petrol",5543
"1996","Motorcycles","Petrol",5901
"1997","Motorcycles","Petrol",6758
"1998","Motorcycles","Petrol",8853
"1999","Motorcycles","Petrol",9862
"2000","Motorcycles","Petrol",10996
"2001","Motorcycles","Petrol",12515
"2002","Motorcycles","Petrol",12865
"2003","Motorcycles","Petrol",15276
"2004","Motorcycles","Petrol",17772
"2005","Motorcycles","Petrol",24297
"2006","Motorcycles","Petrol",31390
"2007","Motorcycles","Petrol",36850
"2008","Motorcycles","Petrol",40725
"2009","Motorcycles","Petrol",32284
"2010","Motorcycles","Petrol",31677
"2011","Motorcycles","Petrol",31075
"2012","Motorcycles","Petrol",36782
"2013","Motorcycles","Petrol",39460
"2014","Motorcycles","Petrol",40782
"2015","Motorcycles","Petrol",43972
"2016","Motorcycles","Petrol",47334
"2017","Motorcycles","Petrol",43575
"2018","Motorcycles","Petrol",41052
"2019","Motorcycles","Petrol",39534
"2020","Motorcycles","Petrol",40821
"2021","Motorcycles","Petrol",65427
"2022","Motorcycles","Petrol",53670
"2023","Motorcycles","Petrol",56373
"2024","Motorcycles","Petrol",26484
"2025","Motorcycles","Petrol",5
"Not stated","Motorcycles","Petrol",8964
"1901","Motorcycles","Diesel",0
"1902","Motorcycles","Diesel",0
"1903","Motorcycles","Diesel",0
"1904","Motorcycles","Diesel",0
"1905","Motorcycles","Diesel",0
"1906","Motorcycles","Diesel",0
"1907","Motorcycles","Diesel",0
"1908","Motorcycles","Diesel",0
"1909","Motorcycles","Diesel",0
"1910","Motorcycles","Diesel",0
"1911","Motorcycles","Diesel",0
"1912","Motorcycles","Diesel",0
"1913","Motorcycles","Diesel",0
"1914","Motorcycles","Diesel",0
"1915","Motorcycles","Diesel",0
"1916","Motorcycles","Diesel",0
"1917","Motorcycles","Diesel",0
"1918","Motorcycles","Diesel",0
"1919","Motorcycles","Diesel",0
"1920","Motorcycles","Diesel",0
"1921","Motorcycles","Diesel",0
"1922","Motorcycles","Diesel",0
"1923","Motorcycles","Diesel",0
"1924","Motorcycles","Diesel",0
"1925","Motorcycles","Diesel",0
"1926","Motorcycles","Diesel",0
"1927","Motorcycles","Diesel",0
"1928","Motorcycles","Diesel",0
"1929","Motorcycles","Diesel",0
"1930","Motorcycles","Diesel",0
"1931","Motorcycles","Diesel",0
"1932","Motorcycles","Diesel",0
"1933","Motorcycles","Diesel",0
"1934","Motorcycles","Diesel",0
"1935","Motorcycles","Diesel",0
"1936","Motorcycles","Diesel",0
"1937","Motorcycles","Diesel",0
"1938","Motorcycles","Diesel",0
"1939","Motorcycles","Diesel",0
"1940","Motorcycles","Diesel",0
"1941","Motorcycles","Diesel",0
"1942","Motorcycles","Diesel",0
"1943","Motorcycles","Diesel",0
"1944","Motorcycles","Diesel",0
"1945","Motorcycles","Diesel",0
"1946","Motorcycles","Diesel",0
"1947","Motorcycles","Diesel",0
"1948","Motorcycles","Diesel",0
"1949","Motorcycles","Diesel",0
"1950","Motorcycles","Diesel",0
"1951","Motorcycles","Diesel",0
"1952","Motorcycles","Diesel",0
"1953","Motorcycles","Diesel",0
"1954","Motorcycles","Diesel",0
"1955","Motorcycles","Diesel",0
"1956","Motorcycles","Diesel",0
"1957","Motorcycles","Diesel",0
"1958","Motorcycles","Diesel",0
"1959","Motorcycles","Diesel",0
"1960","Motorcycles","Diesel",0
"1961","Motorcycles","Diesel",0
"1962","Motorcycles","Diesel",0
"1963","Motorcycles","Diesel",0
"1964","Motorcycles","Diesel",0
"1965","Motorcycles","Diesel",0
"1966","Motorcycles","Diesel",0
"1967","Motorcycles","Diesel",0
"1968","Motorcycles","Diesel",0
"1969","Motorcycles","Diesel",0
"1970","Motorcycles","Diesel",0
"1971","Motorcycles","Diesel",0
"1972","Motorcycles","Diesel",0
"1973","Motorcycles","Diesel",0
"1974","Motorcycles","Diesel",0
"1975","Motorcycles","Diesel",0
"1976","Motorcycles","Diesel",0
"1977","Motorcycles","Diesel",0
"1978","Motorcycles","Diesel",0
"1979","Motorcycles","Diesel",0
"1980","Motorcycles","Diesel",3
"1981","Motorcycles","Diesel",0
"1982","Motorcycles","Diesel",0
"1983","Motorcycles","Diesel",0
"1984","Motorcycles","Diesel",0
"1985","Motorcycles","Diesel",0
"1986","Motorcycles","Diesel",0
"1987","Motorcycles","Diesel",0
"1988","Motorcycles","Diesel",0
"1989","Motorcycles","Diesel",0
"1990","Motorcycles","Diesel",0
"1991","Motorcycles","Diesel",0
"1992","Motorcycles","Diesel",0
"1993","Motorcycles","Diesel",0
"1994","Motorcycles","Diesel",0
"1995","Motorcycles","Diesel",0
"1996","Motorcycles","Diesel",0
"1997","Motorcycles","Diesel",0
"1998","Motorcycles","Diesel",3
"1999","Motorcycles","Diesel",0
"2000","Motorcycles","Diesel",0
"2001","Motorcycles","Diesel",0
"2002","Motorcycles","Diesel",0
"2003","Motorcycles","Diesel",0
"2004","Motorcycles","Diesel",0
"2005","Motorcycles","Diesel",0
"2006","Motorcycles","Diesel",0
"2007","Motorcycles","Diesel",0
"2008","Motorcycles","Diesel",0
"2009","Motorcycles","Diesel",0
"2010","Motorcycles","Diesel",0
"2011","Motorcycles","Diesel",0
"2012","Motorcycles","Diesel",0
"2013","Motorcycles","Diesel",0
"2014","Motorcycles","Diesel",0
"2015","Motorcycles","Diesel",0
"2016","Motorcycles","Diesel",0
"2017","Motorcycles","Diesel",0
"2018","Motorcycles","Diesel",0
"2019","Motorcycles","Diesel",0
"2020","Motorcycles","Diesel",0
"2021","Motorcycles","Diesel",0
"2022","Motorcycles","Diesel",0
"2023","Motorcycles","Diesel",0
"2024","Motorcycles","Diesel",0
"2025","Motorcycles","Diesel",0
"Not stated","Motorcycles","Diesel",0
"1901","Motorcycles","Hybrid electric",0
"1902","Motorcycles","Hybrid electric",0
"1903","Motorcycles","Hybrid electric",0
"1904","Motorcycles","Hybrid electric",0
"1905","Motorcycles","Hybrid electric",0
"1906","Motorcycles","Hybrid electric",0
"1907","Motorcycles","Hybrid electric",0
"1908","Motorcycles","Hybrid electric",0
"1909","Motorcycles","Hybrid electric",0
"1910","Motorcycles","Hybrid electric",0
"1911","Motorcycles","Hybrid electric",0
"1912","Motorcycles","Hybrid electric",0
"1913","Motorcycles","Hybrid electric",0
"1914","Motorcycles","Hybrid electric",0
"1915","Motorcycles","Hybrid electric",0
"1916","Motorcycles","Hybrid electric",0
"1917","Motorcycles","Hybrid electric",0
"1918","Motorcycles","Hybrid electric",0
"1919","Motorcycles","Hybrid electric",0
"1920","Motorcycles","Hybrid electric",0
"1921","Motorcycles","Hybrid electric",0
"1922","Motorcycles","Hybrid electric",0
"1923","Motorcycles","Hybrid electric",0
"1924","Motorcycles","Hybrid electric",0
"1925","Motorcycles","Hybrid electric",0
"1926","Motorcycles","Hybrid electric",0
"1927","Motorcycles","Hybrid electric",0
"1928","Motorcycles","Hybrid electric",0
"1929","Motorcycles","Hybrid electric",0
"1930","Motorcycles","Hybrid electric",0
"1931","Motorcycles","Hybrid electric",0
"1932","Motorcycles","Hybrid electric",0
"1933","Motorcycles","Hybrid electric",0
"1934","Motorcycles","Hybrid electric",0
"1935","Motorcycles","Hybrid electric",0
"1936","Motorcycles","Hybrid electric",0
"1937","Motorcycles","Hybrid electric",0
"1938","Motorcycles","Hybrid electric",0
"1939","Motorcycles","Hybrid electric",0
"1940","Motorcycles","Hybrid electric",0
"1941","Motorcycles","Hybrid electric",0
"1942","Motorcycles","Hybrid electric",0
"1943","Motorcycles","Hybrid electric",0
"1944","Motorcycles","Hybrid electric",0
"1945","Motorcycles","Hybrid electric",0
"1946","Motorcycles","Hybrid electric",0
"1947","Motorcycles","Hybrid electric",0
"1948","Motorcycles","Hybrid electric",0
"1949","Motorcycles","Hybrid electric",0
"1950","Motorcycles","Hybrid electric",0
"1951","Motorcycles","Hybrid electric",0
"1952","Motorcycles","Hybrid electric",0
"1953","Motorcycles","Hybrid electric",0
"1954","Motorcycles","Hybrid electric",0
"1955","Motorcycles","Hybrid electric",0
"1956","Motorcycles","Hybrid electric",0
"1957","Motorcycles","Hybrid electric",0
"1958","Motorcycles","Hybrid electric",0
"1959","Motorcycles","Hybrid electric",0
"1960","Motorcycles","Hybrid electric",0
"1961","Motorcycles","Hybrid electric",0
"1962","Motorcycles","Hybrid electric",0
"1963","Motorcycles","Hybrid electric",0
"1964","Motorcycles","Hybrid electric",0
"1965","Motorcycles","Hybrid electric",0
"1966","Motorcycles","Hybrid electric",0
"1967","Motorcycles","Hybrid electric",0
"1968","Motorcycles","Hybrid electric",0
"1969","Motorcycles","Hybrid electric",0
"1970","Motorcycles","Hybrid electric",0
"1971","Motorcycles","Hybrid electric",0
"1972","Motorcycles","Hybrid electric",0
"1973","Motorcycles","Hybrid electric",0
"1974","Motorcycles","Hybrid electric",0
"1975","Motorcycles","Hybrid electric",0
"1976","Motorcycles","Hybrid electric",0
"1977","Motorcycles","Hybrid electric",0
"1978","Motorcycles","Hybrid electric",0
"1979","Motorcycles","Hybrid electric",0
"1980","Motorcycles","Hybrid electric",0
"1981","Motorcycles","Hybrid electric",0
"1982","Motorcycles","Hybrid electric",0
"1983","Motorcycles","Hybrid electric",0
"1984","Motorcycles","Hybrid electric",0
"1985","Motorcycles","Hybrid electric",0
"1986","Motorcycles","Hybrid electric",0
"1987","Motorcycles","Hybrid electric",0
"1988","Motorcycles","Hybrid electric",0
"1989","Motorcycles","Hybrid electric",0
"1990","Motorcycles","Hybrid electric",0
"1991","Motorcycles","Hybrid electric",0
"1992","Motorcycles","Hybrid electric",0
"1993","Motorcycles","Hybrid electric",0
"1994","Motorcycles","Hybrid electric",0
"1995","Motorcycles","Hybrid electric",0
"1996","Motorcycles","Hybrid electric",0
"1997","Motorcycles","Hybrid electric",0
"1998","Motorcycles","Hybrid electric",0
"1999","Motorcycles","Hybrid electric",0
"2000","Motorcycles","Hybrid electric",0
"2001","Motorcycles","Hybrid electric",0
"2002","Motorcycles","Hybrid electric",0
"2003","Motorcycles","Hybrid electric",0
"2004","Motorcycles","Hybrid electric",0
"2005","Motorcycles","Hybrid electric",0
"2006","Motorcycles","Hybrid electric",0
"2007","Motorcycles","Hybrid electric",0
"2008","Motorcycles","Hybrid electric",0
"2009","Motorcycles","Hybrid electric",0
"2010","Motorcycles","Hybrid electric",0
"2011","Motorcycles","Hybrid electric",0
"2012","Motorcycles","Hybrid electric",0
"2013","Motorcycles","Hybrid electric",0
"2014","Motorcycles","Hybrid electric",0
"2015","Motorcycles","Hybrid electric",0
"2016","Motorcycles","Hybrid electric",0
"2017","Motorcycles","Hybrid electric",0
"2018","Motorcycles","Hybrid electric",0
"2019","Motorcycles","Hybrid electric",0
"2020","Motorcycles","Hybrid electric",0
"2021","Motorcycles","Hybrid electric",3
"2022","Motorcycles","Hybrid electric",0
"2023","Motorcycles","Hybrid electric",0
"2024","Motorcycles","Hybrid electric",0
"2025","Motorcycles","Hybrid electric",0
"Not stated","Motorcycles","Hybrid electric",0
"1901","Motorcycles","Battery/Fuel-cell electric",0
"1902","Motorcycles","Battery/Fuel-cell electric",0
"1903","Motorcycles","Battery/Fuel-cell electric",0
"1904","Motorcycles","Battery/Fuel-cell electric",0
"1905","Motorcycles","Battery/Fuel-cell electric",0
"1906","Motorcycles","Battery/Fuel-cell electric",0
"1907","Motorcycles","Battery/Fuel-cell electric",0
"1908","Motorcycles","Battery/Fuel-cell electric",0
"1909","Motorcycles","Battery/Fuel-cell electric",0
"1910","Motorcycles","Battery/Fuel-cell electric",0
"1911","Motorcycles","Battery/Fuel-cell electric",0
"1912","Motorcycles","Battery/Fuel-cell electric",0
"1913","Motorcycles","Battery/Fuel-cell electric",0
"1914","Motorcycles","Battery/Fuel-cell electric",0
"1915","Motorcycles","Battery/Fuel-cell electric",0
"1916","Motorcycles","Battery/Fuel-cell electric",0
"1917","Motorcycles","Battery/Fuel-cell electric",0
"1918","Motorcycles","Battery/Fuel-cell electric",0
"1919","Motorcycles","Battery/Fuel-cell electric",0
"1920","Motorcycles","Battery/Fuel-cell electric",0
"1921","Motorcycles","Battery/Fuel-cell electric",0
"1922","Motorcycles","Battery/Fuel-cell electric",0
"1923","Motorcycles","Battery/Fuel-cell electric",0
"1924","Motorcycles","Battery/Fuel-cell electric",0
"1925","Motorcycles","Battery/Fuel-cell electric",0
"1926","Motorcycles","Battery/Fuel-cell electric",0
"1927","Motorcycles","Battery/Fuel-cell electric",0
"1928","Motorcycles","Battery/Fuel-cell electric",0
"1929","Motorcycles","Battery/Fuel-cell electric",0
"1930","Motorcycles","Battery/Fuel-cell electric",0
"1931","Motorcycles","Battery/Fuel-cell electric",0
"1932","Motorcycles","Battery/Fuel-cell electric",0
"1933","Motorcycles","Battery/Fuel-cell electric",0
"1934","Motorcycles","Battery/Fuel-cell electric",0
"1935","Motorcycles","Battery/Fuel-cell electric",0
"1936","Motorcycles","Battery/Fuel-cell electric",0
"1937","Motorcycles","Battery/Fuel-cell electric",0
"1938","Motorcycles","Battery/Fuel-cell electric",0
"1939","Motorcycles","Battery/Fuel-cell electric",0
"1940","Motorcycles","Battery/Fuel-cell electric",0
"1941","Motorcycles","Battery/Fuel-cell electric",0
"1942","Motorcycles","Battery/Fuel-cell electric",0
"1943","Motorcycles","Battery/Fuel-cell electric",0
"1944","Motorcycles","Battery/Fuel-cell electric",0
"1945","Motorcycles","Battery/Fuel-cell electric",0
"1946","Motorcycles","Battery/Fuel-cell electric",0
"1947","Motorcycles","Battery/Fuel-cell electric",0
"1948","Motorcycles","Battery/Fuel-cell electric",0
"1949","Motorcycles","Battery/Fuel-cell electric",0
"1950","Motorcycles","Battery/Fuel-cell electric",0
"1951","Motorcycles","Battery/Fuel-cell electric",0
"1952","Motorcycles","Battery/Fuel-cell electric",0
"1953","Motorcycles","Battery/Fuel-cell electric",0
"1954","Motorcycles","Battery/Fuel-cell electric",0
"1955","Motorcycles","Battery/Fuel-cell electric",0
"1956","Motorcycles","Battery/Fuel-cell electric",0
"1957","Motorcycles","Battery/Fuel-cell electric",0
"1958","Motorcycles","Battery/Fuel-cell electric",0
"1959","Motorcycles","Battery/Fuel-cell electric",0
"1960","Motorcycles","Battery/Fuel-cell electric",0
"1961","Motorcycles","Battery/Fuel-cell electric",0
"1962","Motorcycles","Battery/Fuel-cell electric",0
"1963","Motorcycles","Battery/Fuel-cell electric",0
"1964","Motorcycles","Battery/Fuel-cell electric",0
"1965","Motorcycles","Battery/Fuel-cell electric",0
"1966","Motorcycles","Battery/Fuel-cell electric",0
"1967","Motorcycles","Battery/Fuel-cell electric",0
"1968","Motorcycles","Battery/Fuel-cell electric",0
"1969","Motorcycles","Battery/Fuel-cell electric",0
"1970","Motorcycles","Battery/Fuel-cell electric",0
"1971","Motorcycles","Battery/Fuel-cell electric",0
"1972","Motorcycles","Battery/Fuel-cell electric",0
"1973","Motorcycles","Battery/Fuel-cell electric",0
"1974","Motorcycles","Battery/Fuel-cell electric",0
"1975","Motorcycles","Battery/Fuel-cell electric",0
"1976","Motorcycles","Battery/Fuel-cell electric",0
"1977","Motorcycles","Battery/Fuel-cell electric",0
"1978","Motorcycles","Battery/Fuel-cell electric",0
"1979","Motorcycles","Battery/Fuel-cell electric",0
"1980","Motorcycles","Battery/Fuel-cell electric",0
"1981","Motorcycles","Battery/Fuel-cell electric",0
"1982","Motorcycles","Battery/Fuel-cell electric",3
"1983","Motorcycles","Battery/Fuel-cell electric",0
"1984","Motorcycles","Battery/Fuel-cell electric",3
"1985","Motorcycles","Battery/Fuel-cell electric",0
"1986","Motorcycles","Battery/Fuel-cell electric",0
"1987","Motorcycles","Battery/Fuel-cell electric",0
"1988","Motorcycles","Battery/Fuel-cell electric",3
"1989","Motorcycles","Battery/Fuel-cell electric",0
"1990","Motorcycles","Battery/Fuel-cell electric",0
"1991","Motorcycles","Battery/Fuel-cell electric",0
"1992","Motorcycles","Battery/Fuel-cell electric",0
"1993","Motorcycles","Battery/Fuel-cell electric",0
"1994","Motorcycles","Battery/Fuel-cell electric",0
"1995","Motorcycles","Battery/Fuel-cell electric",0
"1996","Motorcycles","Battery/Fuel-cell electric",0
"1997","Motorcycles","Battery/Fuel-cell electric",0
"1998","Motorcycles","Battery/Fuel-cell electric",0
"1999","Motorcycles","Battery/Fuel-cell electric",0
"2000","Motorcycles","Battery/Fuel-cell electric",0
"2001","Motorcycles","Battery/Fuel-cell electric",0
"2002","Motorcycles","Battery/Fuel-cell electric",0
"2003","Motorcycles","Battery/Fuel-cell electric",0
"2004","Motorcycles","Battery/Fuel-cell electric",3
"2005","Motorcycles","Battery/Fuel-cell electric",0
"2006","Motorcycles","Battery/Fuel-cell electric",4
"2007","Motorcycles","Battery/Fuel-cell electric",13
"2008","Motorcycles","Battery/Fuel-cell electric",20
"2009","Motorcycles","Battery/Fuel-cell electric",3
"2010","Motorcycles","Battery/Fuel-cell electric",18
"2011","Motorcycles","Battery/Fuel-cell electric",10
"2012","Motorcycles","Battery/Fuel-cell electric",13
"2013","Motorcycles","Battery/Fuel-cell electric",0
"2014","Motorcycles","Battery/Fuel-cell electric",29
"2015","Motorcycles","Battery/Fuel-cell electric",58
"2016","Motorcycles","Battery/Fuel-cell electric",41
"2017","Motorcycles","Battery/Fuel-cell electric",30
"2018","Motorcycles","Battery/Fuel-cell electric",210
"2019","Motorcycles","Battery/Fuel-cell electric",1164
"2020","Motorcycles","Battery/Fuel-cell electric",1397
"2021","Motorcycles","Battery/Fuel-cell electric",1713
"2022","Motorcycles","Battery/Fuel-cell electric",1691
"2023","Motorcycles","Battery/Fuel-cell electric",569
"2024","Motorcycles","Battery/Fuel-cell electric",695
"2025","Motorcycles","Battery/Fuel-cell electric",0
"Not stated","Motorcycles","Battery/Fuel-cell electric",8
"1901","Motorcycles","Other",0
"1902","Motorcycles","Other",0
"1903","Motorcycles","Other",0
"1904","Motorcycles","Other",0
"1905","Motorcycles","Other",0
"1906","Motorcycles","Other",0
"1907","Motorcycles","Other",0
"1908","Motorcycles","Other",0
"1909","Motorcycles","Other",0
"1910","Motorcycles","Other",0
"1911","Motorcycles","Other",0
"1912","Motorcycles","Other",0
"1913","Motorcycles","Other",0
"1914","Motorcycles","Other",0
"1915","Motorcycles","Other",0
"1916","Motorcycles","Other",0
"1917","Motorcycles","Other",0
"1918","Motorcycles","Other",0
"1919","Motorcycles","Other",0
"1920","Motorcycles","Other",0
"1921","Motorcycles","Other",0
"1922","Motorcycles","Other",0
"1923","Motorcycles","Other",0
"1924","Motorcycles","Other",0
"1925","Motorcycles","Other",0
"1926","Motorcycles","Other",0
"1927","Motorcycles","Other",0
"1928","Motorcycles","Other",0
"1929","Motorcycles","Other",0
"1930","Motorcycles","Other",0
"1931","Motorcycles","Other",0
"1932","Motorcycles","Other",0
"1933","Motorcycles","Other",0
"1934","Motorcycles","Other",0
"1935","Motorcycles","Other",0
"1936","Motorcycles","Other",0
"1937","Motorcycles","Other",0
"1938","Motorcycles","Other",0
"1939","Motorcycles","Other",0
"1940","Motorcycles","Other",0
"1941","Motorcycles","Other",0
"1942","Motorcycles","Other",0
"1943","Motorcycles","Other",0
"1944","Motorcycles","Other",0
"1945","Motorcycles","Other",0
"1946","Motorcycles","Other",0
"1947","Motorcycles","Other",0
"1948","Motorcycles","Other",0
"1949","Motorcycles","Other",0
"1950","Motorcycles","Other",0
"1951","Motorcycles","Other",0
"1952","Motorcycles","Other",0
"1953","Motorcycles","Other",0
"1954","Motorcycles","Other",0
"1955","Motorcycles","Other",0
"1956","Motorcycles","Other",0
"1957","Motorcycles","Other",0
"1958","Motorcycles","Other",0
"1959","Motorcycles","Other",0
"1960","Motorcycles","Other",0
"1961","Motorcycles","Other",0
"1962","Motorcycles","Other",0
"1963","Motorcycles","Other",0
"1964","Motorcycles","Other",0
"1965","Motorcycles","Other",0
"1966","Motorcycles","Other",0
"1967","Motorcycles","Other",0
"1968","Motorcycles","Other",0
"1969","Motorcycles","Other",0
"1970","Motorcycles","Other",0
"1971","Motorcycles","Other",0
"1972","Motorcycles","Other",0
"1973","Motorcycles","Other",0
"1974","Motorcycles","Other",0
"1975","Motorcycles","Other",0
"1976","Motorcycles","Other",0
"1977","Motorcycles","Other",0
"1978","Motorcycles","Other",0
"1979","Motorcycles","Other",0
"1980","Motorcycles","Other",0
"1981","Motorcycles","Other",0
"1982","Motorcycles","Other",0
"1983","Motorcycles","Other",0
"1984","Motorcycles","Other",0
"1985","Motorcycles","Other",0
"1986","Motorcycles","Other",0
"1987","Motorcycles","Other",0
"1988","Motorcycles","Other",0
"1989","Motorcycles","Other",0
"1990","Motorcycles","Other",0
"1991","Motorcycles","Other",0
"1992","Motorcycles","Other",0
"1993","Motorcycles","Other",0
"1994","Motorcycles","Other",0
"1995","Motorcycles","Other",0
"1996","Motorcycles","Other",0
"1997","Motorcycles","Other",0
"1998","Motorcycles","Other",0
"1999","Motorcycles","Other",0
"2000","Motorcycles","Other",0
"2001","Motorcycles","Other",0
"2002","Motorcycles","Other",0
"2003","Motorcycles","Other",0
"2004","Motorcycles","Other",0
"2005","Motorcycles","Other",0
"2006","Motorcycles","Other",0
"2007","Motorcycles","Other",0
"2008","Motorcycles","Other",0
"2009","Motorcycles","Other",0
"2010","Motorcycles","Other",0
"2011","Motorcycles","Other",3
"2012","Motorcycles","Other",3
"2013","Motorcycles","Other",0
"2014","Motorcycles","Other",0
"2015","Motorcycles","Other",0
"2016","Motorcycles","Other",3
"2017","Motorcycles","Other",0
"2018","Motorcycles","Other",0
"2019","Motorcycles","Other",0
"2020","Motorcycles","Other",0
"2021","Motorcycles","Other",3
"2022","Motorcycles","Other",0
"2023","Motorcycles","Other",0
"2024","Motorcycles","Other",0
"2025","Motorcycles","Other",0
"Not stated","Motorcycles","Other",0
"Total","-","-",22305347
