POA_CODE21,lon,lat
0800,130.84514255633337,-12.46137032666661
0810,130.878184443631,-12.369063998688121
0812,130.91427810999568,-12.373605766631094
0820,130.8684555818144,-12.423672735516316
0822,132.89751020703815,-13.096845695248382
0828,130.93933872376618,-12.427051947078649
0829,131.00237677087753,-12.448686678124634
0830,131.04918556416203,-12.369957067907299
0832,130.9968971138982,-12.513516240194575
0834,131.02346383620082,-12.542638257872905
0835,131.06129035809687,-12.471254405273648
0836,131.13034350748,-12.561212538662172
0837,131.1808313591486,-12.811173591338857
0838,131.0056788725237,-12.719911789493104
0839,131.04265704333338,-12.523242918333287
0840,130.4431105474847,-12.731825016580228
0841,130.96988622953484,-12.819284093553838
0845,131.05686727099095,-13.092776241745476
0846,131.15560063286975,-13.167533660228205
0847,131.8262008908975,-13.823560562375288
0850,132.27024654862274,-14.441516064782878
0852,132.8035231972075,-16.8269266546957
0853,132.3780557749713,-14.531370222489471
0854,136.31094392607346,-16.07005958882611
0860,134.18727181997244,-19.655632888754294
0862,135.83565959095304,-18.07518820138867
0870,133.87741379254106,-23.691964698330302
0872,131.24619039747105,-23.67765944131027
0873,133.855799489739,-23.775290768177673
0874,133.88847007986274,-23.67097255679765
0875,133.83155843467202,-23.695844729691046
0880,136.76807327707948,-12.19864261915295
0885,136.4195416503334,-13.851023974999956
0886,132.8364125498561,-12.668549835987111
2000,151.20711602488606,-33.87415333651156
2007,151.19767797895952,-33.88008706035985
2008,151.1968095089823,-33.88827322281953
2009,151.19580566617458,-33.872895996573405
2010,151.2161609765883,-33.88301915504068
2011,151.222505287538,-33.87228511041854
2015,151.1915863366247,-33.90757847046903
2016,151.20716131219623,-33.89331731883967
2017,151.20751309885088,-33.90325399915687
2018,151.20753369709539,-33.92248469676378
2019,151.2086337153756,-33.95184549410265
2020,151.18221208589938,-33.936629588586875
2021,151.22896468674762,-33.89335695808744
2022,151.24978177045236,-33.89602392538505
2023,151.25567719820532,-33.88128884823615
2024,151.26327400593627,-33.903591382468
2025,151.2444082596152,-33.886387305316866
2026,151.27102977540594,-33.89001717356474
2027,151.23668287515474,-33.87731775588
2028,151.24524116888475,-33.87753714504381
2029,151.26596836175023,-33.87382749785914
2030,151.27730378933344,-33.87527988299996
2031,151.24662685666314,-33.91587880217772
2032,151.22928656932456,-33.92570504769888
2033,151.22246255115408,-33.913842903971805
2034,151.25726809466673,-33.92842786499997
2035,151.23488363217703,-33.940291729258156
2036,151.23951559886623,-33.967378698412375
2037,151.1855303908047,-33.87857267439499
2038,151.1712109718571,-33.88070837257375
2039,151.17130399556726,-33.864272010093266
2040,151.15832828247406,-33.87734678952907
2041,151.18173702010063,-33.857527667197076
2042,151.17700156337597,-33.89971429227402
2043,151.18283238233337,-33.903637628333286
2044,151.16970241282263,-33.92050654729763
2045,151.1407089927445,-33.878185483792
2046,151.13124162407345,-33.86437208790361
2047,151.15233545465068,-33.85278009143953
2048,151.16626234395918,-33.89292639413976
2049,151.15274656922242,-33.89424468045292
2050,151.1816107536182,-33.888100549998214
2060,151.20746736589086,-33.83761629772843
2061,151.2155865788257,-33.84804232117046
2062,151.21530822898683,-33.82313079743969
2063,151.2138536547157,-33.812982868007204
2064,151.18590923854876,-33.80932410888588
2065,151.1950031282622,-33.82369707023086
2066,151.16270772479146,-33.81579967116246
2067,151.17766143220314,-33.79654166533206
2068,151.2045313622297,-33.801150006854996
2069,151.19320559112538,-33.7823039066378
2070,151.1720369288905,-33.77723074326475
2071,151.167322445585,-33.7637624018282
2072,151.15726770900008,-33.755163310999954
2073,151.14008423720858,-33.75385413205789
2074,151.1353590162558,-33.71800111617807
2075,151.17205582676496,-33.72365435300208
2076,151.11644197391752,-33.71526720009798
2077,151.1024778325623,-33.679528087995756
2079,151.13042789628312,-33.6653435353503
2080,151.13478030756,-33.638396188172
2081,151.1666964485747,-33.57722886746122
2082,151.13369480821822,-33.60436244673523
2083,151.20694490574166,-33.58236194699685
2084,151.22819290216196,-33.646215576981376
2085,151.21058076774915,-33.7258654109737
2086,151.22301679504776,-33.749092479516825
2087,151.21477910195213,-33.76456223982842
2088,151.24252944239058,-33.83092257426294
2089,151.2184578336714,-33.835481856666945
2090,151.2253862076638,-33.82856171489933
2092,151.24165359485397,-33.78604696228197
2093,151.25895192632058,-33.79026416950776
2094,151.27353203700008,-33.79517585566663
2095,151.2805256895943,-33.79013099263968
2096,151.28838327155975,-33.774255013793905
2097,151.2890383033334,-33.7315237433333
2099,151.2645318274479,-33.73753485815122
2100,151.2573328403135,-33.76527970130353
2101,151.2633359336006,-33.69421952199752
2102,151.29577080313604,-33.68906511212546
2103,151.30383524842986,-33.67594672797991
2104,151.28901688614155,-33.66373696587861
2105,151.27817884500007,-33.65710156499997
2106,151.3158706646599,-33.65545630950964
2107,151.32616644790406,-33.632623390823426
2108,151.32642965133337,-33.60918088599993
2110,151.13635590300007,-33.8221272666666
2111,151.1285755213714,-33.8266600868245
2112,151.1091762698289,-33.81066323694973
2113,151.1303194808513,-33.78886850157124
2114,151.07905251146835,-33.80801264125612
2115,151.05883687220322,-33.811684608531564
2116,151.0402761209198,-33.81340565068251
2117,151.0420710705079,-33.797159570084254
2118,151.04833507164918,-33.7754437270969
2119,151.06549926734309,-33.75289586121161
2120,151.0761681011175,-33.72673548556723
2121,151.0838193679877,-33.768203332212025
2122,151.0955428302813,-33.78226849782669
2125,151.03409307352902,-33.74730783342466
2126,151.0467638743242,-33.72181286417745
2127,151.06394175503496,-33.84156835914765
2128,151.0428327978274,-33.83410802294279
2130,151.13899150890214,-33.89307334376723
2131,151.12753758714064,-33.88998320345207
2132,151.11566308639152,-33.88068444476382
2133,151.10490452713793,-33.897495869617224
2134,151.10379770987464,-33.8777893264809
2135,151.0801980814203,-33.875675576014494
2136,151.08632446437562,-33.89318125080535
2137,151.0995830809245,-33.85742313218665
2138,151.08771826851654,-33.8449591242801
2140,151.07532756624207,-33.85994665464387
2141,151.04637012235153,-33.86757526753568
2142,151.01724740411845,-33.836728804610864
2143,151.0249245921015,-33.887104930687094
2144,151.0275725042811,-33.85716103390084
2145,150.9578819561414,-33.81339401799054
2146,150.9521097346402,-33.788456501607094
2147,150.93766081118736,-33.767020650704524
2148,150.89935811375523,-33.787108734493344
2150,151.00695920898036,-33.813349616637446
2151,151.01405876002474,-33.78347742901334
2152,150.99224760463738,-33.7846420243143
2153,150.9737820036336,-33.75313243652943
2154,150.99898850694734,-33.72581650096832
2155,150.93644172111507,-33.69320482045519
2156,150.97230686065467,-33.6524124363242
2157,151.03307906570151,-33.54000987192891
2158,151.03824945397017,-33.674089491165184
2159,151.08050027257792,-33.58720464265224
2160,150.9851374641786,-33.83761037671942
2161,150.98293304723924,-33.85653107857494
2162,151.00145081949776,-33.88176554819732
2163,150.9769417419617,-33.888811777767444
2164,150.9184451973344,-33.84286173687808
2165,150.9485208006851,-33.86883348425039
2166,150.93646491567534,-33.89313447789075
2167,150.89690908827637,-33.97151553541565
2168,150.86687848811047,-33.91195135776082
2170,150.91693420602905,-33.93347007246963
2171,150.843372229876,-33.91637796206089
2172,150.98027558750178,-33.96393288368424
2173,150.91839386532095,-34.06248775347996
2174,150.85460648210983,-33.963772021211824
2175,150.84620687364742,-33.83952291564143
2176,150.8838524585745,-33.86939846018656
2177,150.8794487797161,-33.893396766130444
2178,150.79937331599385,-33.87201959121887
2179,150.8044670636282,-33.95519540889566
2190,151.05650954477883,-33.90054801918504
2191,151.08673843912936,-33.906066560012164
2192,151.08846398799648,-33.919357642933186
2193,151.1192534000004,-33.9096673646145
2194,151.1008978174713,-33.91317300913696
2195,151.07581997933337,-33.916644908333296
2196,151.0619771222899,-33.92984104545733
2197,150.9977749475022,-33.89994081501625
2198,150.98752456339474,-33.90976397671899
2199,151.0210667850562,-33.90285132252642
2200,151.01521930488911,-33.92195957853144
2203,151.1385102147336,-33.90408190933797
2204,151.15588357570908,-33.911348074634525
2205,151.14696097573028,-33.9367794681724
2206,151.1258086234031,-33.92551341853332
2207,151.11993362094688,-33.94864291791349
2208,151.09784593416416,-33.93973770036513
2209,151.07845603527653,-33.947092752374395
2210,151.0583646895631,-33.95531713864765
2211,151.03112839472607,-33.946374995874756
2212,151.0136982640398,-33.94831839511218
2213,150.99937158316354,-33.96384292072402
2214,150.98639470443095,-33.940441302521386
2216,151.14896059462845,-33.952833682918396
2217,151.13654310795377,-33.972987309535206
2218,151.11699845996685,-33.970007043666676
2219,151.13756428007576,-33.99290669039238
2220,151.09730022444893,-33.9656596073094
2221,151.10859208940914,-33.981340215312564
2222,151.08219255612727,-33.96399108306115
2223,151.0748178003356,-33.97362125657238
2224,151.10285783534192,-34.01885722965555
2225,151.07468704333337,-34.01086421566663
2226,151.0653643476667,-34.013540344666616
2227,151.088601151061,-34.03992180472989
2228,151.10402087107923,-34.03404204734975
2229,151.12421612640136,-34.03697613502228
2230,151.1451104127755,-34.04448647565895
2231,151.1983847101971,-34.02699154334987
2232,151.06749965898354,-34.10257066277306
2233,150.99425439977693,-34.08951132505214
2234,151.00504477013786,-34.01854590663171
2250,151.21468524400638,-33.32021584610925
2251,151.40226983402204,-33.47549029892223
2256,151.27265371168838,-33.50732362145375
2257,151.39127688174284,-33.514108117819916
2258,151.33992451058765,-33.31866054207974
2259,151.38151765589336,-33.187788731674075
2260,151.4394261354109,-33.42700429280581
2261,151.44010766555365,-33.36498446044397
2262,151.52700680552655,-33.20280510787546
2263,151.50328947731808,-33.238326909672246
2264,151.46762471786408,-33.10999513033392
2265,151.429073062967,-33.04870781293494
2267,151.5670630973334,-33.06154751833329
2278,151.55109513030013,-32.946218627464525
2280,151.66852151512273,-33.026082840191926
2281,151.62691961929536,-33.13089066318148
2282,151.65145371096503,-32.978986156949254
2283,151.56010137789715,-33.01508315309584
2284,151.61112764765363,-32.95472587653536
2285,151.63267782867663,-32.92107357827744
2286,151.56789303502634,-32.89676985853288
2287,151.65491211199162,-32.891948915457256
2289,151.7082840850194,-32.945987156465236
2290,151.69871719938257,-32.98180600907187
2291,151.74455217952266,-32.94706272433658
2292,151.73225082192278,-32.92189258376132
2293,151.7568032686217,-32.916609130279156
2294,151.76100059134177,-32.904158548441025
2295,151.81671614014385,-32.865075489235494
2296,151.7460989647528,-32.91348917446891
2297,151.7506456497373,-32.907845364365414
2298,151.720369046472,-32.90343665181559
2299,151.7030922736548,-32.90867248957116
2300,151.76278172398113,-32.933393094857635
2302,151.7586666193334,-32.92718151833329
2303,151.74728390530765,-32.92810132179653
2304,151.74153096940643,-32.87585457932984
2305,151.70021279733038,-32.925938703231495
2306,151.68149320400005,-32.99732452899995
2307,151.69369607036677,-32.874947038628136
2308,151.70541984387256,-32.89123972680146
2311,151.4752886851619,-32.26857242996713
2312,152.39058470286454,-32.12840610033014
2315,152.14640105609772,-32.7361957127236
2316,152.04180320130934,-32.77077913047226
2317,152.09502452600006,-32.73602297999997
2318,151.86723917128742,-32.76142235056436
2319,152.0031254903314,-32.742306044128576
2320,151.54377736712144,-32.687945891835064
2321,151.81072452902745,-32.560211170562674
2322,151.65267037305702,-32.82174668142408
2323,151.50882750053213,-32.8870865485286
2324,151.91976853143973,-32.656331242705186
2325,151.14647601033676,-32.955444040153736
2326,151.45446076889385,-32.78492492189501
2327,151.48146524780464,-32.828900624336434
2328,150.50879305676068,-32.56340469186116
2329,150.18109245578998,-32.05831471973482
2330,150.91278867470348,-32.65895357807508
2331,151.18403523301512,-32.700556849803036
2333,150.68404134520588,-32.350506444419594
2334,151.38648096088724,-32.69132161537192
2335,151.37321183737257,-32.617543555105904
2336,151.06554953776651,-32.140653514344244
2337,151.081488513684,-31.903508080918247
2338,150.98481477367847,-31.702043390174524
2339,150.5234589866315,-31.73654074340091
2340,150.98190632302752,-31.243391170653176
2341,150.62672726123566,-31.352384749364525
2342,150.5974332807648,-31.185569371979582
2343,150.3814479485436,-31.52277729416233
2344,150.74907340250127,-31.14827155422703
2345,150.8399401961258,-30.89966462500112
2346,150.7602747696015,-30.688336117665376
2347,150.5605472633405,-30.319149719617535
2350,151.9019212969762,-30.465036840854644
2352,151.15899456289625,-31.089959744617353
2353,151.04861537860097,-30.94819967327251
2354,151.73367935158115,-31.149259596659554
2355,151.11579551084023,-30.747822126238365
2356,148.97605757756602,-30.56467288117819
2357,149.3605709911728,-31.212153897867285
2358,151.37171363266162,-30.58371717963895
2359,151.01272355142953,-30.17847610062055
2360,151.10804482464079,-29.6527660613712
2361,151.16150071825055,-29.21661994366872
2365,151.58661508269918,-30.10663455067412
2369,151.23594941957825,-29.94990093543243
2370,151.97054972041215,-29.685099349540444
2371,151.6843220218368,-29.373857983147502
2372,152.02663550489353,-29.027071246752065
2379,149.7923248847298,-31.10511122596941
2380,150.18640858636618,-30.92743144361202
2381,150.07005006063028,-31.322959542106208
2382,150.09678959713068,-30.66025873550612
2386,148.93435637755235,-30.059172929936494
2387,148.9446346486942,-29.75378641551103
2388,149.27815360773,-30.436892457258082
2390,149.9135125323353,-30.24369535689373
2395,149.4809298783538,-31.559777405420384
2396,149.02604717197585,-30.90594414080599
2397,149.65013852975454,-29.885342070705086
2398,149.82121573458622,-29.732210682341425
2399,150.15957766725631,-29.462079873016126
2400,149.6758951167694,-29.376394408724796
2401,150.32091669914064,-29.629993015657696
2402,150.55241685160203,-29.412424793076458
2403,150.76940650343096,-29.622939870134253
2404,150.5716663877197,-29.919121861273467
2405,149.6240176167983,-28.905545408686567
2406,149.01809611196825,-28.98245639883655
2408,150.4811865371179,-29.01096551164058
2409,150.24660864760511,-28.71279822056816
2410,150.7765096047375,-28.94341189146875
2411,150.3120950057385,-29.107734699717028
2415,151.82820473051888,-32.244951915711034
2420,151.68677910061788,-32.327770449542435
2421,151.55018543318926,-32.53849123260667
2422,151.818228916357,-31.9296782966451
2423,152.25921271745307,-32.37239126146101
2424,152.00840827744497,-31.657096079821475
2425,152.00652663597688,-32.44941531927793
2426,152.58459927802684,-31.823463520320686
2427,152.67929700365102,-31.85841997341514
2428,152.4787258895843,-32.25280209888681
2429,152.26949387328747,-31.798926725833883
2430,152.48368340897807,-31.89856647000086
2431,153.0470836808315,-30.916971659846386
2439,152.65233249979758,-31.611566590895453
2440,152.56925768354392,-30.919597243907003
2441,152.69055244537915,-31.236878937796636
2443,152.69840913537348,-31.7313865496149
2444,152.8788257629947,-31.386713254745768
2445,152.8118747189649,-31.578190313281542
2446,152.4355597752699,-31.388160408466426
2447,152.78273853027548,-30.727368962041403
2448,152.9647686590341,-30.598647680213986
2449,152.7158943319677,-30.609912638969217
2450,152.99667514625838,-30.20243614665506
2452,153.08779134665173,-30.35792313343748
2453,152.54415701328804,-30.250964174807923
2454,152.73502744505876,-30.45866524027363
2455,152.99374574846584,-30.51674517531403
2456,153.15412999395846,-30.070150080194615
2460,152.7434516898503,-29.643904958236092
2462,153.12374582909632,-29.678712785489285
2463,153.22142365091952,-29.506828035656426
2464,153.33025765236692,-29.488874439852662
2465,153.24940995645994,-29.411086277114755
2466,153.3574964303552,-29.388033012911794
2469,152.73841954788958,-28.971594502783926
2470,152.96184572074296,-28.87822763023926
2471,153.20726138518447,-29.024143271710948
2472,153.32746553597792,-29.148771778454236
2473,153.41782982000143,-29.11108911162016
2474,152.9172068633543,-28.500900482124454
2475,152.43299748000928,-28.52788150116707
2476,152.44300639252396,-28.41882334528989
2477,153.43713729609755,-28.889577784534726
2478,153.53315885941294,-28.848411943953206
2479,153.51151954689342,-28.70759767484482
2480,153.26178540283382,-28.725994640694832
2481,153.5604083038295,-28.646640924027515
2482,153.4272952764312,-28.546943988318382
2483,153.4952950783497,-28.468423266237192
2484,153.30847971464917,-28.376576520950962
2485,153.51392149831332,-28.181240803659513
2486,153.4732040451174,-28.21524585312081
2487,153.54437929393646,-28.278360534137366
2488,153.5586016434109,-28.333190863680123
2489,153.55836483057374,-28.384836360630267
2490,153.47477803595828,-28.266674916082813
2500,150.8742457467268,-34.41975453741258
2502,150.87577402434755,-34.49155911601155
2505,150.89394746911196,-34.470679319257215
2506,150.8434516880361,-34.48304887915068
2508,150.952680664454,-34.190584905149734
2515,150.934239470464,-34.295018708967824
2516,150.9018424120371,-34.32872294368842
2517,150.90257798535043,-34.35012538193797
2518,150.89412495380193,-34.37258847770645
2519,150.88202914923974,-34.39011714028296
2525,150.84694722249867,-34.4290891607005
2526,150.7891802053713,-34.40740169124164
2527,150.75018817299076,-34.582626735269265
2528,150.85550361600008,-34.55240042199997
2529,150.8394975786472,-34.601403235275825
2530,150.76205873104746,-34.51220182400653
2533,150.7869583362472,-34.66102396860801
2534,150.78667540909075,-34.73740293342644
2535,150.68376652246303,-34.761144799693966
2536,150.1074298824094,-35.668440774808225
2537,149.9153326104235,-35.91295571091397
2538,150.29309989990705,-35.41913184731254
2539,150.3952732467705,-35.37035860127215
2540,150.48861029786477,-34.98078760005009
2541,150.59641902847656,-34.87504212430297
2545,149.8346577424717,-36.10982408274119
2546,150.00654508113368,-36.321900854209176
2548,149.88475467815996,-36.834499673297515
2549,149.81200577688358,-36.964112427617806
2550,149.68525541710045,-36.733333538007805
2551,149.84316197210362,-37.23926441330916
2555,150.74507803429591,-33.88267306673438
2556,150.72511594836624,-33.94628146678584
2557,150.7726874528619,-33.97390056519302
2558,150.8068481880543,-34.034208093356014
2559,150.7972359597919,-34.04956697059207
2560,150.81751535431127,-34.22272600975052
2563,150.75712050477068,-34.097710490357144
2564,150.89895680308982,-33.99077731440169
2565,150.85213241378636,-33.99071865777506
2566,150.83956627320765,-34.022303096183926
2567,150.75184145941097,-34.04788137183297
2568,150.72490038987416,-34.1361592867741
2569,150.7139904338369,-34.186367455716656
2570,150.58855993432525,-34.05235680921875
2571,150.65892767512398,-34.216461694551285
2572,150.51337643175415,-34.19066736189509
2573,150.5913490166308,-34.23092094005787
2574,150.65479735547112,-34.39152294000556
2575,150.3627111543088,-34.36329596676162
2576,150.5091110574423,-34.52069440239975
2577,150.37303185550783,-34.60748511716249
2578,150.2990055829195,-34.66528461420987
2579,150.09024971503058,-34.667842395684325
2580,149.7726428946097,-34.70367874847404
2581,149.2700677209878,-34.75716334943857
2582,148.80424853313818,-34.91828002503003
2583,149.3124604249044,-34.26300873485996
2584,148.65955999256528,-34.672408385043845
2585,148.56086827323168,-34.607070175296805
2586,148.78772082463757,-34.3272092723116
2587,148.33143976830831,-34.569708957250405
2588,148.11653074006347,-34.512612932132456
2590,147.95543978458406,-34.69238178605647
2594,148.14043374000516,-34.25870010954134
2600,149.11512919763436,-35.30814284408527
2601,149.10144505782043,-35.282722473095056
2602,149.13990278863272,-35.2485570709109
2603,149.1293694090365,-35.331383443471964
2604,149.15119583666672,-35.33655502633328
2605,149.09202769989437,-35.33453830135239
2606,149.08904895389887,-35.35128450344377
2607,149.09884148365452,-35.369536054653196
2609,149.19438282164427,-35.29746628773853
2611,148.7748602258637,-35.40060812200415
2612,149.1485133754455,-35.285742889281174
2614,149.06160153596178,-35.25151912356052
2615,149.0209008703806,-35.214873485724006
2617,149.0809688888882,-35.21692283355967
2618,149.04633215639114,-35.12288758632323
2619,149.2001771168173,-35.382607036948656
2620,149.14561913033606,-35.51479236805429
2621,149.44406076257766,-35.346074831248124
2622,149.8522926758782,-35.42250643141693
2623,149.42739453219704,-35.58219372060863
2624,148.42605079183176,-36.32167600822689
2625,148.3094721323334,-36.50198952366662
2626,149.16755513714955,-35.91928235752853
2627,148.42184927295656,-36.56937308100993
2628,148.7151270952276,-36.56188558158016
2629,148.64873973961477,-35.89427758895404
2630,149.15561025503786,-36.23707908012064
2631,149.33946669029885,-36.55751041413763
2632,149.23153228042023,-36.95441453771106
2633,148.85188226035402,-36.94708082576765
2640,146.9048829554256,-35.98798917027958
2641,146.92703679720822,-36.03005882917757
2642,146.67963451711304,-35.686563343227256
2643,146.62469491317194,-35.95689382894089
2644,147.41963326438517,-35.75212946541685
2645,146.2517663412806,-35.31555495874415
2646,146.24527318270887,-35.725192284067965
2647,146.05231146824192,-35.92410810989482
2648,142.0659437705433,-33.41770552165816
2649,148.2929744610358,-35.796831655919334
2650,147.3876280351024,-35.1807062213622
2651,147.4648803666759,-35.14757975343498
2652,145.74967465086934,-33.926688914886434
2653,148.0376526566263,-35.79331300127222
2655,147.07087857646962,-35.26220974388079
2656,146.75311613387763,-35.26176331718956
2658,146.93997384352033,-35.50274373762504
2659,146.86008105633834,-35.70569445347159
2660,147.05397690110655,-35.669469867805006
2661,147.27634584469362,-35.15230571557146
2663,147.71222787672147,-34.8859197847816
2665,146.80093486048438,-34.277572145143765
2666,147.58935776052132,-34.42989229761875
2668,147.41898382525045,-34.10628981651213
2669,146.61147150939914,-33.70565274105254
2671,147.20015669041342,-33.79833398792288
2672,146.32844458980165,-33.37878509883885
2675,145.50190455989144,-33.26704257564662
2678,147.35530920235087,-35.05930844512542
2680,145.9222857732322,-34.34801776988708
2681,146.17425168367353,-34.158999927240956
2700,146.40751082578657,-34.83861740422709
2701,147.201960972538,-34.70203708193363
2702,147.01885158916747,-34.81007504436585
2703,146.3987907857771,-34.62501938563111
2705,146.31187964519597,-34.49446610227887
2706,145.86521489775367,-34.59505868448155
2707,145.83466294874853,-34.80688218421647
2710,144.9190229112297,-35.28213773132438
2711,144.59759387128568,-34.155740806875095
2712,145.82939538552557,-35.70912726179909
2713,145.49888828290096,-35.57948721112121
2714,145.42430052780048,-35.75548722643412
2715,143.30181182614885,-33.9656245625768
2716,145.71589252779006,-35.15207886642046
2717,142.09474541887525,-34.08882795963639
2720,148.37395192529246,-35.4409680483869
2721,147.69466784065406,-34.01555399891836
2722,148.11870472779884,-34.99072790330607
2725,147.86152406071548,-34.464615089746076
2726,148.33391925662337,-34.79378368302801
2727,148.44042512964756,-35.04162117342302
2729,147.9611410198251,-35.28361265388018
2730,148.0754164637943,-35.547478495923244
2731,144.6559496498343,-35.89509986422877
2732,144.18441850879083,-35.48152489001715
2733,144.1582874006935,-35.03983147898377
2734,143.7381617707305,-35.140633339390426
2735,143.4932739666602,-35.15669464355463
2736,143.38238245528046,-34.98070426402612
2737,142.87789649615019,-34.355147331910985
2738,142.51422144148682,-34.23893363541657
2739,142.1460729194865,-34.15197406104517
2745,150.66771870279018,-33.86164931856101
2747,150.75208049446738,-33.73007036359406
2748,150.73275989841216,-33.80847460221013
2749,150.68863175131284,-33.693674357249016
2750,150.67881291754307,-33.751998928193615
2752,150.59299692551218,-33.92433642077865
2753,150.69476779524717,-33.6178884835038
2754,150.7253392890212,-33.55391031074223
2756,150.7636312445418,-33.301643895815126
2757,150.70167708815015,-33.549512945834714
2758,150.62197938216937,-33.48546603163012
2759,150.79256814149528,-33.80574597733983
2760,150.780961897535,-33.761631311669454
2761,150.84835490110945,-33.73875812629561
2762,150.87558413033088,-33.70074178939431
2763,150.88891496507483,-33.72969408773548
2765,150.8561589313686,-33.654201398966784
2766,150.8416649422824,-33.794962816553834
2767,150.8706051546797,-33.765268903724326
2768,150.93073013909282,-33.73385024993224
2769,150.90645691763385,-33.70894456294654
2770,150.809109442118,-33.748227121786606
2773,150.62655053900878,-33.765469515267874
2774,150.61842781027715,-33.7334978181407
2775,150.99534264200963,-33.28115253775306
2776,150.54791808558699,-33.68746895481469
2777,150.60745105575566,-33.6912506013036
2778,150.49026607093467,-33.72496778910237
2779,150.4568364605076,-33.72423370523856
2780,150.31107413261432,-33.700332699474075
2782,150.37672962431313,-33.71871032754969
2783,150.43594016530454,-33.719976759929104
2784,150.41624979640946,-33.727232200601364
2785,150.2348768295285,-33.704235577159686
2786,150.27721143544693,-33.518195795156274
2787,150.11141638085888,-33.930557743143424
2790,150.1934062336342,-33.456391467441776
2791,149.10326810071498,-33.58850145767293
2792,148.97952933707717,-33.641963033834315
2793,148.9208407594748,-33.80443273912872
2794,148.63052715289837,-33.87669550882822
2795,149.56333030528643,-33.51350215559651
2797,149.01866751767474,-33.72383413458199
2798,149.16743062036764,-33.44467370234992
2799,149.24905857728328,-33.59028931797643
2800,149.0535755523112,-33.2830574374509
2803,148.509536376506,-34.13646576008381
2804,148.63661613493383,-33.542981115650846
2805,148.42691333760874,-33.66227797459473
2806,148.3523235380831,-33.411783058873006
2807,148.58442383479118,-34.02275227308239
2808,148.94327134969544,-33.97973235292013
2809,148.38644827071158,-34.02935740123656
2810,148.00203925850911,-33.8494635924829
2817,148.8740022548011,-31.423720109007014
2818,148.76364521529572,-32.44597100048151
2820,148.99669279252075,-32.56252968496577
2821,148.13933713166418,-32.25755060404989
2822,148.63512432094458,-31.94744967905066
2823,147.93230001116663,-32.00299250948017
2824,147.80428281953618,-31.35627733555758
2825,147.09793777314866,-31.67288223403326
2826,147.58044611802137,-31.930254693234613
2827,148.56742750653402,-31.656540929677753
2828,148.52981656095722,-31.279870316736062
2829,148.36423505121704,-30.788675147977006
2830,148.63021074395635,-32.20157076192146
2831,147.01675835153372,-30.820512918063727
2832,148.03830323883943,-29.948578107735745
2833,148.554372043722,-29.38372256016276
2834,147.9880668121268,-29.269987815691472
2835,145.3607970700157,-31.697228043599406
2836,143.42247049140647,-30.91055023010638
2838,147.41576880390832,-29.248037409747624
2839,146.89444058938068,-29.808572372582972
2840,144.8448904791095,-29.918184682917097
2842,149.10763121977635,-31.757916780799775
2843,149.75912532230612,-31.792666317515287
2844,149.34916999579133,-32.036815582663735
2845,150.0504803645747,-33.419282743095074
2846,150.15310166279804,-33.13953946824293
2847,149.97252201816934,-33.35709269239368
2848,149.96741933110334,-32.93098711610465
2849,150.12783521887408,-32.733278895846944
2850,149.63736137074403,-32.63307645299283
2852,149.45955072295428,-32.28120502457379
2864,148.67424254764396,-33.333653983854404
2865,148.63157744430004,-33.16002494984163
2866,148.9596864742274,-33.00885758027917
2867,148.6077826136516,-32.901636918418426
2868,148.5704194886462,-32.73032537078402
2869,148.1167645884678,-32.64941881486277
2870,148.2215682229634,-33.09891918588725
2871,147.80212758078602,-33.47384009861795
2873,147.21878821624279,-32.28633305278731
2874,147.60863097114796,-32.56246059083586
2875,147.60994861615254,-32.91504575221203
2876,147.81649774765867,-33.144516576238715
2877,146.5620102062764,-32.79317259836107
2878,144.20075583989362,-32.78312361171281
2879,142.71930704225883,-32.441690494870834
2880,141.82000521623445,-30.81158278442019
2900,149.0962342716841,-35.45446604108318
2902,149.06310816346092,-35.38430332443091
2903,149.08645036776562,-35.398358786575294
2904,149.1042076356615,-35.40865419436376
2905,149.1088979623574,-35.432017733509646
2906,149.09630841350022,-35.46281532178006
2911,149.13538014599692,-35.21882266043361
2912,149.1567409370367,-35.19493814376124
2913,149.10283399467895,-35.17439627541452
2914,149.13354812589046,-35.16111552976906
3000,144.96229217500834,-37.812265468617596
3002,144.98269666517223,-37.81395582037527
3003,144.9272813737373,-37.810320334917
3004,144.9783620892051,-37.8331391313265
3006,144.96169203653,-37.82523476286855
3008,144.94195985526508,-37.82024979950914
3011,144.89772713690706,-37.8005242528874
3012,144.85856034099442,-37.80291482893234
3013,144.8855093462109,-37.818270233264776
3015,144.88338922430725,-37.83648985216184
3016,144.87253164636502,-37.853023784690166
3018,144.8197506166933,-37.85995784001106
3019,144.85261326266675,-37.780579542999966
3020,144.8241280199468,-37.78342386903369
3021,144.79990658897583,-37.741831259959774
3022,144.80168997866676,-37.77666620599996
3023,144.7533769993367,-37.76033227635829
3024,144.598661490061,-37.83813481419035
3025,144.83588247204318,-37.837709447534344
3026,144.7847506792564,-37.818809015533034
3027,144.74635498709222,-37.864012033693065
3028,144.7793197280217,-37.87292555814767
3029,144.69632757468716,-37.81842578337224
3030,144.67177057037782,-37.93380792700882
3031,144.92508526387843,-37.79357006755696
3032,144.9033832416161,-37.77622141228579
3033,144.85422512149626,-37.74081768776137
3034,144.86368738389504,-37.76113173829528
3036,144.8142023293705,-37.69625900019059
3037,144.75522679303575,-37.69643609259287
3038,144.7935006095468,-37.706237874536825
3039,144.92396622566673,-37.76618131766662
3040,144.9062012285074,-37.75148203595475
3041,144.90681613746466,-37.728207036314586
3042,144.87231607239605,-37.72779578202135
3043,144.88306119979194,-37.69962758477278
3044,144.9384113559069,-37.73470998461784
3045,144.8408894144552,-37.6753781828753
3046,144.93172918636915,-37.707350360477065
3047,144.93129830858376,-37.68083164079377
3048,144.92496143665034,-37.65348250474313
3049,144.89059400766848,-37.671672354439515
3051,144.94572271729808,-37.798525626870145
3052,144.95161172242734,-37.786495562569414
3053,144.96842463061097,-37.79914585539982
3054,144.96940419336846,-37.78550158715961
3055,144.94249959287566,-37.76311807508927
3056,144.9627481542906,-37.76661506455154
3057,144.978580567954,-37.77020142676954
3058,144.96572569096926,-37.73762194616133
3059,144.8786375849591,-37.63861320450505
3060,144.96756359164357,-37.70484567939431
3061,144.9591652253176,-37.66356281359843
3062,144.95418447400007,-37.63682728566662
3063,144.84564914035292,-37.58982800154392
3064,144.9331306591216,-37.5576876669913
3065,144.9791892384662,-37.800828438538886
3066,144.9882416856222,-37.801712213212504
3067,145.0009049745588,-37.80434600560222
3068,144.98955166727214,-37.78608048441617
3070,144.99859958076703,-37.770109586838494
3071,145.0070095519499,-37.75816443929508
3072,145.00867334776768,-37.74177725779152
3073,145.00638960554758,-37.712255068363795
3074,145.00498272881958,-37.68341923788738
3075,145.0131655944227,-37.667036228800036
3076,145.00770564123988,-37.64003421791413
3078,145.02122270762274,-37.7817074135928
3079,145.05041557743317,-37.768930020287286
3081,145.0468538596563,-37.742138109752894
3082,145.06566377810245,-37.66562867285184
3083,145.05680664898543,-37.69954626280691
3084,145.07874800144103,-37.74459602883522
3085,145.08335928966702,-37.722492688305664
3087,145.08155857833341,-37.70461667133329
3088,145.1103972375833,-37.698866828439726
3089,145.156223836147,-37.66602983823307
3090,145.11100932163802,-37.668486598422916
3091,145.136799890731,-37.63878112969783
3093,145.11740042833793,-37.73882960717128
3094,145.1253313265875,-37.72110260514286
3095,145.16683900629224,-37.71257303099725
3096,145.19005427881848,-37.66782091619026
3097,145.23656626680037,-37.688774992738395
3099,145.21775989509334,-37.58334927864221
3101,145.0352810690619,-37.80356802539751
3102,145.05365351909367,-37.78939785135202
3103,145.08102395344127,-37.809131459199385
3104,145.0839383053078,-37.79184137726851
3105,145.08712009344327,-37.77084701223185
3106,145.150807750144,-37.75649960555759
3107,145.11143973766409,-37.76042560916341
3108,145.12387753920666,-37.782441632608716
3109,145.1640594322684,-37.781687219652255
3111,145.1950667287267,-37.79032041846782
3113,145.2104608638134,-37.74320235513273
3114,145.2173282833334,-37.77592157466663
3115,145.26825880904514,-37.73553767680738
3116,145.31276640235484,-37.74017660250494
3121,145.00503991315384,-37.82208096221382
3122,145.0324283278877,-37.82515087979691
3123,145.0496407868659,-37.83150677887305
3124,145.0744415628721,-37.8384318511925
3125,145.1121888959069,-37.84991433815158
3126,145.07461154135396,-37.823090381986724
3127,145.10103434346485,-37.82472129941921
3128,145.12534855563626,-37.82793895696931
3129,145.12253895175937,-37.80429467491996
3130,145.15046560489807,-37.82252348877902
3131,145.17410792119372,-37.82697211145384
3132,145.1999723664444,-37.81878927282689
3133,145.19260597889698,-37.847410431243134
3134,145.23637945419554,-37.793426075492484
3135,145.2491138196559,-37.82012698368605
3136,145.28087915807586,-37.790527678796835
3137,145.314220969752,-37.81884340571091
3138,145.32626980805813,-37.781489394769196
3139,145.54310997590824,-37.81247748911805
3140,145.36604297578054,-37.755779018887665
3141,144.99570110986036,-37.83872046369467
3142,145.01775914709796,-37.84180374592159
3143,145.02007735274208,-37.85680123344014
3144,145.03515406082383,-37.85578451697496
3145,145.06109794573143,-37.87705418050646
3146,145.06618841811328,-37.856116836034126
3147,145.09365963171558,-37.86744001528284
3148,145.10084515341728,-37.88116015993703
3149,145.1293071635137,-37.8785157283876
3150,145.17448189994587,-37.89108776276037
3151,145.1506010232621,-37.853710521744006
3152,145.22398799504703,-37.86506512556894
3153,145.2721730363973,-37.836289530404684
3154,145.32450798278813,-37.85661343924708
3155,145.28694534355714,-37.85753993935806
3156,145.29659898774398,-37.91803632872126
3158,145.33536116947872,-37.90023017615887
3159,145.39178677205075,-37.917750416111076
3160,145.35618344438066,-37.927756854696476
3161,145.0211550490846,-37.872206608983134
3162,145.02492374818894,-37.890755289262636
3163,145.0584292777791,-37.89576011644424
3165,145.06678393833215,-37.92214468698472
3166,145.09660218585165,-37.89963249501201
3167,145.0947927534442,-37.92550443231544
3168,145.13170416155415,-37.915642138209684
3169,145.12092071881955,-37.94323232853196
3170,145.17832315347877,-37.92602708091629
3171,145.15629950078736,-37.945269082714944
3172,145.13415225200086,-37.974265773681246
3173,145.16679338240192,-38.004724685437
3174,145.17978734641122,-37.96302712526394
3175,145.20254456974735,-38.01801039125611
3177,145.23954250684136,-37.98961731878903
3178,145.2398697425693,-37.92556368875439
3179,145.21654433387107,-37.90062578906558
3180,145.25091366673254,-37.88851041689192
3181,144.99804444311718,-37.85279270018332
3182,144.9799214946066,-37.86382293279595
3183,145.0002122735383,-37.86762485778304
3184,144.986206367585,-37.880845966433945
3185,145.00600754835804,-37.88628556971134
3186,144.99657584644348,-37.90788108548742
3187,145.01796403509448,-37.91710612940995
3188,145.01483735522862,-37.9384491679791
3189,145.0577070354878,-37.941453831299135
3190,145.0379146959425,-37.948726419330605
3191,145.01513705849894,-37.953512259206384
3192,145.0597258731809,-37.96087909532954
3193,145.03398197674397,-37.9766671472495
3194,145.0811801487206,-37.981253042386875
3195,145.11084007587877,-38.007369904497864
3196,145.12599587459468,-38.04589668457915
3197,145.14007396291515,-38.071341118539756
3198,145.13722334259018,-38.10486136027863
3199,145.136260808759,-38.1591710485675
3200,145.1622174931488,-38.125932247832424
3201,145.1749288428934,-38.09333971159755
3202,145.0953311789532,-37.956400522546694
3204,145.04032832821008,-37.91518100598189
3205,144.9550199994708,-37.83328542332399
3206,144.9617260110407,-37.84705652782578
3207,144.9231907673015,-37.833576842263085
3211,144.46819355967338,-37.93173179832283
3212,144.45187920490073,-38.02043615967514
3213,144.2887009457024,-37.971842666707495
3214,144.36911957660934,-38.07308282907501
3215,144.3343544946817,-38.11170088769885
3216,144.31012710520514,-38.18735629394132
3217,144.29937555521312,-38.2511472758398
3218,144.2109577786945,-38.114277600162495
3219,144.3856940980648,-38.173857039957525
3220,144.35116220025466,-38.15264697320702
3221,144.1780262420504,-38.16104918599956
3222,144.56418422187235,-38.201616792767645
3223,144.66485266798418,-38.1526289428267
3224,144.4467202717792,-38.18403809520518
3225,144.62293600752074,-38.245956078036365
3226,144.53928308969324,-38.26213861433791
3227,144.42552469561764,-38.25855301123454
3228,144.26580848342883,-38.33441468933922
3230,144.15036708280056,-38.38187984173519
3231,144.0625854166071,-38.4510269204189
3232,143.92651396013108,-38.532769888196604
3233,143.61150217437466,-38.757520786531686
3234,143.82804214013927,-38.631332809530015
3235,143.92019873967232,-38.4378383214889
3236,143.7093703152932,-38.51045755924831
3237,143.54374758241855,-38.644764685346416
3238,143.44407782222436,-38.72901546916086
3239,143.41894880684922,-38.57322020916038
3240,144.13795700068897,-38.25454681004142
3241,143.93055489906254,-38.260334952081195
3242,143.82290868124883,-38.33166216538226
3243,143.79754518472524,-38.47017998883166
3249,143.5457387466942,-38.36680098561714
3250,143.5846420491184,-38.340396165498426
3251,143.65956446493743,-38.14065041286268
3254,143.5306329636434,-38.29692681568328
3260,143.22700582198476,-38.191805358268105
3264,142.87704344648068,-38.23816587616854
3265,142.82819578161528,-38.24121850088674
3266,143.14502629097183,-38.416128822940635
3267,143.0872370839207,-38.46146633588962
3268,142.9436847565858,-38.515912768808036
3269,143.11638191263498,-38.63454994010282
3270,142.8819597768992,-38.58940725744858
3271,143.01817037094008,-37.9078318706962
3272,142.81354491511132,-37.97110949842356
3273,142.6793573218636,-37.9822899847773
3274,142.52461312768207,-37.95375775285579
3275,142.46646714463864,-38.287133374450406
3276,142.46580895977482,-38.12230246043307
3277,142.67140450814222,-38.41222146276885
3278,142.60820624698317,-38.273303448232504
3279,142.6169376165092,-38.18676403034657
3280,142.48936738131476,-38.366691797197284
3281,142.51732856130207,-38.253075681302505
3282,142.38488258204563,-38.29773004185261
3283,142.26487707411314,-38.22560249505906
3284,142.1412720761679,-38.26383665722862
3285,141.93112310027033,-38.25570710166138
3286,142.019272362657,-38.03380876684691
3287,142.30584061969623,-38.051861215277555
3289,142.27491056690604,-37.89698803928555
3292,141.11073235265954,-38.066415070599916
3293,142.5464193913148,-37.73233124298048
3294,142.32074981144441,-37.59452982573107
3300,142.00201687445988,-37.7910914929744
3301,141.99687482731358,-37.75680906860276
3302,141.74932377143725,-37.83969723954107
3303,141.67481160215118,-37.96286671151531
3304,141.4453792649054,-38.01237344801101
3305,141.4488585794421,-38.23432247259395
3309,141.5283144297282,-37.80977688773929
3310,141.5673965048292,-37.7288604278199
3311,141.30042502933784,-37.57845005953367
3312,141.23036822159457,-37.49425754512349
3314,142.1561187701461,-37.387543395903464
3315,141.67213524460703,-37.4665914485862
3317,141.60189260705334,-37.1434216015119
3318,141.30164981521344,-37.04055881523628
3319,141.08959521204918,-36.910519959400546
3321,143.94612162552448,-38.10046059184916
3322,143.6624553361074,-38.035341159548636
3323,143.50502421512036,-38.011244918080656
3324,143.3543035394112,-37.92664601118925
3325,143.1808407759875,-37.89878439375386
3328,144.0533965690877,-38.02209796388131
3329,143.87975828611263,-37.986630336779406
3330,143.7450892007499,-37.928370206248
3331,144.1830996809953,-37.9823901426001
3332,144.09838037516408,-37.956873020739806
3333,144.0368604885459,-37.87338323607065
3334,144.05975149629913,-37.75658434507781
3335,144.65817689963774,-37.6933202269735
3336,144.70259664183882,-37.708129196392505
3337,144.58566452890418,-37.62938385884898
3338,144.5558699337489,-37.75752964980251
3340,144.39706022652348,-37.74293259422661
3341,144.34698081522964,-37.587296016745995
3342,144.22101094284434,-37.63033126094295
3345,144.11335164420652,-37.56762567071864
3350,143.86677996790056,-37.57578153778023
3351,143.60844258971818,-37.688780134267596
3352,143.7869835683302,-37.55346453010623
3355,143.7941371711125,-37.51537236408303
3356,143.82563822219333,-37.59052170048345
3357,143.89952724166275,-37.65186552173061
3358,143.793232985379,-37.57744943591396
3360,143.51328544342363,-37.73842466077313
3361,143.31483328263488,-37.71145484574253
3363,143.9198494856953,-37.4283620209659
3364,143.989180221199,-37.29648098378369
3370,143.82198518701057,-37.26152980861458
3371,143.657678434045,-37.20192163017615
3373,143.33963939430444,-37.464534234790484
3374,142.88222881756502,-37.166184432186974
3375,143.13443537498344,-37.39096422377576
3377,142.94811820148809,-37.27539811923115
3378,143.02311670760017,-37.512160377710345
3379,142.63612525284836,-37.53955943680819
3380,142.77090627503236,-37.05744819168336
3381,142.58559497420111,-37.16042519974577
3384,143.05027395052167,-36.996940837792025
3385,142.58632925990509,-36.87520220800316
3387,142.86909300480028,-36.825882270601284
3388,142.69431382363052,-36.627185567721
3390,142.46638705743234,-36.56597890462739
3391,142.44307709357406,-36.05079511895342
3392,142.6269494081872,-36.41224458014065
3393,142.42105842955172,-36.193410050621196
3395,142.4161349913857,-35.91281549571703
3396,142.35204231182166,-35.70909994431177
3400,142.19619320821846,-36.718971221290424
3401,142.17633117137737,-36.85780404895152
3407,141.84037594140693,-37.2889793841776
3409,141.79066032840197,-36.848879543679786
3412,141.48862874544082,-36.67132979854337
3413,141.2314470264841,-36.7085221703671
3414,142.047842291831,-36.33641320033671
3415,141.376973185254,-36.37351071173728
3418,141.62505615768376,-36.27792517109302
3419,141.26460987842003,-36.38644881420728
3420,141.08732602387238,-36.20887157203077
3423,141.97726424843387,-36.098706525263786
3424,141.9979772190944,-35.82493786492548
3427,144.69943517901675,-37.62082550344104
3428,144.79280556856327,-37.63493614087008
3429,144.73481965928102,-37.550216872482906
3430,144.80195968570177,-37.4886653891689
3431,144.68141696903592,-37.448180725874955
3432,144.77226361374275,-37.4378951763141
3433,144.77872792384412,-37.40121261473945
3434,144.74588399900227,-37.35224778504814
3435,144.7391761070878,-37.225056263123626
3437,144.54707753295793,-37.501800217167876
3438,144.61680434980335,-37.45347234166114
3440,144.55715118546908,-37.42908041225219
3441,144.59318602493548,-37.39293829737659
3442,144.5522762814952,-37.33237120823099
3444,144.5290651301939,-37.1351964577242
3446,144.34393938991786,-37.186147194065846
3447,144.34955444437225,-37.140598803437335
3448,144.38278678072052,-37.0516363903395
3450,144.22055612508697,-37.06002210829913
3451,144.21112387833244,-37.10322078261172
3453,144.23932179038854,-36.93337880975076
3458,144.36566702078267,-37.4549610184883
3460,144.13966208216505,-37.33484358812646
3461,144.18059271443303,-37.3072504581066
3462,144.05726884445087,-37.114319620941394
3463,144.00841509738902,-36.93336020165925
3464,143.84139579063338,-37.028161945638026
3465,143.6747630199069,-37.03557902164972
3467,143.47189056265626,-37.08261139348073
3468,143.40202546364165,-37.21249063280096
3469,143.2638352207228,-37.17653765918595
3472,143.69491567881346,-36.855905479131216
3475,143.51850451841352,-36.725509845744305
3477,143.20844458316742,-36.681846042401105
3478,143.32090196055253,-37.05038500987504
3480,142.93854237188634,-36.35005685675958
3482,142.84426520312937,-36.13659738559259
3483,142.8842956878692,-35.91352188643572
3485,142.7235686581692,-35.695794928520755
3487,142.6065095741474,-35.55656983270295
3488,142.46514732132476,-35.44221717381775
3489,142.4499631048389,-35.29289257731362
3490,141.6254915268034,-35.14237040347909
3491,142.18800124301168,-35.43553357977669
3494,142.17751564040276,-34.51906813303612
3496,141.55363945752907,-34.36172923096242
3498,142.1699899267643,-34.251662487959415
3500,142.12264159837326,-34.207855232441744
3501,142.33138770284128,-34.7197267251958
3505,141.87118019684712,-34.18776515665952
3506,141.36456801508612,-35.18682321648508
3507,142.0465540711313,-35.099111140880254
3509,141.76495920784294,-35.16270460887133
3512,141.106720885455,-35.16507540498874
3515,144.0800483811006,-36.80448985916282
3516,144.0131970968925,-36.62541805989752
3517,143.8696022167126,-36.46303307749902
3518,143.64188686633082,-36.40322602186831
3520,143.76841556601315,-36.35433442701523
3521,144.85865481325368,-37.11355796223928
3522,144.78399503989627,-37.04823876912181
3523,144.73777144114467,-36.8515583172659
3525,143.4262203186577,-36.2478733141675
3527,143.28318170215292,-36.03795811278426
3529,143.19757114739576,-35.84802009432705
3530,143.15901563307216,-35.728250541370045
3531,142.96245941032612,-35.62062957372149
3533,142.80146469003185,-35.38293475912104
3537,143.71523852437235,-36.05107606829879
3540,143.52573113518744,-35.83604688771265
3542,143.43469521214465,-35.6669167624858
3544,143.18404308172893,-35.47587176053525
3546,142.9111950194871,-35.087041235727746
3549,142.77631249758525,-34.78901216605987
3550,144.28876358660088,-36.76188791075494
3551,144.48477257816248,-36.75640916153102
3555,144.24278083198985,-36.808676945863795
3556,144.19432941624981,-36.650310804112515
3557,144.52422616509355,-36.65472794166584
3558,144.6081235701176,-36.49154108572865
3559,144.82707690405354,-36.56252121755286
3561,144.68226063183585,-36.33952821736126
3562,144.52730624975075,-36.0456313257926
3563,144.49803887809722,-36.27116800483726
3564,144.71081360119794,-36.15296872824179
3565,144.5254781726144,-36.1919138407911
3566,144.35736209017088,-35.94953169467028
3567,144.27957257766082,-35.9083596255412
3568,144.19115614847647,-35.81347204310591
3570,144.2671144951952,-36.502428749261135
3571,144.18021820727532,-36.38484804176989
3572,144.323374092306,-36.3216477923313
3573,144.2748902685464,-36.19437575421543
3575,144.1088092858055,-36.06674358887521
3576,143.9155218722025,-36.122903650494315
3579,143.84014261165612,-35.721561027561904
3580,144.1115639843197,-35.644020233433665
3581,143.81545278585313,-35.59129569107498
3583,143.68866727256605,-35.5051968440286
3584,143.64171546405845,-35.46844762034583
3585,143.37274163290408,-35.37598829187319
3586,143.69563027957554,-35.40381738862419
3588,143.44627327672868,-35.292272398338426
3589,143.44819444501297,-35.25134009835683
3590,143.47413474926424,-35.2262190603946
3591,143.39891081767016,-35.20790153837175
3594,143.36277334914263,-35.14572059893734
3595,143.33531956456937,-35.18260116195988
3596,143.23446021513845,-35.14585399448215
3597,143.15570267070296,-34.903034344291974
3599,143.09330441212745,-34.74016715705877
3607,145.17074698645632,-36.84469798769295
3608,145.13365046294408,-36.7634002150273
3610,145.2218017776448,-36.592592893603744
3612,145.03481707961623,-36.610117278930964
3614,145.31057394376973,-36.49367979026128
3616,145.1738762765133,-36.43187469318115
3617,145.16336349628267,-36.41295440697721
3618,145.14748758711988,-36.37042373654779
3620,145.07398859181498,-36.279160684895785
3621,144.9693187339767,-36.228067642208934
3622,144.83121210727032,-36.24414190104117
3623,144.94139634504205,-36.46270893497572
3624,144.94911905876228,-36.39909773295215
3629,145.26822481047986,-36.29648464121925
3630,145.5967916996331,-36.46359304309081
3631,145.4796798258868,-36.445173579869895
3633,145.46810695771867,-36.29373355586784
3634,145.47289123995452,-36.23813805442372
3635,145.34238471875045,-36.15588745345588
3636,145.502932666252,-36.102228071486834
3637,145.29213396745632,-35.96412369605921
3638,145.1701720745462,-36.03543336569001
3639,145.03926911764677,-35.97985011281553
3640,145.46920185647022,-35.999267136099114
3641,145.44368934428974,-35.89514705888067
3644,145.6656585889982,-35.90154773556522
3646,145.70743606659744,-36.253100244542196
3647,145.69943903139503,-36.39455673380194
3649,145.70446722477394,-36.0676685533678
3658,145.14046346349195,-37.280662186634416
3659,145.1318532245457,-37.127607129555514
3660,145.26588653743127,-37.056400726467885
3662,144.94838690155044,-36.93537687339146
3663,145.16414125271868,-36.92756348020712
3664,145.29546072393765,-36.922452259784905
3665,145.36036295086325,-36.82052628422911
3666,145.54786667860708,-36.802378535243626
3669,145.7474116449181,-36.64913523611569
3670,145.87583930010499,-36.6486080938208
3672,145.99619086513823,-36.577303930460715
3673,146.0973841517887,-36.68676537967043
3675,146.20692327387457,-36.47503822752469
3677,146.31746175382185,-36.36801875931707
3678,146.4355231674016,-36.59730415372361
3682,146.41999609250453,-36.160368470415094
3683,146.60258529572374,-36.17792006515477
3685,146.5323630346271,-36.03914099693888
3687,146.42136224299117,-36.00729153950743
3688,146.72107916188585,-36.155671194234394
3690,146.85017927245158,-36.114031277418725
3691,147.02026895182175,-36.31840044635771
3695,147.1196900810183,-36.31678411412895
3697,147.2038799733549,-36.68465061491684
3698,147.1371097980398,-36.7660569772053
3699,147.28783918208623,-36.83465438305956
3700,147.27118526333186,-36.185887051194676
3701,147.4540887454458,-36.51014515015531
3704,147.4841900687257,-36.14796097229913
3705,147.79750201715646,-36.14696919283678
3707,147.92590618599903,-36.45970582711189
3708,147.91205525529523,-36.06138813577165
3709,147.66971645685337,-36.039308611974114
3711,145.7105922733308,-37.436517258724905
3712,145.8398160858266,-37.36732496391753
3713,145.98796378678804,-37.34091381447323
3714,145.72003368745362,-37.21414447851566
3715,145.75300618900525,-36.98721150902421
3717,145.44670019451257,-37.30942210074236
3718,145.5241108277675,-37.16257515407193
3719,145.6098308700379,-37.04518333974842
3720,145.87946978285171,-37.01794719866122
3722,146.1251304670905,-37.04102937147778
3723,146.2626213527377,-37.21017798683061
3725,145.89510355370953,-36.399662137885976
3726,145.98861718182397,-36.333866406467415
3727,145.93882459972087,-36.25003724597805
3728,145.93328978230898,-36.15490999001063
3730,145.9730283970343,-36.05166900278796
3732,146.33053953081497,-36.68775857729702
3733,146.4115489980982,-36.75540924255838
3735,146.60252322218463,-36.5398384345915
3737,146.81436238040118,-36.85819163243865
3738,146.7873372278891,-36.60537695591251
3739,146.84590158245135,-36.63758812713231
3740,146.86464843213435,-36.81436251625517
3741,147.1033503906965,-36.90218331336836
3744,146.983029730426,-36.791125717622556
3746,146.55929961864538,-36.323014102036254
3747,146.70984923788717,-36.354214649561996
3749,146.86842125467325,-36.356313618470224
3750,145.00669480137503,-37.59045405370915
3751,145.06088866130457,-37.54445616088513
3752,145.08266699091877,-37.633269630667684
3753,144.9719651811018,-37.47614265664151
3754,145.11565238838267,-37.59618109457089
3755,145.12653774021712,-37.55033077108618
3756,144.92378919810204,-37.41247399708617
3757,145.19503186166756,-37.47804932807048
3758,145.03626524700744,-37.35908539967936
3759,145.24907966124414,-37.64256856413967
3760,145.28960316340985,-37.62617687463875
3761,145.28586582599178,-37.58506522904055
3762,144.9374992534486,-37.35356448466121
3763,145.36088568012008,-37.5096585240826
3764,144.93500469936643,-37.21050734147908
3765,145.34387183110047,-37.81676501293332
3766,145.38314328226582,-37.8199688479195
3767,145.3518566755844,-37.838337664550494
3770,145.42307644958564,-37.71232348430623
3775,145.37752087448823,-37.625655271044444
3777,145.52056266360944,-37.59216227891296
3778,145.63504962430616,-37.55663620251702
3779,145.93768877826506,-37.579219867273366
3781,145.51166537001413,-37.9313650386242
3782,145.4553025382724,-37.92137113424921
3783,145.6406974500138,-37.9460793700182
3785,145.32043181785966,-37.875841252953194
3786,145.3366053102386,-37.87660495144718
3787,145.34853927615166,-37.864879463382046
3788,145.3802548756662,-37.85428388615657
3789,145.35926975513553,-37.88834318295084
3791,145.3994695272176,-37.89833378121428
3792,145.40364179100007,-37.89359592499994
3793,145.42663123343306,-37.874327621786726
3795,145.43369278967697,-37.834896309497125
3796,145.38832815472742,-37.788416293587716
3797,145.70303110430845,-37.84635133713595
3799,145.80371440635537,-37.70571842004344
3802,145.2560775597019,-37.967903756777794
3803,145.27029724759504,-38.005141958048426
3804,145.33087688177793,-37.97600505998773
3805,145.30405053682512,-38.04049278328005
3806,145.35107134562537,-38.02876075592354
3807,145.3841625755335,-38.034672407987905
3808,145.42769316815526,-37.995884753206866
3809,145.4147142981918,-38.07372772417589
3810,145.49157166542687,-38.0700281934604
3812,145.56896866972846,-38.075919017458055
3813,145.62671019772364,-38.046897756581295
3814,145.65464707086977,-38.10124966814778
3815,145.70946880687598,-38.07700665656639
3816,145.77167847249612,-38.09117551199527
3818,145.84233421939186,-38.137354745702176
3820,145.9366582943612,-38.15971217310146
3821,146.01552612181325,-38.098878758070676
3822,146.00774303828817,-38.20092655644296
3823,146.06541235066334,-38.223965400332524
3824,146.16758863414532,-38.22262658237767
3825,146.3299231380148,-37.913686767375474
3831,146.02100142650966,-37.9979572600913
3832,145.98631757019194,-37.92245042061659
3833,146.06278171350831,-37.84892696621887
3835,146.16689792998352,-38.30379367522408
3840,146.42074389389472,-38.2828234917188
3842,146.41939838369794,-38.3201839723851
3844,146.6126107216392,-38.2775167439885
3847,146.82680454826152,-38.21940877578268
3850,147.07367517583964,-38.10150445405404
3851,147.140317132996,-38.215627078206
3852,147.1418030494119,-38.10519083980348
3854,146.594498306712,-38.1142479585899
3856,146.59649821298083,-38.03639231236178
3857,146.67243561449803,-38.01000828453801
3858,146.68580852561166,-37.573654136555774
3859,146.87416974313084,-37.92148517205089
3860,146.94636679254467,-37.71339076678882
3862,147.19007164258633,-37.50997159304124
3864,147.3134854211133,-37.82223313638169
3865,147.4625939563024,-37.79818152084674
3869,146.36181944860073,-38.36626522800337
3870,146.3483354904143,-38.45096382416266
3871,146.18077256561057,-38.40767629772397
3873,146.69149247657353,-38.3031566701116
3874,146.89943994240733,-38.52683768572075
3875,147.5498505577718,-37.68475336829176
3878,147.6752680807698,-37.902163447747036
3880,147.75213972130422,-37.92947563822571
3882,147.75118968908396,-37.81586004196572
3885,148.2198595772483,-37.271509694347046
3886,148.4479334988927,-37.75211039771935
3887,148.05323945105044,-37.69259040541188
3888,148.60469445577536,-37.361291136125054
3889,148.87769256025643,-37.54587125239932
3890,149.21057280576537,-37.4903832168931
3891,149.5211437368447,-37.54729979329521
3892,149.8000841799791,-37.511662610203985
3893,147.83068318599,-37.50492377339915
3895,147.85227072528548,-37.3632535262083
3896,147.7940691228954,-37.23081482473609
3898,147.5081492971237,-37.03621076160063
3900,147.91202696081518,-36.87209973209098
3902,147.81265775599041,-37.81368503868182
3903,147.86778835058692,-37.81396260948283
3904,147.84264026939002,-37.86836213832588
3909,148.01367780146862,-37.81645775164191
3910,145.1974679193382,-38.1539941948483
3911,145.17041021326853,-38.19594396213528
3912,145.22101270175483,-38.216170784503504
3913,145.18948759806617,-38.26602534354751
3915,145.13155714576732,-38.29941351690204
3916,145.05357267826952,-38.409343640772384
3918,145.1707404615459,-38.3399926306645
3919,145.2043460946667,-38.355436990666625
3920,145.19639979465433,-38.37729892901153
3921,145.36526823563148,-38.35022305566753
3922,145.20976190312834,-38.48650257146157
3923,145.2732145067745,-38.48239551461843
3925,145.32569296276935,-38.518354310986155
3926,145.10033802954803,-38.35276684115776
3927,145.1607591966153,-38.38090810304793
3928,144.96811560007518,-38.40289591400914
3929,144.97959775682293,-38.45864360360571
3930,145.0926588783464,-38.19628874643675
3931,145.06039681417374,-38.23075411465998
3933,145.11943047264486,-38.24667483468733
3934,145.0312435634,-38.27552175893011
3936,144.99766657547397,-38.334882228377374
3937,145.0199660803138,-38.37059143689575
3938,144.93386455966674,-38.35287117866661
3939,144.89534915877627,-38.417718455114006
3940,144.87456321512155,-38.37097019541969
3941,144.81776249712584,-38.386439812337926
3942,144.77239240902284,-38.368174913149204
3943,144.74339589098278,-38.345572435371786
3944,144.7055124830389,-38.323761510713766
3945,145.67880420130484,-38.39645056188617
3946,145.73867273068532,-38.436515503596915
3950,145.82347026308798,-38.445363070830034
3951,145.74600355009756,-38.51285052704395
3953,145.9771412980282,-38.460862753169756
3954,145.95223267575938,-38.55976735874163
3956,145.95998030937815,-38.684203612806975
3957,146.09450556758514,-38.59313535964972
3958,146.01242813047912,-38.668620299552835
3959,146.0825350506628,-38.749580283866536
3960,146.30075259832503,-38.83210374958966
3962,146.35001366977195,-38.612613692793666
3964,146.27251722333338,-38.6864274923333
3965,146.47755324675356,-38.6873472298962
3966,146.4318377285,-38.62613750452294
3967,146.53770443217908,-38.652379588980494
3971,146.64422355593535,-38.529857110764986
3975,145.23750224173375,-38.065905824501364
3976,145.26765690536902,-38.03935339659575
3977,145.27522267448285,-38.140447931108966
3978,145.3738276096498,-38.1330624380393
3979,145.6219321895926,-38.467418558218455
3980,145.3724258419881,-38.205792296383926
3981,145.5786342491667,-38.20007686707407
3984,145.5606969881707,-38.30746586813814
3987,145.68598747188935,-38.3092156896132
3988,145.8026074006487,-38.3182654986245
3990,145.5298477897489,-38.45270639314158
3991,145.4663388091189,-38.475479333985554
3992,145.58286498453745,-38.53296448025121
3995,145.62765163111794,-38.599756478147384
3996,145.75633310733,-38.617996860382256
4000,153.0199161384648,-27.46305720052645
4005,153.04708760600008,-27.461333683666624
4006,153.0322476693716,-27.449280576697916
4007,153.06769041224837,-27.435279909851275
4008,153.11754641676274,-27.394776882268854
4009,153.09154306099296,-27.435110360180193
4010,153.04488195135946,-27.43297959116945
4011,153.06366671409182,-27.41868134278074
4012,153.05505734724457,-27.39727798265557
4013,153.07508634833343,-27.394220529666637
4014,153.08648754592366,-27.368381374293744
4017,153.05257559034715,-27.312830059178072
4018,153.03332261430347,-27.336873678146585
4019,153.093813963215,-27.248191031887256
4020,153.10137447792974,-27.213301140627784
4021,153.08394032720045,-27.22369744029303
4022,153.05663360859793,-27.210659553322035
4025,153.40614942954417,-27.14251916741975
4030,153.03685632272834,-27.423236759695566
4031,153.02943441551076,-27.406085868869955
4032,153.0248164231677,-27.38533068773518
4034,153.04162786168533,-27.357446677353337
4035,152.9844205573312,-27.351492310562435
4036,153.0160362907653,-27.31054423894402
4037,152.93922292436582,-27.34229735385794
4051,152.99120656848623,-27.42678331507839
4053,152.9886667533308,-27.396019109333654
4054,152.9533899258748,-27.411734457316648
4055,152.93316928078434,-27.389484022350082
4059,153.00678823780925,-27.450661787689018
4060,152.98039848094916,-27.442647390411878
4061,152.94090033652083,-27.44573443767912
4064,153.0017617862317,-27.46390092037041
4065,152.97924512795524,-27.456809758909632
4066,152.96009818224093,-27.476157200430453
4067,152.99581866066674,-27.497178808999973
4068,152.9789373832639,-27.502581130757704
4069,152.88602101757374,-27.492784134939868
4070,152.87035691547538,-27.557039720303617
4073,152.95226497747373,-27.545663355915867
4074,152.92560390402787,-27.54768786899213
4075,152.9782929574686,-27.54731747265771
4076,152.92952207225312,-27.580494116503548
4077,152.96944634715211,-27.593412768770825
4078,152.95691131367798,-27.618462336570758
4101,153.02618069533344,-27.486450021999968
4102,153.0339212870984,-27.493513363902068
4103,153.03102905856062,-27.511221239877713
4104,153.01791371266677,-27.516568107999962
4105,153.01673262320924,-27.532255590575044
4106,153.00375447446024,-27.553286140550945
4107,153.03494474768945,-27.548223822478796
4108,153.02622642765618,-27.566169917052417
4109,153.05836213781765,-27.57949159363001
4110,153.0080606835793,-27.61201730576844
4111,153.05420573849875,-27.547419914837924
4112,153.09491211140855,-27.608393447917656
4113,153.08639876620418,-27.58942383851586
4114,153.1100710403605,-27.64931549137937
4115,153.03018942378156,-27.63218763731012
4116,153.05413925391656,-27.629818121580062
4117,153.0820700290186,-27.642180402064827
4118,153.03658885708333,-27.668914330647556
4119,153.11066020632262,-27.60834072718316
4120,153.0482216788946,-27.505247948467805
4121,153.05645765664363,-27.523463284361863
4122,153.09012201251699,-27.54292260862074
4123,153.12394829395367,-27.575279804126872
4124,152.93776627103446,-27.728619932946525
4125,153.0493301655338,-27.723952178538934
4127,153.1467457826249,-27.626505389950314
4128,153.17643592560734,-27.657322812283798
4129,153.18544969273435,-27.685473114178517
4130,153.23923944605576,-27.667635446125526
4131,153.14311916483447,-27.671915830568064
4132,153.09169862238272,-27.68183615588465
4133,153.10297669352207,-27.72599079247815
4151,153.06060747093386,-27.497810947276697
4152,153.09869074304788,-27.5057559941282
4153,153.1338853875137,-27.508130912573538
4154,153.1650783021075,-27.487730485979487
4155,153.16951972303585,-27.51631329588266
4156,153.1565836935735,-27.56158014571155
4157,153.20146927387526,-27.567065110736703
4158,153.19782736766675,-27.48131259899996
4159,153.20883030542979,-27.498393393332126
4160,153.24560959145634,-27.501289101219083
4161,153.2278335389959,-27.534486839772345
4163,153.26621687558915,-27.532321162822395
4164,153.2599580799533,-27.567526054033255
4165,153.2628183150056,-27.626550384981574
4169,153.04476514893324,-27.482887180940633
4170,153.08166807287236,-27.470180658132982
4171,153.05941479933338,-27.45340307799995
4172,153.11297926265345,-27.451211431961823
4173,153.1284371477924,-27.474411282672225
4174,153.13295422900183,-27.446177775035967
4178,153.16341114229635,-27.415965689522107
4179,153.17270838426643,-27.465430311011435
4183,153.45410953639984,-27.548374343293183
4184,153.38161665422976,-27.67608032539888
4205,153.15813978938803,-27.68910186004001
4207,153.19780114984653,-27.765361714317777
4208,153.31655374724332,-27.77414064771357
4209,153.31195869022787,-27.83996540236611
4210,153.2539300320915,-27.91132631640087
4211,153.25433002732126,-28.086879857735372
4212,153.3458787711451,-27.88878089714573
4213,153.31948714536463,-28.135825294405105
4214,153.3633737690808,-27.96038100431261
4215,153.40028750750443,-27.96700450299596
4216,153.3839651525491,-27.912933382457318
4217,153.39945993186174,-28.010327909769114
4218,153.42130589736396,-28.04237167607359
4220,153.43498844705297,-28.091518346732727
4221,153.45661277820614,-28.12387633982243
4223,153.4184938518035,-28.187602856842904
4224,153.49445687308426,-28.150737874600175
4225,153.51908173539232,-28.164441122496726
4226,153.38742037756157,-28.0616980719601
4227,153.40256098411206,-28.10381035138476
4228,153.37485174203456,-28.178928457998584
4270,153.1381450060183,-27.871594335591453
4272,153.19099682335633,-27.936194879137105
4275,153.1464416419547,-28.068587445275742
4280,153.01211131609674,-27.80966032389276
4285,152.94824561338677,-28.05249398079762
4287,152.80917098520612,-28.26660168201677
4300,152.89995858454807,-27.659622905915636
4301,152.8548464352598,-27.637673109788953
4303,152.8374502750075,-27.604547200177823
4304,152.80201138104388,-27.609547478564703
4305,152.75476111856403,-27.617562494571086
4306,152.72085109002538,-27.543309529280563
4307,152.6243512206028,-27.81693060160712
4309,152.5186716448482,-28.019631671646252
4310,152.66526833988001,-28.09065765482321
4311,152.4561505315099,-27.386079425447274
4312,152.387886031354,-27.27750475242177
4313,152.36842021592884,-27.118391020504678
4314,152.20263929463934,-26.81591179039413
4340,152.51172702133425,-27.754518631209212
4341,152.3817322280521,-27.718746154532607
4342,152.38793563482744,-27.54892199116244
4343,152.26497547226796,-27.693697919692774
4344,152.1016166053275,-27.581102179530188
4346,152.5904217415901,-27.56029593120298
4347,152.1769696584737,-27.61476631035742
4350,151.8767093236618,-27.57236554741162
4352,151.33070057898559,-27.777602960532125
4353,151.89218627528822,-27.232894854009377
4354,151.86141646360312,-27.294887300056512
4355,152.06470127863267,-27.14120946297168
4356,151.54877216112473,-27.657234944442145
4357,151.11313082582927,-27.985436512842256
4358,151.81236328066478,-27.775356006398415
4359,152.02466835008653,-27.791979111660467
4360,151.89511088636038,-27.84159084157772
4361,151.90560050831687,-27.928725610008723
4362,152.06223983770346,-28.02277984559959
4363,151.7357039779469,-27.68164751646505
4364,151.42739367518166,-27.7151843302817
4365,151.62046828183466,-28.021739527017978
4370,152.00132600172955,-28.21643528127503
4371,152.31921771220743,-28.180413680315066
4372,152.2418470902029,-28.300024064834833
4373,152.35234088210237,-28.321861212484016
4374,151.8711063563328,-28.409743787991673
4375,151.94268775842067,-28.524267229857504
4376,151.93265050090116,-28.55590086643672
4377,152.02845571683258,-28.547623356260534
4378,151.93542598731543,-28.615928040309107
4380,151.6897371674102,-28.721320498782738
4381,151.87625137876117,-28.75168978398218
4382,151.79959654368247,-28.852191442046333
4383,151.94943971912335,-28.926056977437526
4384,151.181074863932,-28.736208922028332
4385,151.11609371676698,-28.81510216069602
4387,151.15788653723797,-28.46081655415512
4388,150.60365699242485,-28.566349938136227
4390,150.38284035281086,-28.23218628498599
4400,151.79979773028478,-27.49796530525837
4401,151.71516020802318,-27.398870345880663
4402,151.82642032772597,-26.959596074234668
4403,151.54576887340377,-27.337153309509695
4404,151.4538978920439,-27.26651047238587
4405,151.01729717314956,-27.289390007474953
4406,150.25964577679696,-27.62178647511932
4407,151.0115303091191,-27.606258862927998
4408,151.35635472429098,-26.8358537832393
4410,151.19375093996118,-26.654297986165002
4411,150.96123062786248,-26.852915674187344
4412,150.81949203610114,-26.869584623308246
4413,150.6664018526866,-26.381182061816457
4415,150.22940610145753,-26.50969066502262
4416,149.95885867891758,-26.954794712692095
4417,149.1321180321488,-27.202070027481973
4418,150.09124871852853,-26.260094734638052
4419,149.98027020634314,-25.953478225342806
4420,149.5100170106469,-25.402059226857695
4421,150.475910396287,-27.2580333545238
4422,149.7276589985879,-27.615456094766287
4423,149.50376381089222,-27.35696870532357
4424,149.94706698614604,-26.651836157170916
4425,149.76928375977803,-26.627588953018112
4426,149.56568583075037,-26.512444905717143
4427,149.39251440301362,-26.152728721640937
4428,149.20532582489932,-26.468793513011306
4454,148.70239718431793,-25.659781920671232
4455,148.65573935540579,-26.697846091817688
4461,148.371418843991,-26.641986737137195
4462,148.20680087513173,-26.530771607442148
4465,147.90752271854083,-26.23596811832546
4467,147.4532843123057,-26.343664719727688
4468,146.94585853555614,-26.694054087350985
4470,146.15094328906287,-26.31507856070268
4472,145.4450506082415,-24.591177588638914
4474,144.80111145082444,-25.929950695441327
4477,147.15445423542394,-25.35896510707856
4478,146.26241415765824,-25.050415788895293
4479,145.5348769798658,-26.65769749164229
4480,143.4747191867348,-26.542111800439383
4481,141.71338474773918,-25.567289058241983
4482,139.1628454442529,-25.406263165335435
4486,147.9354944496027,-28.643518367496636
4487,148.56571214443036,-27.884271397236436
4488,147.37667850885262,-27.86872765591648
4489,146.07252605148472,-27.27759842721257
4490,145.9091848318361,-28.123403314333817
4491,145.0167951577488,-28.21223475970698
4492,142.49673832429502,-27.972911767990997
4493,144.34709369578457,-28.8046635589096
4494,149.62418060359627,-28.221615941103863
4496,149.34932049091648,-28.484657032556672
4497,148.91831404210055,-28.50771677632945
4498,149.8510254890789,-28.37428673095422
4500,152.93302576839454,-27.30304694443529
4501,152.99292868725047,-27.279336629434237
4502,152.97165628500008,-27.270756527666624
4503,152.96111459217073,-27.241986680662844
4504,152.93865690198064,-27.18949382760647
4505,152.9840732297261,-27.14895136027374
4506,152.91947204193676,-27.134749836102788
4507,153.13645217694398,-26.99157368506736
4508,153.01693753666305,-27.1809832261442
4509,153.0337014106767,-27.23337155275877
4510,152.96964783070166,-27.07280167248383
4511,153.08174921566527,-27.07133350920804
4512,152.85405900668616,-27.024722920568582
4514,152.72818538968565,-26.945960502801952
4515,152.47823675600878,-26.75580508528365
4516,152.9615531057987,-26.9999862635201
4517,152.96870580488255,-26.949298928273596
4518,152.93760339844388,-26.9056688432123
4519,152.95983957576954,-26.859303118003925
4520,152.82997235579464,-27.325415187967828
4521,152.76718430539268,-27.152808940143217
4550,152.9842583875086,-26.806434384013357
4551,153.08637046596854,-26.798450756557276
4552,152.75749147229246,-26.735262768827017
4553,152.9999461295233,-26.75703779791028
4554,152.96243179084772,-26.731993059945587
4555,152.95027692727277,-26.694194265030873
4556,153.0510946649307,-26.698067792785917
4557,153.10728660508764,-26.694017465112555
4558,153.08083422743124,-26.653554875821477
4559,152.97601981863232,-26.65760431334091
4560,152.93295452703313,-26.61058397700095
4561,152.994748888932,-26.54355696569269
4562,152.91670438512793,-26.484994080969535
4563,152.88216330042488,-26.42777247217164
4564,153.0847667438664,-26.60768435696452
4565,153.0040023187713,-26.296327421694542
4566,153.0601638724959,-26.421211252343475
4567,153.09420564602402,-26.406285249937145
4568,152.85083467513329,-26.36668235391926
4569,152.81493667097607,-26.34021305539798
4570,152.59721899010168,-26.169905649899253
4571,152.92508847185087,-26.228821422928874
4572,153.10494384458434,-26.67103227829749
4573,153.07649055376268,-26.510172567363483
4574,152.72283825328932,-26.614609743099976
4575,153.12433374905956,-26.72869931129542
4580,153.00422903717387,-25.98632367081703
4581,153.14251249877125,-25.260465529693075
4600,152.24066697483616,-26.079735513336185
4601,152.08870161549825,-26.110407667250616
4605,151.89148410415308,-26.144307858381932
4606,151.79727164529996,-26.270485555725894
4608,151.820374771912,-26.37242979038182
4610,151.5529882068524,-26.529242628888714
4611,151.7622240886649,-26.175425502390876
4612,151.6272864923536,-26.00170205529196
4613,151.38487383992643,-26.180500593332635
4614,151.92983401194937,-26.84785755858538
4615,151.9636792183881,-26.643790373193617
4620,152.28076872721147,-25.653897934415838
4621,152.0358744018914,-25.503169384948695
4625,151.66042229626578,-25.59102527173231
4626,151.0963146492253,-25.780487090690293
4627,150.8342351505555,-25.363934575053303
4630,151.08387724926692,-24.855040868753147
4650,152.63880724372885,-25.64225100948651
4655,152.80336808202927,-25.342246807056924
4659,152.609299956375,-25.299252571594796
4660,152.33283647205508,-25.20756508781146
4662,152.57687103753562,-25.35198273232268
4670,152.25845209064448,-24.88753280587643
4671,151.7624660644467,-25.05320875186945
4673,152.05986602397493,-24.715743067266406
4674,151.87442467299906,-24.541167801332833
4676,151.63323740832107,-24.593533410163943
4677,151.68986295133968,-24.29690186504213
4678,151.52739231828713,-24.174490291121955
4680,151.13570697835254,-24.212546144891263
4694,151.09556651837732,-23.776104922251044
4695,150.95825109100915,-23.780303311858887
4697,150.774043644384,-23.8298799117033
4699,150.64748916094067,-23.65305157168201
4700,150.51277191047083,-23.408891327002692
4701,150.61523877739242,-23.354185500641844
4702,149.36461692043952,-23.867799737660874
4703,150.667164012336,-23.007392152109066
4704,150.33960546033057,-23.117966149974055
4705,149.16157531082797,-22.76535427668182
4706,149.6808890560378,-22.642455439858523
4707,149.3909992957837,-22.241079187328747
4709,148.35270847254387,-23.03377000824876
4710,150.80204789684882,-23.265100748270225
4711,150.46337081069663,-23.271892714241076
4712,149.67842010637747,-23.68489821256527
4713,149.4461869018021,-24.134668915728753
4714,150.39405338083324,-23.719990402275418
4715,150.52245970120242,-24.401221145402957
4716,150.66506397766918,-24.59022833239986
4717,148.78866070151736,-23.484828799452774
4718,149.52471478926353,-24.706792814670703
4719,150.2118606674963,-25.078759265632133
4720,147.5467270327524,-23.937940817317802
4721,147.07711554923867,-22.377555094264736
4722,147.7864599006979,-24.343910507335362
4723,148.10786618153904,-23.08445769091884
4724,146.6985420604187,-23.619554025774903
4725,145.3361170998856,-23.61735987258906
4726,145.41138040699744,-22.444168269425703
4727,144.54527651718917,-23.661080145922675
4728,146.08436737599862,-23.266805706587302
4730,143.30420662065745,-23.707464162247632
4731,144.16370833707273,-24.571647674582373
4732,144.48746214238884,-22.519136499449008
4733,143.33475393291297,-22.038899467644615
4735,141.68317178361272,-23.26739363302604
4736,143.17367535918214,-25.048513374007875
4737,149.09388892081085,-21.476110252856326
4738,149.25916716293145,-21.646307266920775
4739,149.3715135779778,-21.86372229743735
4740,149.11574784427688,-21.16619072999241
4741,148.57551995044844,-20.958181801654302
4742,148.50307889416862,-21.80181471783489
4743,148.09973565247782,-21.23371055136017
4744,147.8897378713501,-21.94758606786989
4745,148.3447726010639,-22.559519731909706
4746,148.82664289630478,-22.676690770197126
4750,149.14820614210248,-21.024437451256542
4751,149.0438063584789,-21.202746028451415
4753,148.92883438982722,-21.14678158802797
4754,148.78774312918674,-21.254862695965667
4756,148.59819501528702,-21.122375473875078
4757,148.4787039392039,-21.186389869229636
4798,148.75120303525097,-20.816957280028344
4799,148.57913260626356,-20.70133615279003
4800,148.5231030296211,-20.406182501512163
4802,148.9833758779323,-20.261126857454528
4804,147.4881517153226,-20.993077793670583
4805,147.8906125056973,-20.215154819512456
4806,147.4017328695605,-19.844139846354903
4807,147.19724200983373,-19.940919017269557
4808,147.3503370945007,-19.50419512670042
4809,147.1385724166732,-19.605438898073647
4810,147.02595225906475,-19.335752396875225
4811,146.8149743506473,-19.354454677498378
4812,146.79483707912553,-19.287103421833596
4814,146.7649992438139,-19.299824984011764
4815,146.64980094740588,-19.52838631285261
4816,145.3666969550722,-21.04563063471375
4817,146.50401751094577,-19.434861236847517
4818,146.54607085337864,-19.228072383172716
4819,146.83425904304653,-19.139393606794535
4820,145.9524457371775,-20.23995554642368
4821,144.18823844529794,-20.93133811881097
4822,142.91245062411414,-20.342280073005806
4823,141.0607065582671,-20.423858971908203
4824,140.31083317509774,-20.113102606456838
4825,138.59671484911178,-20.56072833736609
4828,138.51090477348373,-19.61086098708672
4829,139.4617872647277,-23.732543937220136
4830,138.9365526759631,-17.82382394732105
4849,145.96349328273996,-18.351627448165857
4850,145.68074657815902,-18.72254292244493
4852,146.07576932978463,-17.884029113316885
4854,145.82729065181775,-17.970237626215653
4855,145.8707140372487,-17.766566536686458
4856,145.98506049762725,-17.73931830845086
4858,146.07094560328665,-17.59029236907191
4859,145.96062810519328,-17.595810918949546
4860,145.84546450627943,-17.440093029418986
4861,145.95369487003498,-17.309811705969558
4865,145.77821360956392,-17.111600541439504
4868,145.74426519434948,-16.974809578018093
4869,145.7523623268147,-17.02526374622907
4870,145.69689283142554,-17.010509879993727
4871,143.38385684149947,-17.97531254757769
4872,145.14991254849568,-18.01183780820248
4873,145.28143315012824,-16.269121399234376
4874,142.4292176677106,-12.12243619952891
4875,142.18462272224227,-10.685501114367199
4876,142.33576834625174,-10.977447570092693
4877,145.49432011205417,-16.594730994744836
4878,145.7093728378237,-16.84452395429273
4879,145.6791895011909,-16.782638974382962
4880,145.3587149456399,-16.978227215225612
4881,145.56604229078428,-16.83395642513382
4882,145.46405559606518,-17.19147300108933
4883,145.49965799121998,-17.322549175472176
4884,145.69157114170488,-17.270575883960067
4885,145.62961315575447,-17.3906527226722
4886,145.60888630380305,-17.5274827728399
4887,145.20071919295222,-17.409839315797175
4888,145.43227586111158,-17.581105095242282
4890,141.24652435814193,-17.500691062252837
4891,140.87273502621105,-17.486110262973472
4892,142.93109104070106,-15.297821418938197
4895,144.9240629367709,-15.141343871376918
5000,138.5993169059437,-34.925868360751636
5006,138.5946329920858,-34.90556305955412
5007,138.56886375143046,-34.90253191241097
5008,138.5703369177871,-34.88573692244499
5009,138.55126719479262,-34.892128127877015
5010,138.56851648088235,-34.862619286332304
5011,138.53512838941757,-34.88087417663903
5012,138.54846515102201,-34.864402565563786
5013,138.54281310668836,-34.84261543711382
5014,138.51468106880043,-34.86846863684683
5015,138.50823241364742,-34.83941659838283
5016,138.49763239304005,-34.822796207294346
5017,138.5004444515219,-34.803556551407105
5018,138.4963457306045,-34.782974060645245
5019,138.48762910237704,-34.84887145766689
5020,138.4858865861772,-34.867138823675006
5021,138.49705500156588,-34.869411318418315
5022,138.49561221585594,-34.89874726708996
5023,138.52017077152826,-34.89583337682583
5024,138.5099859749898,-34.93181743305477
5025,138.5349634982997,-34.91158174145814
5031,138.5668146575653,-34.9239159375798
5032,138.53689534580624,-34.92608024724721
5033,138.5580012230579,-34.93937544118276
5034,138.5881987637216,-34.95492805567209
5035,138.57652073198983,-34.94655860346483
5037,138.55698342780963,-34.955695135463536
5038,138.5507464833337,-34.971621694911505
5039,138.57384381094116,-34.98002467190678
5040,138.53249454099367,-34.96466983066826
5041,138.59248334599093,-34.98738696009188
5042,138.5748786133392,-35.01120145057198
5043,138.55204405577425,-34.99538593273521
5044,138.52589682520875,-34.99182804382732
5045,138.51857317668336,-34.97354870411797
5046,138.54005600750338,-35.007909279861565
5047,138.55082497139156,-35.026674070758084
5048,138.52652756609064,-35.01556212580151
5049,138.52556301110798,-35.0435817365337
5050,138.5867324718027,-35.02581716098695
5051,138.6185666465835,-35.03238517997632
5052,138.63883902821647,-35.00593284205421
5061,138.60583288583243,-34.955424093409675
5062,138.62898319325828,-34.98056659597032
5063,138.62096863991752,-34.951047139786034
5064,138.64682729344062,-34.95867811361613
5065,138.639607991724,-34.93793726556584
5066,138.6672435449554,-34.94398624110909
5067,138.62961906649122,-34.923634180040196
5068,138.65338774691656,-34.919375043142495
5069,138.62520299179621,-34.90927339915634
5070,138.64221322406618,-34.89652750664152
5072,138.69766200498358,-34.9134819154159
5073,138.68017094355986,-34.89729148660877
5074,138.66996325548212,-34.880846454428585
5075,138.6769135696148,-34.86600346213383
5076,138.70397765851047,-34.872477364759455
5081,138.61497817127733,-34.89352352552692
5082,138.5920930198647,-34.88492120394512
5083,138.6109672174401,-34.878961962621375
5084,138.5905304048456,-34.859582334798986
5085,138.61816441665505,-34.853926247225736
5086,138.63969511818007,-34.86099779320751
5087,138.646218960225,-34.8723613866872
5088,138.6700444068687,-34.85215907269163
5089,138.71128594796403,-34.85336538085143
5090,138.69623265499175,-34.846335450775
5091,138.73320523750286,-34.822299713143614
5092,138.68427903695405,-34.82536258828328
5093,138.66187909037384,-34.83465079997868
5094,138.5744027350372,-34.817487785446836
5095,138.61902019414933,-34.814294984832664
5096,138.65905344131627,-34.80283326852888
5097,138.7093824051001,-34.82190841826425
5098,138.64362656274855,-34.83079112085215
5106,138.63333469026935,-34.79333507702182
5107,138.60988697624472,-34.78562452880156
5108,138.6257324913289,-34.759892712645375
5109,138.66982489028564,-34.77231036942571
5110,138.56990802199476,-34.736022456122974
5111,138.63510877992553,-34.71876340970939
5112,138.67143503719424,-34.7363788153096
5113,138.67789670924188,-34.70226299839216
5114,138.76156909048623,-34.70802561058436
5115,138.6865603660994,-34.65319472098922
5116,138.71939386259743,-34.627986255337404
5117,138.64949730959566,-34.638056634006276
5118,138.73192752673452,-34.583361710790065
5120,138.5280500123051,-34.67653291697981
5121,138.6244688987338,-34.67387144382772
5125,138.72355472809235,-34.773406990952445
5126,138.72605059572828,-34.79772179624537
5127,138.6906000633518,-34.79999470174281
5131,138.76474121994576,-34.80177491576312
5132,138.76506652323988,-34.84817192523551
5133,138.7923316642938,-34.79734115688311
5134,138.76102995740195,-34.88986893841755
5136,138.73432222205344,-34.91841602006898
5137,138.74113005903226,-34.93827413700604
5138,138.77309400954735,-34.93542213725797
5139,138.79721498898954,-34.93392593522746
5140,138.69303223055036,-34.94977145775768
5141,138.70608085591712,-34.93479862181469
5142,138.74409465898273,-34.96064123369464
5144,138.7710251628249,-34.965929155237816
5150,138.66951223271266,-34.97250017402908
5151,138.7379743189318,-34.975929455167226
5152,138.70113238235507,-34.98926040458721
5153,138.76941356450945,-35.108800554205295
5154,138.7381707496667,-35.01424272499995
5155,138.76463754077128,-35.00085041290344
5156,138.67720794089007,-35.02498957478323
5157,138.65639503428844,-35.120252898048605
5158,138.53059055018062,-35.06780293435914
5159,138.59269947211612,-35.073212582742435
5160,138.4927339388257,-35.10763477152717
5161,138.53233080836654,-35.095143546018235
5162,138.5390240498106,-35.11599969540847
5163,138.55641857897766,-35.139438156462916
5164,138.49692541620618,-35.13032271756959
5165,138.47807363846104,-35.13464846167233
5166,138.47488592166675,-35.12300687466662
5167,138.47629183700718,-35.156826826341856
5168,138.50013523331535,-35.16074738319352
5169,138.48160345486227,-35.19329762940025
5170,138.47911519747743,-35.23268498668558
5171,138.56596287184422,-35.202407698774735
5172,138.5962800431754,-35.2878116863093
5173,138.46907629835206,-35.27895378972743
5174,138.48006048008014,-35.33335225138238
5201,138.73068028704165,-35.206957239197244
5202,138.47837552887907,-35.4036227519386
5203,138.35486057558603,-35.536943802475186
5204,138.22704696076943,-35.56413109332617
5210,138.64532345378018,-35.347568433453475
5211,138.5280525877045,-35.52265320331969
5212,138.67426870267764,-35.50876624001249
5213,138.71168430934713,-35.48438578185522
5214,138.806068327963,-35.47397627192022
5220,137.25338163400008,-35.7804096713333
5221,137.75394498424808,-35.77784711654035
5222,137.96212005014715,-35.811856979312964
5223,137.1658902771245,-35.82976386572994
5231,138.85064787154818,-34.767312687269175
5232,138.83816741122044,-34.86197149231025
5233,138.90655518389318,-34.80943121437284
5234,138.97621429624547,-34.81656496203866
5235,139.08418826208805,-34.69702974070792
5236,139.0737228119979,-34.86734769942062
5237,139.1899845011327,-34.811861857427935
5238,139.52547277971425,-34.845893767237385
5240,138.82279158666083,-34.92724253563041
5241,138.87519218075627,-34.89917069381413
5242,138.82533068423163,-34.9970089172164
5243,138.86037673844336,-34.981649388130215
5244,138.95846582476685,-34.928756295162415
5245,138.80630434048226,-35.03633268560317
5250,138.86297573702328,-35.04249680022374
5251,138.8847004639324,-35.10201764510234
5252,138.96375570131067,-35.04710353873542
5253,139.39576349710742,-35.10844267461691
5254,139.15426073645563,-35.05833410649409
5255,138.95438004482185,-35.28606297219763
5256,138.9414878202608,-35.429504619048075
5259,139.26616738900256,-35.48284836877536
5260,139.49080814591449,-35.28492735145319
5261,139.6875442071554,-35.485383822282564
5262,140.88686817578193,-36.8296885628408
5263,140.88264645409038,-37.29248483398189
5264,139.47661590881214,-35.87952002187651
5265,139.78657428882957,-35.72832998485065
5266,139.94393829690807,-35.97705926472454
5267,140.410752462123,-36.13427315869296
5268,140.78326280455195,-36.36377475381096
5269,140.90510290874627,-36.35778604826312
5270,140.55332295882994,-36.38520216268449
5271,140.60086215543564,-36.84288719019671
5272,140.33557892811706,-37.07866815762643
5273,140.17724205519025,-36.942503033030036
5275,139.98052186272758,-36.716542709506875
5276,139.93244613877002,-37.25506874473038
5277,140.82388149271307,-37.400333897903074
5278,140.70309350472326,-37.55293200657477
5279,140.5373688635911,-37.56519433456131
5280,140.30640932175743,-37.52709645403721
5290,140.77932146500675,-37.82526453043395
5291,140.72495150551964,-37.86039995052409
5301,140.0421033021946,-35.421052619922996
5302,140.54497231763264,-35.56368006402612
5303,140.6958545823873,-35.31446035622203
5304,140.83388591464163,-35.14560683373255
5306,139.7027299846804,-35.13247447147813
5307,140.01758805564282,-35.15868634038467
5308,139.95417381725568,-34.767734268522226
5309,140.20228896648044,-34.92970270350154
5310,140.28719970863312,-34.70779176045868
5311,140.69926774331273,-34.67209683525886
5320,139.55238019823892,-33.97808980481114
5321,139.78044118647696,-34.09016219780694
5322,139.90774102416515,-34.144384910007034
5330,140.05903352518985,-34.20010774823993
5331,140.3209105642581,-34.219743995818014
5332,140.29740154788135,-34.347472170898996
5333,140.50391844946046,-34.50446493958434
5340,140.8589617025109,-34.17840400081548
5341,140.7942034796085,-34.056651142033566
5342,140.57228630519978,-34.19055391285658
5343,140.5723029378542,-34.34645982540851
5344,140.5494992928562,-34.28144128270009
5345,140.45282798680603,-34.287021545520155
5346,140.41062369795125,-34.235289873631956
5350,138.83787910123473,-34.57498541837991
5351,138.92725832880103,-34.66372404745335
5352,138.9427703997464,-34.544334959876416
5353,139.3014904291864,-34.59737844122457
5354,139.69101446766632,-34.5741187090441
5355,138.97869365391742,-34.45217469492937
5356,139.25900225856012,-34.38383081950246
5357,139.65611106902202,-34.35491881352442
5360,138.91445109345824,-34.4454995041355
5371,138.78391218750446,-34.49159728760152
5372,138.8154603491641,-34.44554132535327
5373,138.9186915921417,-34.311466746474395
5374,139.22196975649476,-34.154708903183334
5381,139.09643617856713,-33.91449980438744
5400,138.66126535945855,-34.45099003414397
5401,138.64056956078352,-34.26373893934125
5410,138.74675556667947,-34.34812824309656
5411,138.76557012821203,-34.25506387188584
5412,138.73410593211662,-34.15483408526504
5413,138.88126076459693,-34.03832693242069
5414,138.80532775090194,-33.989856687167695
5415,138.75622842582635,-33.91223586174908
5416,138.80553765592592,-33.81799132674617
5417,140.1175776589237,-33.47695384083696
5418,139.22131609128806,-33.39966499005606
5419,139.0500359999298,-33.31964746750597
5420,138.83952301076513,-33.217681949874105
5421,139.0138320409192,-33.14420410473783
5422,138.98538361350364,-32.87190462996341
5431,138.56608026228673,-32.64852849272154
5432,139.12874236586708,-31.858889003665535
5433,138.13449790194173,-32.30141752015105
5434,138.64149867876873,-31.552302646378546
5440,140.24398500887614,-31.467522712304405
5451,138.6811466667798,-34.03611009628867
5452,138.648532129564,-33.968574203751274
5453,138.5912106381972,-33.883359216351295
5454,138.62867832357023,-33.48269577755969
5455,138.65329551602542,-33.69748617063636
5460,138.51036478395247,-34.291457637264735
5461,138.40227752259554,-34.061973733696036
5462,138.46066840727278,-33.843796009044034
5464,138.38837718186116,-33.68434119190135
5470,138.4756326990119,-33.56792596897926
5471,138.46718667074347,-33.46745344804709
5472,138.41191114276893,-33.37385032107448
5473,138.36930024170343,-33.266127895156636
5480,138.33683647830097,-33.10705805028984
5481,138.2230768304609,-33.00996647814506
5482,138.34821859217033,-32.86695384869517
5483,138.1929980823987,-32.81159409544066
5485,138.12978994316913,-32.63909145412879
5490,138.45196807498945,-33.164731392196074
5491,138.60569197848963,-33.19922849336246
5493,138.74514805807806,-33.02970293874858
5495,138.00905674149243,-32.868468463111995
5501,138.39043778270693,-34.46508842255594
5502,138.5294078977116,-34.46960596752689
5510,138.13978694343592,-33.91941293700116
5520,138.151511071749,-33.777953365049264
5521,138.20032192553867,-33.52798878968803
5522,137.92284685732378,-33.647911628987536
5523,138.13992960213358,-33.3805949189728
5540,138.02574169168273,-33.21293044874815
5550,138.20736020936835,-34.1304222788353
5552,137.92329246608057,-34.09146648251765
5554,137.77918847497662,-33.98169031197991
5555,137.81543501684828,-33.81115155446967
5556,137.66699990713448,-33.894503121831875
5558,137.61739012481618,-34.120947747280695
5560,138.0100004048467,-33.88808557070649
5570,137.9485648042841,-34.25641509517559
5571,137.8379268271509,-34.451154159268555
5572,137.7764066442303,-34.23404726709037
5573,137.62061589412275,-34.408048296915815
5575,137.60666734415238,-34.78490871395489
5576,137.60206872091868,-35.014633181472355
5577,137.2944977511527,-35.041548743466905
5580,137.75961612148916,-34.667393606792764
5581,137.8325237264404,-34.76006871798777
5582,137.7648443963556,-34.897978828051
5583,137.71808087662896,-35.07266039680114
5600,137.5698627273334,-33.035642335999945
5601,137.49718359258227,-33.03479972190756
5602,136.90491519447107,-33.52476561688938
5603,136.22500258677803,-33.87755353147733
5604,136.31740020461285,-34.064783537750166
5605,136.04650994398145,-34.39983569210183
5606,135.84810263298922,-34.727743127086015
5607,135.65943403644025,-34.245295633687455
5608,137.53238010005933,-33.04469985762553
5609,137.50604118766674,-33.02629341333327
5611,137.09403119318242,-32.971525417375325
5630,135.66889801383118,-34.42071122615711
5631,135.6934544655063,-34.25997437463923
5632,135.60522961662525,-34.06347007494813
5633,135.7749334191948,-33.534592735789914
5640,136.44575674215017,-33.56634325597382
5641,136.14287957237025,-32.99391167828079
5642,136.1183845256591,-33.54993728167055
5650,135.71253483560008,-33.24272624969334
5651,135.63520006559708,-33.12409937536421
5652,135.45205091673623,-33.01940646137744
5653,135.27697042637854,-32.93709429187024
5654,135.06587382753955,-32.98554047264338
5655,135.28349158556483,-32.59718498224651
5660,134.6063757534027,-32.598261874954574
5661,134.66179719714478,-32.37776462764377
5670,135.20573368298517,-33.51255198248693
5671,134.572370867883,-33.05896744725138
5680,134.3408976377007,-32.41141727075615
5690,131.52843662165034,-29.998030555283577
5700,137.74801281874528,-32.59849770757511
5701,137.97596408542822,-32.55794465099304
5710,137.86353929680217,-32.50963349501654
5713,137.52546310364804,-31.478923064626578
5715,137.0757100169802,-32.32181369234745
5717,135.6976277465212,-31.942761896341985
5719,135.35683770113965,-30.82280896715202
5720,136.61879166432865,-30.044449116218004
5722,137.16498842333223,-30.453583752853397
5723,135.23206087763555,-28.95663240026541
5724,134.31556079831745,-26.88835213014532
5725,136.87817073059304,-30.482575525480264
5730,138.5744538199418,-30.95362631822824
5731,139.98199267241176,-28.202543744950543
5732,139.48746776115013,-30.429676200510084
5733,138.4633144669691,-28.329160028648204
5734,136.93946276414334,-26.913355999730765
5950,138.53022549026025,-34.946628214459075
6000,115.86170210287213,-31.95039526106579
6003,115.85609208312299,-31.946523085960077
6004,115.87524524300007,-31.949576759666627
6005,115.83828177356904,-31.955230126582684
6006,115.85141447987598,-31.927618973766545
6007,115.83729444701432,-31.934424951270838
6008,115.81587360169254,-31.9518565647487
6009,115.80804594747326,-31.981582091737746
6010,115.77669925474133,-31.96942272343195
6011,115.76050791789613,-31.99880465202971
6012,115.75988952421106,-32.01536978876218
6014,115.80277330065675,-31.9364180111209
6015,115.76546587643,-31.934602093677782
6016,115.83313345367047,-31.920767963392116
6017,115.8166292134467,-31.908607695953375
6018,115.78743113177138,-31.891563153213642
6019,115.76821429861216,-31.90850737539753
6020,115.7664442013678,-31.848229549014807
6021,115.81750003422802,-31.875749248655822
6022,115.812597486902,-31.85093748950632
6023,115.77580109583901,-31.83252934700173
6024,115.80466357059575,-31.83078697882107
6025,115.75627527756988,-31.800872364544105
6026,115.7968213810835,-31.79905624435852
6027,115.76080919462659,-31.754947774096657
6028,115.73274871202268,-31.7264679490353
6029,115.7577381736664,-31.87535034175053
6030,115.71622159709037,-31.683044987122443
6031,115.77555515056454,-31.68914594097263
6032,115.75741555412759,-31.63962826873649
6033,115.72147095464297,-31.59644605580652
6034,115.66857198720655,-31.5840543328494
6035,115.73821414040849,-31.525031482420626
6036,115.69517265699162,-31.6418524084552
6037,115.61656487475469,-31.485435976376035
6038,115.68593013143035,-31.614316534363343
6041,115.57160298893042,-31.361089269121052
6042,115.45514612517111,-31.266326555264722
6043,115.46526597188478,-31.17901966010754
6044,115.36494431059177,-30.9293195964791
6050,115.86928542865205,-31.926730752833297
6051,115.89561337004625,-31.929451894614946
6052,115.8846031126812,-31.912692746744515
6053,115.91792472652534,-31.915656763713734
6054,115.946047634953,-31.89725582959218
6055,115.9857259497376,-31.867496640731858
6056,116.04122802473755,-31.856229694522767
6057,116.0132927436433,-31.950988797905868
6058,116.00693232561397,-31.984180308507156
6059,115.87217722149637,-31.889418387403516
6060,115.84632717719536,-31.902375741811703
6061,115.8500833418652,-31.864115700761527
6062,115.90664978480135,-31.88484753819672
6063,115.94079322173805,-31.864011216880073
6064,115.85112647006117,-31.833600651467837
6065,115.82547404632417,-31.771652859542282
6066,115.89505479009745,-31.840530568909774
6067,115.8987309569602,-31.81411206907146
6068,115.94094630209737,-31.8256981129681
6069,116.02694083957248,-31.769055381152114
6070,116.0825828590419,-31.93071844248441
6071,116.10030668159013,-31.88899998563128
6072,116.13263927239639,-31.917613302260325
6073,116.16331948958948,-31.92273274468253
6074,116.2532256376487,-31.961277666099914
6076,116.1483807586022,-32.01362980987301
6077,115.8627048535413,-31.755161803324224
6078,115.83280892671128,-31.632972641995202
6079,115.91961751112933,-31.730265284091985
6081,116.14935376455716,-31.86323338630912
6082,116.3101255195091,-31.740318704272102
6083,116.2422572862326,-31.71061579875719
6084,116.06845672718988,-31.591997275261303
6090,115.89543082394266,-31.85887101945577
6100,115.89683098227634,-31.969357105613874
6101,115.91141553517917,-31.98341446390885
6102,115.90615933067208,-32.00124676213256
6103,115.91507880255584,-31.95984487552455
6104,115.93305029024906,-31.939884195715862
6105,115.96414655548055,-31.957096138583125
6106,115.94111404817563,-31.99346473215239
6107,115.96197619456329,-32.0179127016883
6108,115.95463388344243,-32.05953893052642
6109,116.0142039611142,-32.04307590485405
6110,116.00077719722529,-32.08643185547976
6111,116.17332269326553,-32.15975792632683
6112,116.00462847456548,-32.163014103163825
6121,115.92501472044165,-32.235369150843574
6122,116.04576791199513,-32.24312634053933
6123,115.99132176487775,-32.27389207573447
6124,116.13979458827569,-32.35547640776429
6125,115.9581427274164,-32.36713507795489
6126,116.03125045229906,-32.43724043943149
6147,115.9311120489159,-32.04093996909198
6148,115.89230731844982,-32.03536849414715
6149,115.86455233940869,-32.06941088832799
6150,115.83709923826484,-32.05768654884746
6151,115.87656804748576,-31.98540455457277
6152,115.87300558398614,-32.006965384286225
6153,115.84224572154234,-32.02765974030233
6154,115.82606531368526,-32.038734831435114
6155,115.91012698797046,-32.07190723841048
6156,115.8039218609434,-32.038357738328855
6157,115.78568196771725,-32.03759103090453
6158,115.77014782166673,-32.039019538999945
6159,115.75178732422471,-32.03205269882117
6160,115.76415594528454,-32.052939107171326
6161,115.51747321201164,-32.004209903882575
6162,115.76530127746697,-32.06828546629835
6163,115.80024627612119,-32.08704705492453
6164,115.8592221183811,-32.13302672704668
6165,115.79911781013364,-32.19651257656404
6166,115.79021552084396,-32.15236014948752
6167,115.83415684107658,-32.22344374860996
6168,115.75958393579552,-32.28110277909683
6169,115.75670689057453,-32.3244473869299
6170,115.83077657021329,-32.26663493654084
6171,115.8302114062387,-32.32910357153641
6172,115.74971742516261,-32.372664575593866
6173,115.75757855114183,-32.405786259882476
6174,115.76030612300029,-32.424935460584884
6175,115.75763003752762,-32.44399657701622
6176,115.79463298721875,-32.41741574149468
6180,115.77302980412536,-32.4835237571227
6181,115.79396209745398,-32.476821623915406
6182,115.83260663004697,-32.42966521391206
6207,116.04816730605148,-32.51815280620274
6208,115.86221411948753,-32.65395072418519
6209,115.78713420240035,-32.545997078413755
6210,115.74924391234181,-32.523724124722335
6211,115.64604601894385,-32.71916537616713
6213,116.11154395308326,-32.677563254624374
6214,115.81835344641893,-32.75611241077147
6215,115.91986551342262,-32.85740225541593
6218,115.86806404397274,-32.95748349179329
6219,115.86160447016876,-32.99974661028773
6220,115.95207973822897,-33.03113467243105
6221,115.98754059632469,-33.1586658026043
6223,115.8444020590426,-33.180795326725416
6224,115.86257124834847,-33.23189734918575
6225,116.27788512850064,-33.38794686641818
6226,115.8663087458407,-33.293796179608556
6227,115.83554129763225,-33.3321721849871
6228,115.76262007647605,-33.32751719170059
6229,115.71633997775655,-33.34276441493284
6230,115.6499510302348,-33.378358609545195
6232,115.71778892143035,-33.31304694885466
6233,115.72849912828558,-33.206776382819136
6236,115.86190916694427,-33.43550287504163
6237,115.67381112612166,-33.50586074918034
6239,115.8915859836194,-33.59370356597193
6240,115.96484566847623,-33.53815508689404
6243,116.18099498868955,-33.712457910872146
6244,116.58669221209057,-33.92262660501506
6251,115.87232282356905,-33.72488342079375
6252,115.94101691676313,-33.75250238496139
6253,115.98503405107408,-33.80611046611335
6254,116.04283890610108,-33.84833651488684
6255,116.23355355556103,-33.87058916034481
6256,116.19942362438628,-34.065766258640956
6258,116.35047706185517,-34.34267085231039
6260,115.8548850133134,-34.41768738415321
6262,116.23135685646453,-34.68469046314916
6271,115.59305661773979,-33.586117455257764
6275,115.64996228893823,-34.0334869623156
6280,115.30264166240057,-33.72031361914311
6281,115.0799115875143,-33.615002297886605
6282,115.05011096062742,-33.687817867588905
6284,115.316655086089,-33.861907056353886
6285,115.28092481414714,-33.999503329215415
6286,115.0917095185986,-34.08295620874634
6288,115.21910104366313,-34.20529131915112
6290,115.12931511820067,-34.27955216627032
6302,116.67573916646738,-31.988375225618036
6304,116.91175972775399,-32.1654328461323
6306,117.10870662563615,-32.350455502515594
6308,117.01613772700397,-32.57497752802422
6309,117.14455466306697,-32.654949933199326
6311,117.16645759077991,-32.78221858966542
6312,117.34409329952152,-32.95049548546413
6313,117.21234347888839,-33.086050022936845
6315,117.34427697832128,-33.2756901181837
6316,117.38909128969868,-33.5283979551956
6317,117.70147541655939,-33.608841931354604
6318,117.61707423919985,-33.878008353037806
6320,117.6983592228556,-34.10412233887913
6321,117.48386646972858,-34.24864386992287
6322,117.43522369358239,-34.39576242079851
6323,117.59145070398067,-34.478427346258314
6324,117.6649391856355,-34.61049384995656
6326,117.71223214946981,-34.77333642256206
6327,117.61189653238749,-34.8861234513174
6328,118.44312607954923,-34.611906870858455
6330,117.83725822008839,-34.93578094490946
6333,117.1188356075638,-34.89077080126906
6335,118.0760695073891,-33.92587275835137
6336,118.57104860637821,-33.965047739187895
6337,119.12167897805953,-33.96066260352789
6338,118.45800608540024,-34.319461005907876
6341,118.17333103099702,-33.55794887992041
6343,118.78719001607149,-33.546554511878334
6346,119.87647051661378,-33.7349177826101
6348,120.087952044658,-33.858110174781366
6350,117.80617549506015,-33.30425008621318
6351,117.93701651408713,-33.19694822674263
6352,118.12540466224218,-33.203377057971586
6353,118.55784513172556,-33.05648832173033
6355,119.29858100891026,-33.0319880453024
6356,119.90381169739574,-33.02593169780097
6357,118.77083474319095,-32.66899088095818
6358,118.68521834102232,-32.41744295672017
6359,119.45644010336213,-32.44599270023537
6361,117.8044545767876,-32.96879904851752
6363,118.13264145062438,-32.90260417067293
6365,118.19241859261284,-32.690074006312955
6367,118.32316315636952,-32.42964651831713
6368,118.45966531192255,-32.19387968674796
6369,118.74987052560287,-32.050574709876074
6370,117.60948104148707,-32.76758026621944
6372,117.69409133550434,-32.639830865985886
6373,117.73901194673653,-32.50994595059188
6375,117.88742674927515,-32.32093211529127
6383,117.39645827557845,-32.0091798289919
6384,117.64938124547236,-31.973153584762404
6385,117.73383578174662,-31.988381906144493
6386,117.86271562583087,-31.965095760834146
6390,116.40161261455928,-32.67351839676921
6391,116.71608008061114,-33.05466720228483
6392,116.76420223250456,-33.350451313389165
6393,116.74348465178885,-33.56372919691529
6394,116.92554656023079,-33.76002266191752
6395,117.1279460990201,-33.95753421922367
6396,116.967719942189,-34.3384028717677
6397,116.98530536569909,-34.59236876886387
6398,116.59775164265308,-34.81234307936798
6401,116.73344440064609,-31.570219531235335
6403,116.81522484846373,-31.639759190275637
6405,117.03072025136584,-31.586201744712223
6407,117.241552926921,-31.60967369939787
6409,117.49559343313226,-31.608009139734904
6410,117.73127801449982,-31.636644821457345
6411,117.87281590041688,-31.600779737874863
6412,117.93472908781787,-31.439141122269564
6413,118.06875220107291,-31.518377823608066
6414,118.18186077089152,-31.520179309215052
6415,118.32110933785951,-31.574008656792373
6418,118.16892084129314,-31.84119406440453
6419,118.1137760967523,-32.0371634129522
6420,118.60261755561201,-31.8210797092883
6421,118.5327719807771,-31.497350373407517
6422,118.58458685881519,-31.338453925015166
6423,118.74993694397739,-31.099835223608828
6424,118.89640736500834,-31.346347912511742
6425,119.14702561220925,-31.42325446429063
6426,119.54274758708969,-31.5637277876419
6427,119.56281019074285,-30.821959532226572
6428,118.04411401897137,-32.14243359179043
6429,120.67182744201303,-31.081421085008827
6430,121.45743850960858,-30.723711170341478
6431,124.9254528806805,-29.77152645585667
6432,121.49090895016661,-30.78154163138885
6434,125.65095769837833,-30.764223823582157
6436,120.18873769368271,-29.46364647626923
6437,120.59237805268965,-27.909065573755864
6438,121.45900426946287,-28.384340762702863
6440,125.40171870924924,-27.891094911211358
6442,121.63525842405122,-31.203073808345557
6443,124.24372916975615,-31.978112581860476
6445,121.08806976957172,-32.91407130652928
6446,121.78746025062094,-33.23042472400861
6447,121.88188917704662,-33.38124870442408
6448,121.82557403884792,-33.62469010552569
6450,121.73617225199813,-33.58986399558937
6452,123.08305878726566,-33.09558402580528
6460,116.8049622720091,-31.247081762434018
6461,117.04499433253623,-31.112077495806325
6462,117.14292069549671,-31.21977607159426
6463,117.29268828573201,-31.128684564039986
6465,117.15903900726661,-30.885192051840495
6466,117.10992849011839,-30.720191007726427
6467,117.14604652223879,-30.55700168745639
6468,117.23589716435268,-30.100886798322858
6470,117.32899457654182,-30.39726034455549
6472,117.98827515587313,-30.00065612597141
6473,118.1218549937229,-30.39947992730598
6475,117.4504498959978,-30.63989856741365
6476,117.68400047203939,-30.732183198185773
6477,117.93336695570547,-30.773276908263934
6479,118.39723574351251,-30.65194158211148
6480,118.21681460450598,-31.306571183051798
6484,119.43781627380277,-30.550934819764418
6485,117.45280102819355,-31.193587104786072
6487,117.6659767823645,-31.169994992047013
6488,117.78918367426573,-31.15534994865805
6489,117.94010670898338,-31.110060486081206
6490,118.2083652820123,-31.14955936787158
6501,115.92642635462886,-31.557259504137605
6502,116.17928904796277,-31.328170981990624
6503,115.79224713036322,-31.21067271760347
6504,116.07017273328702,-31.296130925987086
6505,116.14378558567819,-31.161826711030308
6506,116.04660096594107,-31.015329357643047
6507,115.63056147463682,-30.731746643247867
6509,116.24576414673216,-30.953340935299245
6510,116.08753560303956,-30.704280752166664
6511,115.07312404852435,-30.500893682046883
6512,116.04235686385351,-30.417239715790796
6513,116.14006309849712,-30.22229490403999
6514,115.02746544935259,-30.022640535948245
6515,115.92633924019579,-29.995968123224944
6516,115.10099653745564,-30.28076437475665
6517,115.88374507336745,-29.72447249619531
6518,115.28618878605667,-29.91500579413266
6519,115.57787982259573,-29.525782253119864
6521,115.47069364346437,-30.3708854046039
6522,115.48511669316103,-29.15785552085751
6525,115.09163668345629,-29.327316424159473
6528,114.84811163068633,-28.974787869151555
6530,114.65231411479888,-28.733102313743515
6532,114.75663284599193,-27.453913545140527
6535,114.52072460528746,-28.199926161504635
6536,114.32083693072815,-27.545757008533148
6537,113.81511434805527,-26.303109498876577
6556,116.32968962513965,-31.918658341498794
6558,116.32139239216765,-31.805397777278582
6560,116.37231271128726,-31.75154629365963
6562,116.45357838437073,-31.81491420814426
6564,116.52514192475851,-31.706230384312118
6566,116.47706022306082,-31.50497673558615
6567,116.26716290286308,-31.465663536418113
6568,116.50580665605304,-31.24731188786998
6569,116.42738312981896,-31.07270115974364
6571,116.43975415739651,-30.92326117563475
6572,116.39512590453846,-30.811879376372328
6574,116.41175284061983,-30.632827876732506
6575,116.37788495121977,-30.419348981736107
6603,116.72893290772107,-30.90366365966397
6605,116.81710243413443,-30.70669926523842
6606,116.78116631328749,-30.569157114836532
6608,116.70838342515856,-30.41603107814383
6609,116.73673465007441,-30.24470208264603
6612,117.40928135224587,-29.262782915428637
6613,116.56734211462832,-29.969558848746896
6614,116.56620546838595,-29.85648563438148
6616,116.50184988788787,-29.751979119752367
6620,116.66984645643673,-29.384272925688904
6623,116.16144017295832,-29.17262576488747
6625,115.82602383687198,-29.18399151647159
6627,115.89090373898364,-28.883371964077746
6628,115.78383326708617,-28.75161910094733
6630,115.91553367991045,-26.880301605173695
6631,115.9840558935073,-28.532754045743896
6632,115.2620797074513,-28.620366877074673
6635,116.65364114048428,-27.81404240914995
6638,117.97653886145565,-28.238005426296912
6639,119.17330424588303,-28.335758302366795
6640,117.65513152611659,-26.988689873629003
6642,118.86408221045077,-25.139937740056652
6646,122.24508642378086,-25.311982417540197
6701,114.47201899782092,-24.610858633508887
6705,116.3550770821017,-24.726619489658592
6707,114.19951085956932,-22.5070018944423
6710,115.21433463214261,-22.44044642524201
6712,115.4005293734761,-20.787351887098293
6713,116.87318459533337,-20.383920781333284
6714,117.0406231852034,-21.061455545072885
6716,116.77854975207957,-21.766740060216865
6718,117.17273991087578,-20.759669729338523
6720,117.16566940667659,-20.664422108417313
6721,118.45503884039948,-20.688962724126803
6722,119.01905558480063,-20.324240390226134
6725,122.47454551686725,-18.65248333586859
6726,122.20643151376431,-17.95326601034409
6728,124.87974696161561,-17.851278692406414
6740,126.39743959786011,-15.03642045097649
6743,127.65436106709039,-16.19977466691404
6751,117.26775501862043,-22.757525411871555
6753,119.9332651771411,-22.96082324502837
6754,117.69448872570781,-23.193279032674404
6758,120.21616845653392,-21.97220340573353
6760,119.67884778444665,-21.15552834016282
6762,123.26059891370241,-21.208638758908386
6765,124.87803397374338,-17.95645675663346
6770,127.5940993150942,-19.226483176717856
7000,147.31470744204316,-42.87753179649551
7004,147.28771667918602,-42.89676551491527
7005,147.33304433259718,-42.910432068034304
7007,147.31984391705822,-42.92205325451848
7008,147.28661721897015,-42.86723921932337
7009,147.29427850033343,-42.84478586399996
7010,147.2598617243012,-42.838347827484945
7011,147.22914862030575,-42.79453492412192
7012,147.17983841708025,-42.83470551014733
7015,147.3611584193666,-42.837692171311254
7016,147.37066517431387,-42.805911100361705
7017,147.32976083731577,-42.72227006915869
7018,147.396321034094,-42.873212364269484
7019,147.43914162946274,-42.894824261522984
7020,147.49228531864796,-42.96918531552583
7021,147.48658541463655,-42.90915852180068
7022,147.43377852548556,-43.02615113544742
7023,147.41108412029368,-42.99400048040091
7024,147.52813767000006,-42.95265867633329
7025,147.41465558863626,-42.741015294188166
7026,147.43748798220003,-42.61648508809196
7027,147.35995682239428,-42.52349877417539
7030,147.02991915189025,-42.272313667209254
7050,147.29585266479103,-42.9654430956286
7052,147.31879830901494,-43.00575667818784
7053,147.34018974345784,-42.950122301485074
7054,147.19125719182125,-42.94920527238973
7055,147.2971242233334,-43.00440461166662
7109,146.92981836806246,-42.9887769999814
7112,147.13418176978502,-43.171417949711774
7113,146.9829186379516,-43.08221932047794
7116,146.07956169799127,-42.83140109280531
7117,147.0147854878289,-43.295781395858675
7119,147.3831366952597,-42.39054069178814
7120,147.5041199117712,-42.32508179873191
7139,146.1105753595826,-42.75342357208961
7140,146.5340861860368,-42.39459305201928
7150,147.29321959637056,-43.332149434137634
7155,147.23138188236297,-43.126451227463676
7162,147.2171828064075,-43.16501169451506
7163,147.2360719495868,-43.21940685298236
7170,147.45927167632885,-42.839633853420594
7171,147.5000083679703,-42.767726836620575
7172,147.63577034715792,-42.73312222395585
7173,147.6769724643966,-42.83813354773951
7174,147.77698113618547,-42.829614742397936
7175,147.8616785455238,-42.76627325369011
7176,147.79185609969198,-42.763196038503914
7177,147.90632329701953,-42.89074801802116
7178,147.91298159430218,-42.94333083958251
7179,147.91086234579552,-43.00693027296568
7180,147.86365152300016,-43.060339726654654
7182,147.9002455264585,-43.131149030228286
7183,147.77481921057597,-43.15570013978699
7184,147.73534312979905,-43.126610386158276
7185,147.76045716044,-43.05851520987062
7186,147.6869177012202,-43.01015901502823
7187,147.81647282740872,-43.0789729869259
7190,147.89189060032874,-42.36761562101726
7209,147.62413112772305,-42.122760898853606
7210,147.59851020397295,-41.95511463755909
7211,147.43862765532182,-41.77007466963119
7212,147.48802989405218,-41.5642910613973
7213,147.86529172161346,-41.79498899441438
7214,147.89965514919854,-41.524296374872726
7215,148.2229488419718,-41.75471873945974
7216,148.11082880589248,-41.275181017662675
7248,147.14603191369025,-41.38879236621046
7249,147.16637791709772,-41.47444154581605
7250,147.13891484300729,-41.44675840128439
7252,147.04303991576174,-41.14422596242848
7253,146.89245649740175,-41.0956542420354
7254,147.22149575253573,-41.125124451807864
7255,148.0652032162374,-40.01004694319069
7256,143.98647076244347,-39.8629620354395
7257,148.23599456928434,-40.39722596947111
7258,147.24814860586687,-41.50999801593751
7259,147.39167314171706,-41.3628034171596
7260,147.51906199428421,-41.15779000822342
7261,147.73801947327613,-41.142292077970396
7262,147.53658911046935,-40.975299944309995
7263,147.7218802995045,-41.27379660830684
7264,148.04675134381554,-41.006350514204065
7265,147.8181153629206,-41.03401886287947
7267,147.13228043783016,-41.2633640943291
7268,147.2200093666217,-41.289711593771905
7270,146.78729109175313,-41.1784095081911
7275,146.8113570535041,-41.311382800555364
7276,146.96308979133337,-41.2796907796666
7277,146.99395412871826,-41.37181897659025
7290,147.06213708003224,-41.50977017141494
7291,147.01825955419372,-41.54194611733269
7292,146.933979533226,-41.47161569409227
7300,147.22722968834796,-41.63171570622313
7301,147.1003878097939,-41.61062046277368
7302,147.06576421314492,-41.772873344246804
7303,146.83176049493872,-41.53334899134704
7304,146.4895650845739,-41.72844785686435
7305,146.4296258510925,-41.354800053477135
7306,146.06122601533957,-41.60938597185557
7307,146.5472012381257,-41.23748219426699
7310,146.21068159043904,-41.32550810758782
7315,146.052577887973,-41.31803793432552
7316,145.97407889538783,-41.21865939518555
7320,145.8987951105864,-41.07507044780084
7321,145.59894031209183,-41.383872898825516
7322,145.80110534606564,-41.057044446137645
7325,145.6055720098013,-41.09169521919202
7330,144.94066508796126,-40.94523705338631
7331,145.2726631421162,-40.762196934973005
7466,145.61905244797265,-42.080210325716436
7467,145.54558095768365,-42.077406002384656
7468,145.37537384121998,-42.16447624349645
7469,145.2799389177472,-41.57186645487559
7470,145.5314776652033,-41.79047370970858