{"type":"Topology","arcs":[[[59999,64482],[4,-36],[-33,20]],[[59970,64466],[29,16]],[[60037,64601],[-45,-15]],[[59992,64586],[43,97],[42,50],[19,-7]],[[60096,64726],[-38,-125],[-21,0]],[[60102,64581],[-65,20]],[[60096,64726],[56,-18]],[[60152,64708],[3,-122]],[[60155,64586],[-53,-5]],[[59970,64466],[-10,23],[32,97]],[[60102,64581],[4,-73]],[[60106,64508],[-37,16],[-41,-16]],[[60028,64508],[-29,-26]],[[60207,64571],[-52,15]],[[60152,64708],[29,-6]],[[60181,64702],[0,-100],[26,-31]],[[60106,64508],[63,-33]],[[60169,64475],[28,-24]],[[60197,64451],[-27,-58]],[[60170,64393],[-28,26],[-69,17],[-63,50],[18,22]],[[70401,64941],[34,39],[85,-78],[0,60],[68,17]],[[70588,64979],[22,-14]],[[70610,64965],[2,-67],[53,-48]],[[70665,64850],[47,-13],[20,-87],[-19,-39],[33,-57],[-73,-40],[-25,-51],[-82,-81],[-67,-103],[-56,-63],[-23,16],[27,59],[35,14],[-6,81],[-24,2],[-100,-87],[30,-40],[-2,-87],[-42,-37],[25,-26],[-44,-52],[-44,-121],[28,-87],[-116,21],[-35,-36],[-11,-60],[39,-58],[-28,-82],[-42,-7],[-5,106],[-79,50],[-21,-29],[17,-73],[-28,-32],[-62,80],[-32,-29],[40,-38],[-19,-64],[49,-38],[7,-35],[60,-49],[27,-46],[134,-80],[32,-131],[-35,5],[-10,83],[-54,-13],[-54,-73],[-3,74],[-22,30],[-44,-43],[-21,17],[-41,-31],[-55,38],[-13,-37],[96,-9],[1,-34],[47,-22],[4,-68],[52,-6],[-36,-71],[-31,-109],[-32,15],[-55,-61],[-13,-95],[-125,-55],[-99,-170],[-45,61],[33,48],[-18,44],[77,-1],[27,38],[-37,73],[8,115],[-24,48],[23,22],[-10,104],[-50,23],[-49,-56],[-3,-44],[26,-54],[-25,-50],[5,-45],[-48,-4],[-105,68],[-5,-33],[40,-38],[-50,-81],[-2,-50],[-22,-29],[-41,27],[-45,-26],[-27,70],[28,134],[-18,48],[-69,-59],[7,-40],[-103,-145],[23,-42],[-37,-60],[-19,100],[-24,54],[-29,8],[-43,-39],[-11,-72],[-38,32],[-52,-37],[-18,-65],[-26,-22],[-24,-103],[72,-46],[10,-69],[75,15],[-14,-72],[-34,22],[-51,-19],[-53,40],[-44,-46],[11,-45],[-16,-105],[19,-74],[-46,-22],[-8,-50],[19,-51],[34,-14],[12,-75],[51,-44],[-41,-42],[20,-58],[42,-33],[76,2],[89,69],[9,43],[39,14],[-3,40],[35,37],[44,-52],[-39,-21],[-36,-74],[1,-63],[-26,-12],[-24,-80],[15,-81],[-42,-60],[-4,-75],[-34,-36],[-22,-68],[-70,-64],[-8,-133],[-14,-66],[-24,-41],[-18,-179],[-115,-98],[-48,-7],[-103,-133],[-41,-90],[-69,-121],[8,-32],[-95,-29],[-35,-58],[-18,-65],[-78,-124],[-36,-113],[2,-73],[15,-39],[-59,-28]],[[68197,59910],[5,21],[-1,698],[-886,664],[0,2058],[-24,-49],[-49,14],[-42,38],[-38,-52],[-6,-43],[-42,-72],[-47,-32],[-31,-80],[-1122,9],[-452,-1],[-1674,8],[-1,-569],[-491,3],[-527,1],[0,-266],[106,0],[0,-572],[-517,0],[-476,0]],[[61882,61688],[0,158],[-323,0],[0,-378],[58,0]],[[61617,61468],[-60,-71],[-39,0],[0,-252],[320,0],[1,-722],[-404,0],[21,-82],[-4,-87],[59,-117],[9,-61],[-20,-62],[8,-68],[21,-21],[-490,0],[-774,-1],[-630,0],[-1,-322],[-27,-19],[-98,1],[-91,-44],[-67,-4],[-60,-50],[-34,55],[-40,-6],[-28,-42],[-31,29],[-44,-42],[-45,4],[-72,-28],[-61,11],[-50,36],[-47,61],[-7,71],[-41,-19],[-45,54],[-62,-15],[-28,23],[-36,-34],[-30,8],[-81,-17],[-65,0],[-29,48],[-85,8]],[[58330,59691],[-34,14],[-49,-31],[-62,-67],[-64,-18],[-47,5],[-7,44],[-131,75],[-24,23],[-3,61],[-34,22],[-49,76],[-34,9],[-30,68],[7,56],[82,6],[107,-4],[45,60],[41,10],[43,74],[-113,-42],[-56,-35],[-181,37],[-19,22],[-61,10],[-13,35],[-72,74],[-70,36],[-47,91],[-40,26],[-50,2],[9,75],[23,57],[-13,31],[47,47],[37,71],[-9,96],[23,7],[89,117],[73,217],[35,28],[14,-68],[-21,-92],[47,-16],[4,97],[21,29],[42,-21],[30,78],[77,22],[112,58],[48,82],[2,115],[-21,45],[-36,8],[14,94],[125,143],[-15,31],[11,72],[-13,17],[11,110],[50,126],[24,101],[-9,85],[85,37],[-11,37],[32,63],[23,-22],[1,-85],[48,-56],[59,-16],[102,14],[84,66],[69,84],[62,-2],[37,44],[50,86],[85,231],[-41,95],[-98,125],[-52,-2],[-26,25],[5,63],[27,60],[-25,32],[17,115],[18,55],[-19,82],[21,68],[62,48],[82,-80],[67,15],[126,97],[46,181],[-5,68]],[[59127,63820],[66,-20],[52,-51],[5,-26],[76,11],[16,17],[95,-11],[1,146]],[[59438,63886],[7,59],[33,22],[51,-34],[45,-8],[57,22],[73,-9],[-106,92],[-44,3],[-91,85],[61,15],[45,35],[-71,79],[41,135],[27,28],[-42,46],[66,45],[-53,37],[6,45],[46,35],[66,-16],[51,-44],[39,4],[36,-29],[71,-24],[-16,-88],[37,-56],[-16,-36],[20,-72],[34,47],[28,-39],[47,-19],[45,-70],[115,-20],[-8,56],[-77,18],[0,112],[66,24],[11,-51],[48,0]],[[60186,64315],[37,-15]],[[60223,64300],[18,-12]],[[60241,64288],[18,-30],[95,-16],[-12,90]],[[60342,64332],[6,0]],[[60348,64332],[41,0]],[[60389,64332],[31,0],[0,-89],[-27,7],[0,-99]],[[60393,64151],[-4,-126]],[[60389,64025],[-83,-25],[-73,2],[-32,23],[-25,-87],[51,-113]],[[60227,63825],[-53,0],[-53,-60],[-53,-1],[0,-120],[264,-2],[0,183],[-52,0]],[[60280,63825],[72,84],[40,116]],[[60392,64025],[23,-56],[58,0],[0,182]],[[60473,64151],[105,1],[0,120],[39,0],[0,60],[-39,0],[0,60],[-53,-60],[-78,0],[0,60]],[[60447,64392],[13,61],[-39,22]],[[60421,64475],[30,24],[6,67],[52,86],[5,81],[-47,23],[-41,-22],[-17,50],[-63,0],[-40,62]],[[60306,64846],[13,78],[-17,46],[-30,14],[-18,48],[16,53],[73,36],[36,-49],[39,26],[45,-2],[22,-57],[56,28],[41,-58],[71,-60],[21,64],[37,67],[-5,55],[35,59],[-8,58],[54,75],[4,-54],[36,-41],[-10,-162],[25,-72],[68,-88],[52,-39],[86,-33],[48,-7],[120,9],[108,-9],[141,-2],[129,22],[134,59],[72,59],[36,3],[84,-119],[144,-49],[85,-14],[4,26],[104,65],[44,43],[31,55],[25,0],[69,39],[10,34],[53,3],[4,-58],[25,-44],[97,47],[34,6],[64,-78],[49,29],[-2,43],[49,116],[69,16],[81,45],[62,47],[23,-27],[91,39],[-18,141],[35,151],[19,178],[-23,78],[-78,38],[-20,31],[64,55],[15,76],[-57,-12],[-96,25],[-32,59],[-30,13],[4,95],[93,-1],[25,-34],[41,26],[-84,65],[-22,58],[33,54],[-53,23],[11,46],[-56,27],[0,40],[-44,24],[-23,38],[-59,14],[-45,-5],[-83,28],[-90,-50],[-116,19],[-47,-28],[-29,-43],[-39,1],[-47,-56],[-70,-29],[-71,16],[-17,54],[-26,12],[-19,62],[32,4],[20,48],[-31,31],[-55,-20],[-88,41],[-38,29],[35,32],[11,79],[-87,-28],[18,41],[-98,83],[-31,2],[-25,-39],[-123,-19],[-19,45],[71,8],[19,66],[27,-28],[56,12],[-49,84],[40,40],[29,-13],[18,71],[42,-22],[3,-41],[49,-58],[58,-3],[39,53],[-45,84],[38,-4],[10,49],[-13,54],[39,6],[26,-37],[31,-92],[55,-2],[34,-84],[50,-4],[-32,-58],[31,-53],[-26,-37],[100,-33],[-18,-74],[37,-115],[23,21],[48,-22],[-10,63],[-32,39],[13,27],[57,-38],[25,62],[-17,38],[-62,47],[11,64],[-14,55],[17,35],[-52,78],[-15,52],[-35,15],[4,40],[68,12],[21,-72],[58,-64],[71,-147],[25,-4],[-1,73],[-29,37],[16,31],[-16,48],[50,20],[25,-16],[49,56],[38,-6],[14,-91],[31,-29],[-5,-128],[-13,-42],[46,-14],[27,127],[38,50],[27,-13],[42,-68],[56,-43],[-7,-46],[29,-105],[50,5],[17,-48],[50,-61],[58,-26],[31,-67],[-1,-62],[42,-81],[92,-28],[40,11],[78,100],[16,47],[36,11],[74,101],[15,-44],[43,-32],[36,21],[10,70],[-33,55],[48,55],[29,-67],[67,-115],[66,-32],[65,-141],[55,-43],[-15,-50],[58,-128],[5,-41],[46,-67],[46,-96],[39,-22],[88,-24],[59,6],[63,51],[66,23],[25,-16],[-16,-52],[-43,4],[-15,-30],[24,-65],[87,23],[54,56],[21,-55],[42,-31],[41,-58],[34,43],[39,-1],[58,44],[-10,-171],[61,73],[73,-5],[-1,-59],[46,5],[59,37],[-1,26],[49,47],[85,1],[60,42],[8,46],[29,31],[76,4],[34,-58],[78,-6],[42,-29],[-60,-91],[-49,14],[-70,-73],[35,-80],[28,4],[34,-68],[62,7],[4,-27],[113,48],[45,70],[59,17],[45,-30],[-4,-35],[60,-85],[13,27],[56,-8],[68,-86],[-36,-15],[3,-50],[32,-21],[32,-60],[-50,-139],[46,-11],[8,60],[59,70],[42,9],[-3,70],[19,29],[45,12],[39,-56],[70,-60],[85,-27],[42,-28],[83,2],[8,-15],[99,9],[136,36],[93,72],[54,101],[101,19],[47,-2],[-11,-89],[27,-11],[31,-88],[79,-24],[-2,-108],[24,-38],[51,-7],[44,-35],[35,18],[73,-31],[28,-35],[33,-81],[89,-97],[125,50],[31,0],[38,-58],[83,-62],[10,15],[-79,130],[70,-17],[93,19],[-54,87],[59,5],[58,33],[27,35],[-21,46],[81,36],[32,48],[49,3],[35,-67],[92,10],[67,49],[21,50],[33,-6],[12,-47],[44,-26],[116,81],[33,45],[56,11],[72,50],[43,1],[112,61],[32,-44],[-68,-69],[-34,-20],[-55,-97],[-50,-25],[-112,-133],[0,-69],[43,-81],[58,-43],[34,-69],[31,66],[54,4],[4,75],[79,80],[53,7],[26,54],[48,-62],[26,71],[34,-21],[126,91],[-8,52],[55,11],[-29,-76],[-146,-199],[4,-29],[44,-29],[17,-49],[63,10],[15,52],[61,21],[29,-18],[-20,-64],[-29,2],[-21,-90],[-47,-95],[-39,-33],[4,-42],[49,-6],[8,-44],[-19,-37],[61,-72],[60,91],[49,-57],[84,40],[35,-49],[64,-11],[47,12],[80,59],[63,68],[-1,66],[39,50],[15,57],[51,123],[-12,66],[-31,42],[-41,-14],[-40,12],[-92,-19],[-52,63],[-40,-26],[-33,9],[4,69],[44,-7],[123,184],[62,49],[52,-21],[147,208],[28,-26],[58,44],[39,-7],[67,28],[11,41],[92,12],[-52,-53],[-101,-40],[-39,-4],[-32,-93],[72,-31],[27,66],[37,-10],[39,-143],[30,-49],[31,-13],[-20,-108],[40,-118],[81,-67],[2,-68],[28,-27],[86,-9],[50,26],[38,83],[-21,6]],[[60452,63097],[5,70],[-45,112],[-72,-26],[-51,22],[0,-54],[-53,-1],[0,-74],[132,0],[-26,-30],[-19,-71],[128,1]],[[60451,63046],[-8,-50],[16,-81],[-24,-39],[36,-43],[49,51],[69,0],[0,66],[67,129],[29,34],[-111,30],[-122,-46]],[[60502,63686],[41,-14],[0,-33],[79,1],[24,108],[27,57],[-1,36],[-82,-2],[0,-30],[-91,-3],[3,-120]],[[63478,64071],[-13,-65],[34,-13],[36,42],[5,36],[-62,0]],[[68687,64391],[4,-43],[57,-5],[6,52],[-67,-4]],[[58535,62992],[19,47],[48,2],[-6,-52],[-61,3]],[[59414,64242],[1,-38],[-28,-38],[30,-97],[-36,16],[-21,42],[13,59],[-18,26],[59,30]],[[59616,65875],[-47,-103],[-63,18],[-104,-25],[-154,51],[-56,9],[-70,46],[-73,16],[-191,-71],[-122,-37],[-148,-1],[-40,53],[-10,50],[22,38],[44,-22],[22,77],[-4,87],[38,32],[63,-66],[54,-4],[70,104],[21,3],[74,-93],[0,65],[-36,50],[-69,5],[18,111],[-46,57],[29,41],[14,62],[-23,49],[-52,-13],[-14,30],[37,29],[16,59],[91,57],[39,69],[-9,39],[29,25],[70,3],[59,45],[30,-42],[31,-118],[51,-58],[5,-51],[-46,-74],[-2,-47],[43,-67],[42,-13],[71,-63],[-7,-81],[14,-104],[213,-100],[8,-34],[41,-4],[42,-43],[-15,-46]],[[59701,66589],[27,-33],[-2,-41],[108,-29],[50,-60],[16,30],[-48,22],[-59,118],[-62,15],[12,70],[104,22],[14,22],[83,5],[54,15],[107,90],[119,-55],[23,-35],[74,-26],[32,42],[-18,59],[107,57],[41,75],[45,2],[27,-22],[12,-55],[-9,-40],[39,-47],[31,63],[-16,68],[12,67],[75,37],[8,54],[84,-23],[30,-58],[-28,-39],[-3,-40],[45,-7],[34,51],[52,-27],[-1,-54],[42,-14],[0,54],[25,26],[53,-35],[-13,-77],[32,-14],[6,-50],[49,-117],[38,27],[60,-62],[7,-90],[-26,-36],[-48,18],[-57,-70],[-22,-94],[18,-40],[-12,-38],[24,-44],[-94,-3],[-17,31],[-41,9],[-94,-193],[-90,-119],[-65,-1],[-108,-104],[-65,-30],[-70,-51],[-43,-11],[-61,-96],[-67,-25],[-48,-70],[-68,-19],[-37,71],[-124,109],[-88,10],[-119,74],[-87,28],[-25,68],[-54,32],[-32,47],[-116,104],[-44,-13],[-70,52],[-28,71],[3,55],[27,57],[-11,36],[-48,29],[-50,73],[5,41],[-28,49],[14,59],[-21,62],[-51,103],[43,84],[-37,65],[-42,35],[15,183],[49,7],[82,-91],[88,-122],[47,-29],[52,35],[69,-45],[17,-70],[-32,-41],[-31,3],[-22,-44],[5,-48],[49,-33],[55,27],[78,59],[-7,-84],[42,-63]],[[60321,65295],[-16,46],[49,11],[12,-39],[-45,-18]],[[60345,65222],[33,-23],[-10,-45],[-85,7],[22,50],[40,11]],[[60385,65267],[52,40],[13,-47],[-65,7]],[[60405,65381],[83,32],[10,-33],[-50,-13],[-43,14]],[[62223,66216],[10,78],[32,9],[25,-72],[-30,-49],[-37,34]],[[67174,65187],[-35,-60],[-56,28],[-4,114],[73,8],[39,-50],[-17,-40]],[[67414,65510],[-6,69],[53,11],[67,-21],[-26,-34],[-88,-25]],[[67156,65346],[3,22],[77,15],[47,-41],[-33,-34],[-46,5],[-48,33]],[[62620,65223],[72,42],[42,-7],[37,-91],[-19,-37],[-42,-1],[-90,94]],[[63052,67159],[55,-144],[12,-130],[-34,-28],[-15,-63],[-40,1],[-25,44],[-18,112],[-77,114],[-43,83],[55,36],[10,105],[-55,42],[106,54],[34,35],[-8,70],[22,40],[50,-4],[-33,-61],[10,-90],[23,-57],[9,-89],[19,-18],[-57,-52]],[[64479,66455],[52,9],[79,54],[48,-103],[-70,-3],[-24,22],[-40,-45],[-32,10],[-13,56]],[[64469,66162],[29,-49],[-58,-43],[-19,35],[11,45],[-21,42],[75,43],[23,35],[114,-26],[14,-41],[-62,-2],[-49,-35],[-57,-4]],[[68306,65386],[41,69],[15,58],[66,-46],[41,15],[41,71],[66,2],[33,-15],[85,62],[88,100],[69,55],[26,86],[-38,40],[20,34],[88,-32],[22,-64],[-54,-47],[-14,-57],[-60,-37],[-45,-65],[-20,-54],[-54,-72],[-33,-24],[-53,8],[-25,-63],[-57,-1],[-116,-31],[-54,-31],[-61,-73],[-31,40],[14,72]],[[69327,65323],[56,46],[86,-24],[86,63],[22,60],[41,-3],[13,-63],[-64,-50],[-143,-69],[-31,-27],[-26,22],[-63,-16],[-19,33],[42,28]],[[69065,66001],[-74,39],[5,36],[127,84],[52,-25],[-110,-134]],[[69631,66244],[97,83],[2,-46],[-111,-106],[-59,28],[-12,-84],[-44,-9],[-24,21],[-64,-49],[-23,60],[92,3],[15,93],[54,33],[32,-44],[45,17]],[[69736,66314],[-11,26],[36,41],[50,26],[28,42],[71,65],[-9,-84],[-26,-47],[-139,-69]],[[69955,66625],[71,92],[55,52],[35,132],[113,184],[61,-8],[35,53],[-7,71],[27,22],[33,93],[-27,70],[65,41],[-40,-220],[-24,-39],[-23,-120],[-65,-32],[9,-45],[-78,-105],[-16,-69],[-36,-34],[-30,-78],[-92,-123],[-23,25],[-48,-14],[5,52]],[[69988,65833],[33,41],[58,-2],[2,-29],[-93,-10]],[[69907,65727],[21,102],[28,-23],[-31,-66],[10,-90],[-38,-22],[-7,63],[17,36]],[[69802,65702],[40,-40],[-3,-28],[-58,8],[21,60]],[[70485,65171],[-2,60],[48,35],[-4,-99],[-42,4]],[[69342,65055],[2,-43],[-73,-8],[16,62],[55,-11]],[[69328,62275],[16,23],[-48,83],[19,134],[27,45],[49,-109],[51,-36],[-12,-29],[-51,3],[-38,-55],[34,-31],[-47,-28]],[[69958,61876],[29,0],[41,-45],[4,-72],[-38,-37],[-44,34],[-44,58],[5,56],[47,6]],[[69417,61760],[-29,12],[-42,-44],[28,-94],[-68,-3],[-41,45],[26,56],[-19,49],[6,66],[84,-40],[52,115],[1,50],[61,16],[45,-26],[81,-112],[-46,-14],[15,-115],[-35,15],[-9,-97],[-24,-31],[-63,-20],[11,67],[-39,62],[5,43]],[[69725,61618],[-58,7],[34,57],[35,-29],[-11,-35]],[[69824,61580],[8,32],[-33,-2]],[[69799,61610],[24,63],[31,-31],[95,-15],[80,50],[27,-12],[82,28],[-12,39],[66,-4],[1,45],[-33,14],[-4,58],[-38,15],[0,84],[37,3],[52,-42],[64,12],[25,71],[58,12],[14,-60],[-23,-55],[-63,-36],[25,-92],[57,-91],[139,-77],[55,35],[11,54],[-23,23],[22,109],[77,-9],[29,-21],[12,-90],[-49,-73],[-45,-104],[-2,-36],[-79,14],[-38,-25],[-39,-85],[-12,-93],[28,-46],[-54,-91],[-27,6],[-57,-93],[8,-111],[33,-46],[71,-19],[43,91],[27,3],[74,-75],[16,-43],[74,14],[37,80],[47,10],[33,-16],[-18,-61],[-33,-20],[33,-79],[-8,-70],[-23,-44],[-50,24],[-22,-40],[-30,7],[-39,50],[-45,1],[-82,36],[-74,3],[-154,-74],[-49,62],[-151,21],[-30,42],[-55,-7],[-63,41],[-33,45],[-73,-13],[-69,-36],[-52,-48],[-5,62],[130,73],[34,30],[3,36],[42,63],[-23,80],[-38,206],[22,54],[27,117],[-23,67]],[[60207,64571],[0,-29]],[[60207,64542],[0,-46],[-38,-21]],[[60287,64412],[-11,10]],[[60276,64422],[-29,29],[-50,0]],[[60207,64542],[79,0],[56,-16],[12,-24]],[[60354,64502],[-26,-49],[-42,-4],[1,-37]],[[60186,64315],[-25,25],[9,53]],[[60276,64422],[-30,2],[-23,-124]],[[60421,64475],[-1,98],[-66,0],[0,-71]],[[60181,64702],[52,9],[68,-38],[33,5],[-48,74],[20,94]],[[60287,64412],[0,-33]],[[60287,64379],[-2,-59],[-44,-32]],[[60287,64379],[40,-33]],[[60327,64346],[15,-14]],[[60348,64332],[-21,14]],[[60447,64392],[-66,0],[8,-60]],[[60473,64151],[-80,0]],[[60392,64025],[-3,0]],[[60280,63825],[-53,0]],[[59127,63820],[2,81],[-18,40],[10,93],[79,-20],[-1,39],[67,52],[45,-6],[57,-59],[30,6],[16,-56],[-23,-45],[47,-59]],[[60452,63097],[-1,-51]],[[61882,61688],[0,-220],[-265,0]],[[62614,60296],[-102,24],[-67,-103],[-53,-49],[-127,3],[-56,135],[-15,63],[59,69],[0,70],[-35,29],[50,40],[55,-10],[91,-90],[106,51],[101,-21],[84,43],[45,-24],[11,51],[51,-28],[-23,-97],[49,-62],[37,11],[22,-29],[-5,-63],[-110,-2],[-12,-53]],[[62770,60254],[-38,40],[-74,20],[-44,-18]],[[56739,51643],[0,910],[-1,1517],[0,701],[0,382]],[[56738,55153],[0,665],[0,401],[0,697],[0,545],[0,878],[1,351],[1,791]],[[56740,59481],[53,-14],[22,-32],[39,22],[46,-32],[36,-57],[71,-68],[63,-40],[-33,-134],[54,-143],[-47,-57],[74,-9],[39,50],[17,68],[-19,58],[52,71],[-53,40],[8,69],[-15,61],[5,75],[-23,121],[28,34],[44,-23],[73,-13],[87,-41],[24,-55],[74,-32],[116,-37],[83,-142],[5,-46],[82,-75],[57,-90],[-9,-52],[102,-13],[51,17],[-58,66],[-19,42],[-1,76],[-35,89],[5,88],[-71,29],[-65,127],[-29,75],[-53,84],[59,-7],[73,-102],[30,-72],[44,44],[-52,57],[-24,73],[10,17],[74,-64],[18,-30],[46,16],[46,-26],[104,-4],[30,13],[71,-28],[76,31],[5,29],[54,45],[46,61]],[[68197,59910],[-62,-9],[-83,-121],[-63,18],[21,-95],[0,-78],[32,-80],[-5,-33],[108,-218],[57,-38],[38,-42],[92,-61],[63,-28],[48,16],[89,-69],[60,-79],[33,5],[109,-82],[103,-60],[64,-68],[46,-69],[99,-78],[109,-57],[50,-51],[116,-62],[48,-47],[67,1],[65,-50],[3,-67],[39,-102],[12,-78],[35,-74],[54,-62],[124,-52],[37,2],[100,-83],[63,-81],[60,-53],[82,13],[80,56],[24,53],[138,-49],[-15,-63],[-76,-139],[11,-43],[63,-83],[3,-46],[-40,-40],[26,-71],[41,-2],[70,88],[7,-35],[89,14],[55,-14],[27,-34],[63,-8],[13,60],[73,49],[41,48],[20,-53],[26,4],[77,-98],[63,-45],[131,-53],[87,-64],[76,-19],[28,-49]],[[71311,57102],[-39,-90],[-45,-50],[-37,-6],[-39,-106],[-90,-73],[-43,-61],[-569,0],[-35,-30],[-28,-70],[3,-86],[-44,-33],[-84,-158],[-119,-1],[-3,-572],[0,-902],[-596,0],[-674,-1],[0,-300],[317,0],[1,-390],[806,0],[542,0],[0,-93],[521,0],[0,-675],[0,-608],[1,-609],[-546,-1],[-386,1],[0,300],[-277,0],[0,428],[-801,-1],[-545,1],[-3,-676],[-639,0],[1,-71],[-646,4],[-519,0],[0,57],[-240,0],[0,505],[0,609],[336,0],[0,619],[848,0],[0,897],[-192,0],[1,636],[0,640],[-402,0],[0,-299],[-714,-1],[0,-450],[-419,-1],[-542,0],[-545,1],[0,-528],[-853,0],[1,-686],[0,-911],[0,-609],[-6,-182],[426,0],[0,-864],[615,0],[491,0],[0,-785],[672,0],[-1,-116],[549,-1],[902,1],[0,-614],[400,2],[66,-9],[9,-870],[213,0]],[[68311,49214],[0,-481],[-445,3],[-553,-3],[0,-116],[-577,0],[0,-120],[-157,0],[0,-862],[-453,0],[0,149],[-845,0],[0,-567],[25,0],[0,-189],[-358,0],[0,410],[-583,0],[0,-973],[-292,0],[1,243],[-715,0],[1,462],[-421,395],[-588,553],[-280,279],[-1,628],[-1,609],[0,608],[-1,558],[-547,-1],[-548,0],[-547,2],[-546,2],[-547,4],[-546,5],[-727,0],[-548,0],[0,831],[-773,0]],[[62614,60296],[14,-46],[-26,-51],[0,-59],[29,-35],[143,0],[18,32],[-22,117]],[[69619,57068],[-21,-83],[49,18],[0,61],[-28,4]],[[65866,49555],[77,42],[12,39],[-49,62],[-84,6],[0,-60],[44,-89]],[[68531,59426],[48,49],[-1,65],[17,33],[59,-27],[14,-97],[-50,-8],[-54,-29],[-33,14]],[[70616,57974],[-8,-60],[-36,19],[-14,80],[29,23],[-25,48],[3,36],[60,7],[31,-128],[-40,-25]],[[70554,58064],[-2,-37],[-62,7],[12,48],[52,-18]],[[70167,58088],[-37,-54],[8,-65],[-20,-67],[-68,12],[-66,-27],[-16,125],[31,60],[-18,40],[103,30],[22,31],[47,-19],[14,-66]],[[70751,57715],[-23,109],[43,88],[71,41],[-14,76],[49,-23],[21,-80],[49,-14],[38,-49],[6,-101],[-11,-46],[22,-65],[27,-11],[-16,-77],[-24,-34],[-51,-30],[-27,14],[-6,73],[-35,-14],[-46,53],[-22,95],[-51,-5]],[[70401,57900],[77,3],[60,-35],[9,-35],[-50,-92],[-58,-46],[-76,-11],[26,70],[-13,25],[-1,92],[26,29]],[[72597,52682],[0,-901],[0,-387],[0,-832]],[[72597,50562],[0,-178]],[[72597,50384],[-548,3],[-804,7],[-3,-452],[-549,0],[-607,2],[-195,44],[-35,0],[0,-797],[349,-1],[-3,-235]],[[70202,48955],[-25,13],[-100,-8],[-115,67],[-110,-17],[-51,27],[-101,96],[-90,54],[-202,65],[-51,0],[-66,-25],[-135,-13],[-845,0]],[[71311,57102],[74,-116],[178,-112],[79,-4],[55,-36],[106,-23],[11,12],[88,-33],[139,-77],[87,-20],[69,-110],[37,-83],[70,-95],[57,-105],[42,-46],[95,-81],[21,-39],[76,-72]],[[72595,56062],[0,-773],[1,-450],[0,-599],[0,-750],[1,-808]],[[65096,41150],[-27,54],[108,48]],[[65177,41252],[0,-74],[-81,-28]],[[65320,41249],[-4,1]],[[65316,41250],[-43,57],[24,68]],[[65297,41375],[69,9],[34,-51],[-29,-73],[-51,-11]],[[56741,32201],[0,2826],[-708,-5],[-479,-1],[-2080,6],[-1224,0],[-1231,0],[-1317,-2],[-601,2]],[[49101,35027],[0,2740],[0,2061],[0,2009],[-414,-3],[-586,-3],[-379,-1],[-835,0],[-517,1],[-560,3],[-560,4]],[[45250,41838],[0,38],[30,38],[191,142],[0,38],[-31,57],[-8,70],[12,54],[36,63],[92,45],[67,-7],[173,29],[190,49],[168,50],[105,40],[179,31],[96,38],[98,12],[86,-6],[103,181],[196,155],[114,121],[27,76],[203,240],[108,208],[130,83],[100,101],[94,57],[111,49],[121,5],[151,-27],[73,4],[183,-23],[175,-44],[88,144],[108,84],[180,0],[64,16],[107,68],[256,135],[124,73],[103,36],[221,124],[140,65],[165,44],[290,-15],[19,136],[56,233],[50,91],[0,450],[384,-1],[82,111],[22,53],[52,181],[8,90],[38,206],[-21,72],[36,43],[52,104],[204,271]],[[51451,46619],[0,-230],[882,0],[4406,0],[0,481],[0,3411],[0,670],[0,692]],[[70202,48955],[1,-353],[622,0],[0,-609],[415,1],[0,-902],[819,1],[1,299],[539,0],[0,-926],[1,-616],[0,-719],[0,-479],[1,-778],[0,-650]],[[72601,43224],[1,-817],[0,-736],[0,-937]],[[72602,40734],[0,-843],[0,-928],[0,-628],[0,-838],[1,-929]],[[72603,36568],[-865,0],[-457,-1],[-588,0],[-441,-1],[-734,-1],[-782,0],[-494,0],[-632,0]],[[67610,36565],[-814,0],[-571,0],[-494,0],[-666,0],[-395,0],[-683,0],[-6,-728],[-34,-14],[-62,-253],[3,-114],[-15,-195],[92,-177],[708,1],[430,-3],[-124,-632],[-59,-47],[-10,-42],[13,-144],[-265,0],[0,-280],[-81,0],[-2,-592],[406,1],[-1,-580],[-556,0],[-2,-468]],[[64422,32298],[0,-95],[-643,-5],[-1749,-5],[-1765,6],[-3524,2]],[[65096,41150],[28,-19],[-1,-63],[157,0],[47,45],[20,-82],[100,0],[1,193]],[[65448,41224],[-1,151],[-36,0],[0,70],[-192,0],[1,-70]],[[65220,41375],[1,-123]],[[65221,41252],[-44,0]],[[52924,36904],[-235,0],[0,335],[-175,0],[0,-335],[-176,0],[0,-1202],[883,0],[0,515],[-297,0],[0,687]],[[72308,46861],[44,47],[-8,31],[-65,-20],[29,-58]],[[65221,41252],[95,-2]],[[65320,41249],[128,-25]],[[65297,41375],[-77,0]],[[70401,64941],[-83,89],[43,31],[96,27],[11,-42],[58,-69],[62,2]],[[70610,64965],[55,-115]],[[69824,61580],[-25,30]],[[95888,20310],[-7,4]],[[95881,20314],[-9,19]],[[95872,20333],[1,13]],[[95873,20346],[38,5]],[[95911,20351],[-10,-17]],[[95901,20334],[-13,-24]],[[95867,20313],[-2,17]],[[95865,20330],[7,3]],[[95881,20314],[-14,-1]],[[95870,20297],[-13,-4]],[[95857,20293],[-2,5]],[[95855,20298],[12,15]],[[95888,20310],[-9,-7]],[[95879,20303],[-9,-6]],[[95865,20330],[-3,4]],[[95862,20334],[11,12]],[[95928,20328],[-23,-31]],[[95905,20297],[-26,6]],[[95901,20334],[27,-6]],[[95930,20334],[-2,-6]],[[95911,20351],[19,-17]],[[95880,20260],[-11,-24]],[[95869,20236],[-27,5]],[[95842,20241],[1,25]],[[95843,20266],[7,21]],[[95850,20287],[7,6]],[[95870,20297],[4,-7]],[[95874,20290],[6,-30]],[[95905,20297],[-2,-12]],[[95903,20285],[-29,5]],[[95898,20255],[-18,5]],[[95903,20285],[-2,-12]],[[95901,20273],[-3,-18]],[[95903,20230],[9,-7]],[[95912,20223],[-23,-16]],[[95889,20207],[-20,29]],[[95898,20255],[5,-25]],[[95914,20187],[-2,-48]],[[95912,20139],[-48,29]],[[95864,20168],[6,36]],[[95870,20204],[44,-17]],[[95864,20168],[-45,10]],[[95819,20178],[-13,9]],[[95806,20187],[0,23]],[[95806,20210],[36,31]],[[95889,20207],[-19,-3]],[[95928,20328],[14,-13]],[[95942,20315],[6,-14]],[[95948,20301],[1,-26]],[[95949,20275],[-26,-4]],[[95923,20271],[-22,2]],[[95969,20272],[-20,3]],[[95948,20301],[27,1]],[[95975,20302],[5,0]],[[95980,20302],[0,-15]],[[95980,20287],[-11,-15]],[[95975,20302],[-15,7]],[[95960,20309],[2,28]],[[95962,20337],[6,5]],[[95968,20342],[27,-31]],[[95995,20311],[-15,-9]],[[96000,20279],[0,-21]],[[96000,20258],[-31,14]],[[95980,20287],[20,-8]],[[95950,20320],[10,-11]],[[95942,20315],[8,5]],[[96012,20325],[13,-10]],[[96025,20315],[-25,-36]],[[95995,20311],[17,14]],[[95930,20334],[18,3]],[[95948,20337],[2,-17]],[[95970,20345],[-2,-3]],[[95962,20337],[-2,2]],[[95960,20339],[10,6]],[[95948,20337],[12,2]],[[95970,20345],[28,10]],[[95998,20355],[14,-30]],[[95998,20355],[27,-40]],[[95961,20210],[-19,3]],[[95942,20213],[-3,28]],[[95939,20241],[-16,30]],[[96000,20258],[-14,-8]],[[95986,20250],[-25,-40]],[[95942,20213],[-30,10]],[[95903,20230],[36,11]],[[95984,20206],[-23,4]],[[95986,20250],[-2,-44]],[[95978,20170],[-64,17]],[[95984,20206],[-6,-36]],[[95978,20170],[-15,-93],[-51,62]],[[95867,20313],[-33,3]],[[95834,20316],[2,21]],[[95836,20337],[26,-3]],[[95827,20306],[-18,-1]],[[95809,20305],[17,33]],[[95826,20338],[3,2]],[[95829,20340],[7,-3]],[[95834,20316],[-7,-10]],[[95826,20338],[-19,20]],[[95807,20358],[15,11]],[[95822,20369],[21,-14]],[[95843,20355],[-14,-15]],[[95779,20302],[9,36]],[[95788,20338],[19,20]],[[95809,20305],[-2,0]],[[95807,20305],[-28,-3]],[[95822,20369],[28,13],[11,-18],[-18,-9]],[[95843,20266],[-11,-4]],[[95832,20262],[-20,19]],[[95812,20281],[14,10]],[[95826,20291],[29,7]],[[95850,20287],[-7,-21]],[[95806,20210],[-9,16]],[[95797,20226],[35,36]],[[95779,20302],[-11,7]],[[95768,20309],[-20,25]],[[95748,20334],[26,7]],[[95774,20341],[14,-3]],[[95748,20334],[-28,9]],[[95720,20343],[7,18]],[[95727,20361],[47,16]],[[95774,20377],[13,-18]],[[95787,20359],[-13,-18]],[[95774,20377],[17,23],[20,-26],[-24,-15]],[[95812,20281],[-5,2]],[[95807,20283],[0,22]],[[95827,20306],[-1,-15]],[[95786,20278],[-12,12]],[[95774,20290],[5,12]],[[95807,20283],[-21,-5]],[[95865,20408],[26,19]],[[95891,20427],[11,-2]],[[95902,20425],[0,-23]],[[95902,20402],[1,-7]],[[95903,20395],[-11,-4]],[[95892,20391],[-27,17]],[[95903,20395],[8,-10],[-2,-7],[-17,13]],[[95891,20427],[3,23]],[[95894,20450],[17,0]],[[95911,20450],[7,-8]],[[95918,20442],[-12,-13]],[[95906,20429],[-4,-4]],[[95894,20450],[-9,9]],[[95885,20459],[21,16]],[[95906,20475],[5,-25]],[[95838,20452],[1,23]],[[95839,20475],[22,7]],[[95861,20482],[4,-21]],[[95865,20461],[-27,-9]],[[95865,20408],[-21,17]],[[95844,20425],[-6,27]],[[95865,20461],[20,-2]],[[95776,20481],[19,5]],[[95795,20486],[44,-11]],[[95844,20425],[-57,1],[-11,55]],[[95795,20486],[4,17]],[[95799,20503],[17,0]],[[95816,20503],[63,10]],[[95879,20513],[-18,-31]],[[95879,20513],[23,-7]],[[95902,20506],[4,-31]],[[95873,20552],[8,-11]],[[95881,20541],[21,-35]],[[95816,20503],[57,49]],[[95799,20503],[-23,18]],[[95776,20521],[86,50]],[[95862,20571],[11,-19]],[[95776,20521],[-10,18]],[[95766,20539],[8,7]],[[95774,20546],[51,40]],[[95825,20586],[34,9]],[[95859,20595],[3,-1]],[[95862,20594],[6,-13]],[[95868,20581],[-6,-10]],[[95774,20546],[28,58]],[[95802,20604],[23,-18]],[[95766,20539],[-34,25]],[[95732,20564],[52,65]],[[95784,20629],[18,-25]],[[95732,20564],[-5,3]],[[95727,20567],[-18,0]],[[95709,20567],[-10,15]],[[95699,20582],[-12,16]],[[95687,20598],[52,55],[37,6],[-10,66]],[[95766,20725],[0,2]],[[95766,20727],[39,47]],[[95805,20774],[3,2]],[[95808,20776],[10,-59]],[[95818,20717],[-34,-88]],[[95818,20717],[40,-43]],[[95858,20674],[1,-79]],[[95687,20598],[-5,65]],[[95682,20663],[34,4],[50,58]],[[95682,20663],[-15,43]],[[95667,20706],[-3,59]],[[95664,20765],[69,80]],[[95733,20845],[-7,-42]],[[95726,20803],[-17,-68],[57,-8]],[[95791,20788],[14,-14]],[[95726,20803],[65,-15]],[[95802,20814],[-11,-26]],[[95733,20845],[9,16]],[[95742,20861],[10,-7]],[[95752,20854],[50,-40]],[[95824,20848],[-22,-34]],[[95752,20854],[39,18],[-34,65]],[[95757,20937],[37,20],[3,78]],[[95797,21035],[7,-1]],[[95804,21034],[25,28]],[[95829,21062],[11,-2]],[[95840,21060],[34,-40]],[[95874,21020],[-9,-76],[-34,-24],[-7,-72]],[[95742,20861],[-8,41]],[[95734,20902],[23,35]],[[95797,21035],[7,-1]],[[95725,20925],[11,-15]],[[95736,20910],[-11,15]],[[95751,20942],[-1,15]],[[95750,20957],[1,-15]],[[95764,21052],[6,-6]],[[95770,21046],[-6,6]],[[95783,21011],[-12,2]],[[95771,21013],[12,-2]],[[95793,21076],[-6,-14]],[[95787,21062],[6,14]],[[95829,21062],[11,-2]],[[95874,21020],[34,-2],[50,-74],[-59,-62],[-75,-34]],[[95805,21158],[30,1]],[[95835,21159],[31,-72]],[[95866,21087],[-72,45],[11,26]],[[95894,21061],[-16,26]],[[95878,21087],[5,2]],[[95883,21089],[11,-28]],[[95926,21043],[-18,16]],[[95908,21059],[18,-16]],[[95808,20776],[25,67],[36,10],[180,103],[5,-35]],[[96054,20921],[4,-10]],[[96058,20911],[-16,-25]],[[96042,20886],[15,8]],[[96057,20894],[-34,-45]],[[96023,20849],[-14,-18]],[[96009,20831],[-1,-4]],[[96008,20827],[4,-7]],[[96012,20820],[-1,0]],[[96011,20820],[-4,-14]],[[96007,20806],[-4,-29]],[[96003,20777],[1,0]],[[96004,20777],[11,-2]],[[96015,20775],[-81,-53],[-6,-49]],[[95928,20673],[-70,1]],[[95928,20673],[14,-11]],[[95942,20662],[-19,-50]],[[95923,20612],[-61,-18]],[[95935,20557],[-30,33],[-37,-9]],[[95923,20612],[30,-5]],[[95953,20607],[-18,-50]],[[95935,20557],[8,-26]],[[95943,20531],[-11,1]],[[95932,20532],[-51,9]],[[95927,20409],[3,43]],[[95930,20452],[55,-19],[-32,-43],[-26,19]],[[95919,20406],[-17,-4]],[[95906,20429],[13,-23]],[[95927,20409],[-8,-3]],[[95918,20442],[12,10]],[[95964,20486],[-32,46]],[[95943,20531],[9,-6]],[[95952,20525],[12,-39]],[[95952,20525],[59,-7]],[[96011,20518],[-4,-6]],[[96007,20512],[-10,-21]],[[95997,20491],[-33,-5]],[[96007,20512],[5,-26]],[[96012,20486],[-15,5]],[[96033,20515],[-21,-29]],[[96011,20518],[13,0]],[[96024,20518],[9,-3]],[[96051,20554],[-18,-39]],[[96024,20518],[-9,38]],[[96015,20556],[36,-2]],[[96052,20641],[-15,-44]],[[96037,20597],[-28,48]],[[96009,20645],[43,-4]],[[96015,20556],[-29,47],[-33,4]],[[95942,20662],[57,-2]],[[95999,20660],[10,-15]],[[96037,20597],[14,-43]],[[96015,20775],[6,-31]],[[96021,20744],[2,-34],[47,-24]],[[96070,20686],[-71,-26]],[[96009,20645],[43,-4]],[[96068,20716],[2,-30]],[[96021,20744],[5,0]],[[96026,20744],[42,-28]],[[96071,20761],[13,-7]],[[96084,20754],[-16,-38]],[[96026,20744],[28,16]],[[96054,20760],[17,1]],[[96058,20768],[-4,-8]],[[96054,20760],[4,8]],[[96004,20777],[29,12]],[[96033,20789],[25,-21]],[[96023,20849],[-14,-18]],[[96008,20827],[4,-7]],[[96011,20820],[-4,-14]],[[96003,20777],[30,12]],[[96101,20800],[-17,-46]],[[96071,20761],[-9,48]],[[96062,20809],[39,-9]],[[96062,20809],[39,50]],[[96101,20859],[13,25]],[[96114,20884],[7,-55],[-20,-29]],[[96054,20921],[4,-10]],[[96042,20886],[15,8]],[[96101,20859],[-21,38],[34,-13]],[[95763,20411],[0,45]],[[95763,20456],[1,-1]],[[95764,20455],[-1,-44]],[[95761,20457],[2,-1]],[[95763,20411],[-40,14]],[[95723,20425],[38,32]],[[95716,20499],[45,-42]],[[95723,20425],[-36,21]],[[95687,20446],[-5,55]],[[95682,20501],[34,-2]],[[95776,20481],[-12,-26]],[[95716,20499],[11,68]],[[95687,20446],[-45,-6]],[[95642,20440],[-4,53]],[[95638,20493],[44,8]],[[95638,20494],[0,-1]],[[95642,20440],[-29,-3]],[[95613,20437],[-2,43]],[[95611,20480],[27,14]],[[95613,20437],[-2,0]],[[95611,20437],[-48,20]],[[95563,20457],[9,11]],[[95572,20468],[39,12]],[[95572,20468],[-7,10]],[[95565,20478],[7,33]],[[95572,20511],[67,-5]],[[95639,20506],[-1,-12]],[[95572,20511],[3,51]],[[95575,20562],[34,10]],[[95609,20572],[28,-7]],[[95637,20565],[9,-50]],[[95646,20515],[-7,-9]],[[95609,20572],[14,35]],[[95623,20607],[57,-23]],[[95680,20584],[-43,-19]],[[95699,20582],[-19,2]],[[95623,20607],[-4,19]],[[95619,20626],[22,58]],[[95641,20684],[26,22]],[[95709,20567],[-25,-41],[-38,-11]],[[95575,20562],[-34,9]],[[95541,20571],[-2,8]],[[95539,20579],[28,47]],[[95567,20626],[52,0]],[[95567,20626],[12,25]],[[95579,20651],[62,33]],[[95668,20406],[-1,-22]],[[95667,20384],[-31,-13]],[[95636,20371],[-30,26]],[[95606,20397],[7,39]],[[95613,20436],[55,-30]],[[95606,20397],[-5,2]],[[95601,20399],[-25,15]],[[95576,20414],[35,23]],[[95613,20437],[0,-1]],[[95774,20290],[-18,-11]],[[95756,20279],[12,30]],[[95756,20279],[-6,-8]],[[95750,20271],[-21,18]],[[95729,20289],[-1,9]],[[95728,20298],[20,36]],[[95728,20298],[-16,1]],[[95712,20299],[0,9]],[[95712,20308],[8,35]],[[95717,20274],[-31,2]],[[95686,20276],[-6,5]],[[95680,20281],[32,18]],[[95729,20289],[-12,-15]],[[95691,20309],[10,37]],[[95701,20346],[19,-3]],[[95712,20308],[-21,1]],[[95646,20310],[-15,6]],[[95631,20316],[0,33]],[[95631,20349],[52,3]],[[95683,20352],[18,-6]],[[95691,20309],[-45,1]],[[95680,20281],[-21,-15]],[[95659,20266],[-13,44]],[[95683,20352],[-15,26]],[[95668,20378],[30,21]],[[95698,20399],[29,-38]],[[95668,20378],[-1,6]],[[95668,20406],[30,-7]],[[95631,20349],[5,22]],[[95593,20306],[-26,23]],[[95567,20329],[34,70]],[[95631,20316],[-38,-10]],[[95530,20341],[5,40]],[[95535,20381],[-22,51]],[[95513,20432],[50,25]],[[95576,20414],[-30,-71]],[[95546,20343],[-16,-2]],[[95593,20306],[-2,-9]],[[95591,20297],[-44,-10]],[[95547,20287],[3,35]],[[95550,20322],[17,7]],[[95550,20322],[-4,21]],[[95483,20508],[33,-19]],[[95516,20489],[5,-11]],[[95521,20478],[-19,-41]],[[95502,20437],[-53,-29]],[[95449,20408],[-87,26]],[[95362,20434],[39,41]],[[95401,20475],[14,23],[68,10]],[[95487,20518],[-4,-10]],[[95401,20475],[-8,18]],[[95393,20493],[45,40],[27,-7]],[[95465,20526],[22,-8]],[[95393,20493],[-15,119]],[[95378,20612],[62,-32]],[[95440,20580],[25,-54]],[[95362,20434],[-43,-8]],[[95319,20426],[-24,11]],[[95295,20437],[1,66]],[[95296,20503],[19,23],[-4,69]],[[95311,20595],[67,18]],[[95378,20613],[0,-1]],[[95513,20432],[-11,5]],[[95521,20478],[44,0]],[[95516,20489],[16,66]],[[95532,20555],[9,16]],[[95487,20518],[45,37]],[[95440,20580],[-23,60]],[[95417,20640],[42,12]],[[95459,20652],[16,-29],[64,-44]],[[95495,20686],[72,-15]],[[95567,20671],[12,-20]],[[95459,20652],[36,34]],[[95417,20640],[-39,19]],[[95378,20659],[-17,46]],[[95361,20705],[-35,23]],[[95326,20728],[69,57]],[[95395,20785],[100,-99]],[[95395,20785],[16,66],[-11,49],[21,30]],[[95421,20930],[79,-81]],[[95500,20849],[25,-23],[42,-155]],[[95577,20823],[-12,27],[-65,-1]],[[95421,20930],[-8,41]],[[95413,20971],[73,55],[5,62],[72,7],[3,74]],[[95566,21169],[92,-33],[16,20]],[[95674,21156],[35,-16],[36,33],[35,-13],[13,-84]],[[95787,21062],[-59,21]],[[95728,21083],[-31,-29],[-53,3],[-67,-44],[8,-138],[-8,-52]],[[95577,20823],[4,-51],[83,-7]],[[95728,21083],[36,-31]],[[95770,21046],[1,-33]],[[95783,21011],[-33,-54]],[[95751,20942],[-26,-17]],[[95736,20910],[-2,-8]],[[95535,20381],[-72,21]],[[95463,20402],[-14,6]],[[95530,20341],[-32,0]],[[95498,20341],[-55,31]],[[95443,20372],[20,30]],[[95547,20287],[-10,-4]],[[95537,20283],[-27,21]],[[95510,20304],[-20,26]],[[95490,20330],[8,11]],[[95498,20281],[-17,-8]],[[95481,20273],[-32,44]],[[95449,20317],[41,13]],[[95510,20304],[-12,-23]],[[95443,20372],[-65,-7]],[[95378,20365],[-79,26]],[[95299,20391],[20,35]],[[95449,20317],[-73,16]],[[95376,20333],[2,32]],[[95481,20273],[-5,-13]],[[95476,20260],[-56,14],[-51,-10],[-21,28]],[[95348,20292],[4,7]],[[95352,20299],[24,34]],[[95370,20147],[-4,-29]],[[95366,20118],[-42,3]],[[95324,20121],[-22,22]],[[95302,20143],[68,4]],[[95325,20272],[-25,-49]],[[95300,20223],[-42,6],[13,63]],[[95271,20292],[54,-20]],[[95302,20143],[-45,31]],[[95257,20174],[43,49]],[[95325,20272],[23,20]],[[95476,20260],[1,-11]],[[95477,20249],[9,-29]],[[95486,20220],[-10,-45]],[[95476,20175],[-13,-7]],[[95463,20168],[-50,18],[-43,-39]],[[95257,20174],[-13,3]],[[95244,20177],[-33,-4],[14,86]],[[95225,20259],[-10,41],[30,29]],[[95245,20329],[39,-14]],[[95284,20315],[-13,-23]],[[95486,20171],[27,-55]],[[95513,20116],[-4,-3]],[[95509,20113],[-46,55]],[[95476,20175],[10,-4]],[[95517,19950],[-45,-82],[-55,-24]],[[95417,19844],[-26,38],[-34,-116],[-46,-77],[-36,12]],[[95275,19701],[-34,37],[20,36],[-1,57],[-31,53],[54,20],[50,82]],[[95333,19986],[-10,37]],[[95323,20023],[4,40]],[[95327,20063],[39,8],[0,47]],[[95509,20113],[8,-26],[-59,-76],[11,-46],[48,-15]],[[95243,20165],[1,12]],[[95302,20143],[-44,-22],[-15,44]],[[95299,20391],[-34,-35]],[[95265,20356],[-59,20],[-13,65]],[[95193,20441],[102,-4]],[[95352,20299],[-68,16]],[[95245,20329],[20,27]],[[95161,20247],[-69,6]],[[95092,20253],[1,1]],[[95093,20254],[26,34],[-6,91]],[[95113,20379],[-2,47]],[[95111,20426],[22,4]],[[95133,20430],[60,11]],[[95225,20259],[-64,-12]],[[95180,20097],[-17,-30]],[[95163,20067],[-50,48],[43,60],[5,72]],[[95243,20165],[-56,-41],[-7,-27]],[[95636,20246],[-30,-3]],[[95606,20243],[-17,30]],[[95589,20273],[2,24]],[[95659,20266],[0,-1]],[[95659,20265],[-1,-1]],[[95658,20264],[-22,-18]],[[95686,20276],[-2,-20]],[[95684,20256],[-25,9]],[[95684,20256],[11,-32]],[[95695,20224],[2,-3]],[[95697,20221],[-15,-5]],[[95682,20216],[-6,12]],[[95676,20228],[-18,36]],[[95761,20253],[-46,-19]],[[95715,20234],[2,40]],[[95750,20271],[11,-18]],[[95715,20234],[-20,-10]],[[95676,20228],[-40,18]],[[95639,20198],[-45,-6]],[[95594,20192],[-3,19]],[[95591,20211],[15,32]],[[95682,20216],[-9,-9]],[[95673,20207],[-34,-9]],[[95537,20283],[-5,-27]],[[95532,20256],[-34,25]],[[95532,20256],[-3,-10]],[[95529,20246],[-52,3]],[[95589,20273],[-60,-27]],[[95591,20211],[-24,-4]],[[95567,20207],[-47,9]],[[95520,20216],[-34,4]],[[95764,20251],[-3,2]],[[95786,20278],[-22,-27]],[[95797,20226],[-1,1]],[[95796,20227],[-32,24]],[[95753,20192],[5,23]],[[95758,20215],[38,12]],[[95806,20187],[-53,5]],[[95758,20215],[-36,-10]],[[95722,20205],[-25,16]],[[95722,20152],[-19,26]],[[95703,20178],[19,27]],[[95753,20192],[7,-27]],[[95760,20165],[-14,-14]],[[95746,20151],[-24,1]],[[95703,20178],[-19,-3]],[[95684,20175],[-11,32]],[[95653,20155],[-14,43]],[[95684,20175],[-11,-7]],[[95673,20168],[-20,-13]],[[95597,20183],[-3,9]],[[95653,20155],[1,0]],[[95654,20155],[-27,-34]],[[95627,20121],[-30,62]],[[95597,20183],[-34,-35]],[[95563,20148],[4,59]],[[95525,20193],[-5,23]],[[95563,20148],[-8,-21]],[[95555,20127],[-30,66]],[[95555,20127],[-4,-16]],[[95551,20111],[-38,5]],[[95486,20171],[39,22]],[[95819,20178],[-23,-35]],[[95796,20143],[-36,22]],[[95785,20104],[-33,4]],[[95752,20108],[-14,-8]],[[95738,20100],[-7,12]],[[95731,20112],[15,39]],[[95796,20143],[-11,-39]],[[95731,20112],[-17,20]],[[95714,20132],[8,20]],[[95785,20104],[2,-18],[-38,-23],[3,45]],[[95714,20132],[-25,-26]],[[95689,20106],[-11,4]],[[95678,20110],[0,12]],[[95678,20122],[-5,46]],[[95738,20100],[-49,6]],[[95678,20122],[-24,33]],[[95678,20110],[-51,11]],[[95735,20042],[-9,-17]],[[95726,20025],[-38,-1]],[[95688,20024],[-8,1]],[[95680,20025],[2,25]],[[95682,20050],[53,-8]],[[95660,20048],[-3,-10]],[[95657,20038],[-10,32]],[[95647,20070],[13,-22]],[[95657,20038],[-46,-6]],[[95611,20032],[36,38]],[[95694,19977],[-35,-14]],[[95659,19963],[21,62]],[[95688,20024],[6,-47]],[[95726,20025],[-7,-40]],[[95719,19985],[-25,-8]],[[95735,20042],[29,-42]],[[95764,20000],[-5,-40]],[[95759,19960],[-40,25]],[[95764,20000],[20,-6]],[[95784,19994],[30,-4]],[[95814,19990],[-55,-30]],[[95758,19908],[-15,2]],[[95743,19910],[15,-2]],[[95773,19908],[27,1]],[[95800,19909],[-27,-1]],[[95784,19994],[141,72],[-5,-62],[-106,-14]],[[95659,19963],[84,-53]],[[95758,19908],[15,0]],[[95800,19909],[26,-13],[-88,-109],[-98,-68]],[[95640,19719],[-89,12],[-36,39]],[[95515,19770],[-2,87],[37,34],[-2,42],[46,26],[-20,63]],[[95574,20022],[29,22]],[[95603,20044],[8,-12]],[[95660,20048],[22,2]],[[95515,19770],[-98,74]],[[95517,19950],[57,72]],[[95551,20111],[63,-26],[-11,-41]],[[96175,21223],[-67,12],[-31,-45]],[[96077,21190],[-45,-36],[-143,-15],[-6,-50]],[[95878,21087],[-12,0]],[[95835,21159],[-31,29]],[[95804,21188],[8,67]],[[95812,21255],[-62,17],[-38,64],[21,38],[-72,113],[30,24],[-9,71],[28,83],[-16,71],[16,87],[-19,53],[59,68]],[[95750,21944],[62,-42],[97,-22]],[[95909,21880],[-10,-86],[17,-50],[-26,-28],[89,-33],[74,-73]],[[96053,21610],[-85,-8],[22,-55],[32,-22],[-5,-49],[39,-18],[0,-69],[131,-19],[33,-18]],[[96220,21352],[80,-20]],[[96300,21332],[2,-51],[-56,-29],[-7,-34]],[[96239,21218],[-64,5]],[[96277,21101],[-41,-20],[-52,23]],[[96184,21104],[9,62],[-46,22],[28,35]],[[96239,21218],[54,-39]],[[96293,21179],[13,-55],[-29,-23]],[[96074,21034],[-4,-41],[-58,7],[-86,43]],[[95908,21059],[-14,2]],[[96077,21190],[56,-101]],[[96133,21089],[-78,0],[19,-55]],[[96277,21101],[-38,-55],[-84,29],[29,29]],[[96133,21089],[-59,-55]],[[96053,21610],[42,-45],[60,-12],[98,-78]],[[96253,21475],[-1,-85],[-32,-38]],[[96311,21482],[-58,-7]],[[95909,21880],[73,48],[11,87],[54,9],[61,-17]],[[96108,22007],[83,-77]],[[96191,21930],[7,-83],[23,-48],[58,-10],[40,53],[39,-20],[65,29]],[[96423,21851],[31,-44],[99,68],[28,-65]],[[96581,21810],[55,-24]],[[96636,21786],[-16,-58],[-36,-24]],[[96584,21704],[-28,2]],[[96556,21706],[-49,23]],[[96507,21729],[0,39],[-119,-18],[-4,-44]],[[96384,21706],[13,-114]],[[96397,21592],[-16,-37],[-71,-42],[1,-31]],[[96300,21332],[33,-26],[45,8]],[[96378,21314],[-72,-81],[-13,-54]],[[96311,21482],[-14,-49],[79,-88],[2,-31]],[[96481,21555],[16,-36]],[[96497,21519],[-16,36]],[[96515,21601],[-9,15]],[[96506,21616],[50,90]],[[96584,21704],[-41,-42],[-28,-61]],[[96428,21680],[-44,26]],[[96507,21729],[-14,-75],[-65,26]],[[96428,21680],[9,-82],[-40,-6]],[[96515,21601],[14,-62],[-32,-20]],[[96481,21555],[-7,41],[32,20]],[[96191,21930],[61,18],[85,-24],[29,88],[59,2],[13,27]],[[96438,22041],[50,1],[32,-26]],[[96520,22016],[-19,-7]],[[96501,22009],[-73,-90],[91,9],[-96,-77]],[[96108,22007],[15,38],[47,-1],[30,73],[108,32]],[[96308,22149],[14,-32],[116,-4]],[[96438,22113],[0,-72]],[[96520,22016],[27,-16]],[[96547,22000],[-46,9]],[[96545,22207],[-30,-58],[-70,20]],[[96445,22169],[31,48],[-40,23],[-2,66],[33,41]],[[96467,22347],[16,-39],[90,-13]],[[96573,22295],[5,-21]],[[96578,22274],[-41,-20],[8,-47]],[[96654,21995],[28,66],[-42,16],[12,54]],[[96652,22131],[34,-2]],[[96686,22129],[25,12]],[[96711,22141],[21,-14]],[[96732,22127],[55,-26]],[[96787,22101],[-49,-37],[-50,-61]],[[96688,22003],[-34,-8]],[[96581,21810],[31,118],[58,17],[-11,-93],[-23,-66]],[[96688,22003],[-34,-8]],[[96652,22131],[-4,64]],[[96648,22195],[6,31]],[[96654,22226],[45,-8]],[[96699,22218],[-13,-89]],[[96438,22113],[7,56]],[[96545,22207],[69,-43]],[[96614,22164],[-61,-20],[12,-64],[-18,-80]],[[96578,22274],[68,8],[8,-56]],[[96648,22195],[-34,-31]],[[96708,22286],[25,-24]],[[96733,22262],[-24,-30]],[[96709,22232],[-10,-14]],[[96573,22295],[-7,60],[28,28]],[[96594,22383],[3,-1]],[[96597,22382],[56,-36],[-7,-44],[62,-16]],[[96467,22347],[15,51]],[[96482,22398],[112,-15]],[[96597,22382],[9,48],[112,-37]],[[96718,22393],[33,-31]],[[96751,22362],[-3,-14]],[[96748,22348],[-14,-40]],[[96734,22308],[-26,-22]],[[96793,22273],[27,0]],[[96820,22273],[-1,-6]],[[96819,22267],[-12,-48]],[[96807,22219],[-98,13]],[[96733,22262],[60,11]],[[96807,22219],[17,-7]],[[96824,22212],[-19,-32],[3,-67],[-21,-12]],[[96732,22127],[-1,27],[-20,-13]],[[96819,22267],[46,1]],[[96865,22268],[5,-17]],[[96870,22251],[-46,-39]],[[96823,22324],[1,0]],[[96824,22324],[10,-12]],[[96834,22312],[-14,-39]],[[96793,22273],[9,37]],[[96802,22310],[21,14]],[[96869,22291],[-2,-2]],[[96867,22289],[-18,9]],[[96849,22298],[-5,19]],[[96844,22317],[19,7]],[[96863,22324],[6,-33]],[[96863,22324],[-12,11]],[[96851,22335],[29,5]],[[96880,22340],[-17,-16]],[[97013,22429],[-62,-43],[-34,23]],[[96917,22409],[57,26],[39,-6]],[[96849,22298],[-15,14]],[[96824,22324],[4,0]],[[96828,22324],[16,-7]],[[96828,22324],[23,11]],[[96802,22310],[-43,38]],[[96759,22348],[31,7]],[[96790,22355],[33,-31]],[[96802,22310],[-68,-2]],[[96748,22348],[11,0]],[[96865,22268],[1,1]],[[96866,22269],[1,20]],[[96869,22291],[1,-40]],[[96866,22269],[-17,29]],[[96770,22376],[-20,54]],[[96750,22430],[13,6]],[[96763,22436],[48,12],[77,-17],[16,-53],[-24,-38]],[[96790,22355],[-20,21]],[[96718,22393],[32,37]],[[96770,22376],[-19,-14]],[[96619,23244],[-127,15],[-55,29],[-90,0]],[[96347,23288],[1,41],[-38,28],[-63,120],[-49,51],[-20,67],[-57,61],[16,89],[-11,89],[-57,76]],[[96069,23910],[5,57],[38,44]],[[96112,24011],[32,20],[64,-7],[31,80]],[[96239,24104],[105,-24]],[[96344,24080],[32,-149],[52,-61],[50,-164],[63,-132],[102,-54],[0,-51],[44,-91],[3,-73],[-34,-2],[-37,-59]],[[97772,23953],[55,24],[42,-17],[22,91],[-16,56]],[[97875,24107],[120,-20],[20,-126],[34,-14],[17,55],[39,-13]],[[98105,23989],[34,-55],[-32,-22],[5,-74],[-17,-51],[-67,5]],[[98028,23792],[-34,17],[-113,17],[3,88],[-109,17],[-3,22]],[[97520,22621],[-35,36]],[[97485,22657],[-22,39]],[[97463,22696],[108,38],[42,-19],[-18,-73],[-75,-21]],[[97520,22621],[-31,-58],[-73,19],[-88,-17],[-126,-44]],[[97202,22521],[-11,70]],[[97191,22591],[21,-1],[104,63],[61,12],[6,32]],[[97383,22697],[29,-12]],[[97412,22685],[73,-28]],[[97412,22685],[51,11]],[[96917,22409],[49,75],[-72,16]],[[96894,22500],[8,40]],[[96902,22540],[41,24],[8,51],[-57,55],[91,167],[116,-19],[73,-140]],[[97174,22678],[65,19]],[[97239,22697],[-10,-80],[-38,-26]],[[97202,22521],[-189,-92]],[[97239,22697],[85,15],[59,-15]],[[96089,22732],[35,-83],[5,-74],[-38,-88],[-117,-8],[-28,24],[19,61],[-52,28]],[[95913,22592],[-22,51]],[[95891,22643],[44,20],[25,151]],[[95960,22814],[39,-6],[23,-65],[67,-11]],[[96207,22711],[42,7]],[[96249,22718],[47,-16],[0,-34]],[[96296,22668],[-12,-47],[-63,-26]],[[96221,22595],[-18,38],[4,78]],[[96585,22869],[-4,-83],[122,21]],[[96703,22807],[7,-69]],[[96710,22738],[-71,12],[-63,-36]],[[96576,22714],[-59,-86],[-7,-41],[-55,-39]],[[96455,22548],[25,92],[-52,2]],[[96428,22642],[-83,49]],[[96345,22691],[31,24],[-30,69],[-3,79]],[[96343,22863],[15,85]],[[96358,22948],[38,-17],[137,-23],[52,-39]],[[96704,23003],[28,26]],[[96732,23029],[76,-12],[-19,-58],[80,-28]],[[96869,22931],[-76,-51],[-99,6]],[[96694,22886],[25,27],[15,85],[-30,5]],[[96345,22691],[-49,-23]],[[96249,22718],[-20,30],[5,82]],[[96234,22830],[42,51],[67,-18]],[[96688,22980],[16,23]],[[96694,22886],[-21,-62],[30,-17]],[[96585,22869],[11,59],[38,-5],[54,57]],[[96710,22738],[28,-27],[-3,-58],[-33,-24]],[[96702,22629],[-78,34]],[[96624,22663],[-52,18],[4,33]],[[96455,22548],[-51,-45]],[[96404,22503],[-19,28]],[[96385,22531],[38,56],[5,55]],[[97091,23182],[-10,-77]],[[97081,23105],[-18,-125],[-19,3],[-22,-128],[-83,36],[8,71],[-54,11],[-24,-42]],[[96732,23029],[42,57],[124,-24],[20,27],[14,117],[159,-24]],[[96894,22500],[-16,-60],[-74,35],[-41,-39]],[[96482,22398],[55,89],[-34,61],[5,30],[92,-14],[24,99]],[[96702,22629],[-8,-45],[57,-26],[151,-18]],[[96308,22149],[11,63],[-49,23],[23,123],[30,-5],[0,103]],[[96323,22456],[8,6]],[[96331,22462],[76,-20],[-3,61]],[[97081,23105],[48,-4],[21,-49],[50,-6],[26,-46],[189,-25],[34,31]],[[97449,23006],[34,-35],[78,-20],[36,50],[76,31],[29,-45],[98,8]],[[97800,22995],[-15,-26],[-69,-28],[-52,-38],[-41,-60],[-9,-54],[-78,7],[-29,37],[-31,-39],[-69,-19],[-39,30],[-79,11],[-51,23],[-33,-35],[43,-62],[-62,-26],[-12,-38]],[[96089,22732],[19,19],[72,-34]],[[96180,22717],[27,-6]],[[96221,22595],[21,-100],[81,-39]],[[95750,21944],[-44,33],[-90,-6],[-31,-78],[-108,-25],[-101,37],[-54,-15]],[[95322,21890],[-66,54],[12,75],[-89,104]],[[95179,22123],[25,27],[-10,150],[47,0],[172,-42],[33,89],[-4,43],[-41,42],[125,48],[47,-25],[37,15],[63,-9],[38,33],[71,19],[131,79]],[[96385,22531],[-36,4],[-18,-73]],[[94399,22453],[-42,76],[-1,38],[-87,53],[-23,36],[27,55],[36,152],[-132,79],[41,22],[11,42],[-51,7],[18,47],[-12,117],[11,71],[36,22],[22,56],[69,29]],[[94322,23355],[42,48],[75,18]],[[94439,23421],[62,-22],[-4,-168],[-32,-62],[-35,-111],[35,-33],[-16,-46],[3,-68],[89,-41],[56,-91],[65,27],[130,4],[14,33],[-32,60],[29,45],[21,111],[-13,35],[-65,27],[-38,93],[-38,47],[22,39],[-22,37],[14,73],[24,35],[64,-20],[68,7],[10,42],[-29,41],[42,24],[89,-26],[7,-18],[85,-15],[61,60],[39,-26],[-9,-49],[32,-37]],[[95167,23428],[-17,-28],[-65,13],[-3,-47],[-35,-17],[-8,-51],[20,-35],[72,16],[-2,-77],[-56,-327],[-111,18],[-18,-136],[-68,-9],[-53,-32],[-38,-59],[-44,-24],[-113,-14],[-84,-56],[-56,-65],[-89,-45]],[[94654,23896],[-14,32]],[[94640,23928],[145,-24]],[[94785,23904],[28,-89],[-60,-27],[4,-86],[43,-25],[-27,-166],[-83,39],[-23,66],[4,44],[-53,44],[13,24],[-2,122],[25,46]],[[94322,23355],[-41,49],[-51,18],[-17,125],[-38,13],[-53,-51],[-72,27],[-55,-34],[-113,-36]],[[93882,23466],[-26,7],[-57,94],[37,43],[-2,46],[60,60],[-23,51],[-77,65],[-24,86],[29,29],[-38,41],[-120,32],[-1,24],[-205,29],[-23,10],[-89,-92],[-2,-42]],[[93321,23949],[-122,18]],[[93199,23967],[18,33],[-35,37],[7,86],[-67,33],[16,76],[38,39]],[[93176,24271],[-3,-82],[80,-13],[81,77],[148,-24],[99,135],[37,66],[39,16],[94,76],[52,28],[45,87],[35,43],[72,40]],[[93955,24720],[43,-47],[30,6]],[[94028,24679],[65,-102],[98,-23],[87,-46],[59,46],[71,-33],[71,19],[62,-44],[69,48],[43,-6],[47,-39]],[[94700,24499],[-51,-23],[-50,-68],[-6,-96],[25,-63],[59,-59],[-38,-191],[1,-71]],[[94654,23896],[-83,10],[-11,-64],[21,-59],[-40,-9],[-12,-88],[-42,-37],[9,-76],[38,-41],[-19,-47],[-61,23],[-15,-87]],[[95179,22123],[-72,12],[-11,-63],[-148,23],[15,-52],[41,0],[22,-49],[-155,21],[-34,-16]],[[94837,21999],[-102,13],[-15,36],[-84,14],[-15,-26],[-147,49],[-19,-34],[38,-29],[31,-52],[9,-57],[-20,-68],[4,-41]],[[94517,21804],[-118,16],[-62,38],[6,116],[-36,29],[3,66]],[[94310,22069],[40,62],[22,67],[-4,88],[18,19],[-33,68],[45,36],[1,44]],[[95167,23428],[101,-44],[214,-28],[-7,-105],[56,-29],[40,52],[14,95],[-21,62],[-65,58],[-6,33],[50,24],[71,-4],[40,173]],[[95654,23715],[48,-8],[93,10],[35,43],[61,-17],[66,21],[86,84],[26,62]],[[96347,23288],[-24,-47],[47,-53]],[[96370,23188],[-84,-142],[-73,-13],[-90,8],[-33,-68],[-87,-17],[-54,-124]],[[95949,22832],[-27,41],[-91,23],[-52,-50],[-35,-64],[-23,-107],[88,-26],[27,-49],[32,-5],[23,48]],[[95949,22832],[11,-18]],[[94785,23904],[-19,45],[39,19],[89,-15],[25,-23],[56,12]],[[94975,23942],[-13,-84],[18,-27],[99,-26],[5,33],[195,-32],[52,-58],[43,13],[10,60],[78,7],[18,18],[71,-16],[28,23],[44,-76],[34,-17],[-3,-45]],[[96180,22717],[-12,42],[16,79],[50,-8]],[[96370,23188],[36,-31],[-8,-109],[-29,4],[-11,-104]],[[94975,23942],[40,29],[106,-29],[46,34],[67,-2],[65,-35],[28,-61],[38,40],[109,-4],[24,27],[65,1],[32,91],[55,18],[52,39],[146,-11],[102,1],[51,31],[87,-16],[-6,-43],[30,-41]],[[94840,24511],[195,18]],[[95035,24529],[1,-1]],[[95036,24528],[27,-69],[82,-80],[4,-78],[-24,-107],[-42,-23],[-73,14],[-14,53],[-45,12],[-54,136],[-86,32],[29,93]],[[94700,24499],[59,18],[81,-6]],[[95036,24528],[95,-7],[7,41],[164,9],[49,13],[73,-12],[2,-82],[128,-32],[11,42],[47,49],[17,45],[42,-3],[57,72],[72,0],[36,23],[14,71],[-40,66],[-6,58],[13,73]],[[95817,24954],[15,7],[98,-50],[44,-5],[67,70],[85,26],[37,35],[16,71]],[[96179,25108],[97,-14],[38,-86],[62,-13],[29,-71],[48,12]],[[96453,24936],[-9,-80],[18,-36],[-21,-117],[28,-16],[145,-19],[-14,-70],[-45,-29],[-15,-74],[-73,20],[-78,-68],[-62,-92],[-24,-54],[22,-96],[-82,-76],[-4,-25]],[[95035,24529],[22,100],[-31,41],[23,121],[73,-13],[46,17],[24,67],[45,10],[22,-44],[95,25],[-12,38]],[[95342,24891],[61,47],[71,-14],[34,54],[6,93],[-96,122]],[[95418,25193],[27,57],[33,-33],[104,12],[28,-43],[98,-21],[111,-40],[-5,-76],[22,-28],[-19,-67]],[[94028,24679],[43,26],[56,85],[44,-20],[28,33],[81,-22],[4,46],[45,-8],[12,74],[62,-1],[153,-30],[62,27],[107,-23],[26,-47],[127,50],[55,68],[-17,45],[-59,11],[12,70],[118,38],[81,-19],[3,-46],[78,-32],[43,-38],[-1,-29],[151,-46]],[[96032,26063],[84,-27],[-3,-81],[-27,-60],[90,-97],[-22,-135],[-27,25],[-39,-19],[-8,-52],[22,-48],[102,-57],[-1,-81],[-30,-86],[-84,14],[37,-57],[10,-49],[-12,-95],[17,-57],[38,7]],[[95418,25193],[-35,7],[-36,116],[-32,6],[-29,74],[-87,34],[6,79],[-103,8]],[[95102,25517],[-51,75]],[[95051,25592],[88,45],[4,40]],[[95143,25677],[109,-31],[57,12],[-6,44],[23,174],[-77,-16],[-192,43],[30,178],[119,-19],[-10,88],[-31,32],[-64,-17],[-93,22],[-37,-13],[-95,16],[-64,-23]],[[94812,26167],[-38,49],[-25,-79],[-37,-49],[-98,15],[-4,-28],[-87,24],[-48,-9]],[[94475,26090],[-46,60]],[[94429,26150],[-79,24],[21,127],[97,-30],[60,19],[40,131],[59,-2]],[[94627,26419],[33,0],[50,-37],[107,49],[26,148],[53,-23],[108,-20]],[[95004,26536],[-1,-64],[41,-50],[-37,-87],[124,-6],[85,52],[44,-28],[80,-10],[47,-22],[25,70],[60,-9]],[[95472,26382],[46,-27],[14,-39],[39,-12],[-4,-77]],[[95567,26227],[-25,5],[-43,-62],[-20,-104],[46,8],[50,-45],[80,2],[2,-23],[68,-25],[58,-67],[33,-70],[82,-17],[38,-27],[14,-49],[66,-11],[-10,56],[-53,146],[-27,49],[53,9],[24,60],[29,1]],[[94639,26443],[-5,37],[-49,40],[34,152]],[[94619,26672],[127,-25],[-6,-70],[-45,-62],[0,-58],[-56,-14]],[[94652,25500],[66,9],[12,175],[44,9]],[[94774,25693],[49,-24],[144,-43],[-4,-27],[58,-24],[30,17]],[[95102,25517],[-5,-30],[-97,-19],[-14,-41],[-83,-30],[-66,19],[-94,10],[-57,-7],[-34,81]],[[94774,25693],[15,93],[-45,1],[-166,36],[-11,42],[-58,35],[21,93],[-51,25],[-4,72]],[[94812,26167],[-8,-79],[41,-7],[98,-120],[46,-80],[38,-1],[16,-48],[48,-8],[-3,-46],[55,-101]],[[93955,24720],[-63,12],[-79,101],[-64,-63],[-50,43],[-107,-12],[-46,30],[-26,46],[1,69],[-41,42]],[[93480,24988],[81,-11],[10,59],[33,31],[10,45],[69,74],[101,38],[-28,66],[24,101],[132,38],[10,68],[-32,5],[23,143],[29,118],[55,-9],[37,-44],[58,-9],[17,-52],[109,-39],[42,-47],[32,56],[78,13],[6,34],[112,-18],[0,-61],[60,-9],[24,-33],[80,-45]],[[95004,26536],[61,-1],[74,33],[123,26],[73,-12],[6,41],[47,-7],[72,-72]],[[95460,26544],[-34,-90],[53,-25],[-7,-47]],[[95457,27436],[65,35]],[[95522,27471],[44,-38],[-21,-60],[29,-65],[55,-81],[17,-52]],[[95646,27175],[-95,-4],[12,-50],[-115,23],[-35,-29],[20,-59],[-42,-120],[-12,-111],[-17,-42],[77,10],[83,-29],[37,-74],[59,-7],[-14,-61],[31,-24],[60,4],[46,24],[33,-37],[-10,-45],[-50,-52],[-8,-39]],[[95706,26453],[-24,-26],[-82,13],[15,50],[-32,34],[-72,25],[-51,-5]],[[94627,26419],[12,24]],[[94619,26672],[-42,41],[-19,45],[26,24],[-17,114],[92,62],[-19,44],[-75,40],[-40,39]],[[94525,27081],[34,100],[59,-4],[164,-31],[29,54],[59,34],[80,-14],[57,10],[136,-34],[56,87],[74,-17],[59,45],[14,108],[99,-18],[12,35]],[[94525,27081],[-41,22],[-35,-32]],[[94449,27071],[-45,45],[41,67],[-39,15],[-13,50],[15,101],[-8,76],[-20,31],[-66,-22],[-70,16],[-83,43]],[[94161,27493],[-6,61],[-36,-9],[-27,32],[12,79],[-61,236],[28,56],[93,-14],[78,11],[8,50],[38,30],[69,95],[2,53],[-25,70]],[[94334,28243],[86,-42],[86,44],[78,-20],[19,-57],[58,-14],[-10,-58],[144,-15],[54,23],[26,-31],[132,-20],[44,15],[62,-48],[36,7],[61,-22]],[[95210,28005],[44,-87],[-23,-107],[44,-22],[51,28],[29,-28],[59,12],[39,-24],[17,-55],[-37,-36],[9,-64],[-27,-97],[17,-77],[25,-12]],[[95804,27629],[-28,29],[8,39],[117,76],[50,9],[108,-10]],[[96059,27772],[23,3],[72,-45],[129,-33],[4,25],[76,-12],[1,-25],[76,-4],[52,39],[75,-8],[-9,-60],[-29,-38],[4,-59],[95,-2],[38,-44],[63,19],[80,-37],[33,53],[51,49],[49,-13],[8,38],[-31,26],[18,64],[36,-4],[49,-48],[43,-6],[24,104],[-25,29],[35,101],[-66,29],[48,64],[8,54],[48,-15],[22,78],[97,78]],[[97256,28172],[146,-41],[93,-4]],[[97495,28127],[-2,-58],[55,-13],[-9,-57],[42,-11],[106,11],[66,-25],[43,-79]],[[97796,27895],[1,-41],[67,-33],[4,-66],[-102,-67],[7,-27],[-39,-68],[-68,-19],[-18,-55],[61,-104],[14,-70],[52,-8],[0,-90],[86,-14],[6,39],[103,-39]],[[97970,27233],[-46,-59],[-73,0],[-125,-117],[-37,-51],[-4,-59],[-37,-91],[-27,-32],[3,-59],[-26,-51],[-41,-33],[-25,-84],[18,-65]],[[97550,26532],[-155,38],[-35,-28],[-38,95],[-89,31],[-54,65],[-83,3],[-99,-38],[-88,12],[-117,-32]],[[96792,26678],[36,256],[-55,-8],[-67,18],[-55,-23],[-23,67],[23,46],[-30,32],[-91,17],[-34,82],[7,42],[-147,16],[-24,72],[18,60],[-24,54],[-74,10],[8,52],[-45,31],[9,55],[-65,12],[-25,49],[-39,6],[-11,38],[-46,24],[1,-87],[-83,-32],[-6,-52],[-79,-21],[-39,112],[-28,23]],[[95783,26332],[117,-27]],[[95900,26305],[-12,-107],[130,-15],[31,-11],[-17,-109]],[[95567,26227],[57,-57],[48,11],[3,37],[81,4],[27,110]],[[95706,26453],[35,-74],[-8,-36],[50,-11]],[[97434,25226],[-302,49],[5,-69],[-125,22],[-146,-24],[4,-62],[41,-17],[27,-50],[-34,-25]],[[96904,25050],[-46,-33],[-1,-75],[-117,33],[-15,28],[-84,-13],[-58,40],[-71,-22],[-44,17],[-15,-89]],[[95900,26305],[43,17],[25,86],[14,177],[49,-8],[40,63],[-30,54],[-56,44],[-2,79]],[[95983,26817],[8,31],[87,-14],[35,15],[-7,42],[23,37],[47,-3],[109,-69],[18,45],[68,-33],[42,-91],[0,-58],[24,-39],[-24,-53],[-9,-73],[87,-14],[73,38],[47,-7],[48,-54],[34,85],[33,-3],[66,79]],[[97550,26532],[34,-91],[223,-42],[-20,-37],[12,-54],[-37,-49],[67,-54],[57,-23],[9,-29],[-18,-94],[25,-43]],[[97902,26016],[-33,-21],[-25,-156],[-109,17],[-55,-27],[-42,29],[-92,-5],[24,-92],[-24,-81],[-42,3],[-42,-234],[-60,-35],[-2,-61],[26,-49],[8,-78]],[[95646,27175],[161,-121],[-6,-36],[49,-38],[36,-63],[78,-50],[19,-50]],[[92203,26848],[-122,0],[-20,118],[29,34],[-48,70],[-59,-34],[-77,-67],[-45,63],[-198,-102]],[[91663,26930],[43,297]],[[91706,27227],[30,-4],[22,152],[48,3],[184,-30],[-29,57],[73,-12],[21,-40],[114,-16],[43,-100],[-29,-38],[-10,-69],[-23,-48],[91,-8],[-18,-68],[-107,21],[50,-61],[37,-118]],[[92569,26535],[144,-22],[3,-12],[154,-23],[50,54],[200,-45],[-9,-57],[81,-11]],[[93192,26419],[-10,-59],[-77,0],[-47,-93],[22,-53],[-24,-81],[71,-68],[24,-49],[45,10],[31,-39],[-4,-36],[-85,5],[19,-40],[-9,-60],[-24,-21],[37,-59],[-7,-44],[58,-78]],[[93212,25654],[-21,-79],[77,-13],[-27,-174],[-34,-43]],[[93207,25345],[-96,14],[-77,32],[-33,-19],[-56,8],[-107,98],[-123,17],[-44,-56],[-9,-56],[57,2],[-12,-61],[-68,10],[4,29],[-96,10],[31,-56],[-39,-68],[51,-13],[-6,-60],[-73,8],[-54,-34]],[[92457,25150],[-123,81],[-36,33],[-70,-44]],[[92228,25220],[-2,26],[-173,26],[27,69],[-81,4],[-75,-15],[9,75]],[[91933,25405],[24,62],[32,20],[18,56],[67,10],[11,95],[20,49],[-58,23],[-14,39]],[[92033,25759],[60,99],[30,115],[-43,6],[12,93],[-12,87],[70,12],[27,-37],[206,-32],[37,-14],[24,160],[49,-15],[19,134],[94,66],[32,50],[-69,52]],[[95522,27471],[3,39],[51,9],[0,36],[112,-52],[-6,-36],[104,-23],[18,185]],[[95210,28005],[45,0],[43,198],[-36,6],[-26,60],[8,38],[-73,60],[-12,42],[49,16],[-23,76]],[[95185,28501],[64,16],[12,-29],[82,-19],[25,-51],[107,-13],[8,-89],[72,-55],[103,14],[46,-36]],[[95704,28239],[-1,-85],[41,9],[35,-29],[-7,-52],[-31,-39],[-15,-98],[73,-17],[82,22],[58,-12],[35,-114],[36,-1],[15,52],[47,-8],[-13,-95]],[[95185,28501],[25,62],[56,-1],[19,49],[-13,42],[-57,12]],[[95215,28665],[-3,81],[12,99],[47,-7],[26,24],[60,-6],[9,77],[-41,36],[3,111],[65,17],[43,60],[17,86],[-29,4],[-11,57],[-121,18],[-23,26],[18,49],[-102,97],[-21,55],[-71,25]],[[95093,29574],[76,10],[42,28],[-25,48]],[[95186,29660],[48,9],[12,87],[-7,54],[-55,102],[-10,91],[6,93],[138,-34],[0,-20],[129,-20],[21,31]],[[95468,30053],[25,-21],[-4,-81],[50,-131],[42,-32],[-38,-122],[-55,-37],[24,-85],[37,-11],[62,12],[44,-43],[3,-34],[53,-9],[31,25],[80,-12],[40,10],[-31,-96],[9,-73],[90,-31],[121,-59],[43,-9],[46,84]],[[96140,29298],[37,-52],[115,-8],[74,-25],[-8,-46],[43,-94],[7,-67],[-49,-15],[-71,12],[-36,-39],[22,-40],[1,-90],[-49,-29],[-72,38],[-3,-78],[144,10],[-2,-41],[198,-29],[3,-29]],[[96494,28676],[24,-51],[-53,-153],[-38,-19],[-95,2],[-71,20],[-28,34],[-18,76],[-87,-10],[-8,-46]],[[96120,28529],[-53,38],[-71,24],[8,53],[-56,-12],[-24,-29],[-62,53],[-33,-22],[-5,-46],[40,-31],[-45,-82],[-50,-27],[22,-47],[-7,-62],[-62,10],[-18,-110]],[[96191,29429],[-10,-65],[-41,-66]],[[95468,30053],[0,63],[-25,80],[-46,53],[-27,60],[69,-11],[9,39],[-25,66],[43,45],[9,63]],[[95475,30511],[19,-21],[65,-9],[6,46],[121,-19],[-15,-99],[118,46],[32,67],[11,103],[43,-7],[27,-42],[105,-70],[-5,-71],[20,-61],[5,-128],[-12,-71],[69,-81],[-11,-47],[47,-37],[48,11]],[[96168,30021],[26,-89]],[[96194,29932],[-272,39],[51,-40],[12,-58],[54,11],[-14,-57],[70,-24],[5,-66],[46,-13],[-22,-53],[-20,-109],[52,-49],[35,-84]],[[95704,28239],[122,23],[97,-21],[49,-23],[30,32],[9,59],[49,-7],[35,35],[9,58],[117,-5],[-45,54],[-57,1],[-28,27],[29,57]],[[96494,28676],[36,-6],[39,-52],[36,-4],[30,-66],[62,30],[38,-5],[38,27],[53,-24],[66,-6],[49,31],[91,-32],[36,15],[46,-17],[-8,-80],[42,-24],[-9,-119],[50,-59],[20,18],[107,-1],[-50,-54],[-10,-76]],[[97959,28644],[13,-28],[-43,-45],[-45,-15],[-75,-95],[47,-34],[17,-94],[42,-38],[20,-56],[-25,-51],[22,-56]],[[97932,28132],[-36,-39],[18,-51],[-10,-71],[-108,-76]],[[97495,28127],[26,62],[31,16],[22,59],[-19,49],[1,56],[29,49],[1,87],[19,76],[124,15],[40,39],[25,-59],[49,-8],[22,71],[94,5]],[[96191,29429],[51,3],[24,-46],[85,56],[32,-47],[-3,-36],[99,-16],[93,12],[82,-45],[132,71],[68,9],[52,-19],[-1,-29],[92,-3],[174,-21],[42,33],[89,-9],[40,-109],[55,82],[3,59],[87,-2],[42,30],[-21,58],[-27,150],[-24,55]],[[97457,29665],[358,-63],[12,47],[43,26]],[[97870,29675],[143,-23],[7,-49],[-21,-116],[-28,-26],[42,-126],[-47,-57],[21,-109],[52,-21],[65,-57],[77,-10],[4,-74],[-36,-64],[-38,41],[-59,12],[-28,-19],[5,-87],[-50,-32],[-20,-214]],[[96194,29932],[56,-85],[25,-60],[65,29],[-1,68],[47,21],[36,-33],[102,29],[13,86],[191,-31],[38,-32],[133,-14],[-48,-100],[156,-24],[-16,-76],[105,-32],[19,-35],[73,5],[9,37],[59,0],[0,-46],[115,2],[18,28],[68,-4]],[[98073,30106],[-52,-42],[14,-53],[-35,-69],[14,-38],[-33,-22],[-76,-16],[-79,-70],[-14,-50],[58,-71]],[[96168,30021],[52,-7],[110,124],[9,39],[43,22],[5,65]],[[96387,30264],[103,15],[7,88],[21,21],[60,-2],[9,62],[-29,3],[12,72]],[[96570,30523],[76,16],[51,35],[71,70],[36,9],[34,-99],[48,-47],[8,-40],[52,25],[33,-39],[25,44],[0,62],[28,12]],[[97032,30571],[102,-27],[35,-61],[-5,-38],[56,-49],[44,41],[22,72],[38,50],[-11,30]],[[97313,30589],[36,82],[-37,17],[33,46],[4,45]],[[97349,30779],[12,153],[59,48],[-9,81],[20,69],[24,15],[2,126]],[[97457,31271],[30,31],[-38,41],[44,91],[-3,52]],[[97490,31486],[86,63],[38,-13]],[[97614,31536],[-3,-58],[-37,-87],[-51,-29],[120,-14],[83,-94],[9,-47],[54,-9]],[[97789,31198],[85,-9],[39,-28],[-12,-79],[29,-48],[30,-7]],[[97960,31027],[40,-50],[-27,-89],[-60,-104],[15,-66],[-10,-69],[37,-22],[-31,-75],[-36,3],[-22,-77],[25,-34],[-12,-87],[41,-48],[53,27],[14,40],[51,-24],[-4,-49],[30,-31],[-36,-66],[60,-10],[-15,-90]],[[97591,31079],[75,9],[-17,61],[1,71],[-83,13],[-18,-93],[42,-61]],[[93192,26419],[58,10]],[[93250,26429],[75,-33],[40,12],[3,127],[79,3],[-18,-111],[42,-6]],[[93471,26421],[19,-38],[-30,-197],[115,-26],[77,9],[7,41],[120,-25],[16,-32],[-52,-54],[-15,-39],[-1,-111],[-24,-150]],[[93703,25799],[-20,-41],[-53,9],[-10,-81],[-72,3],[-154,22],[-60,-6],[-23,-51],[-99,0]],[[93471,26421],[126,-7],[49,77],[1,51],[-20,76],[60,-3],[7,46],[170,-30],[19,-35],[42,-6],[8,55],[48,-6],[10,139],[151,-17],[7,-89],[56,-4],[98,19],[21,61],[-1,59],[39,36],[28,112],[-14,53],[70,40],[3,23]],[[94429,26150],[-74,-53],[-26,38],[-47,-17],[-69,-1],[-46,-17],[-66,7],[-29,-133],[-64,4],[-51,-65],[-4,-53],[-36,-28],[-13,-79],[-203,33],[2,13]],[[93480,24988],[-50,66],[-42,-3],[-48,27],[-72,-3],[-81,34]],[[93187,25109],[10,69],[-66,42],[26,58],[46,0],[4,67]],[[93250,26429],[8,54],[39,-5],[6,120],[37,3],[33,47],[-12,46],[24,126],[62,16],[20,170]],[[93467,27006],[44,12],[52,-21],[138,-17],[60,15],[27,51],[56,41],[81,-44],[24,153],[-58,13],[13,96],[58,28],[21,68],[-65,103],[13,72],[108,-7],[69,-25],[-26,-42],[79,-9]],[[91423,27808],[42,270],[-104,32],[59,147],[38,273]],[[91458,28530],[95,-4],[5,29],[64,-10],[-7,-48],[80,4],[25,23],[67,-8],[13,87],[83,-58],[75,-19],[36,163],[60,-9],[-7,-48],[66,-22],[10,75],[64,-10],[26,-29]],[[92213,28646],[-26,-73],[81,-26],[22,-41],[-5,-45],[91,-12],[43,-43],[-7,-50],[20,-36],[-13,-115],[-39,6],[-7,-58],[-80,-6],[-22,-69],[-64,8],[-31,-142],[-42,6],[-23,-63],[-59,-42],[-16,-188],[-19,-12],[-103,25],[-42,30],[0,72],[-138,0],[-44,42],[-65,19],[-159,-5],[-43,-20]],[[91458,28530],[20,116],[72,1],[8,56],[-65,-15],[-87,13],[-4,-30],[-133,14],[5,32]],[[91274,28717],[-42,79],[53,41],[111,-24],[11,84],[127,-17],[58,-21],[14,32],[69,-10],[9,73],[-27,8],[9,116],[58,-8],[57,30],[19,136]],[[91800,29236],[37,-43],[55,-22],[6,40],[56,-9],[13,-25],[75,-12],[51,7],[-6,-47],[65,-38],[-9,-59],[40,4],[89,-79],[40,15],[105,-11],[-12,-80],[48,23],[-15,-108],[167,-26]],[[92605,28766],[13,-86]],[[92618,28680],[-51,-3],[-32,33],[-86,10],[-52,35],[-38,-16],[-10,-75],[-81,12],[-7,-37],[-48,7]],[[92569,26535],[-23,4],[-183,-89],[-93,251],[-47,21],[-27,94],[7,32]],[[91706,27227],[-166,24],[-52,-79],[-66,9],[-47,-23],[-6,-38],[-98,34]],[[91271,27154],[5,30],[67,8],[12,83],[-27,5],[35,237],[-148,-39],[-38,19],[38,253],[53,19],[40,48],[115,-9]],[[92618,28680],[39,-36],[21,-82],[32,-13],[-9,-63],[5,-90],[153,-22],[-17,-136]],[[92842,28238],[-25,-189],[98,-38],[-11,-72],[50,-36],[53,-12],[18,-28],[-28,-122],[-29,-18],[-22,-143],[55,-9],[-9,-60],[46,-7],[-24,-155],[57,-24],[-7,-45],[63,13],[27,36],[88,-18],[-24,-116],[-56,10],[-11,-54],[-39,-64],[68,-11],[59,-42],[69,61],[39,-6],[28,29],[-4,67],[-31,30],[-23,124],[154,-26],[-14,-92],[39,-8],[10,-59],[-14,-141],[-25,-7]],[[92842,28238],[9,12],[133,-14],[55,-26],[137,-23],[3,26],[86,-22],[58,59],[66,-8],[3,27],[108,-5],[31,52],[50,38],[72,13],[161,-24],[47,51],[6,61],[-28,9],[16,111],[24,48]],[[93879,28623],[47,38],[146,-21],[2,-97],[70,-11],[44,-29],[15,-35],[89,-15]],[[94292,28453],[-16,-91],[46,-7],[-2,-81],[14,-31]],[[93187,25109],[-23,-145],[-38,5],[-9,-82],[-63,20],[-17,-45],[32,-86],[-39,-29],[-94,5],[-73,-14]],[[92863,24738],[-89,5],[-89,36],[41,67],[-9,22],[-89,15],[-8,-26]],[[92620,24857],[-125,20],[36,180],[-31,31],[-78,21],[35,41]],[[92033,25759],[-116,27],[-35,68],[11,34],[-37,91],[1,80],[-30,42],[-4,59],[-102,23],[-16,16]],[[91705,26199],[12,89],[54,139],[-26,69],[-57,34],[96,84],[-82,57],[-63,85],[24,174]],[[92605,28766],[32,191],[45,-14],[62,35],[43,47],[74,-56],[65,42]],[[92926,29011],[113,-124],[-8,-46],[67,-2],[-6,-38],[74,-34],[-7,-49],[95,-25],[15,81],[66,-10],[-11,-82],[64,-29],[1,-33],[58,-9],[6,30],[104,-2],[-2,-34],[109,2],[68,-13],[9,24],[74,-1],[30,19]],[[93845,28636],[34,-13]],[[92926,29011],[55,35],[42,-17],[79,-73],[32,148],[41,-49],[20,59],[16,103],[75,-62],[38,3],[65,-29],[13,-45],[78,-18],[77,10],[37,-43],[136,-17],[54,-83],[36,-2],[33,-124],[-8,-171]],[[94186,28947],[-259,30],[30,43],[10,64],[-100,27],[33,35],[3,64],[-50,62],[9,61],[-51,7],[29,142],[2,85],[27,147],[27,67],[41,26],[103,-12],[11,82],[40,16],[57,-23],[-36,-228],[51,-38],[70,-3],[121,-24]],[[94354,29577],[-3,-72],[-20,-13],[-21,-121]],[[94310,29371],[-33,37],[-83,13],[-11,-144],[-50,10],[-30,-186],[43,-81],[38,-5],[2,-68]],[[93710,30743],[40,15],[8,55],[58,-20],[-5,-36],[97,-7],[29,-80],[67,49],[54,-85],[64,21]],[[94122,30655],[42,-105],[-35,-28],[45,-59],[-23,-24]],[[94151,30439],[-74,-77],[42,-45],[30,7],[-17,-117],[56,-30],[5,-37],[-25,-159],[50,-7],[-5,-36],[102,-18],[72,-35]],[[94387,29885],[-9,-180],[-24,-128]],[[94186,28947],[-31,-222],[39,-6],[-8,-61],[105,-15]],[[94291,28643],[-12,-30],[32,-73],[-19,-87]],[[91800,29236],[24,171],[39,16],[23,164],[45,31],[42,88],[-58,32],[14,29]],[[91929,29767],[-7,48],[27,148],[71,-11],[13,-20],[73,-11],[160,31],[175,-3],[32,-30]],[[92473,29919],[84,-64],[125,-20],[95,-55],[22,71],[35,32],[39,-19],[21,72],[68,6],[3,51],[71,-16],[46,-83],[46,-35],[118,81],[-27,72],[82,-12],[63,7],[9,68],[30,16],[11,75],[24,57],[-10,68],[49,-7],[12,87],[-55,8],[36,63],[29,102],[82,-12],[46,36],[7,43],[94,-14],[-31,43],[13,103]],[[94310,29371],[55,-19],[93,1],[75,-68],[-11,-67],[98,-42],[-33,-55],[-76,-29]],[[94511,29092],[-48,8],[7,-57],[69,-57],[-35,-30],[25,-57],[-1,-62],[-95,3],[-140,23],[-25,-29],[5,-109],[18,-82]],[[94776,28921],[-71,12],[-80,43],[-30,-30],[-33,68],[-55,9],[4,69]],[[94387,29885],[6,118],[93,8]],[[94486,30011],[14,-52],[-10,-76],[112,-63],[40,4],[111,49],[124,23],[51,-9],[-34,91],[39,48],[152,-25]],[[95085,30001],[21,-54],[-22,-110],[37,-49],[6,-43],[35,-12],[24,-73]],[[95093,29574],[-47,8],[0,-83],[-56,-54],[-18,-131],[24,-34],[-4,-78],[-61,22],[-37,-15],[-18,-115],[-39,6],[-8,-57],[-35,6],[-18,-128]],[[95215,28665],[-103,103],[-17,-97],[-152,-23],[23,145],[-12,30],[15,65],[-126,21],[-1,-48],[-73,12],[7,48]],[[92473,29919],[3,70],[70,-9],[1,114],[72,-7],[13,90],[-35,5],[8,59],[24,20],[54,-6],[55,16],[30,72],[-82,13],[-1,44],[38,13],[1,92],[-75,28],[22,160],[5,125],[81,-12],[-46,63],[29,28],[-66,89],[-47,-45],[-52,-13],[10,74]],[[92585,31002],[53,18],[43,-11],[76,116],[-2,24],[46,64],[91,41],[86,-7],[56,11]],[[93034,31258],[40,-57],[33,13],[60,-35]],[[93167,31179],[29,-43],[52,41],[60,-10],[154,28],[204,-18]],[[93666,31177],[-16,-103],[-42,7],[-20,-157],[67,-7],[69,-79],[-14,-95]],[[91929,29767],[-130,71],[-41,-78],[-154,85],[53,56],[-69,48],[6,46],[51,-2],[-5,67],[12,109],[36,69],[132,97],[74,-7],[29,53],[-428,0],[-624,0]],[[90871,30381],[22,157],[-42,6],[-14,36],[21,112],[35,-7],[-6,-53],[150,-21],[1,-94],[98,-13],[51,96],[268,-38],[13,112],[21,-2],[34,261]],[[91523,30933],[193,-23],[-39,-70],[29,-30],[-17,-109],[25,-55],[-82,-14],[-45,-63],[179,-23],[-9,-73],[166,128],[103,64],[-61,84],[150,118],[-31,53],[113,93]],[[92197,31013],[132,-173],[54,28],[48,49],[59,15],[25,42],[70,28]],[[94486,30011],[20,66],[-17,48],[18,112],[31,48],[-189,14],[-90,66],[-46,-8],[-62,82]],[[94122,30655],[243,81],[115,128],[57,-24],[140,-18],[-10,-76],[97,-28],[117,-20]],[[94881,30698],[-42,-87],[8,-80],[25,-31],[-34,-121],[26,-48],[71,-70],[9,-37],[54,-18],[88,-138],[-1,-67]],[[94613,31075],[-8,-24],[76,-24],[30,-45],[66,3],[69,-52],[100,-21],[-13,-84],[-52,-130]],[[93666,31177],[28,5]],[[93694,31182],[29,4],[91,58],[82,-6],[156,61],[85,-41],[38,39],[101,35],[65,-71],[36,-6],[25,-70]],[[94402,31185],[49,-52],[42,-3],[47,-59],[73,4]],[[94613,31075],[89,-20],[85,32],[32,-30],[57,-12],[66,48],[55,-4],[44,41],[44,3]],[[95085,31133],[75,-42],[37,-6],[-30,-216],[-129,21],[-3,-66],[232,-35],[-1,-11],[141,-95],[28,-45],[-15,-118],[55,-9]],[[97221,23646],[11,-160],[-20,-50],[-45,27],[-42,-3],[16,-62],[0,-114]],[[97141,23284],[-92,65],[-40,3],[-8,40],[20,133],[-52,30],[-21,133],[-53,-6],[-86,27],[-48,68],[-7,56],[-36,98],[-49,56]],[[96669,23987],[68,49],[50,-4],[29,-33],[50,-6],[62,-120],[141,-23],[-13,-93],[46,-8],[-4,-45],[100,-20],[23,-38]],[[96688,22980],[-57,44],[-44,-3],[-8,39],[27,96],[-11,76],[24,12]],[[96344,24080],[41,12],[85,-41],[107,-73],[42,20],[50,-11]],[[97141,23284],[-50,-102]],[[97549,24441],[-5,-73],[60,-71],[71,-12],[10,-74],[-30,-67],[-45,-46],[-98,55],[-42,-239]],[[97470,23914],[-25,-141],[52,-162],[-81,2]],[[97416,23613],[-195,33]],[[96904,25050],[61,-52],[17,-58],[50,-31],[45,-5],[145,-85],[26,13]],[[97248,24832],[-20,-117],[-32,-16],[-3,-55]],[[97193,24644],[-6,-39],[63,-10],[9,-34],[77,-35],[60,0],[42,-67],[57,8],[54,-26]],[[97449,23006],[25,13],[24,129],[-34,6],[11,72],[24,37],[-66,56],[-55,83],[38,211]],[[97470,23914],[97,-102],[7,-45],[52,-78],[43,-94],[47,7],[-13,74],[17,69],[-12,23],[25,94],[-44,87],[83,4]],[[98028,23792],[-59,-88],[19,-21],[-2,-138],[13,-51],[111,-26],[-14,-49],[26,-46],[32,18],[47,-12]],[[98201,23379],[-7,-114],[-123,-41],[-143,-76],[-50,-38],[-60,-69],[-18,-46]],[[97193,24644],[40,1],[74,-81],[13,60],[-9,81],[21,66],[-31,8],[-53,53]],[[97434,25226],[3,-14]],[[97437,25212],[25,-60],[99,-22],[-25,-75],[-34,-19],[-100,26],[10,-56],[52,-16],[-21,-97],[23,-46],[-35,-69],[79,-65],[42,-6],[-30,-67],[26,-47],[60,-9],[-4,-30],[47,-36],[120,-13],[-3,-56],[-49,-14],[-36,-66],[-31,5],[-51,55],[-52,12]],[[98401,24588],[26,-34]],[[98427,24554],[-42,-82]],[[98385,24472],[-43,29],[-31,-29],[-70,44],[0,56],[-29,20],[41,67],[148,-71]],[[98427,24554],[24,-39],[66,-20],[13,43],[50,11]],[[98580,24549],[23,-33],[-89,-65]],[[98514,24451],[-71,-29],[-58,50]],[[98105,23989],[-2,66],[54,-22],[89,0]],[[98246,24033],[-49,-60],[-20,-77],[15,-67],[39,-9],[13,-39],[48,-29],[-77,-133],[-6,-65],[38,-54],[-46,-121]],[[97437,25212],[138,-21],[-23,101],[46,23],[19,-44],[-17,-84],[48,-43],[22,68],[35,-3],[52,31],[25,-49],[87,8],[18,-125],[48,18],[103,-49],[-14,82],[63,-5],[4,50],[51,-17],[-12,-66],[87,-24],[-6,-35]],[[98211,25028],[-44,-119]],[[98167,24909],[-67,15],[-50,-10],[-30,-61],[28,-27],[-1,-45],[34,-22],[-23,-68],[29,-98],[-27,-38],[-6,-53],[-33,-9],[-49,-94],[-84,-25],[-25,-107],[-33,2],[-29,-42],[14,-68],[39,-7],[21,-45]],[[98167,24909],[27,-18]],[[98194,24891],[-11,-31],[87,-60],[-4,-69],[53,2],[33,25],[68,-30],[-27,-45],[17,-37],[-9,-58]],[[98514,24451],[-107,-90],[-102,-135],[-60,-104],[1,-89]],[[99147,26337],[-24,4],[-57,83],[4,37]],[[99070,26461],[28,59]],[[99098,26520],[17,-21],[69,-13],[15,-76],[-52,-73]],[[98620,24962],[-3,-97],[-76,11],[-100,-60],[-138,21],[-71,49],[-38,5]],[[98211,25028],[88,59],[53,49],[50,16],[80,-19],[11,44],[63,-11],[19,22],[80,-16],[24,-38]],[[98679,25134],[-46,-75],[9,-56],[-22,-41]],[[98575,26538],[71,-132],[73,9],[79,51],[142,-24],[36,9],[3,64],[60,-20],[31,-34]],[[99147,26337],[-32,-111],[11,-64],[37,-21],[-117,-160],[-24,-43],[-43,-186],[18,-32],[-7,-103]],[[98990,25617],[-180,30],[-21,21]],[[98789,25668],[8,39],[65,56],[-36,147],[-104,63],[-11,-23],[-77,-5],[-32,-134],[-35,7],[-6,54],[-30,13],[1,60],[-117,4],[-75,53],[-64,-12],[-39,-68],[-88,-11]],[[98149,25911],[-59,25],[-124,-22],[-64,102]],[[97970,27233],[22,53]],[[97992,27286],[55,-27],[74,-79],[25,-7]],[[98146,27173],[47,-81]],[[98193,27092],[44,-47],[30,-167],[59,-42],[3,-26],[65,-70],[65,-96],[34,-9],[-34,-95],[73,-23],[43,21]],[[99047,26749],[9,-152],[42,-77]],[[98575,26538],[11,69],[24,26],[29,140],[95,-17],[-8,-45],[122,-14],[62,-57],[84,39],[9,41],[44,29]],[[98789,25668],[-31,-125],[-44,8],[-28,-25]],[[98686,25526],[-14,24],[-113,2],[-86,25],[-47,45],[-49,12],[-81,-2],[-17,21],[-135,21],[-25,81],[44,68],[42,26],[-56,62]],[[98620,24962],[137,5]],[[98757,24967],[16,-38],[-51,-51],[-38,-92],[21,-21],[-70,-90],[-50,-86],[-5,-40]],[[98899,25242],[-86,44],[-90,-11],[17,130],[-54,121]],[[98990,25617],[11,-16],[-62,-88],[-27,-56],[-13,-73],[41,-99],[-41,-43]],[[98679,25134],[39,53],[102,-37]],[[98820,25150],[-44,-74],[5,-54],[-24,-55]],[[98899,25242],[-79,-92]],[[98193,27092],[68,53],[22,-80],[99,-98],[-5,-31],[54,-24],[-6,-39],[53,-73],[73,-12],[66,101],[45,21],[87,-6],[34,65],[110,-17],[8,59],[-38,65]],[[98863,27076],[54,-9],[62,-31],[-15,-120],[59,5],[47,54]],[[99070,26975],[-35,-93],[-6,-72],[18,-61]],[[99095,27185],[-24,-62],[-1,-148]],[[98863,27076],[-4,28]],[[98859,27104],[13,64],[50,43],[67,-37]],[[98989,27174],[48,22],[58,-11]],[[98146,27173],[23,75],[228,-42],[72,5],[92,24],[123,-19],[49,54],[34,-70],[38,-17],[54,-79]],[[99239,27587],[-28,46],[-49,-47],[31,-49]],[[99193,27537],[-21,-34],[-41,3],[-40,-59],[-116,70],[-8,77],[-86,48]],[[98881,27642],[-116,29],[-39,36],[62,91],[-36,76],[-39,31],[-24,92],[22,62]],[[98711,28059],[19,-28],[63,-15],[103,66],[-15,95],[41,54],[121,30],[-17,63],[17,32],[75,8],[89,-14],[12,-21]],[[99219,28329],[-5,-75],[-29,-133],[106,-18],[-37,-45],[25,-27],[5,-51],[83,-36]],[[99367,27944],[-24,-34],[-50,-133],[4,-104],[-58,-86]],[[99239,27587],[-15,-47]],[[99224,27540],[-31,-3]],[[97932,28132],[45,0],[11,69],[43,46],[105,-14],[59,-18],[50,32],[19,83],[75,4],[113,-37],[34,20],[17,-63],[83,-25],[41,-37],[-20,-88],[30,-38],[74,-7]],[[98881,27642],[4,-38],[-64,10],[-9,-62],[-35,9],[-3,-65],[-33,-13],[-145,10],[-91,-8],[-137,62],[-71,-18],[-38,-48],[-46,34],[-33,-20],[-116,1],[-42,-77],[-49,-34],[19,-99]],[[99106,27282],[-19,27],[-78,21],[-39,-45],[19,-111]],[[99224,27540],[-37,-55],[-4,-57],[-61,-89],[-16,-57]],[[99106,27282],[-11,-97]],[[99219,28329],[54,21],[154,-9],[34,18]],[[99461,28359],[-64,-121],[13,-64],[-9,-59],[21,-21],[-17,-97],[-38,-53]],[[99565,28938],[-90,-34],[-15,-102],[-34,-8],[-10,-63],[32,-69],[64,-60],[11,-52]],[[99523,28550],[5,-65],[-20,-60],[-47,-66]],[[98073,30106],[71,-9],[81,6],[17,21],[56,-24],[15,33],[-22,53],[53,47],[24,-15],[72,17],[-25,-88],[45,-44],[49,-3],[42,-66],[3,-53],[96,-21],[39,-50],[0,-30],[-68,3],[-12,-34],[122,-19],[-15,-97],[182,6],[44,-29],[40,32],[67,-12],[35,-49],[19,-69],[27,-15],[25,-62]],[[99155,29535],[19,-29],[49,-7],[79,35],[35,-32],[8,-58],[-35,-18],[-73,-74],[-9,-134],[46,-2],[18,59],[42,7],[7,53],[43,1],[31,-53],[-29,-28],[-1,-107]],[[99385,29148],[-70,12],[-57,-41],[11,70],[-39,-3],[-22,-36],[-73,33],[-51,-108],[-67,-46],[15,-46],[113,4],[-34,-121],[76,-22],[33,-30],[-1,-67],[108,-14],[39,5],[29,120],[3,66],[39,32],[27,55]],[[99464,29011],[66,-11],[35,-62]],[[99565,28938],[37,-6]],[[99602,28932],[-38,-105],[19,-47],[-26,-46],[11,-55],[-47,-83],[2,-46]],[[99385,29148],[36,-6],[10,-52],[62,-10],[-29,-69]],[[99155,29535],[11,62],[32,-6],[10,63],[55,-9],[6,39],[67,-24],[-1,-30],[93,-65],[-3,-35]],[[99425,29530],[18,-44],[87,16],[15,83]],[[99545,29585],[58,-2]],[[99603,29583],[34,-58],[-66,-40],[41,-88],[-69,-31],[6,-47],[38,-25],[-15,-78],[67,-30]],[[99639,29186],[11,-64],[-32,-70],[20,-63],[-36,-57]],[[99341,29863],[72,-27],[1,45],[134,-19]],[[99548,29862],[-32,-9],[-14,-93],[-121,2],[-19,-31],[-117,-10],[0,93],[58,-16],[-3,72],[41,-7]],[[99603,29583],[48,-31]],[[99651,29552],[53,-53]],[[99704,29499],[-23,-80],[16,-34],[-14,-96],[-44,-103]],[[99425,29530],[56,37],[64,18]],[[99686,29639],[23,-25],[-20,-104],[15,-11]],[[99651,29552],[0,46],[35,41]],[[97960,31027],[113,110],[107,187],[60,18],[5,25]],[[98245,31367],[46,-37],[49,-2],[56,31],[108,107]],[[98504,31466],[31,7],[23,-57],[-2,-53],[30,-95],[-43,-58],[41,-139]],[[98584,31071],[39,-22],[-23,-81],[22,-42],[56,-32],[23,-67],[35,-27],[85,-145],[-23,-140],[-146,19],[-39,-9],[-14,-131],[114,-37],[46,24],[62,-13],[53,-64],[103,-3],[28,-25],[57,-94],[24,35],[38,-26],[54,-9]],[[99178,30182],[-4,-23],[51,-43],[5,-103],[50,-27],[38,14],[37,56],[-8,68],[23,71],[31,19],[51,-17],[61,48],[-7,-89]],[[99506,30156],[-70,-34],[24,-37],[-6,-46],[-67,11],[-35,-69],[-11,-118]],[[99548,29862],[73,-22],[-27,-81],[59,-9]],[[99653,29750],[2,-77],[31,-34]],[[98584,31071],[78,64],[80,-25],[59,-34],[13,-28],[98,-19],[-6,-54],[227,-32]],[[99133,30943],[-9,-87],[88,-20],[27,-29],[57,-13],[60,-42],[-41,-132]],[[99315,30620],[-45,-6],[-54,19],[-22,-63],[29,-56],[71,-50],[42,-104],[31,-6],[7,-71],[-57,-25],[-48,-59],[-28,27],[-60,15],[-3,-59]],[[99315,30620],[-11,-22],[96,-18],[11,-55],[178,-74],[58,-6],[64,32]],[[99711,30477],[22,-26]],[[99733,30451],[-47,-21],[-19,-73]],[[99667,30357],[-41,-15],[0,-44],[30,-34],[-40,-27],[-32,-88],[-78,7]],[[99762,30420],[55,-43],[84,21]],[[99901,30398],[-34,-57],[-53,-150]],[[99814,30191],[-83,22],[32,-108],[87,-13]],[[99850,30092],[-63,-79],[-105,-180],[-29,-83]],[[99667,30357],[80,24],[15,39]],[[99814,30191],[1,-43],[35,-56]],[[98504,31466],[-18,27],[-9,134],[-35,31],[34,109]],[[98476,31767],[85,-36],[49,-41],[47,37],[28,-17],[67,71],[82,17],[39,-29],[69,-19],[87,-4]],[[99029,31746],[34,-7]],[[99063,31739],[101,-8],[76,-25]],[[99240,31706],[4,-66],[30,-36],[-6,-51],[52,-111],[-5,-51]],[[99315,31391],[-24,-64],[1,-80],[-32,-39],[5,-53],[-42,-28],[-67,8],[-22,-66],[-33,-29],[-7,-51],[39,-46]],[[97789,31198],[10,35],[-23,67],[25,52],[-1,57],[41,11],[83,-21],[115,109],[82,110],[71,-11],[91,15],[51,-23],[-5,-97],[-67,-53],[-17,-82]],[[97614,31536],[55,-21],[80,106]],[[97749,31621],[34,10],[45,49],[87,16],[50,-16],[57,77],[-12,43],[59,28],[34,78],[43,12]],[[98146,31918],[38,9],[48,-35],[-19,-82],[95,-69],[67,117],[39,-61],[47,1]],[[98461,31798],[15,-31]],[[99949,30469],[-48,-71]],[[99762,30420],[-29,31]],[[99711,30477],[13,114],[-35,34],[50,67],[-5,94],[56,7],[48,82],[30,-2]],[[99868,30873],[9,-30]],[[99877,30843],[56,-191],[-48,-23],[-32,-40],[-4,-57],[91,-18],[9,-45]],[[99877,30843],[57,-30],[11,39],[87,-12],[12,36]],[[100044,30876],[61,-11]],[[100105,30865],[-5,-75],[16,-83],[-27,-68],[-32,-22],[-108,-148]],[[99868,30873],[-4,47],[-30,13],[-4,46],[62,26],[19,75],[-40,36],[-5,42]],[[99866,31158],[10,53]],[[99876,31211],[104,-98],[21,-81],[89,4],[-30,-77],[-16,-83]],[[99639,31332],[108,-91],[-22,-30],[24,-42],[64,-21],[53,10]],[[99315,31391],[17,-31],[66,-6],[88,23],[45,-13],[32,-40],[76,8]],[[99876,31211],[45,64],[63,5]],[[99984,31280],[59,-26]],[[100043,31254],[47,-99],[69,-53],[-28,-107],[9,-41],[-35,-89]],[[99639,31332],[60,74],[8,62],[62,6]],[[99769,31474],[45,-1],[9,-73],[87,-42],[50,2],[24,-80]],[[100042,31581],[-17,-98],[-1,-131],[19,-98]],[[99769,31474],[-35,25],[34,36],[72,36],[13,54],[59,16],[-1,-53],[93,18]],[[100004,31606],[38,-25]],[[99240,31706],[39,53],[-8,27],[76,50],[-14,27]],[[99333,31863],[48,67]],[[99381,31930],[78,-36],[58,49]],[[99517,31943],[55,14]],[[99572,31957],[58,-5],[12,-25]],[[99642,31927],[82,24]],[[99724,31951],[74,-16],[6,-49]],[[99804,31886],[56,-11],[-1,-43],[56,12]],[[99915,31844],[43,-16],[22,-58]],[[99980,31770],[78,-61]],[[100058,31709],[-41,-20],[-13,-83]],[[100022,32101],[-40,-53],[-52,-19]],[[99930,32029],[-17,32],[20,43]],[[99933,32104],[52,-25],[37,22]],[[99997,31944],[-39,-17]],[[99958,31927],[-109,4],[-45,-45]],[[99724,31951],[40,54],[111,100],[31,11]],[[99906,32116],[17,-8]],[[99923,32108],[10,-4]],[[99930,32029],[89,9],[20,-27],[-42,-67]],[[100058,31785],[-78,-15]],[[99915,31844],[43,83]],[[99997,31944],[52,20],[33,-56],[-24,-123]],[[100058,31785],[5,-77]],[[100063,31708],[-5,1]],[[100063,31708],[-21,-127]],[[95303,19114],[-9,1]],[[95294,19115],[-17,39]],[[95277,19154],[-5,58],[-38,9]],[[95234,19221],[17,40]],[[95251,19261],[28,37]],[[95279,19298],[0,-2]],[[95279,19296],[1,-44],[77,4]],[[95357,19256],[-10,-93]],[[95347,19163],[-36,-4],[-8,-45]],[[95274,19074],[2,39]],[[95276,19113],[18,2]],[[95303,19114],[40,-72]],[[95343,19042],[-27,-34]],[[95316,19008],[-20,3]],[[95296,19011],[-22,63]],[[95347,19163],[0,-47],[31,-54],[-35,-20]],[[95233,19043],[-21,41]],[[95212,19084],[64,29]],[[95274,19074],[-41,-31]],[[95476,19545],[-42,-23],[-33,-48],[-58,-41]],[[95343,19433],[46,43],[19,80],[-77,48],[-1,29],[-58,45],[3,23]],[[95640,19719],[-158,-151],[-6,-23]],[[95390,19408],[-48,23]],[[95342,19431],[1,2]],[[95476,19545],[-86,-137]],[[95311,19358],[-2,48],[33,25]],[[95390,19408],[-3,-44]],[[95387,19364],[-56,22],[-20,-28]],[[95387,19364],[1,-42]],[[95388,19322],[-74,17]],[[95314,19339],[-3,19]],[[95367,19273],[-88,23]],[[95279,19298],[35,41]],[[95388,19322],[-21,-49]],[[95367,19273],[-10,-17]],[[95277,19154],[-51,26],[8,41]],[[95212,19084],[-96,3],[-9,67]],[[95107,19154],[-18,67],[-81,13],[67,145]],[[95075,19379],[46,28],[89,-81],[41,-65]],[[95026,18787],[-99,92],[42,22],[-6,54]],[[94963,18955],[113,-22],[104,14]],[[95180,18947],[2,-29]],[[95182,18918],[68,-52],[-28,-37],[-44,16],[-17,-50]],[[95161,18795],[-61,31],[-28,-34],[-46,-5]],[[95316,19008],[-20,3]],[[95292,18907],[-61,28]],[[95231,18935],[51,31],[10,-59]],[[95278,18780],[-50,-22],[-63,-5],[-4,42]],[[95182,18918],[49,17]],[[95292,18907],[27,-82],[-41,-45]],[[95233,19043],[-42,-16],[-11,-80]],[[94963,18955],[-1,0]],[[94962,18955],[47,28],[1,59],[33,25],[64,87]],[[95256,18600],[-16,18],[-90,-2],[-33,34]],[[95117,18650],[-105,47]],[[95012,18697],[-14,67]],[[94998,18764],[28,23]],[[95278,18780],[-10,-65],[9,-60],[-21,-55]],[[95138,18442],[-48,55],[-42,100]],[[95048,18597],[11,41],[58,12]],[[95256,18600],[-23,-40],[-12,-71],[-83,-47]],[[94847,18440],[-45,40],[4,55],[35,93],[37,4],[43,113],[35,43],[42,-24]],[[95012,18697],[-26,-13],[14,-61],[48,-26]],[[95138,18442],[-34,-52],[-22,-89]],[[95082,18301],[-82,-21],[-45,28],[-27,70],[-41,-6],[-40,68]],[[94121,16301],[-134,-11],[-16,-58],[-111,67],[-42,38],[-45,1],[-29,82],[-51,61],[-53,36],[-58,122],[-15,1]],[[93567,16640],[77,113],[-8,95],[49,43],[80,-13],[43,85]],[[93808,16963],[51,-12],[37,38],[81,-28]],[[93977,16961],[-2,-49],[107,-17],[26,-24],[47,18],[68,-26]],[[94223,16863],[43,1],[45,-54],[60,-11]],[[94371,16799],[-42,-51],[13,-34],[-54,-34],[2,-74],[-68,-79],[-59,39],[-53,-35],[32,-54],[-8,-30],[43,-55],[-20,-85],[-36,-6]],[[93997,15816],[-51,47],[-50,-3],[-111,19],[-47,-14],[-63,27],[-77,-4],[-29,25],[-56,-15],[-33,-32],[-107,-13],[-66,10],[-120,-28],[-13,68],[9,72]],[[93183,15975],[37,168],[-26,77],[-4,92],[14,46],[44,39],[33,-8],[-5,-64],[15,-71],[50,-13],[51,22],[28,87],[83,-13],[11,41],[-83,41],[49,68],[50,-4],[44,-29],[28,18],[-1,70],[-63,-7],[-15,27],[44,78]],[[94121,16301],[-46,-47],[-50,-77],[17,-131],[-16,-50],[18,-71],[-47,-109]],[[94333,17383],[-34,82],[-27,14],[20,78],[32,30]],[[94324,17587],[13,-50],[49,-22],[-6,-31],[51,-51],[138,-42],[-5,-66],[-30,-9],[-10,-108],[-36,-80],[-92,26],[-13,-64],[-56,-4],[-35,-159],[-34,-6],[-35,-58]],[[93977,16961],[34,6],[9,69],[27,49],[64,20],[-4,35],[99,67],[34,-12],[126,71],[42,-8],[39,51],[59,29],[-7,39],[-71,-9],[-95,15]],[[93808,16963],[38,79],[23,85],[116,165],[25,71],[75,53],[160,-29],[88,-4]],[[94324,17587],[28,34]],[[94352,17621],[267,-43],[21,-27],[58,-11]],[[94698,17540],[-31,-78],[-61,-46],[-14,-55],[26,-102],[-68,-58],[-49,-62],[-51,-92],[2,-73],[27,-52],[-28,-16],[-28,-71],[-52,-36]],[[94352,17621],[27,115],[47,29],[-60,45],[-78,-33],[-64,23],[39,217],[-135,23],[-12,53],[91,76],[0,57],[-158,26],[21,136]],[[94070,18388],[60,8],[46,42],[38,8],[53,52],[40,-15],[41,41]],[[94348,18524],[75,22],[73,-33],[-6,-32],[51,-49],[-47,-34],[-4,-48],[150,20],[-17,31],[76,69],[63,-26],[85,-4]],[[95082,18301],[3,-62],[52,-88],[7,-110],[64,-58],[49,5],[-26,-63],[-2,-66],[-46,-39],[-59,59],[20,71],[-17,57],[-61,23],[-95,-52],[-25,-36],[3,-55],[26,-22],[11,-81],[39,-45],[82,4],[-6,-65],[-65,-27],[-46,-50],[-14,63],[-77,12],[-45,-12],[-84,-48],[-72,-76]],[[94859,18315],[-27,44],[-93,-48],[59,-84],[-21,-41],[66,-11],[16,140]],[[93437,15520],[-99,27],[-19,-79],[-48,7]],[[93271,15475],[-140,76],[17,122],[-104,-2],[-18,-13]],[[93026,15658],[-63,55],[7,39],[51,20],[-16,50],[-6,112]],[[92999,15934],[58,36],[41,57],[85,-52]],[[93997,15816],[6,-63],[-21,-67],[1,-67]],[[93983,15619],[-152,-1],[-36,-37],[-88,-46],[-26,14],[-119,3],[-29,-32],[-96,0]],[[93271,15475],[-92,-76],[9,-55],[-41,-115],[-58,-2],[-54,20],[-35,-37],[-49,-11]],[[92951,15199],[9,60]],[[92960,15259],[-39,104],[42,165],[37,7],[3,68],[23,55]],[[93858,14774],[-65,33],[-80,5],[-94,38],[0,68],[-32,67],[68,5],[45,-50],[58,-18],[30,21],[6,50],[-40,34],[13,56],[49,64],[-96,17],[-21,48],[-91,-8],[26,85],[-72,35],[-9,40],[-75,44],[-44,78],[3,34]],[[93983,15619],[9,-89],[27,-68],[-2,-62],[-26,-43],[1,-57],[-85,-96],[-29,-74],[31,-63],[-49,-105],[10,-54],[-12,-134]],[[93591,14046],[-26,1],[-32,89],[-61,29],[-26,-11]],[[93446,14154],[-23,46],[55,56],[16,47],[-26,56],[9,38],[102,-4],[-23,-46],[44,-27],[79,0]],[[93679,14320],[-36,-100],[21,-24],[-73,-150]],[[93259,13978],[1,36],[42,54],[69,1],[85,39],[-10,46]],[[93591,14046],[22,-45]],[[93613,14001],[-126,-121],[0,-81],[-42,-26],[-49,-1],[-26,37],[-54,-9],[-31,58],[55,51],[-81,69]],[[93259,13978],[-31,-28],[10,-103],[-24,-61],[43,-64],[143,-95],[-1,-62],[-43,7],[-38,-42],[-104,-5],[13,-117],[-44,-81],[6,-61],[-27,-28],[21,-53],[53,-58],[-44,-37]],[[93192,13090],[-329,151]],[[92863,13241],[34,192],[-30,4],[-20,119],[9,62],[-94,25],[-16,40],[-42,11]],[[92704,13694],[-5,155],[33,23],[-62,71],[2,95],[138,-34],[29,36],[-5,78],[68,21],[12,39],[87,-15],[83,-31],[60,95],[-73,21],[-88,8],[-55,25],[-73,-19],[-25,55]],[[92830,14317],[-54,27],[-6,49],[34,39],[-22,71],[19,36],[9,81],[-90,9],[-21,39],[26,91],[45,-5],[49,91],[99,-15],[8,66],[-98,15],[-4,89],[27,67],[73,30],[27,102]],[[93858,14774],[-59,-112],[-69,-155],[-7,-130],[-44,-57]],[[93718,12850],[-321,146]],[[93397,12996],[-205,94]],[[93613,14001],[37,-11],[-19,-81],[31,-63],[-9,-35],[-118,-107],[57,-36],[79,9],[67,-76],[31,-4],[28,-155],[52,-86],[-61,11],[-52,30],[-36,-20],[-41,-68],[52,-94],[-39,-96],[15,-105],[29,-42],[2,-122]],[[92863,13241],[-86,39]],[[92777,13280],[-152,70]],[[92625,13350],[-70,107],[12,72],[74,123],[63,42]],[[95093,20254],[-70,15]],[[95023,20269],[7,73],[32,35],[51,2]],[[95087,20150],[-36,-53],[-65,16],[8,71]],[[94994,20184],[-11,41],[40,44]],[[95092,20253],[-5,-103]],[[95163,20067],[-7,-34]],[[95156,20033],[8,-49]],[[95164,19984],[-19,-1]],[[95145,19983],[-43,50]],[[95102,20033],[-15,13],[0,104]],[[95156,20033],[57,-25]],[[95213,20008],[-4,-22]],[[95209,19986],[-45,-2]],[[95143,19948],[2,35]],[[95209,19986],[-66,-38]],[[95075,19379],[-12,2]],[[95063,19381],[-8,79],[-28,25],[44,117],[-22,13]],[[95049,19615],[-16,41],[16,49],[37,32]],[[95086,19737],[7,89]],[[95093,19826],[32,28],[-4,50]],[[95121,19904],[22,44]],[[95213,20008],[74,-31],[46,9]],[[95093,19826],[-31,46]],[[95062,19872],[6,36]],[[95068,19908],[53,-4]],[[95327,20063],[-3,58]],[[95323,20023],[-95,37],[-48,37]],[[95068,19908],[-35,74],[-9,65],[78,-14]],[[95086,19737],[-66,11],[-45,-20]],[[94975,19728],[8,84]],[[94983,19812],[79,60]],[[95049,19615],[-39,-1],[-34,74],[-1,40]],[[94983,19812],[-43,23],[-119,-11],[-37,-40],[-85,-18]],[[94699,19766],[-77,31],[-65,2]],[[94557,19799],[-15,79],[-75,72],[53,105],[51,4],[12,-36],[69,30],[57,-3],[36,64],[-22,47]],[[94723,20161],[93,-15],[40,12]],[[94856,20158],[77,24],[61,2]],[[95063,19381],[-184,35],[47,173],[-69,15]],[[94857,19604],[-46,49]],[[94811,19653],[-19,38],[-93,75]],[[94748,19607],[17,-42]],[[94765,19565],[-35,-17],[-15,-81]],[[94715,19467],[0,-27],[-56,-54],[-46,10],[5,42],[50,86],[-13,16]],[[94655,19540],[13,28],[80,39]],[[94811,19653],[-63,-46]],[[94655,19540],[-13,3]],[[94642,19543],[-51,61],[0,49],[-46,100],[12,46]],[[94857,19604],[-35,-53],[-57,14]],[[94962,18955],[-82,0],[15,33]],[[94895,18988],[-26,85],[-40,23]],[[94829,19096],[-21,40],[13,46],[-19,57],[18,124],[-12,53],[-51,-8],[-4,53],[-38,6]],[[94829,19096],[-30,-63],[-78,-11],[-98,20],[-9,32],[-103,47],[-70,17]],[[94441,19138],[-50,16],[4,33],[-68,10],[-68,-66],[-8,-43],[-53,-15],[-91,37],[-49,57],[8,135],[-89,-4]],[[93977,19298],[-48,56],[-33,5],[-7,117],[-21,44]],[[93868,19520],[99,-28],[70,-48],[70,4],[46,60],[17,94],[69,13],[403,-72]],[[94895,18988],[-63,-85],[-25,14],[-55,-35],[-121,22],[-99,35],[-1,82],[-85,-27],[8,43],[-42,17],[6,70],[23,14]],[[94348,18524],[-55,38],[-43,0],[-14,49]],[[94236,18611],[142,111],[-7,35]],[[94371,18757],[3,65],[-35,22],[-40,-13],[-53,38],[-46,-3],[-142,-137],[-142,-2],[20,55],[-18,153],[-78,52],[84,35],[-60,93]],[[93864,19115],[100,114],[-16,42],[29,27]],[[94236,18611],[-16,48],[11,77],[32,25],[108,-4]],[[94070,18388],[-86,2],[-38,59],[-55,42],[-58,-53]],[[93833,18438],[-74,3],[-49,-32],[-83,-16],[-23,12],[20,108],[-70,-35],[-6,61],[98,4],[30,15],[18,107],[-32,121],[20,57],[11,97],[-125,24],[59,119],[66,35],[20,-23],[151,20]],[[93833,18438],[-7,-103],[28,-79],[47,-29],[15,-59],[-35,-23],[-23,-60],[51,-53],[-54,-35],[-52,9],[-3,-107],[-48,-42],[76,-134],[50,2],[17,-49],[-45,-82],[-132,-11],[-41,7],[-38,-61],[-54,21],[-32,-64],[-83,29],[-16,-77],[-36,-17],[-93,9],[-16,54],[-47,1],[43,134],[-137,103],[-11,-65],[26,-53],[-26,-37],[-72,17],[-10,-64],[-68,-24]],[[93007,17496],[-23,63],[-38,17],[21,44]],[[92967,17620],[-162,30],[-73,68],[72,410],[8,66],[51,21],[100,-18],[51,23],[-7,81],[-24,109],[-108,11],[18,136],[31,84],[-53,59],[-52,-15],[-97,70],[25,104],[35,24]],[[92782,18883],[34,41],[216,-33],[-25,110],[3,36],[-38,64],[27,32],[55,1],[11,58],[76,-16],[45,21],[3,60],[56,43],[-3,52],[-139,57],[-17,105],[12,61],[-50,62],[27,45],[19,129]],[[93094,19811],[74,52],[-59,68],[54,53],[61,-14],[12,47]],[[93236,20017],[75,-17],[21,-42],[126,-27],[6,-48],[61,-54],[-9,-34],[75,-12],[-13,-77],[71,47],[206,-27],[21,-54],[-25,-62],[17,-90]],[[92413,18067],[-37,32],[-58,136],[-48,35],[-61,-26],[-22,50],[-56,23],[10,50],[64,36],[20,94],[-50,56],[-121,-7],[-74,73],[-44,-25],[-42,58],[11,95]],[[91905,18747],[54,15],[26,226],[67,117]],[[92052,19105],[9,42],[50,68],[45,8],[26,-27],[8,-100],[40,-7],[27,-117],[111,-45],[35,60],[52,-77],[78,34],[49,-5],[11,-37],[54,17],[26,-18],[109,-18]],[[92967,17620],[-114,-70],[-70,40],[-49,-9],[-59,43],[-17,53],[13,48],[-75,12]],[[92596,17737],[64,80],[-5,67],[26,172],[-23,63],[-44,9],[-25,-39],[-94,23],[-67,-20],[-15,-25]],[[91896,17598],[-68,-3],[-115,22],[-15,31],[-110,19],[5,-40],[-26,-146],[-45,7],[-55,100],[-83,-38],[-29,-47],[-161,17]],[[91194,17520],[65,97],[1,84],[-59,40]],[[91201,17741],[-8,24],[41,53],[-1,88],[16,22],[-5,83],[-74,28],[21,69],[-28,105],[-66,10]],[[91097,18223],[-50,-8],[-133,22],[25,53]],[[90939,18290],[33,166]],[[90972,18456],[39,21],[-10,62],[21,33],[-17,42],[80,35]],[[91085,18649],[52,15],[48,-41],[12,-93],[48,-25]],[[91245,18505],[83,-31],[104,3],[17,60],[62,-2],[15,26],[-50,35],[-2,59],[48,-7],[11,98],[52,44],[-57,62],[-32,56]],[[91496,18908],[118,-12],[23,22],[91,-16],[101,-145],[76,-10]],[[92413,18067],[12,-60],[-103,14],[-22,-92],[-47,-27]],[[92253,17902],[-216,34],[-3,-37],[32,-112],[-74,-2],[-99,17],[0,-95],[26,-33],[-23,-76]],[[92052,19105],[-62,32],[-89,7],[-20,66],[9,54],[-43,101],[50,0],[15,40],[63,11],[176,-17],[17,67],[43,58],[-27,58],[-71,41],[12,23],[-109,142],[-9,77],[26,27],[12,102]],[[92045,19994],[61,84],[-89,32],[0,103]],[[92017,20213],[39,44],[64,23],[22,-26],[66,52]],[[92208,20306],[63,-84],[-26,-35],[21,-45],[80,-36],[33,42],[48,-11],[63,44],[62,-17],[58,7],[50,-64],[104,-80],[80,16],[67,-54],[51,-91],[132,-87]],[[91245,18505],[-2,122],[25,154],[129,27],[19,52],[-41,55],[11,42]],[[91386,18957],[47,14],[14,-48],[49,-15]],[[91085,18649],[-22,51],[26,69],[-14,47],[36,107],[-4,60]],[[91107,18983],[69,-27],[56,85],[61,-13],[21,18]],[[91314,19046],[17,-57],[55,-32]],[[91416,19874],[29,31],[78,7]],[[91523,19912],[127,-16],[32,-70],[-10,-43],[71,-10],[66,11],[32,122]],[[91841,19906],[73,1],[15,61],[39,30],[77,-4]],[[91314,19046],[4,67],[-60,9],[-1,59],[-67,-2],[-49,28],[-87,135],[-4,107],[30,94],[-9,57]],[[91071,19600],[36,65],[45,31],[9,51],[96,-24],[3,-65],[98,0],[18,103],[-20,12],[16,80],[44,21]],[[90972,18456],[-121,52],[13,72],[-100,15],[-43,-5],[-27,-35]],[[90694,18555],[-49,7],[-5,51],[-40,85],[-25,8],[23,120],[-14,26]],[[90584,18852],[46,26],[-21,41],[16,60],[-44,41],[3,47],[-60,8],[-40,40]],[[90484,19115],[56,94],[54,-7],[34,50],[159,72],[11,-27],[115,-37],[-5,-32],[42,-36],[-12,-83],[8,-53],[124,-4],[-1,-49],[38,-20]],[[90584,18852],[-101,7],[-41,-15],[-15,46],[-113,90],[17,47],[-87,83],[12,59]],[[90256,19169],[32,51],[52,5],[11,-47],[37,-12],[36,-54],[60,3]],[[90694,18555],[-3,-74]],[[90691,18481],[-51,-31]],[[90640,18450],[-84,32],[-14,70],[-65,13],[-4,-40],[-89,15],[-36,-24],[-25,-58],[-10,-76],[-53,-36],[-87,12],[-46,-9],[-65,-53]],[[90062,18296],[-48,-21],[-31,36],[-83,-61],[-59,10],[-95,-16],[-53,75],[-14,78],[-28,47]],[[89651,18444],[159,35],[13,117],[-56,45],[-57,75],[21,26],[189,-31],[76,11],[10,43],[-35,26],[-36,71],[-38,21],[-21,59]],[[89876,18942],[42,17],[85,-2],[46,-28],[125,108],[-26,52],[8,50],[-28,16]],[[90128,19155],[4,31],[124,-17]],[[90801,19899],[50,-62],[61,-32]],[[90912,19805],[-19,-58],[66,-65],[1,-100],[30,-11],[81,29]],[[90128,19155],[-49,10],[-19,45],[2,64],[-49,27],[9,60],[-97,13]],[[89925,19374],[-52,117],[-14,91],[45,11],[18,112],[-52,35],[-44,81]],[[89826,19821],[6,81],[20,20],[163,100]],[[90015,20022],[96,-29],[122,-106],[47,-56],[-18,156],[84,26],[150,-103],[7,46],[121,-19],[5,27],[123,-65],[49,0]],[[92177,17337],[-34,31]],[[92143,17368],[-18,28]],[[92125,17396],[85,3],[25,26]],[[92235,17425],[32,-40]],[[92267,17385],[-8,-11]],[[92259,17374],[-21,-14]],[[92238,17360],[-61,-23]],[[92338,17262],[-4,-9]],[[92334,17253],[-42,7]],[[92292,17260],[59,50]],[[92351,17310],[-13,-48]],[[92125,17396],[24,72]],[[92149,17468],[6,16]],[[92155,17484],[14,-7]],[[92169,17477],[28,-18]],[[92197,17459],[38,-34]],[[92218,17537],[33,11]],[[92251,17548],[50,7]],[[92301,17555],[-4,-62],[-33,-39]],[[92264,17454],[-67,5]],[[92169,17477],[49,60]],[[92265,17352],[0,-7]],[[92265,17345],[-23,-41]],[[92242,17304],[-26,-8]],[[92216,17296],[-39,41]],[[92238,17360],[27,-8]],[[92259,17374],[6,-22]],[[92265,17345],[19,-34],[-42,-7]],[[92216,17296],[-42,-5],[-65,35]],[[92109,17326],[34,42]],[[92216,17296],[-9,-23]],[[92207,17273],[-81,-2]],[[92126,17271],[-7,3]],[[92119,17274],[-10,52]],[[92207,17273],[-1,-47]],[[92206,17226],[-65,9],[-15,36]],[[92301,17555],[50,35]],[[92351,17590],[111,-125],[-39,-146],[-72,-9]],[[92292,17260],[-35,-64]],[[92257,17196],[-51,30]],[[92267,17385],[43,12],[-46,57]],[[92022,17214],[-55,26],[-12,54],[-44,46],[-36,-15],[-9,-85],[-41,-26],[-23,-91],[-36,-25],[9,-125],[21,-37],[-31,-91],[13,-62],[-91,-54],[6,-32],[-83,12],[-12,-46],[44,-24],[-18,-64],[28,-33]],[[91652,16542],[-39,-47],[-50,101],[-60,42],[-132,30],[-57,60],[12,27],[-27,50],[7,38]],[[91306,16843],[13,84],[-14,32],[17,117],[-25,53],[45,157],[-9,28],[-68,46],[-58,-58],[-59,-7],[-37,17],[29,58],[-13,65],[67,85]],[[91896,17598],[33,-35]],[[91929,17563],[37,-53],[44,30],[37,-25]],[[92047,17515],[66,-52],[36,5]],[[92119,17274],[-64,-4],[-33,-56]],[[92099,17527],[56,-43]],[[92047,17515],[52,12]],[[91929,17563],[62,28],[37,40]],[[92028,17631],[39,1],[60,-30],[-35,-42],[7,-33]],[[92028,17631],[50,35],[52,-32]],[[92130,17634],[34,-35]],[[92164,17599],[27,-19]],[[92191,17580],[22,-32]],[[92213,17548],[5,-11]],[[92285,17700],[-12,-4]],[[92273,17696],[-64,22]],[[92209,17718],[-45,6],[-3,-47],[-31,-43]],[[92253,17902],[18,-19],[-35,-130],[49,-53]],[[92338,17262],[46,-7],[-24,-82],[-48,48],[22,32]],[[92451,16241],[-2,45],[-67,10],[-67,32],[-87,6],[10,113],[-45,-12],[-32,-36],[13,-65],[-24,-69],[-44,-65],[-15,-73]],[[92091,16127],[-72,32],[-95,17],[-60,58]],[[91864,16234],[-29,26],[-20,68],[-5,137],[-13,66],[-91,-44],[-54,55]],[[92022,17214],[-7,-23],[79,-40],[35,-61],[-36,-13],[29,-77],[11,-74],[42,-21],[18,-88],[52,-17],[-14,82],[33,115],[-29,81],[22,118]],[[92351,17590],[-66,110]],[[92596,17737],[-147,25],[2,-66],[35,-50],[7,-45],[146,-24],[41,-72],[0,-95],[17,-65],[-54,-33],[26,-45],[15,-138],[-63,-16],[-35,-215]],[[92586,16898],[22,-38],[-11,-81],[51,-70]],[[92648,16709],[17,-120],[30,-45]],[[92695,16544],[-32,-25],[-12,-50],[47,-89],[-30,-8]],[[92668,16372],[-155,12],[23,-45],[-16,-97],[-69,-1]],[[92906,16912],[-67,-5],[-53,28],[-61,9],[-44,-61],[-95,15]],[[93007,17496],[6,-69],[-16,-107],[7,-46],[-72,-76],[30,-108],[-11,-89],[-45,-89]],[[92853,16236],[-21,37],[-68,16],[-34,-18],[-65,23],[3,78]],[[92695,16544],[87,3],[135,-42],[-11,-87],[14,-85],[-54,-9],[-13,-88]],[[92999,15934],[-83,68],[-17,59],[15,67],[-61,108]],[[92648,16709],[62,-12],[88,16],[82,-13],[3,141],[23,71]],[[90717,15059],[27,48],[70,56],[78,120],[-1,74],[42,-3],[56,62],[-4,116],[31,80]],[[91016,15612],[49,-25],[115,-12],[-9,-56],[30,-26]],[[91201,15493],[-5,-91],[-103,-97],[-3,-76],[-32,-18],[23,-66],[-246,-134],[-124,-15],[6,63]],[[90773,14908],[3,18],[14,-6],[-17,-12]],[[92451,16241],[-47,-86],[46,-67],[-36,-87],[77,-2],[55,-43],[15,-37],[-62,-11],[-9,-48],[-151,33],[-62,80],[-54,8],[-67,-28],[-30,41],[-41,0],[22,130],[-16,3]],[[90978,14121],[-301,143]],[[90677,14264],[-99,47],[-152,-1],[-7,34],[52,76]],[[90471,14420],[8,23],[81,83],[61,150],[-4,42],[-63,41]],[[90554,14759],[-3,88],[-67,-11],[15,166],[28,32],[20,83],[36,-17],[-1,-41],[74,-31],[61,31]],[[91201,15493],[37,-22],[84,-15],[30,-104],[43,-7],[-12,-65],[54,-123],[52,-6],[-14,-66],[-39,-35],[19,-59],[33,0],[-16,-136],[-52,28],[-58,-30],[-33,-228],[-49,-35],[-28,-76],[-79,-77],[-7,-27],[-73,-36],[-94,15],[-68,-126],[27,-110],[20,-32]],[[91963,14270],[-52,-46]],[[91911,14224],[-63,31],[-45,-40],[-50,24],[-112,1],[-57,42],[-80,-13],[-86,23],[-55,-9],[10,-67],[24,-33],[-12,-72],[56,-13],[-9,-83],[27,-42],[-26,-67]],[[91433,13906],[-454,214]],[[90979,14120],[-1,1]],[[91016,15612],[31,42],[-12,39],[103,79]],[[91138,15772],[23,-1],[53,-69],[-2,-49],[76,-17],[43,-25],[8,86],[-22,40],[54,72],[82,28],[54,-10],[24,-31],[-4,-51]],[[91527,15745],[-59,-14],[-20,-73],[-51,16],[-10,-57],[38,-69],[117,-22],[-16,-32],[41,-70],[91,64],[18,-32],[80,-6],[10,50],[55,-49],[-7,-33],[98,-93],[-34,-146],[-30,-44],[-9,-55],[-57,-87],[-12,-45],[87,-49],[-18,-69],[24,-50],[-9,-46],[-81,-7],[-35,-37],[44,-76],[3,-56],[104,7],[8,-136],[23,-26],[-6,-55],[49,-78]],[[91138,15772],[-20,42],[-149,67],[-23,39],[-58,0],[-62,80],[39,23],[14,102],[-10,37]],[[90869,16162],[13,38],[-26,196],[4,47]],[[90860,16443],[107,-67],[94,-43],[19,47],[42,30],[52,129],[-24,54],[52,52],[10,106],[35,37],[9,51],[50,4]],[[91864,16234],[-60,-12],[-9,-51],[15,-67],[62,0],[-19,-73],[-33,-33],[42,-38],[-39,-84],[14,-66],[-25,-36],[-58,-22],[-24,-61],[-94,27],[-60,0],[-49,27]],[[92960,15259],[-23,27],[-104,6],[-47,46],[-64,23],[-61,-2],[-54,-29],[-12,-129],[-34,-8],[-48,-97],[2,-50],[-142,-95],[33,-182],[-58,-7],[-27,28],[-86,-38],[-94,-22],[-6,-82],[97,-53],[27,-44]],[[92259,14551],[7,-41],[-70,2],[-23,-139],[-20,-31],[-50,8],[-37,-36],[-65,11],[-38,-55]],[[92830,14317],[-152,22],[-184,-20],[-53,52],[-52,10],[-25,30],[-56,10],[28,49],[-1,50],[-76,31]],[[92625,13350],[-534,248]],[[92091,13598],[-105,48]],[[91986,13646],[41,58],[6,113],[42,-7],[16,102],[-129,73],[7,48],[31,20],[-18,99],[-71,72]],[[91986,13646],[-553,260]],[[88320,15939],[58,64],[-23,23],[50,49],[15,69],[42,11],[81,-11],[38,47],[32,102]],[[88613,16293],[68,-67],[-36,-112],[-49,-49],[-8,-51],[37,-6],[19,-54],[48,9]],[[88692,15963],[-21,-12],[-32,-107],[-63,-44],[-78,-30],[-75,13],[-39,-25],[-9,-44],[-48,16]],[[88327,15730],[-21,3]],[[88306,15733],[-44,39]],[[88262,15772],[-15,29],[-83,-31],[-49,50]],[[88115,15820],[-67,13],[-52,28],[-3,30]],[[87993,15891],[-36,-2]],[[87957,15889],[-18,11],[22,91],[-9,62],[-91,44],[29,26],[-15,53]],[[87875,16176],[50,0],[16,40],[136,-23],[41,-51],[-2,-41],[46,-72],[-7,-72],[45,-46],[48,4]],[[88248,15915],[21,-46],[131,-32],[35,68],[-115,34]],[[89519,16138],[-1,-62],[40,-63]],[[89558,16013],[-39,2],[-69,-69],[-52,35],[-65,78]],[[89333,16059],[-58,-19],[-91,29],[-77,-94],[-58,-136]],[[89049,15839],[-48,20],[-91,9]],[[88910,15868],[-79,-18],[-30,17]],[[88801,15867],[18,70],[34,3],[57,168],[99,-4],[16,44],[59,15],[54,78],[74,-26],[-5,-30],[298,-30],[14,-17]],[[90058,15967],[-10,-12]],[[90048,15955],[-136,39],[-11,26],[-66,15]],[[89835,16035],[23,144]],[[89858,16179],[56,-5],[95,-33]],[[90009,16141],[44,-10],[59,-68],[-49,-63],[-5,-33]],[[88248,15915],[72,24]],[[90824,16157],[45,5]],[[90554,14759],[-100,58],[27,52],[-21,47],[-6,79],[-65,26],[-2,41],[-46,33],[-40,103],[31,69],[-23,59],[-27,161],[60,96],[61,28],[24,136],[-101,-8],[-14,21],[-77,14],[-26,74]],[[90209,15848],[-25,16],[-85,2],[-41,101]],[[90009,16141],[45,66],[134,-24],[80,47],[68,-10],[42,-57],[-13,-80],[99,-53],[-8,-36],[45,-47],[26,20],[200,56],[4,27],[55,53],[41,7],[-3,47]],[[87875,16176],[-128,-7]],[[87747,16169],[25,125],[-55,50],[81,84],[12,57],[38,-4],[11,54],[-40,6],[-36,41],[-87,51],[-186,33],[-57,22],[4,115],[-37,48],[-49,7],[7,54]],[[87378,16912],[53,12],[8,48],[73,-12],[-143,219],[-36,35],[17,103],[151,26],[34,25]],[[87535,17368],[80,-29],[70,-43],[-33,-62],[-17,-114],[37,-34],[-13,-84],[230,-61],[6,-72],[126,-24]],[[88021,16845],[-3,-87],[95,-83],[-17,-106],[-37,-79],[65,-24],[-5,-31],[64,-13],[45,-40],[-2,-73],[-17,-38],[108,-15],[69,77],[33,91]],[[88419,16424],[86,-23],[106,-15]],[[88611,16386],[2,-93]],[[89835,16035],[-57,7],[-58,58],[-96,-32],[-66,-55]],[[89519,16138],[33,56],[75,18],[26,46],[78,58],[84,-13]],[[89815,16303],[-74,-79],[2,-30],[115,-15]],[[88768,17264],[20,-33],[-1,-78],[-34,-97]],[[88753,17056],[-62,4],[-66,25],[-29,-11],[-143,49],[-1,29],[-188,28],[-25,21],[-88,19]],[[88151,17220],[17,100],[52,-6],[28,47],[109,-5]],[[88357,17356],[147,-18],[92,-30],[25,51],[103,-27],[1,-47],[43,-21]],[[87957,15889],[-71,4]],[[87886,15893],[-30,17],[-76,95],[-68,-10],[-35,-27],[-54,66]],[[87623,16034],[19,87],[93,-21],[12,69]],[[89884,16616],[32,-143]],[[89916,16473],[-12,-49],[-89,-121]],[[88801,15867],[-88,27],[-21,69]],[[88611,16386],[53,139],[41,-6],[29,59],[53,4],[85,45],[-10,28]],[[88862,16655],[78,29],[34,42],[-1,67],[31,79],[71,-4],[9,83],[64,-29],[20,-52],[43,44],[65,5],[43,-29],[31,65],[47,62],[99,-66],[47,-50],[42,-15],[26,-120],[-14,-55],[8,-63],[43,-43],[46,-3],[45,26],[145,-12]],[[87378,16912],[-34,-22],[-37,26],[-8,41],[-56,40],[-38,4],[-107,60],[-90,7],[-43,35],[-42,71],[5,23],[-49,58],[-37,86],[-90,17]],[[86752,17358],[-55,14],[-17,53],[-42,6],[8,66],[132,114]],[[86778,17611],[25,23],[163,57],[58,-2],[164,-101],[60,64]],[[87248,17652],[121,-22],[19,-42],[50,-18],[65,34],[46,-50],[49,-8],[6,39],[62,-9]],[[87666,17576],[-9,-59],[-80,-125],[-42,-24]],[[87375,15867],[1,-8]],[[87376,15859],[-95,7]],[[87281,15866],[-60,13],[-5,42],[-56,4],[-22,-30],[-117,-13]],[[87021,15882],[-65,51]],[[86956,15933],[23,171],[53,22],[25,58],[-32,30],[-90,25],[-61,42],[-46,-4],[-130,22],[-35,28],[-15,-93],[-43,-46]],[[86605,16188],[-82,29],[19,84],[-45,27],[-29,87],[107,-16],[36,28],[34,228],[1,104],[44,42],[-36,22],[-81,13],[17,125]],[[86590,16961],[16,48],[121,-15],[8,50],[-17,96],[34,218]],[[87623,16034],[-32,-9],[-22,-52],[-46,40]],[[87523,16013],[-46,8],[-97,-94],[-5,-60]],[[86956,15933],[-79,-22],[-67,15],[-46,37],[-79,-38],[-61,45],[-17,56]],[[86607,16026],[-24,44],[22,118]],[[80031,19804],[-91,3]],[[79940,19807],[21,161],[-219,22],[-45,-38],[-4,-97]],[[79693,19855],[-13,-39],[-53,27],[-64,-16],[-76,18],[-42,-41],[-67,-3],[-71,35],[-100,26],[-50,-25],[-36,35]],[[79121,19872],[-108,-46],[-5,-40],[-113,-107],[-89,-30],[-41,107],[-74,-14],[-71,23],[-16,47],[-95,32],[-31,-41],[-32,14]],[[78446,19817],[-93,95],[-94,36],[-49,-58],[-47,20],[-28,38],[-69,-15],[-63,29],[-64,-10]],[[77939,19952],[-43,44],[3,33]],[[77899,20029],[-1,237]],[[77898,20266],[0,692],[0,502],[-1,814]],[[77897,22274],[442,-54],[-13,-103],[-80,9],[-25,-207],[109,4],[55,15],[168,-25],[17,-12],[33,260],[301,-37],[37,313],[46,9],[306,-37]],[[79293,22409],[-2,-21],[210,-27],[-6,-75],[152,-40],[18,131],[186,-22],[-4,-26],[85,2],[87,-55],[112,36],[13,52],[-45,6],[10,79],[186,-22],[-10,-52],[35,-51],[-24,-26],[-5,-80],[29,-28],[91,-11],[-6,-54],[217,-25],[4,53],[-61,297],[756,-89],[36,293],[540,-66],[-2,-23],[287,-35],[-28,-204],[146,-22],[11,87],[152,-19]],[[82463,22372],[-12,-94],[153,-21],[-18,-29],[-15,-118],[-89,11],[-53,-11],[-36,-264]],[[82393,21846],[-5,-40],[-302,38],[-40,-277],[-83,10],[-24,-176],[-91,12],[-14,-110],[-95,79],[-54,20],[-90,-5],[7,47],[-393,49],[-58,-450],[-200,25],[-19,-158],[-157,18],[-48,-388],[-232,27],[-19,-279],[-61,7],[-10,-81],[-157,17],[-18,-155],[154,-21]],[[80384,20055],[-5,-36],[-295,-220],[-53,5]],[[90824,16157],[-31,-7],[-29,55],[-103,14],[2,77],[-65,1],[36,188],[-11,37]],[[90623,16522],[109,39],[6,34],[54,15],[4,-43],[40,-58],[24,-66]],[[90389,16740],[2,53],[70,-18]],[[90461,16775],[-53,-5],[-19,-30]],[[88745,16840],[29,21],[32,78],[-9,72],[54,31]],[[88851,17042],[55,-35],[75,-17],[23,24],[14,98],[29,46],[-13,39],[20,97],[-43,51],[-88,19],[-44,23]],[[88879,17387],[33,70]],[[88912,17457],[40,18],[13,66],[31,56],[-2,42],[-37,19]],[[88957,17658],[50,28],[-11,38],[-67,10],[-23,-32]],[[88906,17702],[-61,-18],[-11,28],[-84,2],[-16,-73]],[[88734,17641],[-101,15]],[[88633,17656],[-12,77],[-82,51],[44,66],[4,35],[-46,25],[-91,16],[-23,-70],[-150,78],[-35,-40],[-59,-8],[-80,11],[-52,-41],[-42,6]],[[88009,17862],[-14,54],[13,85]],[[88008,18001],[10,53],[83,25],[-18,44],[30,149]],[[88113,18272],[60,-13],[30,-56],[39,16],[53,-19]],[[88295,18200],[40,-104],[41,-50],[61,48],[57,6],[39,38],[34,89],[45,-7],[19,40]],[[88631,18260],[238,-39],[29,9]],[[88898,18230],[20,-48],[104,-13],[93,100],[51,27],[185,-21],[100,-25]],[[89451,18250],[88,-25],[20,16],[63,-20],[24,-45],[113,-25],[-11,-106],[70,-11],[20,26],[58,-44],[67,-11]],[[89963,18005],[9,-26],[-20,-98]],[[89952,17881],[-68,-55],[-75,3],[-58,53],[-67,-31],[10,-26],[72,-24],[57,-70],[9,-99],[47,-46]],[[89879,17586],[-61,-6],[-21,33],[-55,7],[-150,-13],[-67,8],[-50,-15],[-142,44],[11,44]],[[89344,17688],[-24,89],[-60,6]],[[89260,17783],[-32,19],[-25,-105],[20,-16]],[[89223,17681],[44,-32]],[[89267,17649],[5,-74],[37,-18],[56,13],[-3,-47],[77,-8],[6,-43],[47,-8],[32,-73],[-11,-62],[13,-42],[40,-18],[-19,-46],[65,5],[27,24],[54,-4],[24,-37],[-33,-78],[-38,-54],[53,-8],[-56,-81],[8,-76],[149,-20],[104,-176],[-20,-102]],[[88862,16655],[5,80],[-44,19],[-78,86]],[[89133,17888],[-24,3],[-22,26],[-5,-42],[51,13]],[[90079,16867],[-86,32],[-31,-29]],[[89962,16870],[-40,52],[7,133],[-51,74],[13,55],[-42,79],[-20,69],[44,18],[90,-17]],[[89963,17333],[34,-53],[33,-3],[24,-114],[-25,-156],[42,-4],[1,-99],[41,-25]],[[90113,16879],[-34,-12]],[[89223,17681],[20,3],[17,99]],[[89344,17688],[-22,-47],[-55,8]],[[88851,17042],[-54,47],[-44,-33]],[[88768,17264],[27,39],[82,12],[2,72]],[[89879,17586],[20,-15]],[[89899,17571],[43,-14],[38,-119]],[[89980,17438],[-18,-26],[1,-79]],[[89962,16870],[17,-10],[78,-162],[56,-87],[-20,-56],[-36,20],[-68,-14],[-20,-82],[-53,-6]],[[88009,17862],[-22,-62],[-38,-41],[-62,10],[-2,-93],[-107,1],[-7,-45],[-94,14],[-11,-70]],[[87248,17652],[183,184],[-27,19],[68,72],[24,168],[-26,3],[14,98],[181,-26],[-10,-71],[152,-39],[31,33],[69,-68],[16,15],[85,-39]],[[88906,17702],[51,-44]],[[88912,17457],[-15,33],[-179,46],[16,105]],[[88501,18880],[-10,-40],[37,-23],[50,-70]],[[88578,18747],[-114,22],[-33,-202],[-24,-92],[-22,-23],[11,-51],[-27,-165],[-58,32],[-16,-68]],[[88113,18272],[-39,106],[-89,31],[-66,-15],[-45,37],[55,295],[41,70],[-91,-1],[-45,30],[1,52],[50,157],[16,104]],[[87901,19138],[100,-28],[23,-37],[49,-25],[97,-6],[-18,-72],[75,-11],[63,15],[16,48],[87,-12],[66,-101],[42,-29]],[[89288,18776],[34,-135],[-32,-105],[162,-25]],[[89452,18511],[73,-10]],[[89525,18501],[-14,-79],[-58,-31],[-15,-93],[13,-48]],[[88898,18230],[71,4],[34,160],[9,99],[59,22],[11,91],[-3,101],[45,27]],[[89124,18734],[81,-19],[37,41],[46,20]],[[86910,20107],[-14,-54],[32,-11],[-7,-55],[-83,8],[7,-70],[-55,-37],[-7,-71]],[[86783,19817],[-31,-5],[-260,37],[-21,-137],[-97,-3],[-80,-24],[-14,-90],[-181,25]],[[86099,19620],[-62,9],[23,151],[87,-12],[34,54],[10,72],[-323,44],[-4,53],[-100,102],[-12,35],[12,68],[35,53],[-6,64],[-43,79],[-34,3],[-30,71],[-23,3],[13,84],[-34,66]],[[85642,20619],[32,-4],[26,72],[88,-12],[-14,-54],[53,-8],[47,38],[57,-8],[150,102],[-10,-76],[79,57],[94,-18],[-6,-41],[136,-18],[-12,25],[25,73],[174,-24],[20,38],[63,-21]],[[86644,20740],[-12,-114],[-36,-100],[45,-156],[22,6],[36,-98],[11,-77],[-18,-33],[227,-27],[-9,-34]],[[90079,16867],[12,-23],[134,-7],[-56,-71],[-18,-97],[16,-52],[90,-21],[-5,97],[59,11],[78,36]],[[90461,16775],[35,-95],[-6,-43]],[[90490,16637],[20,-49],[38,1],[75,-67]],[[88357,17356],[10,63],[-55,8],[-16,31],[12,73],[53,-1],[14,135],[186,-37],[13,37],[59,-9]],[[88025,16870],[-4,-25]],[[88151,17220],[-55,-17],[-40,-54],[-93,14],[-19,-81],[10,-57],[33,-27],[-8,-50],[42,-7],[4,-71]],[[88245,16746],[-26,4],[1,80],[-195,40]],[[88745,16840],[-29,-51],[-150,26],[-63,-24],[-5,-31],[-144,12],[-22,-19],[-87,-7]],[[88245,16746],[-9,-62],[41,-46],[54,-20],[74,10],[-18,-113],[32,-91]],[[90062,18296],[-7,-41],[-59,-46],[-36,-89],[3,-115]],[[89525,18501],[81,4],[45,-61]],[[89288,18776],[75,24],[207,-29],[-118,-260]],[[89061,18909],[-486,70],[-22,-13],[-6,-93],[-46,7]],[[87901,19138],[12,79],[-67,10],[7,54],[-88,12],[-72,-11],[-92,14]],[[87601,19296],[13,88],[-154,23],[-8,-51],[-202,28]],[[87250,19384],[7,48],[-21,46],[10,59],[-126,17],[21,131],[68,17],[-59,79],[-6,119],[-24,63],[-88,-9],[-41,141]],[[86991,20095],[8,50],[213,-26],[54,-151],[33,45],[52,19],[81,2],[11,31],[354,-39],[5,33],[161,-26],[-7,-42],[92,-26],[-23,-150],[99,-5],[139,-31],[-9,-63],[94,-13],[55,85],[167,-29]],[[88570,19759],[61,5],[45,-35],[54,-7],[31,19],[103,-21]],[[88864,19720],[68,-72],[-19,-39],[36,-39],[49,1]],[[88998,19571],[23,-40],[102,-96],[32,-5],[-23,-90],[5,-32],[-64,-57],[-24,-266],[12,-76]],[[89925,19374],[29,-83],[-65,-22],[-37,-184],[5,-29],[-29,-80],[48,-34]],[[89124,18734],[-65,154],[2,21]],[[88998,19571],[-25,49],[29,91],[158,-23],[-3,-21],[144,-23],[6,39],[252,-39],[-14,51],[42,12],[-5,70]],[[89582,19777],[5,30],[82,40],[91,-29],[66,3]],[[88864,19720],[28,87],[-27,4],[10,82],[30,70],[47,-7],[10,62],[53,26],[33,42],[244,-16],[4,26],[170,-15]],[[89466,20081],[-2,-107],[16,-47],[35,-7],[-21,-130],[88,-13]],[[87861,21732],[66,-8],[-5,-34],[219,-28],[50,-22],[-8,-53],[108,-11],[56,-34],[-17,-119],[38,-47],[57,-9],[-14,-94],[78,-15],[-5,-35],[60,-9]],[[88544,21214],[-8,-93],[19,-36],[78,0],[-13,-104],[42,-31],[237,-34],[6,41],[53,-7],[33,-27],[-13,-123],[-57,-64],[32,-42],[-183,-97],[-94,12],[-76,-3],[-84,-51],[-94,9],[-35,-41],[-108,124],[-66,30],[-144,9],[-74,-443],[404,-61],[-10,-68],[42,-6],[-7,-48],[143,-10],[-15,-91],[-28,4],[-10,-70],[23,-26],[9,-93],[24,-15]],[[86991,20095],[-81,12]],[[86644,20740],[40,-23],[60,22],[108,-20],[24,173]],[[86876,20892],[231,60],[378,110],[9,-89],[132,-17],[28,219],[36,59],[-51,29],[40,293],[155,-18],[27,194]],[[88544,21214],[46,-6],[9,57],[189,-23],[4,31],[108,-15],[62,4],[13,35],[53,14]],[[89028,21311],[24,-49],[39,-6],[76,84],[52,-6],[3,-94],[-32,-127],[-7,-64],[39,-64],[114,-75],[22,-43],[-23,-67],[-14,-115],[47,-20]],[[89368,20665],[44,-183],[36,-62],[-23,-52],[11,-43],[-11,-66]],[[89425,20259],[5,-66],[23,-36],[13,-76]],[[86876,20892],[-73,263],[23,240],[37,79],[-11,24],[24,68]],[[86876,21566],[62,31],[11,69],[102,-12],[93,2],[75,22],[33,65],[120,-11],[14,-83],[134,84],[77,-10],[6,97],[107,-6],[-4,-31],[159,-21],[-4,-30]],[[85642,20619],[-176,231],[-118,-105],[-94,34],[16,115],[-66,173],[-34,152],[-54,-19],[-49,63],[-26,-18],[-192,26]],[[84849,21271],[27,97],[32,226],[-80,9],[-5,-31],[-140,18],[22,165],[46,-7],[34,234],[124,-19],[22,103],[63,24],[141,-24],[20,165],[15,-2],[56,427]],[[85226,22656],[10,67],[149,-20],[14,110],[153,-23],[-24,-174],[145,-19],[4,30],[92,80],[76,-11],[-11,-87],[100,-23],[-7,99],[68,-9],[-16,-121],[151,-19]],[[86130,22536],[-36,-267],[30,-1],[-41,-298],[398,-13],[283,-14],[109,-197],[-61,-47],[64,-133]],[[86758,18909],[-68,36],[-22,-31],[-106,21],[-60,-13],[-60,-38],[-42,53],[-44,-14],[-90,64],[-75,11]],[[86191,18998],[29,197],[-28,45],[-147,21],[54,359]],[[86783,19817],[25,-36],[37,-138],[107,-14],[-23,-55],[103,-15],[80,-53],[-7,-42],[-45,-19],[65,-65]],[[87125,19380],[-11,-72],[-93,-4],[-50,-32],[-4,-104],[-36,5],[-64,-96],[-26,-171],[-83,3]],[[87250,19384],[-11,-21],[-114,17]],[[86778,17611],[-53,59],[37,231]],[[86762,17901],[49,45],[-16,31],[45,246],[111,-20],[26,13],[39,229],[41,5],[24,150]],[[87081,18600],[32,203]],[[87113,18803],[27,14],[69,-31],[98,-8]],[[87307,18778],[77,-21],[71,-76],[41,74],[32,-6]],[[87528,18749],[52,-58],[20,123],[23,46],[57,-3],[21,71],[-50,34],[8,104],[-14,31],[-71,8],[-92,31],[21,127],[78,-10],[20,43]],[[88631,18260],[-1,78],[28,76],[27,170],[-107,163]],[[87307,18778],[39,86],[91,-10],[19,-40],[72,-65]],[[87113,18803],[-71,-17],[-135,-12],[-149,135]],[[87081,18600],[-33,-11],[-134,19],[36,39],[-78,24],[-115,8],[-8,-44],[-65,-11],[-142,20],[-2,43],[-110,15],[3,20],[-104,14],[-24,68],[-91,12],[4,24],[-125,26],[9,57],[-91,2],[-169,23]],[[85842,18948],[19,121],[-22,34],[30,49],[58,10],[27,-32],[72,7],[22,-32],[66,12],[59,-9],[-22,-53],[40,-57]],[[85798,18614],[44,334]],[[86762,17901],[-78,19],[-29,-19],[-59,4],[-139,32],[-82,28],[34,54],[16,94],[-28,29],[-112,32],[-85,-1],[-24,-58],[-62,9],[22,-65],[-12,-81],[-178,-28],[54,357],[45,0],[8,54],[-31,9],[27,183],[-85,12],[-4,20],[-136,17],[-26,12]],[[84814,16003],[-74,10],[-18,32],[-131,18],[30,119],[-48,6],[19,158],[-138,20],[30,215],[-121,20],[-77,85],[-73,-3],[-4,-30],[-109,3],[10,-75],[-12,-73],[-39,-26]],[[84059,16482],[-15,54],[-45,71],[-51,33],[11,67],[-100,14],[29,190],[-109,-28],[-67,9],[-43,35],[-91,-1],[11,140],[-11,61],[82,22],[20,-25],[87,2],[6,37],[46,33],[62,-9],[7,50],[51,-7],[32,44],[44,-1],[30,40],[-10,49]],[[84035,17362],[7,53],[-89,87],[-27,68],[-76,53],[-53,1],[24,170],[31,7],[-20,80],[35,241],[64,17],[19,147],[-27,31],[-56,7],[10,66]],[[83877,18390],[398,-61],[60,0],[28,183],[2,90],[47,-6],[10,78],[311,-38],[-6,-58],[122,-12],[62,-30],[-12,-83],[30,-38],[131,-17],[21,-76],[256,-3],[15,106],[173,-26]],[[85525,18399],[-14,-83],[12,-78],[80,-11],[-6,-29],[96,-16],[26,12],[-50,-332],[267,86],[-36,-249],[-12,-121],[-16,-63],[39,-59],[108,-15],[-39,-87],[22,-59],[-25,-173]],[[85977,17122],[-35,-26],[-103,51],[-95,6],[-63,-22],[-12,-76],[12,-44],[-14,-125],[-125,10],[-32,12],[-133,6],[-16,-77],[-31,4],[-25,-165]],[[85305,16676],[4,-75],[51,-95],[-13,-94],[38,-64],[-7,-46]],[[85378,16302],[-23,-2]],[[85355,16300],[-113,-23],[-66,30]],[[85176,16307],[-102,1],[-93,-59],[-72,-5],[-8,-51],[-46,-100],[14,-62],[-55,-28]],[[85798,18614],[-69,5],[-17,-52],[-24,-166],[-158,24],[-5,-26]],[[83877,18390],[-150,59],[-43,3],[-239,97],[-49,-317],[-164,18],[6,44],[-56,8],[-58,-41],[-182,23]],[[82942,18284],[6,45],[-325,43],[-9,-64]],[[82614,18308],[-64,64],[-100,30],[5,38],[-39,33],[-55,-17],[13,110],[59,-8],[45,102],[48,-6],[20,152],[7,130],[154,186],[2,79],[40,55],[77,55],[17,148],[-25,47],[-85,12],[10,62],[37,1],[23,157],[-68,9],[13,96],[-25,4],[14,104],[-27,3],[29,207],[83,0],[12,86],[269,-33],[6,144],[48,351],[-207,25],[6,43],[-218,27],[9,65],[-73,9],[8,66],[-40,5],[8,60],[-72,5],[24,179],[-39,5],[17,121]],[[82580,21319],[352,-45],[54,413],[166,-20],[-22,-172],[125,-15],[-8,-109],[105,-15],[-4,-39],[101,-12],[-6,-69],[101,-14],[20,44],[161,-22],[-34,-133],[145,-20],[16,107],[19,16],[89,-11],[-17,-125],[199,-26],[15,77],[114,-20],[-6,-29],[200,-27],[-44,35],[6,49],[-26,46],[213,-28],[9,58],[46,-5],[12,87],[168,-24]],[[86140,16452],[-32,21],[9,57]],[[86117,16530],[41,27],[5,117],[34,92],[-31,27],[14,112],[15,24]],[[86195,16929],[36,23],[53,-5],[26,35],[49,-6],[42,29],[137,-19],[52,-25]],[[86607,16026],[-61,22],[-66,-4],[-46,-56],[-86,-2]],[[86348,15986],[-33,23],[10,62],[-40,40],[14,87],[-19,7],[45,212],[-45,28],[-81,15],[-59,-8]],[[85977,17122],[103,-59],[49,-7],[-16,-58],[48,-20],[34,-49]],[[86117,16530],[-104,25],[-40,-35],[-141,-6],[-85,32],[-1,46],[25,158],[-105,20],[-19,-127],[-99,5],[-243,28]],[[85882,16354],[-106,-13],[-51,-50],[-159,-62],[-36,23]],[[85530,16252],[-84,-4],[-68,54]],[[86140,16452],[-27,-50],[34,-26],[-45,-117],[-84,-39],[-35,16],[-54,93],[-47,25]],[[82614,18308],[0,-67],[49,-102],[-73,10],[-15,-114],[-63,-2],[-101,51],[-78,-21],[-62,1],[-13,-90]],[[82258,17974],[-56,-11],[-86,74],[15,116],[83,8],[-8,65],[-52,6],[-32,37],[-81,37]],[[82041,18306],[12,84],[-14,44],[-78,33],[-42,-31],[-71,99],[-37,-21]],[[81811,18514],[-2,28],[-154,88],[-77,-1],[-43,27],[-45,-29],[-57,32]],[[81433,18659],[-34,47]],[[81399,18706],[31,249],[-62,15],[6,47],[54,-11],[123,77],[-55,78],[56,37],[17,-24],[72,47],[67,-13],[9,67],[85,-10],[29,215],[-53,7],[22,185],[35,350],[-405,42],[-1,-13],[-188,21],[2,23],[-84,11],[5,37],[-98,12],[-5,-45],[-65,7],[-17,-132]],[[80979,19985],[-595,70]],[[82393,21846],[150,-20],[48,-59],[71,24],[26,-38],[-35,-107],[-76,10],[-46,-331],[49,-6]],[[79940,19807],[-42,23],[-21,-48],[-84,12]],[[79793,19794],[-86,25],[-14,36]],[[90490,16637],[21,3],[82,118],[-27,65],[39,128],[-55,41],[-13,54],[-36,37]],[[90501,17083],[0,81],[-26,4],[-39,66],[1,52],[-48,48],[1,83],[90,35],[6,33],[-35,45],[-15,67]],[[90436,17597],[14,25],[58,-15],[92,26],[210,-30],[27,118]],[[90837,17721],[84,1],[51,-46],[68,19],[21,153],[98,-15],[1,-76],[41,-16]],[[89425,20259],[31,3],[243,-36],[49,-24],[38,20],[176,-14],[-12,-70],[69,-56],[-4,-60]],[[90436,17597],[-88,7],[-19,61],[-49,41],[5,36],[55,9],[-63,86],[-170,-33],[-63,67],[-92,10]],[[90640,18450],[-36,-53],[-24,-79],[-63,-21],[-69,-3],[-21,-40],[-17,-152],[-34,-77],[97,-3],[50,-45],[36,-2],[0,62],[46,37],[32,-49],[65,23],[19,27],[59,1],[-9,99],[24,33],[5,78]],[[90800,18286],[47,0],[16,33],[76,-29]],[[91097,18223],[-66,-82],[-56,5],[-6,-39],[32,-29],[-55,-54],[-48,8],[-41,-27],[-21,-105],[-40,-12],[-63,80],[-31,-10],[-9,-52],[19,-73],[96,-33],[29,-79]],[[89899,17571],[18,60],[79,11],[50,36],[82,-45],[95,-14],[-23,-114],[-43,-11],[-16,-39],[-51,41],[-44,-6],[-36,-58],[-30,6]],[[90800,18286],[-40,45],[-69,150]],[[90501,17083],[-70,8],[-100,28],[-81,8],[-70,-12],[34,-69],[31,-170],[-30,-11],[-102,14]],[[84237,15875],[-79,71],[-58,15],[-11,45],[-37,12],[-47,48]],[[84005,16066],[-33,19]],[[83972,16085],[-70,76]],[[83902,16161],[-5,80],[-56,42]],[[83841,16283],[1,40]],[[83842,16323],[101,72],[-9,61],[52,27],[34,-44],[39,43]],[[84814,16003],[100,-150],[8,-33],[-71,-37],[-25,31],[-101,20],[-58,-52],[-22,-41]],[[84645,15741],[-42,-44],[-103,6],[-51,15],[-46,92],[-70,-10],[1,43],[-50,2],[-47,30]],[[83365,16780],[-73,45],[-25,42],[-103,6],[-54,101],[-70,8],[-91,39],[-76,60]],[[82873,17081],[15,48],[-19,79],[50,-5],[8,59],[53,-39],[49,85],[48,28],[73,103],[2,40]],[[83152,17479],[42,11],[70,-49],[58,-9],[70,46],[62,-36],[41,24],[89,-11],[67,31],[81,-51],[81,21],[34,-13],[41,-54],[86,-7],[61,-20]],[[83842,16323],[3,39],[-42,54],[-53,22],[-63,57],[-32,-35],[-35,66],[-59,36],[3,24]],[[83564,16586],[-55,46],[-39,-3],[-17,53],[-64,41],[-24,57]],[[83152,17479],[-31,66],[10,47],[-31,69],[-62,-2],[-77,21],[14,33],[-34,33],[17,105],[53,-2],[-30,105],[-57,41],[-40,-9],[14,91],[73,-8],[-65,94],[17,13],[19,108]],[[82873,17081],[-16,11]],[[82857,17092],[-84,95],[-38,26],[-67,-7],[-55,41],[-61,-60],[-107,123],[-28,-3]],[[82417,17307],[-5,51],[29,47]],[[82441,17405],[-12,82]],[[82429,17487],[66,-8],[49,65],[-56,143],[-46,42],[-86,10],[-6,66],[-103,28],[-3,37]],[[82244,17870],[-15,71],[29,33]],[[82102,17638],[7,73],[-30,49],[-47,37]],[[82032,17797],[-12,34]],[[82020,17831],[4,11]],[[82024,17842],[125,-18],[9,65],[86,-19]],[[82429,17487],[12,86],[-28,23],[-70,-34]],[[82343,17562],[-93,0],[-44,60],[-45,-6]],[[82161,17616],[-59,22]],[[82024,17842],[-13,165],[-31,35],[3,78],[38,16],[2,44],[-34,71],[52,55]],[[80568,18519],[-31,32],[34,72],[-37,66],[-46,11],[0,55],[-23,48],[22,48],[-6,60],[-54,-24]],[[80427,18887],[8,65],[181,72],[81,-11],[39,296],[28,-3],[12,96],[-93,11],[-19,37],[130,49],[118,-37],[156,-20],[56,444],[-155,20],[10,79]],[[81399,18706],[-44,-26],[-68,56],[-40,-10],[-20,-53]],[[81227,18673],[-30,14],[-22,93],[-46,35],[-53,5],[-31,37],[38,59],[-29,24],[-52,-95],[-112,-14],[-18,-99],[36,-26],[-55,-33],[32,-83],[-31,-39],[-43,24],[-68,-21],[5,-34],[48,-20],[-25,-42],[-203,61]],[[80427,18887],[-54,21]],[[80373,18908],[7,26],[-60,25],[-14,29],[42,72],[-55,9],[-13,35],[20,49],[-23,85]],[[80277,19238],[69,94],[10,46],[-56,22],[-77,-20],[-51,27],[-36,42],[-59,-9],[14,74]],[[80091,19514],[-3,65]],[[80088,19579],[-30,105],[-42,12]],[[80016,19696],[-18,3]],[[79998,19699],[24,30],[9,75]],[[79806,19716],[-32,44],[19,34]],[[79998,19699],[-49,-1],[0,63],[-36,6],[-44,-51],[-63,0]],[[94856,20158],[17,59],[-8,100],[-27,20]],[[94838,20337],[-41,57],[56,64],[40,69]],[[94893,20527],[30,32],[78,-43]],[[95001,20516],[-35,-111],[145,21]],[[95109,20521],[-94,16]],[[95015,20537],[10,83]],[[95025,20620],[18,93]],[[95043,20713],[20,15]],[[95063,20728],[137,-50],[-6,-35]],[[95194,20643],[-52,6]],[[95142,20649],[-39,-29],[6,-99]],[[95001,20516],[14,21]],[[95109,20521],[10,-2]],[[95119,20519],[14,-89]],[[95025,20620],[-92,19],[-18,19]],[[94915,20658],[7,65]],[[94922,20723],[25,94],[54,-25],[-12,-56],[54,-23]],[[94893,20527],[-5,3]],[[94888,20530],[5,61]],[[94893,20591],[17,68]],[[94910,20659],[5,-1]],[[94723,20161],[20,109],[95,67]],[[95146,20813],[-83,-85]],[[94922,20723],[-3,49],[-89,4]],[[94830,20776],[16,94]],[[94846,20870],[-30,132],[51,-1],[35,-33],[60,-12]],[[94962,20956],[40,-49],[97,64]],[[95099,20971],[58,-43],[-18,-43],[7,-72]],[[94962,20956],[6,21]],[[94968,20977],[22,-3],[45,48],[-48,5]],[[94987,21027],[18,30],[53,12],[53,-12]],[[95111,21057],[-25,-49],[13,-37]],[[95413,20971],[-36,-13],[-45,-101],[-50,50],[-39,-80],[-49,-67],[-48,53]],[[95111,21057],[167,39],[6,38],[-36,23],[15,65],[-68,38],[-36,-28],[-115,12],[-21,-20],[-108,-18],[16,100],[-7,60],[-40,-20],[-100,65]],[[94784,21411],[8,54],[-33,40],[-59,135],[-5,79]],[[94695,21719],[131,113],[21,90],[-10,77]],[[95322,21890],[-36,-26],[-36,-189],[36,-7],[27,-62],[-51,-273],[44,-28],[84,-10],[24,-62],[58,-5],[48,27],[46,-86]],[[94968,20977],[19,50]],[[94846,20870],[-63,-13],[-32,23],[0,77],[-31,30],[-61,-53],[-74,5],[-48,50],[-60,36],[37,37],[30,-12],[50,58]],[[94594,21108],[22,25]],[[94616,21133],[0,87],[58,72],[14,45],[41,38]],[[94729,21375],[55,36]],[[95119,20519],[72,-14]],[[95191,20505],[2,-64]],[[95191,20506],[0,-1]],[[95142,20649],[0,-41],[49,-102]],[[95285,20659],[2,-52]],[[95287,20607],[-18,-42]],[[95269,20565],[-44,8]],[[95225,20573],[0,66]],[[95225,20639],[37,20]],[[95262,20659],[23,0]],[[95262,20659],[-13,43],[77,26]],[[95361,20705],[-26,-39]],[[95335,20666],[-50,-7]],[[95311,20595],[-24,12]],[[95335,20666],[31,-13]],[[95366,20653],[12,-40]],[[95225,20639],[-31,4]],[[95191,20506],[34,67]],[[95269,20565],[27,-62]],[[95366,20653],[12,6]],[[94888,20530],[-54,7],[-2,33]],[[94832,20570],[61,21]],[[94832,20570],[-28,19],[-4,56]],[[94800,20645],[16,25],[94,-11]],[[95805,21158],[-1,30]],[[95812,21255],[-50,-87],[-39,10],[-49,-22]],[[94717,20677],[-28,-15]],[[94689,20662],[-7,23]],[[94682,20685],[21,57],[91,28]],[[94794,20770],[-77,-93]],[[94800,20645],[-58,2],[-25,30]],[[94794,20770],[36,6]],[[94597,20695],[42,-25],[43,15]],[[94689,20662],[-6,-33],[-52,1],[-8,-41],[-40,-3]],[[94583,20586],[-12,14],[26,95]],[[94537,20599],[3,17]],[[94540,20616],[16,71]],[[94556,20687],[41,8]],[[94583,20586],[-46,13]],[[94258,20626],[-4,130]],[[94254,20756],[86,-19],[45,-44]],[[94385,20693],[-4,-29]],[[94381,20664],[-123,-38]],[[94464,20657],[-5,-27]],[[94459,20630],[-22,-60],[-56,94]],[[94385,20693],[12,27],[61,-33],[6,-30]],[[94540,20616],[-32,5],[-3,52]],[[94505,20673],[51,14]],[[94537,20599],[-78,31]],[[94464,20657],[41,16]],[[94258,20626],[-64,-27],[-20,-93],[-26,-15],[-86,18]],[[94062,20509],[43,65],[-28,29],[1,108],[-9,64],[95,-33],[20,77],[38,-6],[-3,64]],[[94219,20877],[11,22]],[[94230,20899],[77,-41],[-1,-33],[-43,-30],[-9,-39]],[[94594,21108],[-112,-3],[-59,-37],[-19,32],[126,16],[56,69],[30,-52]],[[94219,20877],[-41,36],[-19,67],[43,5],[9,109],[-43,8],[52,72],[66,-4],[58,-38],[41,-5]],[[94385,21127],[-39,-68],[-31,37],[-58,6],[-37,-81],[10,-122]],[[93665,21153],[23,-45],[-33,-26],[-18,-81],[21,-38],[-8,-44],[64,-51],[-6,-28],[26,-77],[-1,-46],[-31,-32],[42,-149],[-67,-26],[25,-90],[79,-5],[49,-38],[20,-127],[130,105],[98,120],[-16,34]],[[93236,20017],[38,91],[30,15],[9,109],[-34,-9],[-110,21],[14,74],[-53,76],[12,130],[-33,49],[11,59],[71,87],[100,-22],[36,22],[20,85],[-16,33],[22,49],[32,4],[60,65],[23,87],[49,57],[70,57],[78,-3]],[[94385,21127],[68,5],[17,20],[79,-9],[6,46],[39,43],[5,80],[25,45],[105,18]],[[93665,21153],[34,92],[35,22]],[[93734,21267],[106,-15],[-19,-99],[60,-15],[37,64],[18,102],[-65,34],[6,35],[-84,11]],[[93793,21384],[34,85],[-63,9],[4,30],[-76,4]],[[93692,21512],[-34,101],[41,94]],[[93699,21707],[36,56],[64,1],[64,-29],[2,-45],[76,-42],[130,48],[29,95],[64,8],[25,-20],[86,11],[46,-19],[24,-45],[58,8],[32,-65],[34,-10],[82,18],[29,29]],[[94580,21706],[13,26],[102,-13]],[[92284,20735],[-114,4],[-34,58],[32,17],[-33,53],[1,42],[-54,21],[5,53],[-62,11],[-58,-36]],[[91967,20958],[15,89],[33,40],[7,47]],[[92022,21134],[75,-19],[61,-79]],[[92158,21036],[-12,-77],[47,15],[136,-25],[-5,-32],[66,-29],[-26,-77],[-48,14],[-46,-21],[14,-69]],[[92284,20735],[11,-86],[-63,-59],[-31,-98]],[[92201,20492],[-42,8]],[[92159,20500],[2,134],[-66,18],[19,96],[-26,12],[-186,30],[-65,-33],[3,-26]],[[91840,20731],[-139,27],[-69,23]],[[91632,20781],[21,110],[-10,32],[12,78]],[[91655,21001],[70,-53],[64,-14],[96,29],[82,-5]],[[91705,20184],[-29,18],[4,136],[23,52],[-57,23],[5,53],[-62,27],[-12,130],[9,49],[-17,52]],[[91569,20724],[-8,60],[71,-3]],[[91840,20731],[81,-14],[10,-40],[55,-27],[-34,-74],[26,-50],[37,-6],[55,-53],[46,40],[43,-7]],[[92201,20492],[34,-110],[-15,-32]],[[92220,20350],[-12,-44]],[[92017,20213],[-51,18],[10,64],[-71,12],[-79,-6],[-32,-116],[-89,-1]],[[91705,20184],[0,-47],[28,-48],[46,-20],[19,-71],[59,-16],[-16,-76]],[[91523,19912],[57,84],[-21,28],[-129,20],[-8,61],[-158,29],[-5,42],[-121,17],[-79,-45]],[[91059,20148],[-121,23],[-97,-26]],[[90841,20145],[-29,20],[92,252],[-58,-4],[-39,30],[57,88]],[[90864,20531],[106,-5],[41,-24],[17,44],[36,182],[44,11],[86,-12],[3,21]],[[91197,20748],[94,-60],[110,-6],[44,34],[124,8]],[[93738,21283],[-4,-16]],[[92220,20350],[98,72],[-2,52],[68,30],[28,65],[40,42],[52,-1],[14,62],[-51,5],[-5,33],[79,65],[-35,56],[15,69],[49,-3],[24,154],[71,-16],[40,146],[-38,6],[32,67],[29,101],[-55,-16],[-122,28]],[[92551,21367],[-3,46]],[[92548,21413],[44,46],[-46,115],[17,15],[-22,87],[-40,34],[19,116],[34,-6],[12,75],[-14,33],[14,85]],[[92566,22013],[48,-46],[75,-7],[45,40],[137,6],[76,42],[25,-4],[6,-78],[67,20],[19,124],[-6,39],[100,20],[23,123],[37,30],[57,-4],[15,55],[39,-17],[-58,-205],[-11,-106],[57,-9],[-34,-97],[76,-43],[44,31],[52,-8],[130,-75]],[[93585,21844],[7,-65],[107,-72]],[[93692,21512],[-36,7],[-9,-99],[-39,-62],[-4,-46],[134,-29]],[[92551,21367],[-15,-82],[-31,-74],[-46,-30],[-71,-15],[-23,-47],[-64,3],[-9,-46],[-57,9],[-31,-55],[-46,6]],[[92022,21134],[-3,57],[67,-12],[16,43],[2,84],[64,50],[38,-40],[-2,-52],[93,-21],[20,43],[34,-5],[32,39],[17,60],[81,-14],[17,55],[50,-8]],[[91655,21001],[-18,64],[62,-8],[16,115],[-78,13],[-19,-32],[-52,6],[-73,45],[11,58],[-18,27]],[[91486,21289],[57,14],[38,68],[41,-3],[17,49],[51,0],[67,-26],[35,116],[-54,77],[-31,-31],[-37,32],[-78,21]],[[91592,21606],[63,45]],[[91655,21651],[105,0],[37,66],[36,-6],[19,47],[91,-8],[-17,73],[12,56],[38,6],[34,89],[-36,61],[31,22],[53,-9],[46,16],[65,-17],[-4,61],[96,25],[38,-33],[-6,-36],[69,6],[46,68]],[[92408,22138],[10,-19],[76,-16],[-14,-58],[44,-36],[42,4]],[[90912,19805],[11,58],[86,120]],[[91009,19983],[74,-24],[-1,-22],[89,-8],[20,-44],[74,12],[10,63],[50,-33],[59,1],[32,-54]],[[91197,20748],[-63,103],[-52,4],[-9,57],[36,28],[-55,86],[-37,6]],[[91017,21032],[6,81],[35,40],[20,116],[87,-4]],[[91165,21265],[34,13],[22,76],[58,-7],[54,20],[-8,-67],[93,40],[49,-7],[19,-44]],[[90864,20531],[1,79],[-27,34],[31,41],[18,63],[-23,53],[-50,-2]],[[90814,20799],[29,72],[121,36],[-44,33],[2,74]],[[90922,21014],[79,-15],[16,33]],[[90922,21014],[5,52],[-63,17],[-10,33],[-113,7],[-32,33],[-64,20],[-36,-20],[-22,50],[-42,33],[39,33],[8,50],[-21,29],[8,51]],[[90579,21402],[121,-12],[-17,87],[104,-14],[28,61],[83,16],[-10,-40],[36,-36],[43,-3],[26,47],[60,-27],[42,25]],[[91095,21506],[-32,-76],[-16,-126],[39,13],[66,-13],[13,-39]],[[91009,19983],[10,97],[30,-1],[10,69]],[[90801,19899],[40,246]],[[89368,20665],[61,8],[122,-18],[5,30],[61,-9],[37,26],[46,-17],[118,-7],[25,42],[43,-14],[256,-15],[233,-39],[37,147],[90,-13],[61,28],[90,11],[58,-27],[95,-14],[8,15]],[[92228,25220],[12,-66],[-18,-74],[-25,-16],[-4,-85],[-41,-73],[-37,-1],[-1,66],[-111,54]],[[92003,25025],[-61,49],[-49,-55],[-83,79],[42,56],[-41,44],[-117,12],[4,50],[-111,-8],[21,99],[-10,23],[-75,48],[-30,-6]],[[91493,25416],[-58,20],[-148,19],[32,50],[9,61],[-22,19],[15,111],[97,-11],[126,26],[47,32],[103,-2],[163,-17],[-5,-49],[-49,-96],[53,16],[27,-46],[-13,-98],[19,-39],[44,-7]],[[91410,22896],[-51,-5]],[[91359,22891],[-61,73],[5,33],[57,-8],[25,161],[-71,36],[22,97],[33,3],[17,96],[42,48],[83,-101],[53,4],[13,80]],[[91577,23413],[11,76],[65,-49],[82,110],[57,3],[33,51]],[[91825,23604],[44,33]],[[91869,23637],[44,-48],[-53,-11],[20,-99],[0,-94],[-94,14],[-38,-73],[31,-35],[-51,-120],[-65,4],[-7,-34],[-162,42],[-27,-52],[24,-30],[-21,-36],[-2,-120],[-58,-49]],[[91780,22531],[-57,20],[6,44]],[[91729,22595],[-16,46],[4,57],[-131,21],[4,22],[-162,20],[25,63],[-43,72]],[[91869,23637],[53,18],[27,191]],[[91949,23846],[25,-22],[87,-3],[83,-61],[12,81],[55,-22],[22,-86],[54,-2]],[[92287,23731],[-58,-90],[3,-51],[100,-61],[-24,-54],[-6,-107],[70,-7],[39,-29],[9,-40]],[[92420,23292],[-49,-8],[-29,-123],[46,-44],[-35,-57],[-41,-33],[-9,-58],[32,-24],[-67,-52],[-4,-62],[53,-69],[4,-48],[-35,-86],[110,-57],[19,-44],[-34,-45]],[[92381,22482],[-101,-83],[-52,7],[-9,-50],[-79,29],[-56,-47],[-88,23],[-7,85],[-148,96],[-61,-11]],[[90113,23204],[-46,43],[0,59],[-97,-5],[-47,29],[-99,3],[-9,23],[-67,19],[-30,31]],[[89718,23406],[109,83],[20,137],[59,45],[97,17],[0,49],[89,128],[102,-2],[22,-21],[98,-23],[31,18],[37,69],[35,-28],[32,31],[-44,42],[30,85],[160,66],[42,30],[16,86],[28,55],[24,120],[134,-66]],[[90839,24327],[43,-64],[90,-96],[34,-7],[-2,-89],[-28,12],[-26,-97],[15,-69],[57,-34],[-76,-49],[-30,-62],[-37,17],[17,-122],[40,-1],[12,-110],[-46,-171]],[[90902,23385],[-14,-52],[-29,-21],[-71,12],[-7,-45],[-85,12],[-4,-29],[-64,10],[-6,-78],[-221,33],[-21,-26],[-103,11],[5,32],[-58,23],[-111,-63]],[[91123,24533],[216,-32],[27,-19],[-28,-80],[104,22],[83,-8],[14,15],[175,-24]],[[91714,24407],[-24,-149],[-100,16],[-7,-42],[-69,10],[5,-83],[-51,12],[-21,-67],[-144,23],[-4,-103],[-87,9],[8,48],[-19,54],[-35,5],[18,120],[-21,3],[-63,-51],[-8,79],[31,242]],[[89718,23406],[-19,29]],[[89699,23435],[-16,118],[-94,32],[-32,53],[-41,10],[-60,52],[-26,-1],[-79,59],[-8,49]],[[89343,23807],[239,183],[-39,144],[134,102],[54,88],[75,-47],[21,55],[67,104],[25,6],[25,110]],[[89944,24552],[30,-33],[77,76],[8,48],[66,-23],[35,15],[17,111],[-28,42],[8,52],[51,28],[132,-21],[31,21]],[[90371,24868],[29,-6],[28,-49],[90,-14],[-6,-40],[100,-20],[86,-44],[20,-58],[48,-13]],[[90766,24624],[17,-133],[31,-43],[25,-121]],[[90641,25455],[1,-85],[-68,-32],[19,-39],[-11,-74],[-69,-5],[55,-82],[-20,-133],[-70,10],[-85,-4],[-22,-143]],[[89944,24552],[-55,25],[-89,-8],[-81,55],[43,30],[-69,59],[-45,94],[-54,45]],[[89594,24852],[-43,11],[-17,54],[-110,64],[-80,76],[8,78],[-30,25],[-18,71],[86,111],[-12,46],[132,51],[-80,124],[50,39],[-54,73],[24,18],[4,63],[-53,24],[-37,54],[-5,69],[-23,35]],[[89336,25938],[42,47],[91,25],[-34,44],[-6,55],[-65,81],[8,29],[-51,64],[-7,43],[50,96],[-8,100],[26,29],[11,85],[310,-44],[-10,-37],[67,-168],[24,-123],[117,35],[7,-25],[90,15],[25,-58],[64,-37],[66,-99],[43,-17],[25,-39],[-9,-152],[21,-3]],[[90233,25884],[-2,-11],[100,-109],[265,-227],[45,-82]],[[89051,24207],[-63,-1],[-49,-147],[-118,-90],[-7,87],[-100,-77],[-46,63],[-53,-32],[-119,157],[-81,-60],[25,-34],[-61,-48],[-31,41],[-177,-137],[-71,-33]],[[88100,23896],[-73,-53],[-54,69],[-95,22],[-77,97],[30,24],[-52,89],[-141,-102],[-90,113],[-76,10]],[[87472,24165],[-75,341]],[[87397,24506],[-10,44],[162,120]],[[87549,24670],[99,-133],[55,18],[38,-52],[-62,-45],[34,-46],[38,27],[58,-27],[188,138],[-54,72],[64,47],[40,-55],[65,49],[-39,51],[52,40],[-66,87],[65,55],[-32,47],[45,30],[-14,43],[15,113],[62,-2],[28,18],[21,153],[-35,-27],[-53,70],[18,34],[71,53],[2,59],[199,46],[183,50],[-16,75],[37,10],[-13,59],[31,7],[7,72],[-16,25],[27,81],[-33,69],[-35,21],[-11,92],[57,49],[49,-29],[39,-51],[62,33],[185,-191],[-5,-44],[121,86],[33,-22],[67,61],[116,-48]],[[89594,24852],[-85,-125],[-59,-19],[-80,-131],[29,-18],[-52,-53],[-225,-168],[34,-40],[-105,-91]],[[89343,23807],[-35,72],[-21,92],[-76,82],[-5,61],[-112,75],[-43,18]],[[91123,24533],[-117,25],[-52,-7],[-93,14],[-17,49],[-78,10]],[[90641,25455],[62,-23],[57,31],[15,-98],[-22,-14],[-23,-148],[148,-23],[-11,-75],[94,-11],[11,72],[104,-27],[31,9],[-19,66],[94,69],[12,40],[92,-14],[62,58],[59,-64],[79,44],[7,69]],[[92003,25025],[-34,-150],[20,-40],[-8,-62],[-82,12],[-49,-63],[-56,-7],[-35,-31],[-7,-45],[82,-13],[-6,-38],[-48,-41],[-12,-83],[-32,4],[-8,-63]],[[91728,24405],[-14,2]],[[90233,25884],[101,87],[30,41]],[[90364,26012],[32,-21],[36,55],[184,-118],[-6,-44],[80,-63],[56,-8],[94,-42],[21,45],[108,-16],[51,36],[161,-23],[14,87],[81,-7],[36,55],[14,101],[55,27],[46,-28],[89,-12],[56,39],[-13,51],[14,93],[132,-20]],[[90364,26012],[26,40],[-68,69],[-6,81],[30,224],[33,55],[-20,68],[-97,131],[-42,16],[-69,-17],[-30,73],[-175,21],[-14,32],[20,186],[24,-3],[-7,101],[44,-6],[11,77],[-57,9],[-6,162],[194,96],[46,59],[27,-19],[103,1]],[[90331,27468],[94,-13],[-26,-74],[7,-85],[35,-34],[203,147],[-20,100],[13,88],[91,-1],[39,58],[36,-22],[129,-119],[-8,-58],[79,-73],[72,-85],[-4,-25],[200,-118]],[[91359,22891],[-59,-38],[-182,78],[-46,-29],[-28,43],[-42,-28],[-54,-6]],[[90948,22911],[20,58],[-43,135],[13,104],[-9,87],[-25,22],[48,61],[-50,7]],[[91728,24405],[230,-34],[45,-43],[50,26]],[[92053,24354],[-36,-237],[24,-23],[-14,-60]],[[92027,24034],[-17,-53],[-68,19],[-42,-23],[0,-42],[45,-10],[-29,-59],[33,-20]],[[91825,23604],[-76,107],[-117,39],[-23,-89],[-30,-58],[-80,-39],[-12,-77],[34,-14],[-7,-57],[63,-3]],[[92863,24738],[-30,-143]],[[92833,24595],[-84,-13],[-63,55],[-59,-17],[33,-66],[-55,-26],[-12,-33],[-89,13],[-10,-39],[-41,-35]],[[92453,24434],[-55,-7],[-50,169],[46,22],[0,99],[76,19],[-2,47],[83,54],[69,20]],[[92027,24034],[28,-43],[47,6],[72,-38],[68,-4],[97,26],[8,-78],[23,-30]],[[92370,23873],[-61,-46],[-22,-96]],[[87549,24670],[-53,73],[69,51],[-37,48],[90,65],[-146,189],[85,63],[-115,152],[233,324],[-144,251],[-178,-101],[-42,87],[-48,72],[86,61],[-56,101],[-26,-15],[-56,101],[114,57],[155,90],[-38,25],[-86,159],[-275,-149],[-59,105],[6,27],[-57,105],[-67,-38],[-43,78],[-85,-30],[-81,156]],[[86695,26777],[137,79],[-23,41],[120,69],[-43,77],[77,44],[-88,158],[399,230],[147,-20],[22,129],[-110,14],[30,28],[16,116],[-11,14],[93,188],[-15,40],[-93,48],[71,142]],[[87424,28174],[81,11],[81,-32],[43,21],[71,-25],[-24,-96],[61,-78],[3,-43],[49,-21],[81,-72],[-58,-113],[21,-10],[-78,-137],[23,-19],[-61,-107],[33,-13],[103,15],[139,57],[-23,-175],[34,-89],[-72,-16],[25,-113],[-123,-28],[16,-118],[193,-231],[151,33],[85,-115],[110,25],[-88,113],[151,34],[14,46],[-28,39],[-40,10],[-18,82],[-114,74],[-20,54],[193,43],[-27,70],[118,-16],[9,62],[106,5],[147,-19],[12,32],[-35,81],[17,144],[59,153],[-4,33],[34,97],[19,11],[-10,78],[34,146],[94,21],[126,-54],[31,27]],[[89168,28051],[55,-13],[165,-107],[84,3],[81,76],[22,-41],[76,-17],[39,-41],[90,25],[58,57],[63,-29],[36,1],[21,-97],[41,-16],[30,-42],[90,0],[71,-73],[36,-56],[67,-61],[45,-13],[-14,-89],[7,-50]],[[87472,24165],[158,-692],[-145,19],[-21,-150],[-88,13],[5,38],[-108,11],[-16,-118],[-76,-7],[-117,14],[-4,-32],[-84,15],[22,158],[-315,40],[-15,-40],[-54,8],[-48,-73],[-148,19],[-31,49],[9,73],[-71,9],[-19,-148],[-107,25],[-114,15]],[[86085,23411],[16,136],[-145,19],[48,374],[69,-64],[64,-31],[182,-23],[48,361],[-86,13],[-9,137],[-32,92],[311,185],[472,-57],[-16,-127],[169,-22],[-2,-18],[129,-19],[20,149],[74,-10]],[[90424,29481],[90,-115],[281,-382],[114,-124],[31,11],[83,-25],[-7,-41],[102,-88],[-86,-58],[50,-33],[123,91],[29,-20],[40,20]],[[89168,28051],[-11,48],[26,219],[13,52],[114,-14],[27,160],[5,105],[-95,12],[-70,113],[-14,53],[61,7],[-37,83],[-47,13],[-52,48],[35,48],[51,99]],[[89174,29097],[27,43],[-9,52],[47,97],[75,48],[16,51],[59,61],[53,25],[2,40],[45,91],[96,45]],[[89585,29650],[86,-118],[60,-1],[-20,-92],[149,-22],[-11,-93],[-24,3],[-21,-169],[48,42],[40,-31],[102,-15],[50,-39],[-29,-47],[53,-57],[39,60],[59,-32],[20,43],[-23,30],[46,35],[23,-28],[77,61],[13,37],[-78,90],[63,50],[-14,20],[131,104]],[[90424,29481],[-6,33],[83,-5],[116,88],[-105,131],[37,79],[58,-9],[41,82],[10,78],[48,89],[26,6],[55,63],[42,90],[-8,42],[43,58],[4,75]],[[90868,30381],[3,0]],[[89585,29650],[83,24],[10,40],[43,59],[48,37],[35,-26],[33,39],[70,51],[46,89],[-94,124],[51,-5],[40,62],[-109,132],[-8,105]],[[89833,30381],[454,0],[581,0]],[[86085,23411],[-12,-96],[141,-17],[7,-58],[-91,-704]],[[85226,22656],[-355,50],[54,401],[-72,11],[-99,-76],[-57,13],[-74,96],[-269,34],[17,135],[-134,-79],[-24,59],[-149,183],[-110,147],[-104,-80],[-181,238],[70,53],[-182,237],[-121,-91],[-186,237]],[[83250,24224],[123,94],[78,-102],[111,86],[22,-30],[129,98],[-102,130],[476,367],[-182,237]],[[83905,25104],[607,472],[-72,93],[451,354],[-53,69],[104,84],[-56,71],[-104,-83],[-114,149],[122,99],[19,-24],[101,88],[52,-66],[98,75],[39,-51],[68,47],[-110,191],[291,138],[30,-68],[244,140],[149,-259],[-8,-4],[178,-320],[75,43],[-56,99],[155,96],[-5,69],[130,73],[79,-138],[122,69],[113,73],[10,20],[-53,86],[38,2],[104,60],[42,-74]],[[83250,24224],[-196,-152],[-31,-240],[-251,23],[-5,12],[-477,56],[7,65],[-132,15],[17,70],[-26,64],[-138,-1]],[[82018,24136],[10,90],[-63,7],[11,100],[-53,7],[16,127],[-274,35],[-68,-42],[-32,16],[-35,-29],[-82,-3],[-25,-24],[-163,147],[98,94],[-101,112],[-29,-25]],[[81228,24748],[-116,127],[7,67],[-77,48],[66,52],[-171,155],[-1,368],[53,1],[-1,547],[-301,-1],[1,137],[275,-2],[-3,62],[0,539],[43,0],[0,223],[-150,-1],[18,86],[-9,115],[50,81],[-71,28],[88,235],[70,-45],[126,-35],[18,174],[82,28],[-6,193],[-62,-1],[1,680],[-70,0],[-5,334]],[[81083,28943],[-2,300],[314,-3],[0,302],[846,-3],[-3,-300],[30,-1],[-3,-315],[-64,0],[2,-291],[363,0],[-1,-846],[515,-65],[-1,34],[173,-17],[-23,-88],[153,-16],[-35,-122],[104,-122],[-128,-113],[-22,31],[-190,22],[-29,-308],[13,-54],[-135,17],[-9,-78],[64,-81],[-156,-120],[58,-121],[149,111],[70,12],[31,67],[41,31],[117,-152],[-105,-82],[35,-45],[-47,-37],[364,-467],[-74,-12],[-73,-51],[-8,-35],[-40,-17],[-23,-51],[-52,9],[-38,-23],[-52,-62],[48,-102],[-14,-32],[153,-198],[360,-457],[146,112]],[[89174,29097],[-188,24],[10,77],[-43,-20],[-126,98],[-27,-13],[-123,108],[90,43],[-165,139],[73,89],[57,43],[-170,145],[50,50],[33,-28],[82,97],[-184,156],[79,46],[51,78],[112,79],[-55,73]],[[88730,30381],[596,0],[507,0]],[[87424,28174],[66,131],[24,-2],[16,156],[-14,57],[-13,127],[133,151],[57,31],[96,92],[78,61],[-33,97],[-18,19],[-81,-52],[-209,234],[38,87],[66,231],[-77,-1],[-1,52],[-51,1],[19,88],[0,459],[140,0],[0,188]],[[87660,30381],[714,0]],[[88374,30381],[356,0]],[[81083,28943],[-222,3],[-51,-28],[-3,358],[3,266],[91,0],[3,839]],[[80904,30381],[517,0],[795,0]],[[82216,30381],[414,0],[846,0],[553,0],[785,0],[432,0]],[[85246,30381],[733,0],[582,0],[728,0],[371,0]],[[92453,24434],[19,-39],[46,-7],[-8,-50],[24,-45],[-98,-48],[-83,57],[-6,-38],[-80,7],[-15,61],[-79,2],[-120,20]],[[93176,24271],[-28,20],[-88,-35],[-71,8],[15,86],[23,40],[-43,48],[-102,23],[20,123],[-69,11]],[[93199,23967],[-68,-6],[-71,-26],[-44,43],[-7,39],[-57,-4],[-12,-91],[-20,-46],[-61,-9],[-87,11],[-75,-46],[-41,-80],[-48,-46],[-12,-38],[-60,-99],[-57,20],[-61,-9],[-87,17],[24,159],[-7,55],[37,12],[-15,50]],[[93738,21283],[33,37],[22,64]],[[94517,21804],[63,-98]],[[93585,21844],[23,9],[33,80],[12,80],[46,14],[21,-63],[36,-6],[4,74],[27,38]],[[93787,22070],[75,-24],[20,-106],[56,-28],[84,-19],[101,76],[92,45],[28,65],[67,-10]],[[93786,22082],[-95,12],[-96,88],[22,69],[7,122]],[[93624,22373],[1,42],[49,67],[113,-4],[-27,-29],[-7,-56],[49,-45],[-22,-21],[-19,-120],[65,-65],[-43,-20],[3,-40]],[[93624,22373],[-103,40],[12,105],[-80,4],[28,199],[61,-32],[75,-10],[19,17],[7,140],[-79,18],[13,141],[-20,77],[42,-3],[40,-66],[60,-31],[92,23],[31,63],[-41,45],[18,59],[-4,67],[21,113],[36,-7],[18,52],[-22,21],[34,58]],[[93787,22070],[-1,12]],[[92408,22138],[8,55],[64,32],[14,69],[-28,49],[-55,-44],[-29,104],[24,29],[-25,50]],[[92420,23292],[54,-10],[75,62],[125,-36],[50,-44],[14,45],[92,-15],[-7,63],[153,-24],[18,79],[59,8],[27,-22],[21,96],[89,43],[-6,130],[31,52],[14,73],[61,13],[6,42],[-28,53],[104,-18],[-14,45],[-37,22]],[[91095,21506],[27,36],[51,-44],[94,10]],[[91267,21508],[57,-9],[128,56],[-5,39],[50,48],[95,-36]],[[91267,21508],[-32,29],[-13,69],[-47,3],[-33,44],[7,45],[-46,67],[22,29],[-5,52],[-28,35],[33,127],[-3,31]],[[91122,22039],[54,47],[59,-27],[22,-57],[68,58],[82,34],[64,6],[37,-39]],[[91508,22061],[31,-5],[-52,-220],[95,-54],[62,-5],[11,-126]],[[91508,22061],[23,77],[54,-15],[74,28],[-11,94],[76,13],[12,52],[52,-12],[-22,115],[22,82],[-8,36]],[[91122,22039],[-40,63],[-28,3],[-62,92],[-54,23],[-31,50],[6,141]],[[90913,22411],[-12,68],[-88,71],[12,35],[-10,136]],[[90815,22721],[113,-16],[-25,-77],[113,-6],[-4,-117],[96,-11],[3,21],[88,-7],[70,-82],[73,-11],[45,24],[12,66],[116,-9],[61,93],[141,-8],[12,14]],[[90815,22721],[10,76],[25,87],[98,27]],[[90144,22482],[9,54],[-69,11],[-33,134],[-75,27],[-80,12],[10,65],[-40,29],[-59,9],[-14,33]],[[89793,22856],[20,137],[66,-9],[8,57],[94,-13],[-1,45],[48,-8],[52,21],[9,96],[24,22]],[[90913,22411],[-144,22],[-81,37],[-105,-42],[-9,-50],[-56,6],[-133,41],[-33,-35],[-121,77],[-87,15]],[[90579,21402],[-58,-18],[-205,44],[-48,56],[27,119],[-69,-3],[-34,22]],[[90192,21622],[40,18],[36,100],[38,16],[-25,48],[22,90],[-62,19],[5,32],[-44,37],[-53,9],[-89,74],[10,119]],[[90070,22184],[10,93],[52,-9],[15,85],[-58,9],[9,41],[53,-10],[22,54],[-29,35]],[[89028,21311],[15,113],[-56,34],[-3,56],[-45,3],[37,224],[43,-7],[33,-41],[99,-9],[63,-19],[64,4]],[[89278,21669],[56,-31],[37,21],[-10,44],[100,-13],[55,-54],[63,-35]],[[89579,21601],[68,-15],[74,-86],[114,-17],[-6,-40],[62,0],[21,127],[31,66],[18,87],[132,-25],[1,-66],[98,-10]],[[89076,23137],[-120,-7],[-113,-84],[-164,213],[-59,-44],[-22,23],[-93,-69],[-119,11],[-146,-2],[-109,96],[111,86],[-77,98],[84,49],[156,116],[-118,139],[-95,-69],[-46,61],[39,29],[-85,113]],[[89699,23435],[-238,-178],[-14,-74],[-89,11],[9,74],[-94,-8],[-26,35],[-50,-38],[23,-36],[-78,-56],[-54,19],[-12,-47]],[[89793,22856],[-18,-39],[-55,5],[-21,-81],[-80,11],[-46,-17],[-8,-63],[-112,9],[-6,-47],[-63,7],[-3,86],[-137,-9],[-165,22]],[[89079,22740],[-52,67],[144,108],[-21,52],[-56,8],[39,111],[-62,8],[5,43]],[[89278,21669],[-15,67],[-83,126],[-21,7],[14,102],[-47,53],[12,88],[43,-4],[8,73],[-37,46],[25,125],[-14,51],[-49,6],[-40,50],[-57,-31],[11,81],[-54,7],[20,124],[46,4],[-3,78],[42,18]],[[90070,22184],[-140,16],[-7,-42],[-89,11],[-32,-65],[-62,7],[-3,-60],[-97,13],[-48,-312],[37,-6],[-16,-81],[-34,-64]],[[82463,22372],[22,75],[-79,9],[-81,41],[17,131],[99,-15],[16,124],[-250,31],[19,81],[66,23],[72,228],[1,238],[10,14],[-431,55],[-81,105],[-11,282],[37,94],[-31,42],[-78,9],[27,92],[-21,30],[15,67],[152,-20],[4,35],[61,-7]],[[79293,22409],[16,170],[-44,6],[19,147],[381,-43],[31,138],[-9,18],[-81,9],[26,237],[32,40],[-23,30],[33,276],[74,-8],[12,26],[93,-16],[68,147],[37,337],[107,0],[-1,149],[24,-7],[1,173],[123,-1],[-62,-201],[152,0],[10,-92],[271,238],[-8,10],[305,276],[-25,23],[84,68],[33,6],[112,-99],[84,94],[-64,60],[124,128]],[[77897,22274],[0,190]],[[77897,22464],[0,432],[-1,590],[0,754],[-1,608],[0,712],[-1,506],[1,794],[-1,910],[0,444],[-1,656],[0,751]],[[77893,29621],[-1,760]],[[77892,30381],[354,0],[689,0],[755,0],[671,0],[543,0]],[[109739,25194],[62,-88],[-42,-25],[3,58],[-23,55]],[[125413,30261],[-34,-9],[-29,56],[22,67],[57,-19],[59,-52],[-17,-37],[-58,-6]],[[92184,17200],[-23,21]],[[92161,17221],[-56,31],[-54,-40],[73,-15]],[[92124,17197],[5,-40]],[[92129,17157],[6,-17]],[[92135,17140],[2,-47]],[[92137,17093],[-2,-53],[42,-16],[36,49]],[[92213,17073],[34,104]],[[92247,17177],[-63,23]],[[92161,17221],[-37,-24]],[[92184,17200],[-55,-43]],[[92247,17177],[-112,-37]],[[92213,17073],[-76,20]],[[92257,17583],[-6,-35]],[[92213,17548],[18,39]],[[92231,17587],[26,-4]],[[92201,17601],[-10,-21]],[[92164,17599],[37,2]],[[92257,17583],[6,40]],[[92263,17623],[-32,-36]],[[92201,17601],[18,43]],[[92219,17644],[44,10],[10,42]],[[92209,17718],[-18,-20],[28,-54]],[[92263,17623],[-6,-40]],[[84868,12195],[-8,21]],[[84860,12216],[8,15]],[[84868,12231],[2,9]],[[84870,12240],[3,3]],[[84873,12243],[22,-16]],[[84895,12227],[6,-16]],[[84901,12211],[-12,-8]],[[84889,12203],[-21,-8]],[[84926,12195],[-25,16]],[[84895,12227],[3,-1]],[[84898,12226],[16,-2]],[[84914,12224],[16,-1]],[[84930,12223],[-4,-28]],[[84860,12216],[-55,-14]],[[84805,12202],[-26,-6]],[[84779,12196],[0,15]],[[84779,12211],[19,35]],[[84798,12246],[34,-8]],[[84832,12238],[36,-7]],[[84919,12149],[-3,-19]],[[84916,12130],[-8,4]],[[84908,12134],[-20,32]],[[84888,12166],[5,15]],[[84893,12181],[-4,22]],[[84926,12195],[-2,-13]],[[84924,12182],[-5,-33]],[[84893,12181],[-41,7]],[[84852,12188],[16,7]],[[84852,12188],[-10,2]],[[84842,12190],[-37,12]],[[84774,12264],[24,-18]],[[84779,12211],[-38,13]],[[84741,12224],[-1,47]],[[84740,12271],[34,-7]],[[84741,12224],[-47,-32]],[[84694,12192],[-62,-2]],[[84632,12190],[8,18]],[[84640,12208],[28,40]],[[84668,12248],[37,48]],[[84705,12296],[14,3]],[[84719,12299],[21,-28]],[[84779,12196],[-68,-3]],[[84711,12193],[-17,-1]],[[84766,12137],[-62,6]],[[84704,12143],[7,50]],[[84779,12196],[-13,-38]],[[84766,12158],[0,-21]],[[84712,12121],[-26,14]],[[84686,12135],[18,8]],[[84766,12137],[-54,-16]],[[84607,12074],[-48,74]],[[84559,12148],[15,7]],[[84574,12155],[112,-20]],[[84712,12121],[-105,-47]],[[84683,12304],[22,-8]],[[84668,12248],[15,56]],[[84640,12208],[-35,3],[-32,64]],[[84573,12275],[3,6]],[[84576,12281],[32,1],[-5,28]],[[84603,12310],[59,43]],[[84662,12353],[15,-7]],[[84677,12346],[6,-42]],[[84603,12310],[-24,40],[-58,-5],[8,51]],[[84529,12396],[51,-5]],[[84580,12391],[53,3]],[[84633,12394],[12,-12]],[[84645,12382],[17,-29]],[[84576,12281],[27,29]],[[84509,12251],[-64,7],[11,87]],[[84456,12345],[18,91]],[[84474,12436],[55,-40]],[[84573,12275],[-64,-24]],[[84218,11984],[-140,18],[15,88]],[[84093,12090],[65,-8],[10,77]],[[84168,12159],[35,36],[21,71],[-27,84],[66,4]],[[84263,12354],[82,3]],[[84345,12357],[-9,-55],[48,-7],[-39,-54],[-10,-60],[-64,8],[-5,-33],[64,-58]],[[84330,12098],[-39,-65],[-63,9],[-10,-58]],[[84574,12155],[58,35]],[[84559,12148],[-50,-17]],[[84509,12131],[-11,1]],[[84498,12132],[34,31],[6,55],[-29,33]],[[84481,12091],[17,41]],[[84509,12131],[-2,-32]],[[84507,12099],[-26,-8]],[[84607,12074],[-6,-26]],[[84601,12048],[-43,-9],[-51,60]],[[84345,12357],[20,20]],[[84365,12377],[91,-32]],[[84481,12091],[-95,-8],[-56,15]],[[84093,12090],[-111,14]],[[83982,12104],[23,58],[16,96]],[[84021,12258],[147,-99]],[[84225,11821],[-76,63]],[[84149,11884],[91,59],[-22,41]],[[84601,12048],[-10,-58],[-97,-34],[-79,-70],[-87,-60],[-103,-5]],[[84774,12264],[65,6]],[[84839,12270],[1,-2]],[[84840,12268],[-8,-30]],[[84719,12299],[18,35]],[[84737,12334],[35,-20]],[[84772,12314],[61,-17]],[[84833,12297],[0,-4]],[[84833,12293],[6,-23]],[[84736,12350],[-3,-10]],[[84733,12340],[-56,6]],[[84645,12382],[35,13]],[[84680,12395],[56,-45]],[[84733,12340],[4,-6]],[[84668,12429],[12,-34]],[[84633,12394],[-23,53],[-61,45]],[[84549,12492],[-51,33]],[[84498,12525],[30,-3]],[[84528,12522],[23,-25],[50,15]],[[84601,12512],[54,-39],[13,-44]],[[84495,12525],[3,0]],[[84549,12492],[-18,-21],[49,-80]],[[84474,12436],[-9,63],[30,26]],[[84829,12327],[4,-30]],[[84772,12314],[57,13]],[[84736,12350],[20,22]],[[84756,12372],[73,-15]],[[84829,12357],[-13,-13]],[[84816,12344],[13,-17]],[[84749,12427],[16,3]],[[84765,12430],[38,-33]],[[84803,12397],[26,-40]],[[84756,12372],[-7,55]],[[84668,12429],[8,-1]],[[84676,12428],[33,-26],[40,25]],[[84778,12488],[8,-27]],[[84786,12461],[-21,-31]],[[84676,12428],[39,6],[4,53]],[[84719,12487],[59,1]],[[84861,12412],[-11,-73]],[[84850,12339],[-34,5]],[[84803,12397],[58,15]],[[84601,12512],[20,58],[31,-6]],[[84652,12564],[47,-45]],[[84699,12519],[20,-32]],[[84786,12461],[84,4]],[[84870,12465],[10,-56]],[[84880,12409],[-19,3]],[[84852,12518],[19,-48]],[[84871,12470],[-1,-5]],[[84778,12488],[30,33]],[[84808,12521],[44,-3]],[[84808,12521],[-27,6]],[[84781,12527],[7,49]],[[84788,12576],[42,-6]],[[84830,12570],[22,-52]],[[84699,12519],[82,8]],[[84840,12268],[30,-28]],[[84882,12258],[-9,-15]],[[84833,12293],[23,-2]],[[84856,12291],[19,-3]],[[84875,12288],[7,-30]],[[84902,12257],[-4,-31]],[[84882,12258],[20,-1]],[[84907,12284],[-5,-27]],[[84875,12288],[18,-2]],[[84893,12286],[14,-2]],[[84850,12339],[14,-2]],[[84864,12337],[-8,-46]],[[84864,12337],[41,-5]],[[84905,12332],[-12,-46]],[[84922,12296],[-15,-12]],[[84905,12332],[5,-1]],[[84910,12331],[2,-3]],[[84912,12328],[10,-32]],[[84880,12409],[28,0]],[[84908,12409],[9,-18]],[[84917,12391],[-6,-46]],[[84911,12345],[-1,-14]],[[84652,12564],[5,30]],[[84657,12594],[59,9],[24,41]],[[84740,12644],[49,-10],[-1,-58]],[[84871,12470],[25,-3]],[[84896,12467],[12,-58]],[[84899,12559],[0,-46]],[[84899,12513],[-3,-46]],[[84830,12570],[69,-11]],[[84830,12570],[33,38]],[[84863,12608],[36,-49]],[[84657,12594],[-61,42]],[[84596,12636],[59,112],[-2,48]],[[84653,12796],[40,1]],[[84693,12797],[-13,-42],[44,-47],[16,-64]],[[84993,12821],[9,-92]],[[85002,12729],[-120,14],[-17,-120]],[[84865,12623],[-2,-15]],[[84693,12797],[47,57]],[[84740,12854],[253,-33]],[[84919,12256],[-5,-32]],[[84902,12257],[17,-1]],[[84919,12256],[15,-2]],[[84934,12254],[-4,-31]],[[84947,12253],[2,-3]],[[84949,12250],[23,-32]],[[84972,12218],[-42,5]],[[84934,12254],[13,-1]],[[84922,12296],[31,-21]],[[84953,12275],[-6,-22]],[[84912,12328],[63,-13]],[[84975,12315],[-22,-40]],[[85001,12334],[-1,-22]],[[85000,12312],[-25,3]],[[84911,12345],[90,-11]],[[85013,12379],[-13,-45]],[[85000,12334],[1,0]],[[84917,12391],[96,-12]],[[85013,12393],[0,-14]],[[84896,12467],[106,-13]],[[85002,12454],[11,-61]],[[85019,12496],[-17,-42]],[[84899,12513],[14,-2]],[[84913,12511],[106,-15]],[[85009,12528],[11,-31]],[[85020,12497],[-1,-1]],[[84913,12511],[13,25],[83,-8]],[[84865,12623],[155,-18]],[[85020,12605],[45,-51]],[[85065,12554],[-56,-26]],[[85016,12275],[0,-11]],[[85016,12264],[-67,-14]],[[85000,12312],[16,-37]],[[85072,12312],[-8,-30]],[[85064,12282],[-8,-1]],[[85056,12281],[-40,-6]],[[85000,12334],[45,1]],[[85045,12335],[27,-23]],[[85013,12393],[30,-4]],[[85043,12389],[9,-1]],[[85052,12388],[-7,-53]],[[85095,12492],[-75,5]],[[85065,12554],[47,-26]],[[85112,12528],[-17,-36]],[[85077,12431],[-34,-42]],[[85095,12492],[33,-8]],[[85128,12484],[-46,-10]],[[85082,12474],[-5,-43]],[[85052,12388],[82,-1]],[[85134,12387],[-16,-39]],[[85118,12348],[-8,-8]],[[85110,12340],[-38,-28]],[[85077,12431],[30,-18]],[[85107,12413],[33,-6]],[[85140,12407],[0,-5]],[[85140,12402],[-6,-15]],[[85082,12474],[25,-61]],[[85160,12489],[37,-13]],[[85197,12476],[-18,-47]],[[85179,12429],[-39,-22]],[[85128,12484],[32,5]],[[85262,12478],[-65,-2]],[[85160,12489],[29,46]],[[85189,12535],[54,56]],[[85243,12591],[12,-39]],[[85255,12552],[7,-74]],[[85112,12528],[23,17]],[[85135,12545],[54,-10]],[[85239,12604],[4,-13]],[[85135,12545],[27,64]],[[85162,12609],[77,-5]],[[85184,12365],[-25,-24]],[[85159,12341],[-41,7]],[[85140,12402],[43,-19]],[[85183,12383],[1,-18]],[[85179,12429],[4,-46]],[[85262,12478],[21,-7]],[[85283,12471],[36,-46]],[[85319,12425],[-60,-55]],[[85259,12370],[-75,-5]],[[85255,12552],[61,-14]],[[85316,12538],[-33,-67]],[[85430,12538],[-32,-28],[64,-81]],[[85462,12429],[-57,4],[-44,-26]],[[85361,12407],[-42,18]],[[85316,12538],[16,-2]],[[85332,12536],[30,-16],[68,18]],[[85433,12836],[52,-67]],[[85485,12769],[-88,-42],[-9,-101]],[[85388,12626],[-44,-30],[-12,-60]],[[85239,12604],[25,83],[-65,24]],[[85199,12711],[55,62]],[[85254,12773],[129,9],[50,54]],[[85055,12241],[-4,-30]],[[85051,12211],[-1,-4]],[[85050,12207],[-23,3]],[[85027,12210],[-55,8]],[[85016,12264],[39,-23]],[[85056,12281],[-1,-40]],[[85129,12238],[-5,-20]],[[85124,12218],[-26,-15]],[[85098,12203],[-47,8]],[[85055,12241],[74,-3]],[[85121,12279],[16,-22]],[[85137,12257],[-8,-19]],[[85064,12282],[57,-3]],[[85130,12300],[-9,-21]],[[85110,12340],[20,-40]],[[85201,12287],[-24,23]],[[85177,12310],[-18,31]],[[85259,12370],[-4,-24]],[[85255,12346],[-20,-52],[-34,-7]],[[85177,12310],[-47,-10]],[[85201,12287],[-5,-38]],[[85196,12249],[-59,8]],[[85255,12346],[15,-32]],[[85270,12314],[-29,-76]],[[85241,12238],[-45,11]],[[85322,12219],[-46,18]],[[85276,12237],[-32,0]],[[85244,12237],[-3,1]],[[85270,12314],[26,-13]],[[85296,12301],[39,-43]],[[85335,12258],[-13,-39]],[[85361,12407],[16,-44]],[[85377,12363],[-23,-45]],[[85354,12318],[-58,-17]],[[85354,12318],[-19,-60]],[[85402,12315],[-25,48]],[[85462,12429],[1,-5]],[[85463,12424],[-12,-48],[17,-58]],[[85468,12318],[-66,-3]],[[85535,12323],[-64,-20]],[[85471,12303],[-3,15]],[[85463,12424],[33,-4]],[[85496,12420],[50,-25]],[[85546,12395],[-11,-72]],[[84989,12172],[-32,6]],[[84957,12178],[-33,4]],[[84972,12218],[17,-46]],[[85016,12150],[-13,16]],[[85003,12166],[-14,6]],[[85027,12210],[-11,-60]],[[85040,12150],[-17,-6]],[[85023,12144],[-7,6]],[[85050,12207],[-1,-8]],[[85049,12199],[-9,-49]],[[85114,12138],[-74,12]],[[85049,12199],[47,-26]],[[85096,12173],[22,-5]],[[85118,12168],[-4,-30]],[[85110,12117],[4,21]],[[85118,12168],[23,-3]],[[85141,12165],[40,-17]],[[85181,12148],[-1,-3]],[[85180,12145],[-3,-21]],[[85177,12124],[-33,-7]],[[85144,12117],[-34,0]],[[85098,12203],[-2,-30]],[[85124,12218],[25,-1]],[[85149,12217],[-8,-52]],[[85191,12211],[-10,-63]],[[85149,12217],[42,-6]],[[85196,12249],[-5,-38]],[[85244,12237],[-22,-89]],[[85222,12148],[-42,-3]],[[85244,12130],[-22,18]],[[85276,12237],[2,-58]],[[85278,12179],[-34,-49]],[[85322,12219],[-1,-40]],[[85321,12179],[-43,0]],[[85321,12179],[6,-15]],[[85327,12164],[-37,-56]],[[85290,12108],[-46,7]],[[85244,12115],[0,15]],[[85346,12162],[-19,2]],[[85402,12315],[-6,-65]],[[85396,12250],[-50,-88]],[[85365,12163],[-19,-1]],[[85396,12250],[20,-43]],[[85416,12207],[-51,-44]],[[85468,12207],[-52,0]],[[85471,12303],[19,-48]],[[85490,12255],[-22,-48]],[[85520,12147],[-15,3]],[[85505,12150],[-29,15]],[[85476,12165],[-8,42]],[[85490,12255],[53,-15]],[[85543,12240],[-29,-28],[6,-65]],[[85535,12323],[33,-53]],[[85568,12270],[-25,-30]],[[86136,12050],[-59,-51],[-25,29],[-93,10],[-49,57]],[[85910,12095],[-49,28]],[[85861,12123],[-77,13]],[[85784,12136],[2,48],[-44,-1],[-60,58]],[[85682,12241],[-27,70]],[[85655,12311],[16,39]],[[85671,12350],[24,-40],[116,0],[42,57]],[[85853,12367],[107,-1],[11,59],[51,6]],[[86022,12431],[-17,-73],[12,-51]],[[86017,12307],[-14,-31],[40,-54],[-20,-85],[62,-70],[51,-17]],[[85655,12311],[-49,6],[-27,-68]],[[85579,12249],[-11,21]],[[85546,12395],[125,-45]],[[84957,12178],[-6,-34]],[[84951,12144],[-32,5]],[[85003,12166],[-6,-29]],[[84997,12137],[-30,4]],[[84967,12141],[-16,3]],[[84992,12107],[-28,12]],[[84964,12119],[-1,0]],[[84963,12119],[4,22]],[[84997,12137],[-5,-30]],[[85023,12144],[-7,-32]],[[85016,12112],[-5,-19]],[[85011,12093],[-19,14]],[[85104,12070],[-21,-7]],[[85083,12063],[-71,2]],[[85012,12065],[-6,10]],[[85006,12075],[5,18]],[[85016,12112],[41,-7]],[[85057,12105],[50,-16]],[[85107,12089],[-3,-19]],[[85110,12117],[-53,-12]],[[85144,12117],[-4,-26]],[[85140,12091],[-33,-2]],[[85140,12091],[-6,-38]],[[85134,12053],[-30,17]],[[85211,12120],[-14,-86]],[[85197,12034],[-32,4]],[[85165,12038],[-31,15]],[[85177,12124],[34,-4]],[[85290,12108],[1,-47]],[[85291,12061],[16,-71]],[[85307,11990],[1,-4]],[[85308,11986],[-59,9],[-34,36]],[[85215,12031],[-18,3]],[[85211,12120],[33,-5]],[[85393,12127],[-6,-25]],[[85387,12102],[-19,-40]],[[85368,12062],[-77,-1]],[[85365,12163],[28,-36]],[[85476,12165],[-26,-29],[-57,-9]],[[85520,12147],[12,-2]],[[85532,12145],[10,-10]],[[85542,12135],[5,-20]],[[85547,12115],[-26,-9]],[[85521,12106],[-36,7]],[[85485,12113],[20,37]],[[85485,12113],[0,-13]],[[85485,12100],[-84,1]],[[85401,12101],[-14,1]],[[85409,12032],[-8,69]],[[85485,12100],[39,-51]],[[85524,12049],[12,-55]],[[85536,11994],[2,-61]],[[85538,11933],[-34,-36],[-61,12]],[[85443,11909],[-68,39]],[[85375,11948],[39,-6],[-5,90]],[[85524,12049],[7,10]],[[85531,12059],[19,-2]],[[85550,12057],[-14,-63]],[[85622,11958],[-34,61]],[[85588,12019],[11,4]],[[85599,12023],[46,11],[46,-37]],[[85691,11997],[-69,-39]],[[85622,11958],[2,-28]],[[85624,11930],[-86,3]],[[85550,12057],[4,1]],[[85554,12058],[34,-39]],[[85006,12075],[-32,5]],[[84974,12080],[-16,2]],[[84958,12082],[6,37]],[[85012,12065],[-3,-22]],[[85009,12043],[-18,-11]],[[84991,12032],[-24,4]],[[84967,12036],[7,44]],[[85083,12063],[-7,-43]],[[85076,12020],[-36,5]],[[85040,12025],[-31,18]],[[85085,11957],[-55,8]],[[85030,11965],[10,60]],[[85076,12020],[19,-3]],[[85095,12017],[-10,-60]],[[85165,12038],[-20,-28]],[[85145,12010],[-50,7]],[[85145,12010],[-10,-29]],[[85135,11981],[-18,-36]],[[85117,11945],[-32,12]],[[85215,12031],[-10,-50]],[[85205,11981],[-11,-9]],[[85194,11972],[-59,9]],[[85194,11972],[-8,-60]],[[85186,11912],[-43,6]],[[85143,11918],[-26,27]],[[85308,11986],[24,-32]],[[85332,11954],[-43,5]],[[85289,11959],[-20,3]],[[85269,11962],[-64,19]],[[85269,11962],[-40,-56]],[[85229,11906],[-43,6]],[[85229,11906],[-4,-37]],[[85225,11869],[-25,-20]],[[85200,11849],[-62,9]],[[85138,11858],[4,30]],[[85142,11888],[1,30]],[[85287,11865],[-17,-98],[-83,20]],[[85187,11787],[13,62]],[[85225,11869],[62,-4]],[[85289,11959],[-2,-94]],[[85289,11682],[-68,10]],[[85221,11692],[-20,32]],[[85201,11724],[-20,54]],[[85181,11778],[6,9]],[[85332,11954],[17,-25]],[[85349,11929],[7,-29]],[[85356,11900],[-10,-71],[43,-6]],[[85389,11823],[-5,-27]],[[85384,11796],[-3,-40]],[[85381,11756],[-8,-55],[-65,9],[-19,-28]],[[85393,11844],[-4,-21]],[[85356,11900],[37,-56]],[[85375,11948],[-26,-19]],[[85307,11990],[54,40]],[[85361,12030],[48,2]],[[85368,12062],[-7,-32]],[[84963,12119],[-30,4]],[[84933,12123],[-17,7]],[[84933,12123],[-6,-29]],[[84927,12094],[-27,-8]],[[84900,12086],[-15,38]],[[84885,12124],[23,10]],[[84958,12082],[-28,7]],[[84930,12089],[-3,5]],[[84930,12089],[10,-19]],[[84940,12070],[-21,-15]],[[84919,12055],[-19,31]],[[84967,12036],[-11,1]],[[84956,12037],[-16,33]],[[84933,11970],[-14,85]],[[84956,12037],[-3,-61]],[[84953,11976],[-20,-6]],[[85006,11969],[-53,7]],[[84991,12032],[15,-63]],[[85006,11969],[9,-24]],[[85015,11945],[-31,-4]],[[84984,11941],[-48,3]],[[84936,11944],[-3,26]],[[85085,11957],[-3,-23]],[[85082,11934],[-33,5]],[[85049,11939],[-34,6]],[[85006,11969],[24,-4]],[[85049,11939],[-50,-14]],[[84999,11925],[-15,16]],[[84963,11910],[-27,34]],[[84999,11925],[-4,-19]],[[84995,11906],[-32,4]],[[85082,11934],[26,-41]],[[85108,11893],[-67,-8]],[[85041,11885],[-46,21]],[[85041,11885],[-5,-27]],[[85036,11858],[-37,-14],[-36,66]],[[85066,11841],[-30,17]],[[85108,11893],[34,-5]],[[85138,11858],[-72,-17]],[[85129,11759],[-63,82]],[[85181,11778],[-52,-19]],[[85166,11684],[-37,75]],[[85201,11724],[-35,-40]],[[85221,11692],[-14,-33]],[[85207,11659],[-45,-4]],[[85162,11655],[4,29]],[[85161,11564],[1,91]],[[85207,11659],[16,-61]],[[85223,11598],[-32,-25]],[[85191,11573],[-30,-9]],[[85172,11418],[-54,78]],[[85118,11496],[43,68]],[[85191,11573],[59,-30]],[[85250,11543],[-20,-77]],[[85230,11466],[-58,-48]],[[85223,11598],[43,-29]],[[85266,11569],[-16,-26]],[[85276,11576],[-10,-7]],[[85289,11682],[14,-2]],[[85303,11680],[-27,-104]],[[84851,12158],[-9,32]],[[84888,12166],[-37,-8]],[[84885,12124],[-41,24]],[[84844,12148],[7,10]],[[84844,12148],[-78,10]],[[83802,11915],[35,116],[-8,21]],[[83829,12052],[60,-12],[7,45],[86,19]],[[84149,11884],[-108,-62],[-45,67],[-194,26]],[[84225,11821],[-52,-58],[-82,-26],[-15,-92],[-34,24],[-70,-17],[-86,25]],[[83886,11677],[27,41],[-100,14],[-30,-29]],[[83783,11703],[24,66],[-14,86],[9,60]],[[83774,11645],[-54,-15]],[[83720,11630],[-71,-27]],[[83649,11603],[-26,41],[22,72],[-38,98],[11,44],[-18,91],[-61,9],[-28,47],[25,74],[59,26]],[[83595,12105],[40,-21],[49,10],[145,-42]],[[83783,11703],[-9,-58]],[[83886,11677],[-67,-66]],[[83819,11611],[-45,34]],[[83810,11557],[-9,1]],[[83801,11558],[-59,9],[-22,63]],[[83819,11611],[-9,-54]],[[83616,11395],[5,32]],[[83621,11427],[5,34],[65,-9],[9,57]],[[83700,11509],[42,25]],[[83742,11534],[84,-78]],[[83826,11456],[-1,-9]],[[83825,11447],[3,-39],[-69,-18],[-143,5]],[[83861,11415],[59,-38]],[[83920,11377],[-47,-29],[-7,-43],[-49,7],[-13,-78]],[[83804,11234],[-112,15],[-10,-59],[-128,18]],[[83554,11208],[13,82],[-24,60],[67,7],[6,38]],[[83825,11447],[36,-32]],[[83801,11558],[-59,-24]],[[83700,11509],[-59,38],[-72,0],[-40,-18],[-93,68],[-47,-17],[-20,43]],[[83369,11623],[-17,74]],[[83352,11697],[110,-30],[60,-39],[127,-25]],[[83826,11456],[16,73]],[[83842,11529],[57,-17]],[[83899,11512],[-16,-95],[-22,-2]],[[83810,11557],[32,-28]],[[83621,11427],[-133,-9],[-96,14],[-60,38]],[[83332,11470],[23,144],[14,9]],[[84312,11426],[-16,-95],[-47,0],[-49,-50]],[[84200,11281],[-15,41],[-113,-1],[0,-34]],[[84072,11287],[-43,20],[-33,53],[45,23]],[[84041,11383],[20,24],[-1,92]],[[84060,11499],[118,19],[37,35]],[[84215,11553],[19,-24],[93,-13],[-15,-90]],[[84383,11416],[-71,10]],[[84215,11553],[81,56],[108,-27],[47,-53],[-16,-106],[-52,-7]],[[84041,11383],[-54,14],[-67,-20]],[[83899,11512],[46,31],[35,-34],[80,-10]],[[84193,11257],[7,24]],[[84383,11416],[-98,-115],[-20,-72],[-72,28]],[[84058,11248],[14,39]],[[84193,11257],[-108,10],[-27,-19]],[[83846,11207],[-42,27]],[[84058,11248],[-108,3],[-104,-44]],[[83587,11010],[-45,36],[-34,86]],[[83508,11132],[46,76]],[[83846,11207],[-83,-47],[-21,-41],[-155,-109]],[[83413,10929],[-77,64]],[[83336,10993],[23,24],[13,130]],[[83372,11147],[59,20],[77,-35]],[[83587,11010],[-60,-22],[-28,-42],[-86,-17]],[[83171,10765],[26,46],[-41,57]],[[83156,10868],[60,0],[12,76]],[[83228,10944],[84,24],[24,25]],[[83413,10929],[-46,-65],[-120,-14],[-76,-85]],[[83087,10636],[-214,27]],[[82873,10663],[48,45],[6,43]],[[82927,10751],[12,22],[154,40],[63,55]],[[83171,10765],[-36,-102],[-48,-27]],[[82309,10072],[19,120],[55,50],[12,44],[47,29],[2,33]],[[82444,10348],[40,80],[102,-14],[6,20]],[[82592,10434],[122,-27]],[[82714,10407],[10,-50]],[[82724,10357],[-96,-42],[-25,-27],[-18,-71],[-80,-26],[-106,-122],[-90,3]],[[82714,10407],[52,53],[-11,49]],[[82755,10509],[-26,38]],[[82729,10547],[105,53],[-4,28]],[[82830,10628],[43,35]],[[83087,10636],[-47,-36],[-20,-60],[-116,-109],[-180,-74]],[[82927,10751],[-36,27],[52,320]],[[82943,11098],[65,-9]],[[83008,11089],[56,-18],[5,-48],[69,10],[50,-20],[40,-69]],[[82755,10509],[-26,38]],[[82726,10843],[-20,-107],[10,-32]],[[82716,10704],[-56,1],[-44,32],[-4,37],[35,80],[79,-11]],[[82156,10557],[67,58],[123,-21],[6,57],[153,-24],[42,31]],[[82547,10658],[62,-107],[8,-54],[-25,-63]],[[82444,10348],[-196,62],[-37,-65],[-56,2],[-17,52],[33,58],[-15,100]],[[81987,10409],[18,-44],[47,-20],[8,-74]],[[82060,10271],[-106,14],[-80,-43],[-66,22],[-85,84]],[[81723,10348],[32,18],[45,65],[63,16]],[[81863,10447],[74,-48],[50,10]],[[81987,10409],[45,52],[-31,42],[155,54]],[[82309,10072],[-69,89],[-67,57],[-30,-1],[-83,54]],[[81863,10447],[19,67],[-104,69]],[[81778,10583],[53,7],[10,83]],[[81841,10673],[68,-11],[121,10],[32,137]],[[82062,10809],[41,-15],[80,4],[109,-24],[14,86],[97,-14],[-29,-46],[34,-24],[108,-17],[51,-62],[-20,-39]],[[83372,11147],[-88,19],[7,44],[50,32],[-16,47],[-61,8],[15,150],[13,28]],[[83292,11475],[40,-5]],[[83008,11089],[40,47],[24,72],[-76,-24],[-38,15],[10,62],[-98,-35],[-10,42],[-84,-42]],[[82776,11226],[-74,8],[10,62]],[[82712,11296],[31,64]],[[82743,11360],[21,57],[-6,62],[13,114]],[[82771,11593],[76,-26],[160,-22],[32,-43],[148,-20],[105,-7]],[[82730,10974],[-13,16],[43,88],[-50,7]],[[82710,11085],[11,65],[33,3],[22,73]],[[82943,11098],[-80,11],[-26,-57],[-69,-22],[-38,-56]],[[82830,10628],[-41,10],[-73,66]],[[82726,10843],[4,131]],[[82710,11085],[-93,-3],[-13,51],[24,55],[7,67],[77,41]],[[82062,10809],[-5,23],[-72,63]],[[81985,10895],[66,-8],[-15,54],[36,35],[-48,28],[-86,13],[6,70],[44,40],[44,-6],[31,73],[-64,13],[-24,63],[57,1],[-4,94],[23,27],[122,90],[94,160]],[[82267,11642],[82,-69],[-3,-23],[91,-13],[-17,-108],[85,-23],[4,-30],[56,-8],[43,48],[28,-42],[107,-14]],[[82354,11175],[19,-54],[-10,-56],[27,-45],[111,-15],[23,149],[-12,106],[-29,27],[-82,-102]],[[82401,11185],[-7,63],[-62,22],[-30,-73],[52,-22]],[[82354,11175],[47,10]],[[82267,11642],[76,24],[44,-47],[97,61]],[[82484,11680],[39,-68],[43,46],[3,50],[86,-8],[51,11]],[[82706,11711],[39,-11]],[[82745,11700],[26,-107]],[[81892,11816],[21,-27],[114,-58],[19,12],[107,-64]],[[82153,11679],[114,-37]],[[81985,10895],[-70,85],[-164,23],[7,39],[-130,128],[-43,32],[-5,55],[15,102],[-48,12]],[[81547,11371],[-56,34],[-33,73],[-3,59],[-49,130],[39,32]],[[81445,11699],[29,55],[108,17]],[[81582,11771],[78,-84],[72,30],[59,45],[101,54]],[[81367,11284],[-42,-20],[-109,-11],[-97,14],[-43,32],[-40,62],[18,55],[65,12],[94,-3],[71,-37],[84,-12],[-1,-92]],[[80735,11108],[38,64]],[[80773,11172],[-5,47],[60,85],[14,41]],[[80842,11345],[15,0],[8,135],[-45,30],[-60,-21],[-65,9],[-25,49]],[[80670,11547],[16,91],[-25,5]],[[80661,11643],[52,48],[67,9]],[[80780,11700],[-11,-37],[49,-33],[98,-14],[34,-31],[13,-67],[97,-8],[5,30],[74,50],[97,-13],[13,59],[61,-9],[14,89]],[[81324,11716],[121,-17]],[[81547,11371],[-16,-43],[-46,-43],[-101,-18],[-18,-110],[-41,-5],[-13,-75],[34,-44],[-27,-82]],[[81319,10951],[-4,-18],[-124,8],[-52,37]],[[81139,10978],[-4,37],[-205,35],[-41,21],[-75,7],[-79,30]],[[81841,10673],[-5,30],[-67,-9],[-57,21],[-1,67]],[[81711,10782],[6,26],[-97,23],[41,43],[12,57],[-71,57],[-63,7],[-12,-35],[-73,-26]],[[81454,10934],[-58,15],[-39,-26],[-38,28]],[[81711,10782],[-50,-8],[-139,16],[7,47],[-77,-6],[2,103]],[[81778,10583],[-65,-31],[-38,12],[-56,56],[-78,1],[-53,70],[-16,-76],[-157,7]],[[81315,10622],[-123,28],[-34,35],[-49,-3],[-7,-40]],[[81102,10642],[-74,28],[-164,138]],[[80864,10808],[0,44],[84,31],[10,59],[37,26],[139,-19],[5,29]],[[81309,10547],[6,75]],[[81723,10348],[-87,88],[-90,60],[-89,44],[-148,7]],[[81309,10547],[-135,35],[-72,60]],[[81324,11716],[7,106],[-55,8],[35,227],[-49,19],[-8,33],[18,111]],[[81272,12220],[64,-4],[39,40],[85,-11],[50,39],[75,-9],[24,49],[44,22],[-32,53]],[[81621,12399],[117,-15]],[[81738,12384],[-29,-54],[-68,-45],[-53,-86],[6,-59],[-34,-30],[6,-170],[-15,-54],[95,-2],[-10,-61],[-46,2],[-8,-54]],[[80780,11700],[31,35],[92,40],[90,-13],[13,22],[21,139],[-24,95],[-75,15],[-19,-47],[-64,0],[-35,49]],[[80810,12035],[13,25],[66,2],[33,195]],[[80922,12257],[124,-17],[5,29],[103,-14],[53,-30],[65,-5]],[[80661,11643],[6,81]],[[80667,11724],[36,18],[47,283]],[[80750,12025],[60,10]],[[80667,11724],[-37,38],[-167,-4],[-18,92],[-35,-3]],[[80410,11847],[-73,73]],[[80337,11920],[103,-5],[29,197]],[[80469,12112],[132,-12],[60,-17]],[[80661,12083],[81,-11],[8,-47]],[[80447,11277],[73,1],[-11,-75],[-35,-18]],[[80474,11185],[-42,57],[15,35]],[[80670,11547],[-56,-5],[-21,-105]],[[80593,11437],[-42,-57],[-125,23],[-37,-66]],[[80389,11337],[-80,3]],[[80309,11340],[-2,184]],[[80307,11524],[-1,82],[81,33],[-7,60],[-35,63],[64,53],[1,32]],[[80864,10808],[-248,171]],[[80616,10979],[23,120]],[[80639,11099],[83,-17],[13,26]],[[80621,11183],[-16,63],[101,39],[34,87]],[[80740,11372],[30,-29],[72,2]],[[80773,11172],[-41,46],[-111,-35]],[[80639,11099],[-63,25]],[[80576,11124],[45,59]],[[80740,11372],[7,43],[-154,22]],[[80616,10979],[-92,40],[-33,-16],[-121,80]],[[80370,11083],[59,45]],[[80429,11128],[40,27]],[[80469,11155],[67,-1],[40,-30]],[[80377,11280],[12,57]],[[80469,11155],[5,30]],[[80447,11277],[-70,3]],[[80370,11083],[-65,27]],[[80305,11110],[-5,91],[-47,-8],[25,134],[31,13]],[[80377,11280],[-27,-88],[40,-5],[39,-59]],[[80305,11110],[-135,-23]],[[80170,11087],[0,4]],[[80170,11091],[-15,101],[-35,31],[-108,14]],[[80012,11237],[-83,29],[7,45],[-44,6],[11,72],[56,29],[4,67],[-40,0],[5,60]],[[79928,11545],[50,31],[100,0],[160,-51],[69,-1]],[[79897,11046],[17,116],[-24,62],[-63,78],[-1,60],[-82,0],[-33,30]],[[79711,11392],[-1,121]],[[79710,11513],[117,-16],[47,49]],[[79874,11546],[54,-1]],[[80012,11237],[-2,-96],[88,-12],[8,-35],[64,-3]],[[80170,11087],[-71,-19],[-32,-46],[-149,5],[-21,19]],[[79897,11046],[-111,51],[-104,81],[-144,77],[-85,27],[-252,27],[-110,-30]],[[79091,11279],[-21,38],[44,21],[-1,60]],[[79113,11398],[49,34],[-7,55],[239,0],[0,-92],[33,-60],[65,1],[0,30],[85,0],[5,24],[129,2]],[[79831,11939],[70,-31],[5,-92],[70,-62],[65,1]],[[80041,11755],[2,-89],[-132,-2]],[[79911,11664],[-140,7],[13,-69],[-130,-6]],[[79654,11596],[-24,18],[-138,30],[-84,32]],[[79408,11676],[21,100],[-64,34],[21,100],[33,-3]],[[79419,11907],[-2,-19],[150,-24],[119,7],[10,34],[92,4],[43,30]],[[79874,11546],[34,63],[3,55]],[[80041,11755],[100,2],[-2,210],[97,1],[101,-48]],[[79831,11939],[-4,117],[39,33],[106,-24],[13,63],[-40,30],[-19,68],[45,41],[63,-54],[134,1],[-3,120]],[[80165,12334],[133,3],[16,-116],[85,-38],[70,-71]],[[78289,11483],[-169,108],[-160,84],[-127,40]],[[77833,11715],[2,127]],[[77835,11842],[109,8],[109,-43],[116,-68],[99,-9],[54,-36]],[[78322,11694],[-33,-211]],[[80469,12112],[20,121],[-38,96],[15,76],[-1,173],[-23,-2],[-45,67]],[[80397,12643],[51,55],[206,-37],[-11,-54],[104,-49],[-5,-87],[96,-15],[-23,-72],[58,-45],[-55,-47],[28,-41],[-85,-82],[-32,-7],[-68,-79]],[[80165,12334],[-89,5],[-22,56],[-64,86],[-84,-2],[9,43],[-27,34],[0,162]],[[79888,12718],[76,0],[3,147],[44,0],[-1,74],[152,49],[0,42],[65,-11],[4,90],[37,-6],[79,49],[4,28],[177,-28]],[[80528,13152],[-34,-96],[-73,-82],[-13,-47],[-69,-63],[-40,-94],[8,-40],[-28,-71],[118,-16]],[[79506,12012],[-4,217],[32,45]],[[79534,12274],[66,29],[-26,121],[16,106],[239,-31],[-58,-79],[37,-28],[-24,-156],[46,-48],[-86,-36],[2,-86],[-47,-1],[0,-69],[-109,30],[-84,-14]],[[79710,11513],[-66,39],[10,44]],[[79082,12348],[-67,85]],[[79015,12433],[73,17],[101,-25],[21,-23],[81,3],[10,74],[-26,47],[2,81],[25,30],[47,-9],[26,37]],[[79375,12665],[53,-29],[1,-56],[98,-43],[53,8],[-1,73],[87,63],[92,12],[0,25],[130,0]],[[79419,11907],[6,73]],[[79425,11980],[81,32]],[[79534,12274],[-152,-4],[-1,36],[-150,-9],[-154,19],[5,32]],[[78866,12124],[-5,34],[66,57],[48,-5],[8,53]],[[78983,12263],[14,66],[85,19]],[[79425,11980],[-110,69],[-39,-37],[-91,22],[-144,0],[0,30],[-154,1],[-21,59]],[[79408,11676],[11,-67],[-157,-1],[2,71],[23,39],[0,60],[-19,102],[-79,-9],[-148,0],[0,-94],[-27,-22],[-87,3],[-30,59],[-116,1],[-5,96],[10,51],[-84,2],[20,137]],[[78722,12104],[144,20]],[[79113,11398],[-132,36],[3,39],[-115,14],[13,-53],[-104,-25],[-97,13],[-64,62],[9,37],[-45,96],[4,50],[-30,50],[-174,22],[-55,14],[-4,-59]],[[77835,11842],[6,364]],[[77841,12206],[74,-18],[201,-18],[85,-46],[41,7],[10,78],[79,-10],[-22,50],[18,57],[124,-16],[30,13],[38,-49],[58,3],[-7,-44],[111,-65]],[[78681,12148],[41,-44]],[[79091,11279],[-125,-81],[-16,-29],[89,-147],[-126,9],[-37,-71],[-57,2],[-10,65],[-103,57],[-96,-15],[12,-51],[-69,16],[-10,54],[52,46],[-18,54],[-54,77],[-149,148],[-85,70]],[[78788,12326],[137,-10],[58,-53]],[[78681,12148],[27,20],[22,86],[-17,22],[75,50]],[[78788,12326],[-42,6],[-14,125],[95,-13],[-2,48],[105,-11]],[[78930,12481],[40,-5],[-3,-47],[48,4]],[[78806,12730],[-22,-75]],[[78784,12655],[-114,26],[-33,-33],[0,-75],[-97,12],[-105,-47],[-51,-38],[-59,49],[-74,9],[-91,27],[20,142],[26,48],[82,17],[-28,45],[-2,68],[18,24],[106,-17],[35,-26],[-8,-55],[66,9],[-7,-55],[106,-31],[38,56],[48,-48],[58,7],[20,-41],[68,2]],[[77841,12206],[3,264]],[[77844,12470],[3,469],[-1,284]],[[77846,13223],[-2,128]],[[77844,13351],[-1,173]],[[77843,13524],[0,17]],[[77843,13541],[69,25],[130,-26],[8,56],[127,22],[38,22],[-15,-122],[159,-21],[30,33],[115,0],[-39,-49],[-19,-103],[82,35],[46,47],[35,-20],[151,-3]],[[78760,13437],[1,-63],[55,-49],[14,-47],[-176,0],[0,-154],[54,-23],[-15,-77],[67,-9],[-9,-56],[71,36],[25,31],[66,-12],[-10,-74],[74,-9],[-9,-124],[-58,-43],[-104,-34]],[[78784,12655],[52,-8],[44,-45],[7,-53],[43,-68]],[[79375,12665],[11,86],[-46,-11],[6,65],[97,-5],[44,45],[64,33],[-15,79]],[[79536,12957],[13,51],[65,20],[56,56],[0,100]],[[79670,13184],[71,11],[-10,60],[50,30],[44,82],[53,-9],[27,35],[-54,27],[61,76],[39,100],[129,-2],[150,-110]],[[80230,13484],[77,-64],[61,-18],[34,-46],[57,-11],[18,-34],[90,-24]],[[80567,13287],[-28,-55],[-11,-80]],[[78760,13437],[117,54]],[[78877,13491],[29,-37],[57,0],[100,-63]],[[79063,13391],[-26,-53],[-75,0],[0,-37],[45,-26],[0,-54],[89,0],[66,28],[25,-20],[79,11],[-1,-72],[131,-3],[-2,-138],[70,-60],[72,-10]],[[79251,13656],[-8,-69],[19,-60]],[[79262,13527],[-79,-10],[11,-83],[-41,-53],[-58,31],[-32,-21]],[[78877,13491],[-128,15],[10,80],[-60,36],[-68,21],[11,73],[72,-3],[13,91]],[[78727,13804],[178,-7],[45,-134],[108,-9],[36,23],[66,-25],[80,35],[11,-31]],[[77843,13541],[1,276]],[[77844,13817],[143,-16],[0,31],[115,-15],[0,-60],[57,-7],[7,120],[81,3],[21,168],[-60,113],[30,26],[8,60],[68,1],[32,56]],[[78346,14297],[75,-144],[186,-16],[18,-43],[44,26]],[[78669,14120],[111,-20],[114,13]],[[78894,14113],[-8,-50],[64,-8],[-21,-163],[-111,19],[-4,-28],[-80,-22],[-7,-57]],[[77844,13817],[0,8]],[[77844,13825],[-5,493]],[[77839,14318],[50,11],[221,-25],[74,42],[150,-24],[12,-25]],[[82745,11700],[86,-26],[18,112],[33,-1],[-12,-69],[62,-9],[-2,61],[109,-24],[137,-12]],[[83176,11732],[87,-8],[88,-26]],[[83351,11698],[1,-1]],[[82575,11869],[154,-12]],[[82729,11857],[-23,-146]],[[82484,11680],[-46,-3],[20,128]],[[82458,11805],[70,-20],[46,21],[1,63]],[[82153,11679],[25,67],[24,159],[-35,46],[40,65]],[[82207,12016],[8,4]],[[82215,12020],[37,-32],[118,-20]],[[82370,11968],[43,-37],[-9,-59],[64,-9],[-10,-58]],[[81892,11816],[-14,65],[22,14],[7,165],[-38,66],[20,133]],[[81889,12259],[46,-21],[96,-12],[37,-24],[80,-6],[49,-38]],[[82197,12158],[20,-66],[-10,-76]],[[81738,12384],[77,-11],[86,-34],[-12,-80]],[[83176,11732],[10,66],[67,75]],[[83253,11873],[129,-43]],[[83382,11830],[-28,-20],[-3,-112]],[[83238,11871],[15,2]],[[82729,11857],[5,29],[73,5],[90,-12],[22,158],[21,34]],[[82940,12071],[129,-18]],[[83069,12053],[23,-49],[62,-61],[11,-69],[73,-3]],[[82575,11869],[17,105],[-49,6],[10,62],[34,55]],[[82587,12097],[70,-10],[20,20]],[[82677,12107],[37,-60],[46,-3],[101,38],[79,-11]],[[83445,12161],[65,38],[59,-43],[19,17]],[[83588,12173],[7,-68]],[[83382,11830],[37,-5],[45,36],[0,87],[-58,27],[1,65]],[[83407,12040],[8,69],[30,52]],[[83238,11871],[-26,30],[89,93],[106,46]],[[83069,12053],[4,48],[-34,121]],[[83039,12222],[36,-28],[195,-5],[18,63],[110,-15],[73,3]],[[83471,12240],[-26,-79]],[[83039,12222],[-10,51],[53,22],[25,59],[-9,62],[85,-4],[34,13],[92,-15],[-2,32],[34,67],[41,-5],[-4,-62],[33,-1],[22,94],[62,-8]],[[83495,12527],[-8,-60],[-33,-73],[46,-6],[-28,-63],[46,-37],[-47,-48]],[[84263,12354],[14,90]],[[84277,12444],[40,53],[-2,56],[23,22]],[[84338,12575],[83,-40]],[[84421,12535],[-18,-120],[-51,30],[-31,-38],[44,-30]],[[84421,12535],[74,-10]],[[84286,12731],[14,-58],[40,-5],[-2,-93]],[[84277,12444],[-77,22],[-110,12]],[[84090,12478],[15,170],[58,92]],[[84163,12740],[9,13],[114,-22]],[[84021,12258],[66,16],[24,156],[-21,48]],[[83588,12173],[-14,49],[78,-4],[-12,40],[13,76],[-4,139],[35,15],[117,-2],[34,15]],[[83835,12501],[39,-24],[35,17],[-28,120],[40,16]],[[83921,12630],[3,40],[49,2],[19,93]],[[83992,12765],[171,-25]],[[83835,12501],[-42,32],[5,33],[-69,18],[-28,39],[-16,66],[-35,20],[8,61]],[[83658,12770],[46,0],[6,62],[53,-16],[-7,61],[59,-3],[15,-65],[64,-95],[-4,-35],[31,-49]],[[83647,12972],[-19,-116],[30,-86]],[[83495,12527],[-44,19],[6,44],[-36,34]],[[83421,12624],[18,121],[-3,60]],[[83436,12805],[14,34]],[[83450,12839],[39,154],[158,-21]],[[83421,12624],[-82,9],[4,53],[-31,46],[31,74],[93,-1]],[[82919,12818],[139,-36],[-37,-45],[-22,-98],[24,-29]],[[83023,12610],[10,-36],[-100,-3]],[[82933,12571],[-20,65]],[[82913,12636],[2,50],[-34,30],[-50,3]],[[82831,12719],[-31,5]],[[82800,12724],[31,55]],[[82831,12779],[75,-6],[13,45]],[[80922,12257],[70,20],[27,177],[22,-4],[19,103],[35,10],[22,119],[37,24]],[[81154,12706],[60,21]],[[81214,12727],[77,4],[24,-20],[215,-34],[15,61],[78,1],[46,-24],[40,38],[26,58]],[[81735,12811],[-19,-78],[-51,-51],[-46,-82],[76,-12]],[[81695,12588],[-12,-66],[-36,-15],[-26,-108]],[[82587,12097],[-3,27],[-131,22],[-5,-40],[-55,-16],[-23,-122]],[[82215,12020],[18,59],[51,9],[-19,130],[106,-24],[64,38],[15,34],[-16,49],[70,41],[-5,52],[-45,82],[-1,54],[-88,11],[-4,22],[-127,19],[-51,-22]],[[82183,12574],[-155,23],[5,31]],[[82033,12628],[30,70],[42,-1],[73,37],[99,-15],[67,67]],[[82344,12786],[98,-9],[74,32],[69,-8],[56,27],[-12,-91],[113,-64],[53,21]],[[82795,12694],[46,-19]],[[82841,12675],[-1,-7]],[[82840,12668],[21,-41]],[[82861,12627],[-34,-96],[-56,-28],[-44,-76],[-68,2],[33,-91],[-36,-9],[41,-62],[-64,-32],[2,-39],[66,-11],[-24,-78]],[[82919,12818],[-56,9],[-56,55],[-68,11],[-7,-47],[99,-67]],[[82800,12724],[-5,-30]],[[82344,12786],[-72,65],[41,54],[17,61],[59,-15],[6,64],[-81,51],[-1,-59],[-56,11],[21,115],[-6,84],[-37,-5],[-4,92]],[[82231,13304],[42,238],[17,61]],[[82290,13603],[67,15]],[[82357,13618],[23,-4]],[[82380,13614],[-15,-90],[31,-36],[19,-92],[-8,-45],[27,-26],[108,-56],[22,-25]],[[82564,13244],[93,-30],[6,-62],[43,-6]],[[82706,13146],[-2,-64],[28,-30],[90,-12],[37,-25],[3,-77],[63,21],[6,36]],[[82931,12995],[3,-30],[54,-21]],[[82988,12944],[57,-30],[28,19]],[[83073,12933],[32,-23],[97,-13],[11,61],[33,14]],[[83246,12972],[51,-23],[54,-99],[60,24]],[[83411,12874],[39,-35]],[[82861,12627],[52,9]],[[82933,12571],[9,-62],[79,-11],[67,88],[-65,24]],[[82840,12668],[21,-41]],[[82841,12675],[-10,44]],[[82197,12158],[12,41],[-13,75],[42,259],[-63,-22],[8,63]],[[81695,12588],[120,-19],[51,10],[85,49],[82,0]],[[82877,13189],[-11,-67],[-160,24]],[[82564,13244],[32,-5],[13,75],[33,-5]],[[82642,13309],[66,-34],[-10,-67],[179,-19]],[[83073,12933],[-69,38],[-16,-27]],[[82931,12995],[-25,8],[28,173]],[[82934,13176],[37,25]],[[82971,13201],[1,-107],[27,-4],[84,-90],[84,0],[79,-28]],[[83343,13068],[-9,-71]],[[83334,12997],[-87,26],[6,43],[90,2]],[[82877,13189],[57,-13]],[[83334,12997],[-4,-34],[72,-7],[9,-82]],[[82971,13201],[7,44],[83,66],[-41,69],[20,118],[-37,36]],[[83003,13534],[14,28],[73,-12],[-18,45],[42,47],[24,102],[-23,11],[16,77]],[[83131,13832],[18,-16]],[[83149,13816],[62,-60],[-30,-194],[23,-24],[-18,-54],[50,-15]],[[83236,13469],[88,-207]],[[83324,13262],[27,-66]],[[83351,13196],[-50,9],[-14,-34],[43,-35],[13,-68]],[[82819,13542],[111,-13],[73,5]],[[82642,13309],[15,91],[59,-9],[81,26],[22,125]],[[82380,13614],[108,-20],[-3,45],[76,29],[57,-13],[8,-35],[81,-32],[30,27],[82,-73]],[[81735,12811],[11,59]],[[81746,12870],[21,143],[100,-18],[19,54],[-19,133],[-48,110]],[[81819,13292],[83,14]],[[81902,13306],[66,-25]],[[81968,13281],[93,-25],[33,43],[90,36],[47,-31]],[[81047,13514],[58,117],[-46,59]],[[81059,13690],[82,0]],[[81141,13690],[57,-35],[101,-41]],[[81299,13614],[76,-53],[54,-63],[-14,-45],[-201,27],[-57,0],[-14,-44],[-63,3],[-35,31],[2,44]],[[81746,12870],[-150,24],[-17,27],[-96,13],[-3,91],[-144,19]],[[81336,13044],[16,104],[197,-27],[14,93],[29,-15],[66,36],[9,63],[85,13],[67,-19]],[[81336,13044],[-19,-127],[-90,-80],[-13,-110]],[[81154,12706],[-5,62],[-32,5],[22,118],[-83,12],[-26,35],[11,59],[96,149],[-288,42],[-80,-10]],[[80769,13178],[21,49],[5,155],[100,49],[-38,35],[22,30],[79,3],[0,30],[89,-15]],[[81299,13614],[0,100],[219,-3],[-6,49],[45,0],[46,32],[85,-32],[47,-56]],[[81735,13704],[-35,-34],[-15,-96],[65,-9],[17,-81],[61,-20],[74,-158]],[[80567,13287],[149,1],[-20,-92],[18,-33],[55,15]],[[81059,13690],[-87,30],[-30,-56],[-53,-18],[-43,18],[8,53],[58,-21],[21,21],[4,66]],[[80937,13783],[35,61],[56,7],[-9,45]],[[81019,13896],[42,57]],[[81061,13953],[38,-64],[-13,-127],[46,-18],[9,-54]],[[80230,13484],[0,45],[263,1],[19,37],[-5,273]],[[80507,13840],[125,9],[50,-22],[0,69],[158,0],[0,-91],[97,-22]],[[81061,13953],[131,0],[-1,-57],[237,0],[0,60],[47,1],[-1,159],[-46,7],[-1,68]],[[81427,14191],[32,26],[33,-54],[252,-32],[-4,-29],[148,-37],[-14,-74]],[[81874,13991],[-28,-32],[15,-74],[-11,-71],[-81,-3],[-11,-104]],[[81758,13707],[-23,-3]],[[80507,13840],[-1,56],[-99,0],[-2,98],[12,109],[0,116],[125,0],[14,61],[-47,37],[-37,120],[-89,58]],[[80383,14495],[17,35],[94,-16],[147,0]],[[80641,14514],[96,0],[0,-82],[32,-49],[177,0]],[[80946,14383],[0,-109],[31,-52],[-31,-30],[0,-296],[73,0]],[[81185,14651],[113,-16],[0,-94],[116,-13],[8,-47],[52,0],[1,-65],[-118,1],[50,-56],[21,-65],[-130,-107],[114,-10],[15,12]],[[80946,14383],[-35,53],[74,108],[86,73],[114,34]],[[80641,14514],[-2,264],[38,44]],[[80677,14822],[93,46],[177,-5]],[[80947,14863],[42,-37],[166,-1],[42,-9]],[[81197,14816],[-10,-32],[-2,-133]],[[80234,15062],[196,0],[49,41]],[[80479,15103],[82,30],[2,-186],[22,-7],[21,-91],[65,4],[6,-31]],[[80383,14495],[-75,126],[5,71],[24,27],[-7,50],[37,159],[-12,79],[-81,19],[-40,36]],[[80722,15957],[0,-253],[-54,0],[0,47],[-292,-1],[-9,-18],[-211,0],[0,171],[-12,54]],[[80144,15957],[578,0]],[[80479,15103],[8,50],[1,187],[282,-1]],[[80770,15339],[176,-2],[0,-220],[118,-6],[0,-106],[-24,-78],[-93,0],[0,-64]],[[80234,15062],[-1,87],[25,38],[0,139],[-156,1],[-17,-14],[-132,7]],[[79953,15320],[0,253]],[[79953,15573],[0,384]],[[79953,15957],[30,0]],[[79983,15957],[161,0]],[[80722,15957],[109,0],[57,34]],[[80888,15991],[62,-34],[-9,-60]],[[80941,15897],[-10,-66],[-74,18],[0,-102],[89,-8],[-5,-90],[30,-34],[-17,-34]],[[80954,15581],[-121,-6],[-63,14],[0,-250]],[[79983,15957],[-32,30],[0,211],[32,26],[0,90]],[[79983,16314],[95,0],[0,-21],[271,0],[0,31],[101,5],[0,32],[266,1]],[[80716,16362],[0,-1]],[[80716,16361],[0,-201],[28,-33],[56,0],[0,-35],[88,1],[0,-102]],[[79990,16765],[168,0],[0,54],[54,26],[313,-1]],[[80525,16844],[0,-124],[63,0],[0,-45]],[[80588,16675],[1,-206],[127,0],[0,-107]],[[79983,16314],[-63,30],[0,152],[-31,0],[-1,104],[63,0],[39,28],[0,137]],[[80023,14516],[27,-1],[1,-89],[-97,-1],[0,91],[69,0]],[[79670,13184],[0,38],[-134,9],[0,191],[11,57],[-46,21],[40,48],[-20,94],[-68,-48],[-78,-17],[3,-28],[-58,-23],[-58,1]],[[79251,13656],[29,259],[50,36],[214,-24],[7,54],[78,-8],[45,342],[19,64],[-87,140],[16,134],[39,93],[2,37]],[[79663,14783],[47,108],[-24,37]],[[79686,14928],[6,7],[261,3],[-5,260],[5,122]],[[78669,14120],[-33,52],[7,49],[32,17],[-29,79]],[[78646,14317],[16,40],[228,-24],[6,45],[-52,149],[16,121],[76,185]],[[78936,14833],[239,-30],[3,27],[192,-20]],[[79370,14810],[-20,-153],[-18,-64],[-133,15],[-17,-135],[-58,3],[-34,-76],[-24,-89],[-35,-40],[-130,6],[-7,-164]],[[79370,14810],[293,-27]],[[78728,14858],[208,-25]],[[78646,14317],[-55,26],[12,92],[-24,27],[22,169],[95,-8],[32,235]],[[77839,14318],[-1,256]],[[77838,14574],[0,134]],[[77838,14708],[445,-54],[2,16]],[[78285,14670],[194,-17],[19,-25],[31,233],[88,-22]],[[78617,14839],[61,-13],[15,104],[44,-5],[-9,-67]],[[79686,14928],[-11,44],[-99,15],[-4,70],[-27,3],[-15,112],[17,123],[-75,34],[-36,35],[13,137],[59,-7]],[[79508,15494],[31,-17],[76,7],[88,-10],[-8,32],[-63,49],[133,-1],[0,33],[85,-6],[33,-27],[70,19]],[[78648,15131],[-182,17],[7,98],[92,-11]],[[78565,15235],[-3,-24],[115,-14],[-29,-66]],[[79267,15957],[-23,-172],[71,-8],[15,-60],[-49,-47],[30,-51],[93,-11],[-6,-43],[75,-8],[47,38],[-12,-101]],[[78617,14839],[25,185],[6,107]],[[78565,15235],[40,292],[-312,39]],[[78293,15566],[39,256],[10,137],[45,-3]],[[78387,15956],[99,1],[44,-48],[192,-10],[8,59],[416,-1]],[[79146,15957],[121,0]],[[78285,14670],[8,66],[-63,7],[9,70],[-95,12],[52,393],[-18,2],[17,117],[-9,30],[-167,25],[20,157],[-17,50],[271,-33]],[[77838,14708],[-1,212]],[[77837,14920],[-3,516]],[[77834,15436],[-4,445]],[[77830,15881],[-1,359]],[[77829,16240],[11,-13],[453,-1],[61,-93],[-7,-121],[40,0],[0,-56]],[[79267,15957],[350,0],[0,-61],[59,1],[-31,60],[76,0],[0,-30],[177,0],[55,30]],[[79146,15957],[18,45],[54,6],[0,253],[53,65],[137,71],[81,20],[6,80],[33,-1],[0,86],[21,40],[102,5],[1,220]],[[79652,16847],[338,-3],[0,-79]],[[84551,12607],[-23,-85]],[[84286,12731],[80,-9]],[[84366,12722],[67,-96],[118,-19]],[[84551,12607],[-29,51],[34,19],[40,-41]],[[84456,12895],[62,-23],[19,-47],[116,-29]],[[84366,12722],[-69,77],[22,72]],[[84319,12871],[60,-9],[77,33]],[[84456,12895],[-32,46],[39,51]],[[84463,12992],[29,-34],[121,-17]],[[84613,12941],[61,-29],[89,1]],[[84763,12913],[-23,-59]],[[84319,12871],[12,54]],[[84331,12925],[-19,20],[-13,82]],[[84299,13027],[-2,28]],[[84297,13055],[49,-18],[127,24]],[[84473,13061],[5,-41]],[[84478,13020],[-15,-28]],[[84478,13020],[46,16],[82,-17]],[[84606,13019],[7,-78]],[[84473,13061],[61,18],[72,64]],[[84606,13143],[0,-124]],[[84297,13055],[-21,55]],[[84276,13110],[84,52],[-31,16],[46,51],[32,0]],[[84407,13229],[33,15],[117,1],[19,47],[61,14]],[[84637,13306],[36,-12],[30,-72]],[[84703,13222],[-2,-69]],[[84701,13153],[-95,-10]],[[84407,13229],[0,46],[-51,85],[-121,5]],[[84235,13365],[71,68],[38,86],[55,-9],[38,18],[41,103]],[[84478,13631],[60,11]],[[84538,13642],[82,-8],[-13,-96]],[[84607,13538],[5,-94],[32,-38],[-7,-100]],[[83992,12765],[18,81],[-18,21],[23,135]],[[84015,13002],[10,36],[64,1]],[[84089,13039],[33,-95],[81,0]],[[84203,12944],[45,-46],[83,27]],[[84254,13021],[45,6]],[[84203,12944],[46,35],[5,42]],[[84089,13039],[64,65]],[[84153,13104],[42,-80],[59,-3]],[[84153,13104],[45,48],[54,-10],[24,-32]],[[84015,13002],[-84,-56],[22,152],[29,42]],[[83982,13140],[20,157],[57,54],[96,-13],[80,27]],[[83982,13140],[-42,22],[-132,8],[-17,17],[-95,12]],[[83696,13199],[50,133],[61,115]],[[83807,13447],[53,-4],[62,49],[26,91]],[[83948,13583],[40,20],[28,125],[20,34],[-33,43],[-96,13],[21,133]],[[83928,13951],[10,41],[41,1],[99,-36],[42,33],[30,52]],[[84150,14042],[25,-20],[49,34],[58,-18],[100,-77],[17,-96],[-15,-55]],[[84384,13810],[10,-59],[-20,-65],[69,-1],[35,-54]],[[83807,13447],[-163,3],[-19,23]],[[83625,13473],[13,72],[59,9]],[[83697,13554],[145,-19],[28,27],[5,51]],[[83875,13613],[73,-30]],[[83697,13554],[10,59]],[[83707,13613],[107,63],[64,-5],[-3,-58]],[[83707,13613],[-1,66],[19,64],[38,43],[-21,52]],[[83742,13838],[12,78],[-30,33],[8,58]],[[83732,14007],[120,-18],[10,-29],[66,-9]],[[83613,13737],[-31,-21],[-61,16],[15,88],[85,-16],[-8,-67]],[[83625,13473],[-104,14],[22,-62],[-32,-35],[-90,19],[25,89],[-38,35],[24,94]],[[83432,13627],[14,84],[-80,25]],[[83366,13736],[10,67],[36,51],[120,15],[18,97],[21,6]],[[83571,13972],[-12,-58],[62,-15],[13,-63],[40,13],[68,-11]],[[83552,14210],[39,-15]],[[83591,14195],[49,-45],[92,-143]],[[83571,13972],[-11,36],[-149,21]],[[83411,14029],[12,45],[42,-6],[39,156],[48,-14]],[[83647,12972],[18,65],[37,63],[-48,18],[42,81]],[[83324,13262],[22,22],[157,-56],[17,-39],[-39,-81],[-74,32],[-5,48],[-51,8]],[[83236,13469],[61,15],[13,82],[-31,62],[96,-17],[57,16]],[[83149,13816],[158,-10],[10,-50],[49,-20]],[[83238,14310],[-12,-71],[-32,4],[-10,-62],[-40,-41],[60,-35],[180,-26]],[[83384,14079],[27,-50]],[[83131,13832],[-58,72]],[[83073,13904],[-64,12],[-28,27],[-87,11]],[[82894,13954],[41,43],[-23,43],[73,67],[13,71],[-79,-3]],[[82919,14175],[25,90],[93,54],[-4,21],[205,-30]],[[82855,13959],[39,-5]],[[83073,13904],[-114,-109],[-13,-55],[-78,-50],[-80,27],[26,174],[32,8],[9,60]],[[82357,13618],[13,119],[-45,34],[-70,17],[9,61],[-94,12],[-17,34]],[[82153,13895],[-66,19],[5,34]],[[82092,13948],[-4,35],[55,58],[17,106],[71,-5]],[[82231,14142],[76,-10],[-49,-47],[130,-25]],[[82388,14060],[-11,-53],[89,-25],[51,42],[99,-17],[6,22],[168,-33],[58,37],[7,-74]],[[82290,13603],[-47,18],[-85,-5]],[[82158,13616],[26,188],[-48,6],[17,85]],[[81968,13281],[19,89],[37,-5],[-19,130],[-28,41],[64,31],[37,43]],[[82078,13610],[80,6]],[[81758,13707],[64,-42],[72,-21],[7,45],[70,-11],[-5,-43],[112,-25]],[[82388,14060],[-6,62],[23,153],[77,-8],[37,17],[17,52],[-12,96],[24,121]],[[82548,14553],[52,24]],[[82600,14577],[67,-16],[18,-30]],[[82685,14531],[-41,-51],[27,-31],[-15,-72],[-39,-89],[50,-16],[28,-34],[38,40],[35,-2],[-8,-61],[114,-17],[45,-23]],[[82231,14142],[22,144],[60,-2],[-62,96],[-78,-34],[-101,25],[11,69],[37,40],[61,-3],[10,130],[27,13],[-24,114],[-19,28],[38,44]],[[82213,14806],[107,-14],[29,-34],[-7,-39],[82,-33],[62,-9],[-13,-74],[75,-50]],[[82084,15032],[-52,-91],[69,-15]],[[82101,14926],[49,-57],[69,-20],[-6,-43]],[[82092,13948],[-154,21],[-64,22]],[[81197,14816],[120,85],[9,72],[55,-7],[-14,-95],[32,-28],[58,-7],[-5,-36],[64,-7],[15,116],[61,-20],[98,-12],[5,91],[16,80],[-54,1],[7,52]],[[81664,15101],[15,7],[244,6]],[[81923,15114],[9,-24],[94,-8],[0,-36],[58,-14]],[[81915,14653],[14,64],[63,31],[-164,22],[-26,-57],[-36,4],[62,-154],[82,9],[-26,71],[31,10]],[[82084,15032],[60,14]],[[82144,15046],[-8,-124],[-35,4]],[[81781,15247],[59,-31],[97,0],[-23,-63],[9,-39]],[[81664,15101],[5,30],[-64,8],[9,60],[36,26],[131,22]],[[80954,15581],[-14,-122],[62,1],[129,-31],[166,-27],[-5,79],[36,63],[25,149],[30,-4]],[[81383,15689],[62,-7],[43,17],[68,-9],[1,-62],[41,3]],[[81598,15631],[-5,-160],[52,0],[40,-31],[0,-40],[64,-14],[0,-56],[36,0],[-4,-83]],[[81422,15823],[0,-85],[-39,-49]],[[80941,15897],[79,0],[-1,-51],[112,-14],[27,78],[90,-12],[79,-59],[95,-16]],[[81511,16349],[-24,-164],[121,-19]],[[81608,16166],[-51,-25],[7,-107],[55,-8],[9,-33],[112,-1],[-51,-83],[-1,-87],[-89,11],[-81,-9],[-1,-50],[-70,9],[-25,40]],[[80716,16361],[316,1],[0,60],[134,-10],[4,40],[98,0]],[[81268,16452],[209,0],[0,-82],[34,-21]],[[81161,16854],[2,-150],[-27,-57],[104,0],[0,-93],[28,0]],[[81268,16554],[0,-102]],[[80588,16675],[127,0],[31,45],[-1,45],[184,1]],[[80929,16766],[61,-5],[65,93],[106,0]],[[80525,16844],[0,130]],[[80525,16974],[157,1],[0,58],[90,0]],[[80772,17033],[158,1],[-1,-268]],[[80600,17216],[15,-59],[126,-1],[-1,-58],[32,-12],[0,-53]],[[80525,16974],[-106,0],[-3,24],[-188,7],[59,40],[-37,55],[0,55],[-57,13],[1,64]],[[80194,17232],[144,2],[14,-14],[248,-4]],[[80734,17613],[1,-228],[-134,4],[-1,-173]],[[80194,17232],[0,68],[31,-2],[0,108],[-58,8],[-46,-15],[-40,44],[10,57]],[[80091,17500],[216,-3],[56,24],[87,0],[28,58],[56,3],[14,32],[186,-1]],[[79652,17475],[0,-628]],[[77829,16240],[0,1]],[[77829,16241],[3,668]],[[77832,16909],[1,247]],[[77833,17156],[56,55],[98,18],[92,-4],[181,78],[157,9]],[[78417,17312],[48,-4],[95,28],[56,-20],[58,11],[0,67],[-25,23],[13,88],[-26,122],[-3,66],[15,60],[55,131],[-8,57],[-168,-2],[-53,-53],[-52,-1]],[[78422,17885],[-69,12],[-1,45],[-191,0],[0,-39],[-125,4],[-25,110],[54,1],[0,212],[-40,3],[-1,50],[-192,-1]],[[77832,18282],[0,60]],[[77832,18342],[-1,418],[-2,649]],[[77829,19409],[-2,248]],[[77827,19657],[78,4],[45,32],[63,20],[65,115],[-18,41],[-62,25],[-60,-5],[1,63]],[[78446,19817],[-111,-7],[-1,-165],[-75,0],[0,-136],[-194,-1],[0,-219],[117,18],[1,-197],[58,0],[1,-146],[512,-3],[128,5],[32,-11],[86,8],[130,-19],[170,9],[106,-13],[69,6],[54,25],[123,1],[-6,67]],[[79646,19039],[151,1],[-4,-92],[-32,-76],[-9,-57],[-101,-37],[0,-82],[58,-10],[25,-32]],[[79734,18654],[-3,-43],[70,-12],[-14,-65],[-47,0],[8,-129],[76,36],[108,26],[41,47],[73,-44],[110,6],[21,-135],[75,0],[68,28],[8,-76],[243,1]],[[80571,18294],[206,0],[10,-41],[99,-7],[0,-76]],[[80886,18170],[-1,-393],[80,1],[-14,-173]],[[80951,17605],[-217,8]],[[80091,17500],[-95,37],[-52,-101],[-27,31],[-49,-2]],[[79868,17465],[5,102],[-1,496],[-18,38],[-41,7],[-256,-9],[1,-83],[32,2],[-18,-140],[5,-66],[75,-95],[0,-242]],[[79469,17448],[-8,192],[19,0],[-5,110],[0,267],[-56,-1],[0,-82],[-53,-9],[-14,-34],[-63,22],[0,46],[-57,0],[20,-47],[-44,-47],[-86,-1],[-80,-53],[-9,26],[-98,13],[11,-79],[-8,-72],[80,0],[16,-62],[-37,-117],[8,-101],[124,9],[116,31],[126,-25],[98,14]],[[79652,17475],[36,-10],[180,0]],[[80373,18908],[5,-49],[-76,3],[3,44],[-83,-5],[-16,21],[-65,-12],[-6,-82],[-83,9],[7,-49],[53,-134],[-378,0]],[[79646,19039],[6,50],[-1,199]],[[79651,19288],[195,10]],[[79846,19298],[179,30],[100,-91],[92,29],[60,-28]],[[79121,19872],[1,-367],[160,-1],[53,33],[187,17],[129,50],[0,-93]],[[79651,19511],[0,-223]],[[77827,19657],[2,457]],[[77829,20114],[70,-85]],[[79846,19298],[-39,189]],[[79807,19487],[124,25],[160,2]],[[79807,19487],[0,25]],[[79807,19512],[79,75],[82,63]],[[79968,19650],[70,-70],[50,-1]],[[80016,19696],[-48,-46]],[[79807,19512],[-38,34],[1,67]],[[79770,19613],[41,0],[-5,103]],[[80568,18519],[3,-225]],[[79651,19511],[83,119],[36,-17]],[[78417,17312],[-12,71],[10,157],[-1,113],[-28,80],[-1,69],[37,83]],[[77833,17156],[0,368],[-1,758]],[[83238,14310],[26,-4],[14,81],[-63,9],[-27,35],[41,48]],[[83229,14479],[74,-11],[54,29],[74,-26]],[[83431,14471],[59,-27]],[[83490,14444],[-8,-44],[16,-76],[-91,13],[-14,-98],[-18,-40],[23,-30],[-14,-90]],[[83366,14768],[-32,-60],[-40,-38],[51,-21],[11,-61],[80,0],[12,-51],[-17,-66]],[[83229,14479],[-194,28],[-5,73],[-46,37]],[[82984,14617],[43,29],[-4,120],[46,23],[44,82],[48,31],[100,-16]],[[83261,14886],[53,-28],[20,-75],[32,-15]],[[82984,14617],[-141,21],[-96,-33],[-12,-69],[-50,-5]],[[82600,14577],[-12,6],[25,164],[-60,78],[32,200],[46,-37],[34,29],[57,-43],[25,60],[117,-18],[15,49],[61,-21],[35,20],[8,90],[-24,16]],[[82959,15170],[-12,93]],[[82947,15263],[27,50],[6,107],[17,46],[2,77]],[[82999,15543],[135,0]],[[83134,15543],[76,0]],[[83210,15543],[-14,-55],[43,-72],[0,-106]],[[83239,15310],[0,-230],[54,-1]],[[83293,15079],[-1,-117],[-32,0],[1,-76]],[[82144,15046],[8,76],[41,34],[0,37],[70,-16],[5,61],[-75,11],[-32,28],[0,88],[108,-21],[24,-47],[39,-5],[18,-39],[124,-5],[34,77],[81,-8],[-2,75],[82,-11],[-8,44],[-70,33],[20,109]],[[82611,15567],[127,4],[164,-23],[4,30],[93,-1]],[[82999,15577],[0,-34]],[[82947,15263],[-218,29],[-116,-26],[-2,-76],[55,-33],[97,-11],[52,42],[144,-18]],[[84538,13642],[71,46],[7,41],[58,46],[102,19]],[[84776,13794],[4,-89],[17,-68],[-14,-71],[-75,-35],[-15,15],[-86,-8]],[[84384,13810],[74,-3],[34,89],[10,62],[69,0]],[[84571,13958],[46,-37],[-6,-42],[67,-39],[166,27]],[[84844,13867],[-19,-64],[-49,-9]],[[84150,14042],[-6,93],[-27,35],[-1,79],[120,67],[179,0],[-12,68],[102,7],[-13,65],[135,3]],[[84627,14459],[132,0],[67,39]],[[84826,14498],[-1,-62]],[[84825,14436],[0,-120],[-53,-64],[-13,-77]],[[84759,14175],[-127,-77],[-61,-140]],[[81598,15631],[-11,55],[57,-7],[1,-38],[77,4],[-12,-173],[225,4],[85,12],[49,-13],[25,32],[-10,93],[23,36],[-2,91],[81,0],[83,16],[0,81]],[[82269,15824],[173,4],[-1,-70],[43,-53],[66,-9],[-32,-81],[93,-48]],[[81608,16166],[353,-48],[22,188],[-11,114]],[[81972,16420],[72,-29]],[[82044,16391],[1,-64],[77,-1]],[[82122,16326],[27,-46],[-18,-106],[8,-37],[106,-1],[-6,-55],[38,0],[22,-78]],[[82299,16003],[-31,-16],[41,-82],[0,-45],[-40,-36]],[[81511,16349],[233,-20],[14,92],[116,-15],[5,20],[93,-6]],[[81268,16554],[209,0],[0,60],[76,12],[13,39]],[[81566,16665],[361,-1],[0,16]],[[81927,16680],[64,-20],[33,-52],[-14,-32],[29,-79],[36,-35],[-31,-71]],[[81161,16854],[50,0],[0,60],[266,0]],[[81477,16914],[0,-120],[65,-1],[26,-73],[-2,-55]],[[80951,17605],[24,-2],[81,-100],[26,18],[84,-1],[259,-20]],[[81425,17500],[12,-110]],[[81437,17390],[-6,-20],[12,-218],[61,0],[0,-150],[-26,0],[-1,-88]],[[82975,16035],[0,-61],[63,0],[0,-67],[-17,-40]],[[83021,15867],[-11,-13],[-125,0],[49,-105],[-33,-40],[70,-56],[28,-76]],[[82299,16003],[110,12],[26,72],[99,0]],[[82534,16087],[88,5],[220,-1],[44,-55],[89,-1]],[[82122,16326],[28,95],[0,121],[175,0],[0,-18],[136,0]],[[82461,16524],[0,-62],[66,-25],[0,-93],[57,0],[7,-175],[-57,6],[0,-88]],[[81927,16680],[0,113]],[[81927,16793],[231,-1],[0,42],[190,-1]],[[82348,16833],[0,-142],[107,0],[6,-167]],[[81437,17390],[30,0],[31,47],[40,-45],[282,1],[0,-173],[143,-27],[103,-3],[69,19],[-4,-166],[-47,7],[0,-163],[-125,-1],[0,-57],[-32,-36]],[[81415,18170],[62,-27],[1,-119],[124,-8],[1,-238],[60,1]],[[81663,17779],[0,-150]],[[81663,17629],[1,-115],[-126,-1],[-113,-13]],[[80886,18170],[529,0]],[[81227,18673],[-42,-63],[18,-60],[-12,-85],[115,14],[110,-8],[-1,-301]],[[83665,14278],[-10,86],[-43,22]],[[83612,14386],[-5,43]],[[83607,14429],[85,38]],[[83692,14467],[61,-9],[-1,-104],[-37,-75],[-50,-1]],[[83692,14467],[24,70],[-38,50],[30,91]],[[83708,14678],[24,26],[0,96],[54,31],[225,-27]],[[84011,14804],[-30,-57],[-13,-79],[-28,-6],[-25,-179],[184,-25],[237,0],[-14,107],[-49,37],[-85,0],[-13,88],[47,37]],[[84222,14727],[14,-8],[229,5]],[[84465,14724],[0,-79],[140,0],[23,-142],[-1,-44]],[[83591,14195],[32,14],[42,69]],[[83612,14386],[-40,-66],[-20,-110]],[[83490,14444],[91,30],[26,-45]],[[83366,14768],[190,0],[34,-18],[22,-72],[96,0]],[[84011,14804],[189,-28],[25,12]],[[84225,14788],[-3,-61]],[[84225,14788],[42,46],[2,34],[-43,21],[-119,3],[-45,31],[-52,-5]],[[84010,14918],[-1,153],[-68,34]],[[83941,15105],[43,9]],[[83984,15114],[376,1],[-2,-75],[51,2]],[[84409,15042],[0,-129],[71,0],[0,-147],[-15,-42]],[[84684,15074],[-3,-150],[144,0]],[[84825,14924],[1,-426]],[[84409,15042],[32,30],[160,0],[0,58],[83,1]],[[84684,15131],[0,-57]],[[84011,14804],[-1,114]],[[83984,15114],[-1,75],[-39,-1],[0,114]],[[83944,15302],[254,0],[-23,34],[-1,151]],[[84174,15487],[293,1]],[[84467,15488],[-45,-94],[0,-57],[70,0],[115,57],[42,0],[0,-57],[96,0]],[[84745,15337],[80,-29]],[[84825,15308],[0,-88]],[[84825,15220],[-40,-35],[0,-54],[-101,0]],[[84237,15875],[3,-128],[-18,-23],[-207,-8]],[[84015,15716],[0,31]],[[84015,15747],[40,17],[-9,126],[-58,0],[5,130],[12,46]],[[83944,15302],[0,112]],[[83944,15414],[0,73],[87,0]],[[84031,15487],[143,0]],[[84015,15747],[-72,0],[-48,33],[0,57],[-55,36],[-112,2]],[[83728,15875],[-52,50],[-4,35]],[[83672,15960],[217,0],[43,58],[0,45],[40,22]],[[84645,15741],[61,31],[54,-10],[65,-36]],[[84825,15726],[0,-129]],[[84825,15597],[-144,0],[0,-138],[-32,-19],[-45,48],[-137,0]],[[84174,15487],[15,56],[0,82],[-158,0]],[[84031,15625],[-16,91]],[[84031,15487],[0,138]],[[83672,15960],[1,7]],[[83673,15967],[23,18],[-55,73],[11,40],[122,-10],[31,30],[-17,52],[68,21],[46,-30]],[[83673,15967],[-93,15],[10,53],[-81,28]],[[83509,16063],[3,81],[-19,62],[84,14],[123,-15],[141,78]],[[83509,16063],[-196,-6]],[[83313,16057],[-1,187],[-54,0],[-19,120],[67,0],[62,-24],[0,83],[18,108],[-35,43],[12,60]],[[83363,16634],[95,-23],[22,-20],[84,-5]],[[83789,15159],[44,-47],[108,-7]],[[83293,15079],[136,0],[45,-91],[114,-3],[64,23],[11,61],[125,0],[1,90]],[[83239,15310],[90,1],[38,-14],[47,31]],[[83414,15328],[0,-50],[309,-1],[0,-89],[66,-29]],[[83414,15328],[44,54],[53,14],[168,0],[88,18],[177,0]],[[83210,15543],[190,0],[14,49],[139,1],[-1,39],[133,-5],[58,138],[-25,61],[10,49]],[[83134,15543],[-1,107],[31,0],[4,62],[-36,54],[-91,10],[-20,91]],[[82975,16035],[106,0],[49,-23],[134,0],[0,45],[49,0]],[[82348,16833],[39,0],[0,60],[98,1]],[[82485,16894],[61,0],[58,28]],[[82604,16922],[99,0],[-34,73]],[[82669,16995],[171,-12],[4,51],[-29,21]],[[82815,17055],[42,37]],[[83365,16780],[-88,-2],[-7,-111],[83,0],[10,-33]],[[82983,16708],[-24,76],[-4,57],[26,18],[-16,55],[-91,-2],[-6,36],[-86,0],[9,-100],[-8,-71],[-50,0],[3,-72],[42,-63],[79,10],[25,57],[101,-1]],[[82635,17025],[34,-30]],[[82604,16922],[-31,114],[62,-11]],[[82690,17160],[-54,-51],[-1,-84]],[[82485,16894],[0,116],[-30,0],[0,88],[62,68]],[[82517,17166],[53,-13],[49,28],[71,-21]],[[81663,17629],[300,2]],[[81963,17631],[1,-59],[103,0]],[[82067,17572],[40,-8],[24,-51]],[[82131,17513],[27,-30]],[[82158,17483],[-10,-52]],[[82148,17431],[-126,0],[-94,15],[0,-120],[157,0],[63,30]],[[82148,17356],[135,11],[12,18]],[[82295,17385],[55,-19],[8,37],[83,2]],[[82417,17307],[2,-45],[98,-96]],[[82690,17160],[11,-42],[48,-1],[66,-62]],[[82295,17385],[-12,36]],[[82283,17421],[-16,67]],[[82267,17488],[54,0],[22,74]],[[82148,17431],[0,-75]],[[82158,17483],[61,0],[1,-62],[63,0]],[[82131,17513],[42,57]],[[82173,17570],[47,-12],[0,-42],[47,-28]],[[82173,17570],[-12,46]],[[82067,17572],[10,46]],[[82077,17618],[25,20]],[[82077,17618],[-65,102]],[[82012,17720],[-10,59],[30,18]],[[81963,17631],[0,89],[49,0]],[[81663,17779],[300,0],[11,57],[46,-5]],[[81433,18659],[-18,-8],[0,-179],[30,-8],[296,11],[70,39]],[[85399,14268],[-2,-90]],[[85397,14178],[-169,0],[5,-40]],[[85233,14138],[-63,3],[-15,-29]],[[85155,14112],[-22,1]],[[85133,14113],[-14,107],[10,48],[270,0]],[[85133,14113],[-14,15]],[[85119,14128],[-20,34],[-76,31],[-84,17],[-17,19],[-94,2],[-3,-51],[-66,-5]],[[84825,14436],[70,-13],[106,3],[1,81],[99,3],[60,-35],[16,35],[72,5]],[[85249,14515],[24,23],[63,-2],[-20,60],[32,33],[116,-7],[1,-38],[41,-17]],[[85506,14567],[0,-119],[32,-46]],[[85538,14402],[-32,0],[0,-98],[-44,-30],[-63,-6]],[[85249,14515],[-7,46],[-65,-1],[0,182],[33,0],[9,120]],[[85219,14862],[33,62],[118,0]],[[85370,14924],[64,0],[1,-90],[34,-31],[59,0]],[[85528,14803],[-58,-60],[12,-55],[49,-28]],[[85531,14660],[-2,-93],[-23,0]],[[84825,14924],[177,0]],[[85002,14924],[207,0],[10,-62]],[[85370,14924],[0,61],[96,0],[32,65]],[[85498,15050],[65,5]],[[85563,15055],[40,-124],[-69,-16],[-6,-112]],[[85002,14924],[-1,150]],[[85001,15074],[1,57]],[[85002,15131],[32,10],[94,-11]],[[85128,15130],[18,-17]],[[85146,15113],[-1,-46],[32,-22],[64,1],[1,30],[63,0],[1,94]],[[85306,15170],[-32,106]],[[85274,15276],[0,30]],[[85274,15306],[64,0],[0,-30],[96,0],[0,-170],[64,-56]],[[85146,15113],[80,1],[0,41],[80,15]],[[85128,15130],[0,115],[114,0],[32,31]],[[84964,15634],[34,12],[66,-42],[38,17],[66,-44],[52,51],[36,-49]],[[85256,15579],[-14,-17],[0,-117],[-32,-17],[0,-62],[64,-60]],[[85002,15131],[0,29],[-90,1],[0,59],[-87,0]],[[84825,15308],[145,2],[32,21],[0,157],[-47,30],[9,116]],[[84745,15337],[32,28],[0,93],[48,0],[0,139]],[[84825,15726],[127,-41]],[[84952,15685],[12,-51]],[[84684,15074],[317,0]],[[85256,15579],[31,45],[67,-15]],[[85354,15609],[50,-67]],[[85404,15542],[27,-58],[85,-47],[5,-29],[62,-67]],[[85583,15341],[-1,-49]],[[85582,15292],[-14,-66],[30,-19],[11,-56]],[[85609,15151],[-15,-96],[-31,0]],[[85582,15292],[45,-56],[66,0],[14,-35],[-1,-123],[-79,45],[-18,28]],[[86103,15032],[19,-21],[0,-87],[-240,0]],[[85882,14924],[0,156],[65,2],[40,-19],[110,11],[6,-42]],[[85882,14924],[39,-67],[-39,-51]],[[85882,14806],[-176,0],[0,-135],[-13,-11],[-162,0]],[[85583,15341],[95,-5]],[[85678,15336],[0,-52],[145,0],[1,35],[58,17]],[[85882,15336],[177,0]],[[86059,15336],[24,-22],[0,-113],[47,-11],[8,-44]],[[86138,15146],[-7,-40],[47,-8]],[[86178,15098],[-8,-64]],[[86170,15034],[-67,-2]],[[85678,15336],[5,47],[67,0],[15,52],[53,-1],[0,-59],[64,0],[0,-39]],[[86059,15542],[0,-206]],[[85404,15542],[366,0]],[[85770,15542],[64,0],[0,81],[58,0],[40,-45],[0,-36],[127,0]],[[85354,15609],[32,63],[1,76],[36,0]],[[85423,15748],[63,41],[44,-41]],[[85530,15748],[55,-102],[73,0],[0,36],[80,0],[32,-29],[0,-111]],[[86095,15683],[0,-54],[-36,0],[0,-87]],[[85530,15748],[32,51],[0,125]],[[85562,15924],[64,-7],[70,-29],[17,-31],[68,12],[101,0],[0,21],[113,-6],[32,30]],[[86027,15914],[32,-3]],[[86059,15911],[0,-193],[36,-35]],[[85530,16252],[-35,-53],[-3,-69],[70,7],[0,-62]],[[85562,16075],[0,-151]],[[85423,15748],[1,206],[-70,0],[1,346]],[[84952,15685],[49,50],[0,47],[72,-30],[62,-5],[-6,115],[107,69],[6,167],[-69,5],[3,204]],[[85562,16075],[64,0],[0,-30],[63,-30],[147,11],[46,-30]],[[85882,15996],[113,-11],[32,-71]],[[85882,16354],[0,-358]],[[86348,15986],[-32,-27]],[[86316,15959],[-144,-5],[0,-55],[-113,12]],[[86381,15497],[17,-66],[-84,-1],[8,-94]],[[86322,15336],[0,-61],[-28,-41],[-58,9],[-13,-75]],[[86223,15168],[-79,12],[-6,-34]],[[86095,15683],[108,-3],[24,-12]],[[86227,15668],[70,-126],[36,0],[48,-45]],[[86283,15055],[-48,-21],[-65,0]],[[86178,15098],[54,30]],[[86232,15128],[31,-4],[20,-69]],[[86223,15168],[9,-40]],[[86288,15748],[-15,-78],[-46,-2]],[[86316,15959],[0,-120],[-31,-1],[3,-90]],[[84979,13722],[26,-4]],[[85005,13718],[41,-27],[-12,-68],[15,-68],[90,-11],[40,-35],[112,-42]],[[85291,13467],[104,18],[30,-24]],[[85425,13461],[33,-51],[0,-104],[-48,-25],[-64,4],[-1,-68],[69,-95],[0,-75]],[[85414,13047],[-55,-58],[-18,-42],[-67,29],[1,43],[-37,21],[-114,-2]],[[85124,13038],[-36,10],[-29,45]],[[85059,13093],[15,57],[-8,76],[-66,-10]],[[85000,13216],[28,20],[6,107],[-64,79],[-66,-13],[39,116],[16,89],[-25,55],[45,53]],[[85005,13718],[45,50],[145,8],[-17,-44],[86,-9],[27,-25],[-4,-63],[68,-91],[-64,-77]],[[85784,13563],[-53,10],[-53,-19],[5,98],[-39,0],[-77,31],[-114,3],[-12,-195],[-16,-30]],[[84979,13722],[-64,49],[-8,68],[-34,33]],[[84873,13872],[128,-1],[64,-36],[1,196],[51,27],[-25,36],[27,34]],[[85155,14112],[-5,-46],[30,-68],[-5,-46],[120,0]],[[85295,13952],[39,-60],[126,0]],[[85460,13892],[52,-103],[58,-4],[12,51],[57,42],[63,1],[106,-35],[4,48],[47,15]],[[85859,13907],[6,-93],[37,-64],[1,-59]],[[85903,13691],[-109,-40],[-10,-88]],[[84873,13872],[-29,-5]],[[85233,14138],[62,-66],[47,-11],[-47,-109]],[[85397,14178],[40,-49],[71,20],[126,-18],[7,25],[65,3]],[[85706,14159],[5,-60],[-63,-117],[-48,-25],[-150,5],[10,-70]],[[85538,14402],[32,-2],[63,-43],[73,0],[0,90],[38,0],[3,-143],[-48,-49],[7,-96]],[[86464,14084],[-1,-8]],[[86463,14076],[-124,-45],[-77,18],[-75,-2],[-72,-17],[-18,-26],[-61,15]],[[86036,14019],[-64,-49],[-43,1],[-22,-58],[-48,-6]],[[85882,14806],[0,-119],[182,-17],[-34,-64],[93,-63],[33,44],[46,-37],[-11,-33],[37,-34],[-28,-55],[-43,14],[42,-124],[104,-13],[59,-45],[1,-38],[70,3],[3,-77],[28,-64]],[[86574,14396],[-9,-10],[21,-129],[22,-71],[64,-31]],[[86672,14155],[-23,-4],[-33,-135]],[[86616,14016],[1,24],[-71,37],[-82,7]],[[86283,15055],[67,-45],[47,7]],[[86397,15017],[0,-138]],[[86397,14879],[0,-49],[-27,-152],[30,-184],[37,-39],[-11,-91],[83,6],[65,26]],[[86397,14879],[134,0]],[[86531,14879],[0,-70],[32,-5],[-25,-142],[36,-6],[12,-63],[54,-9]],[[86640,14584],[-8,-106],[-40,-34],[-18,-48]],[[86531,14879],[45,0],[18,102]],[[86594,14981],[93,44],[55,-13]],[[86742,15012],[2,-55],[41,-39],[66,-126],[-49,-49],[50,-40],[57,-4],[-42,-116],[-41,23],[-16,-81],[-99,17],[-13,31],[-58,11]],[[87140,14469],[16,-50],[-25,-68],[17,-107]],[[87148,14244],[-120,15],[-65,-26],[-38,-38],[-31,39],[-87,25],[-40,-45],[62,-38],[-8,-48],[-149,27]],[[86742,15012],[53,9],[41,55],[70,3]],[[86906,15079],[63,49],[34,-18],[-13,-80],[27,-49],[-75,-41],[-3,-120],[122,15],[-9,-93],[54,-25],[-20,-100],[54,-148]],[[86397,15017],[72,4],[19,105],[40,-6],[-2,-65],[40,-67],[28,-7]],[[86906,15079],[-4,51]],[[86902,15130],[23,168],[15,38],[-82,0],[-30,30],[0,61]],[[86828,15427],[23,0],[0,97],[56,18]],[[86907,15542],[32,0]],[[86939,15542],[1,-95],[52,-2],[3,-77],[32,-29],[0,-82],[68,-41],[-16,-129],[73,2],[4,-69],[-39,-96],[184,-24],[-6,-37]],[[87295,14863],[-34,-26],[-8,-61],[45,-5],[-33,-192],[-27,-61],[-68,-6],[-30,-43]],[[87255,15154],[-22,-35],[-45,71],[25,52],[48,31],[56,-28],[-5,-34],[50,-61],[-43,-21],[-64,25]],[[87199,14261],[102,11],[15,64],[41,40]],[[87357,14376],[24,-54],[68,-12],[17,44],[47,-7],[9,78],[-48,32],[-99,22]],[[87375,14479],[-23,66],[25,131],[89,17],[6,71],[-48,52],[-72,9],[-57,38]],[[86939,15542],[0,146]],[[86939,15688],[130,7]],[[87069,15695],[77,-18],[7,43],[65,-4]],[[87218,15716],[-9,-57],[189,-27],[-40,-42],[-12,-73],[32,-5],[-19,-120],[57,-12],[49,65],[28,-33],[64,-11],[92,38]],[[87649,15439],[63,-32]],[[87712,15407],[-1,-9]],[[87711,15398],[-53,-49],[-64,-30],[-2,-72],[155,-24],[54,35]],[[87801,15258],[-16,-62],[12,-102]],[[87797,15094],[-74,-123],[-50,4],[-27,-58],[22,-45],[8,-85],[-22,-43],[64,-119],[77,-14]],[[87795,14611],[26,-57],[-24,-42],[-90,-87],[134,-148],[-10,-72],[12,-45],[-6,-85],[17,-32],[8,-90],[31,-26],[3,-268],[-39,-15]],[[87857,13644],[-23,-26],[15,-63]],[[87849,13555],[-419,331],[8,104],[-50,47],[-84,8],[-16,85],[29,39],[-73,8],[-34,31],[-11,53]],[[87218,15716],[41,45],[22,105]],[[87376,15859],[51,-50],[-5,-30],[144,-21],[-6,-39],[62,-15]],[[87622,15704],[12,-195],[15,-70]],[[87955,15435],[-82,10],[-96,-52],[-65,14]],[[87622,15704],[26,22],[11,79],[132,-13]],[[87791,15792],[45,-51],[5,-78],[38,1],[15,-42],[62,-57],[-1,-130]],[[87375,15867],[63,4],[59,28],[26,114]],[[87886,15893],[-16,-110],[-79,9]],[[87069,15695],[19,74],[-31,92],[-36,21]],[[88074,15669],[18,-129],[30,-34],[36,-84]],[[88158,15422],[-30,-30]],[[88128,15392],[-43,46],[-130,-3]],[[87993,15891],[-30,-33],[-14,-116],[5,-49],[120,-3]],[[88074,15690],[0,-21]],[[88074,15690],[55,56],[-14,74]],[[88262,15772],[44,-39]],[[88327,15730],[-19,-78],[-78,-2],[-80,24],[-76,-5]],[[88891,15724],[-52,-3],[-15,-73],[-111,-62],[-16,-83]],[[88697,15503],[-48,-1],[-48,60],[-65,10],[-7,-64],[39,-10],[48,-99],[-9,-41],[34,-173],[-13,-96],[56,-12],[8,-48]],[[88692,15029],[-32,-82],[38,-92],[-4,-40],[62,-31],[24,-88]],[[88780,14696],[-84,6],[24,-46],[-60,-42]],[[88660,14614],[-55,44],[-19,-90],[-135,22]],[[88451,14590],[-101,13],[11,62]],[[88361,14665],[31,54],[26,86],[-7,72],[-37,30],[10,48],[-60,81],[-62,-20]],[[88262,15016],[94,95],[41,55],[-43,36],[-85,112],[21,76],[-28,65],[-104,-33]],[[88910,15868],[11,-16],[-30,-128]],[[89333,16059],[-5,-141],[-23,-78],[-34,-49]],[[89271,15791],[-11,-52],[-61,-30],[21,-65]],[[89220,15644],[-41,60],[-46,20]],[[89133,15724],[-14,46],[-70,69]],[[89709,15441],[-9,-49],[-81,-93],[13,-81],[-10,-44],[18,-59]],[[89640,15115],[-61,15],[-20,64],[-47,43],[-131,45],[-14,65],[9,47],[108,-20],[30,56],[31,112],[57,83]],[[89602,15625],[3,17],[165,-27]],[[89770,15615],[-65,-71],[4,-103]],[[88697,15503],[-10,-76],[44,-25]],[[88731,15402],[40,-48],[48,-103],[-63,-79],[-6,-86],[-23,-62],[-35,5]],[[88780,14696],[0,-62],[44,-22],[27,-42],[73,-6],[91,-33],[7,-86]],[[89022,14445],[-42,-18],[-232,52]],[[88748,14479],[-46,-6]],[[88702,14473],[9,50],[-51,91]],[[88747,14267],[-50,4],[-41,67],[1,50],[45,85]],[[88748,14479],[24,-110],[-30,-18],[5,-84]],[[89022,14445],[12,-32],[105,-7],[51,-31],[62,-86]],[[89252,14289],[-48,-236],[-33,-30],[-204,19],[-6,-27]],[[88961,14015],[-223,35],[37,31],[-51,156],[23,30]],[[88891,15724],[22,7],[49,-70],[110,-17],[61,80]],[[89220,15644],[-20,-160],[14,-27]],[[89214,15457],[-37,30],[-79,12],[-70,52],[-12,-83],[-88,16],[-25,-56],[-115,23],[-57,-49]],[[89214,15457],[58,5],[46,-30],[29,174],[69,49],[56,-8],[28,39]],[[89500,15686],[81,3],[21,-64]],[[89640,15115],[97,-117],[49,2],[28,-42],[-4,-56],[63,-33],[3,-28],[-33,-113],[-34,-78],[-90,-117],[-8,-67],[67,-5],[38,-128]],[[89816,14333],[-171,-40],[-11,-42],[-49,-2]],[[89585,14249],[-233,24],[-100,16]],[[89271,15791],[98,6],[141,-50],[-10,-61]],[[89770,15615],[12,9],[38,240],[111,-16],[46,-23]],[[89977,15825],[33,-72],[65,-10],[14,-25]],[[90089,15718],[-8,-24],[-181,-165],[-46,-51],[-12,-56],[-133,19]],[[90089,15718],[48,34],[72,96]],[[90471,14420],[-513,-1],[-21,-34],[-91,-27],[-30,-25]],[[89977,15825],[71,130]],[[86142,12891],[-17,40]],[[86125,12931],[25,125],[-2,51]],[[86148,13107],[75,-12],[11,-59],[47,-6]],[[86281,13030],[-14,-79]],[[86267,12951],[-22,-52],[-57,11],[-46,-19]],[[86434,13442],[35,-54],[71,-179],[64,-186],[-38,-29]],[[86566,12994],[9,-25],[-44,-84],[-228,33],[-36,33]],[[86281,13030],[56,108],[17,66],[-78,73],[24,46],[-18,98],[80,-27],[72,48]],[[86931,12790],[-315,3],[-32,129],[8,56],[-26,16]],[[86434,13442],[37,14],[21,56],[-15,41],[39,35],[-18,70]],[[86498,13658],[100,-8]],[[86598,13650],[67,-21],[38,-96],[69,13],[38,-73],[-43,-33],[-13,-96],[67,-152],[-14,-44],[62,-94],[11,-101],[60,0],[40,-151],[-49,-12]],[[86148,13107],[-80,74],[2,125],[-79,95],[-5,27]],[[85986,13428],[-52,37],[3,97],[24,28],[-35,35]],[[85926,13625],[128,-12],[46,54],[31,-1],[78,134]],[[86209,13800],[75,-22],[33,-65],[47,-35],[35,3]],[[86399,13681],[26,-21],[73,-2]],[[86463,14076],[-9,-118],[-43,-5],[-23,-68],[-8,-134],[19,-70]],[[86209,13800],[-31,61],[-81,33],[-12,61],[-48,0],[-1,64]],[[86125,12931],[-175,12]],[[85950,12943],[-100,7],[-160,-12]],[[85690,12938],[-39,58],[-120,10]],[[85531,13006],[-30,42],[-39,-22],[-48,21]],[[85784,13563],[0,-75],[32,-34],[41,34],[78,-76],[51,16]],[[85903,13691],[23,-66]],[[86616,14016],[-8,-56],[-56,-83],[-1,-77],[29,-23],[18,-127]],[[87067,13940],[112,-43],[142,-2],[5,-67],[-53,-27],[-136,-9],[1,-50],[-89,3],[-24,-64],[-83,-15],[-3,-48],[-34,-25],[-65,5],[5,67],[-84,1],[-51,-16],[-86,18],[24,93],[65,17],[-16,48],[17,131],[48,30],[68,-29],[237,-18]],[[87849,13555],[-22,-53],[-64,-19],[14,-45],[-26,-32],[-33,-96],[-63,-42],[-49,-4],[-41,-84],[6,-51],[39,-23],[26,-71],[-91,-238],[46,-65],[-80,-115]],[[87511,12617],[-51,0],[-41,30],[-63,-52],[-37,11],[-84,67],[-86,-39],[-80,23],[-50,29],[-19,-66],[-61,-55]],[[86939,12565],[-8,225]],[[87148,14244],[51,17]],[[86411,15336],[0,-148],[80,0],[15,-28],[81,57],[61,0],[16,-41],[154,-1],[24,-45],[60,0]],[[86322,15336],[89,0]],[[86411,15336],[352,0],[10,91],[55,0]],[[86381,15497],[183,4],[55,16],[0,67],[94,-3],[0,-39],[194,0]],[[86288,15748],[268,0],[31,-72],[95,0],[18,72],[239,0],[0,-60]],[[87375,14479],[-18,-103]],[[87797,15094],[14,-57],[103,-20],[-46,-71]],[[87868,14946],[-26,-82],[49,-83],[-41,-46],[-5,-48],[-40,-36],[-10,-40]],[[88361,14665],[-68,-17]],[[88293,14648],[-137,80]],[[88156,14728],[-36,41],[-82,-46],[1,-49],[59,-30]],[[88098,14644],[-4,-36]],[[88094,14608],[-150,-122],[-15,-57],[28,-101],[71,-30],[76,3],[44,-51],[-25,-88],[18,-23],[24,-133],[-60,-7],[22,-42],[-47,-62],[181,1],[-23,-58],[55,-37],[27,14],[0,166],[133,0]],[[88453,13981],[92,0],[36,-100],[30,-34],[-19,-54],[84,-26],[2,-229]],[[88678,13538],[-155,20],[-43,51],[-204,-48],[42,-114]],[[88318,13447],[-154,27],[-67,51],[-52,63],[-69,-24],[-60,28],[-59,52]],[[87868,14946],[25,-6],[84,31],[11,35],[156,23]],[[88144,15029],[118,-13]],[[88156,14728],[-21,-59],[-37,-25]],[[88293,14648],[8,-37],[-69,-53],[-39,38],[-99,12]],[[88451,14590],[-19,-64],[-90,-37],[18,-97],[51,-3]],[[88411,14389],[-29,-42],[10,-110],[76,-4]],[[88468,14233],[-1,-209],[-14,-43]],[[88961,14015],[-26,-137],[-49,-29]],[[88886,13849],[-68,-5],[32,-329],[-172,23]],[[88468,14233],[36,133],[-12,50],[-81,-27]],[[87711,15398],[-19,-123],[133,56],[-24,-73]],[[88128,15392],[44,-179],[-21,-33],[9,-63],[-16,-88]],[[85002,12729],[51,-7]],[[85053,12722],[-3,-55],[-26,-33]],[[85024,12634],[-4,-29]],[[85114,12805],[-13,-89]],[[85101,12716],[-48,6]],[[84993,12821],[26,-3]],[[85019,12818],[95,-13]],[[85024,12634],[138,-25]],[[85043,12968],[-24,-150]],[[84763,12913],[8,91],[272,-36]],[[85101,12716],[98,-5]],[[85114,12805],[111,-14],[29,-18]],[[85124,13038],[-36,-53],[-45,-17]],[[84701,13153],[105,-10],[95,-28]],[[84901,13115],[53,-9],[72,-36],[33,23]],[[85531,13006],[2,-81],[18,-13],[-11,-103],[-30,-6],[-77,33]],[[84901,13115],[57,6],[-29,67]],[[84929,13188],[71,28]],[[85388,12626],[8,-6]],[[85396,12620],[54,-69]],[[85450,12551],[-20,-13]],[[85512,12630],[-29,-62],[-33,-17]],[[85396,12620],[26,13],[90,-3]],[[85521,12636],[-9,-6]],[[85485,12769],[12,-81],[24,-52]],[[84703,13222],[52,-42],[71,20],[103,-12]],[[85690,12938],[-17,-118],[-41,-41]],[[85632,12779],[-41,-11],[-18,-112],[-52,-20]],[[85579,12249],[26,-24]],[[85605,12225],[-29,-22]],[[85576,12203],[-44,-58]],[[85598,12173],[-22,30]],[[85605,12225],[54,2]],[[85659,12227],[-5,-43]],[[85654,12184],[-56,-11]],[[85559,12132],[-17,3]],[[85598,12173],[-39,-41]],[[85496,12420],[10,47],[107,65],[49,-30],[27,26],[43,-26],[46,11]],[[85778,12513],[34,-10],[31,-64],[-20,-51],[30,-21]],[[85632,12779],[45,21],[19,-73],[63,-13],[-1,-93],[-15,-54],[35,-54]],[[86062,12553],[4,-123],[-44,1]],[[85950,12943],[-16,-145],[34,-84],[-31,-45],[125,-116]],[[86142,12891],[-4,-46],[50,-47],[-31,-39],[25,-128]],[[86182,12631],[51,-85],[-171,7]],[[86939,12565],[8,-120]],[[86947,12445],[-234,-50]],[[86713,12395],[-163,281],[-178,52],[-76,-19],[-52,12],[1,-54],[-63,-36]],[[85910,12095],[1,-62],[-33,-51],[-22,-74],[38,-38]],[[85894,11870],[-47,-21],[-51,31]],[[85796,11880],[6,14]],[[85802,11894],[-31,84],[38,19],[62,66],[-10,60]],[[85802,11894],[-42,-21],[-121,1],[-10,16]],[[85629,11890],[-5,40]],[[85691,11997],[30,50]],[[85721,12047],[31,33],[-1,45]],[[85751,12125],[33,11]],[[85897,11848],[-3,22]],[[86136,12050],[81,17],[16,-37],[61,10]],[[86294,12040],[-42,-63],[-6,-85]],[[86246,11892],[44,-42],[3,-38]],[[86293,11812],[-37,0],[-123,60],[-24,-28]],[[86109,11844],[-129,18],[-6,-41]],[[85974,11821],[-77,27]],[[85521,12106],[10,-47]],[[85547,12115],[4,-27]],[[85551,12088],[3,-30]],[[85583,12092],[-32,-4]],[[85559,12132],[24,-40]],[[85654,12184],[6,-72]],[[85660,12112],[-33,-35]],[[85627,12077],[-29,9]],[[85598,12086],[-15,6]],[[85598,12086],[1,-63]],[[85627,12077],[0,-6]],[[85627,12071],[22,-37],[45,11]],[[85694,12045],[27,2]],[[85627,12071],[67,-26]],[[85660,12112],[31,24],[60,-11]],[[85659,12227],[23,14]],[[86348,12200],[27,-32],[-10,-74],[-63,-18],[-8,-36]],[[86017,12307],[41,-3],[43,-84],[111,-27],[44,22],[92,-15]],[[86713,12395],[27,-94],[-131,28],[-45,-57],[23,-73],[-64,-9],[-88,58],[-87,-48]],[[85443,11909],[-10,-50]],[[85433,11859],[-40,-15]],[[85451,11786],[-67,10]],[[85433,11859],[23,-27]],[[85456,11832],[-5,-46]],[[85514,11821],[-58,11]],[[85629,11890],[-15,-8]],[[85614,11882],[-100,-61]],[[85536,11677],[-97,15]],[[85439,11692],[12,94]],[[85514,11821],[-17,-35],[39,-109]],[[85614,11882],[4,-61]],[[85618,11821],[7,-18],[-47,-80],[30,-25]],[[85608,11698],[1,-31]],[[85609,11667],[-73,10]],[[85618,11821],[51,-28]],[[85669,11793],[-61,-95]],[[85710,11787],[-41,6]],[[85796,11880],[-38,-76],[-48,-17]],[[85742,11567],[-91,34],[-42,66]],[[85710,11787],[8,-77],[-11,-60],[41,-44],[-6,-39]],[[85897,11848],[17,-33],[-26,-40],[-11,-119],[29,-24],[-10,-53]],[[85896,11579],[-20,-77],[-141,21]],[[85735,11523],[7,44]],[[85974,11821],[46,-47],[-18,-83],[20,-106]],[[86022,11585],[-60,-68]],[[85962,11517],[-60,-15],[-6,77]],[[86109,11844],[-4,-33]],[[86105,11811],[0,-76],[-23,-150],[-60,0]],[[86085,11483],[-98,14],[-25,20]],[[86105,11811],[62,-15],[7,-166],[-32,-87],[-51,-26],[-6,-34]],[[86293,11812],[-13,-34],[-5,-111],[-22,-59],[-39,-51],[-7,-56],[-62,-49]],[[86145,11452],[-60,31]],[[86218,11395],[-73,57]],[[86246,11892],[116,-15],[5,-47],[57,-48]],[[86424,11782],[12,-38],[-51,-52],[-11,-117],[-42,-82],[-58,-17],[-28,-71],[-28,-10]],[[86494,11510],[1,-78],[-37,3],[-14,-67],[32,-119]],[[86476,11249],[-90,5],[-29,32],[-115,19]],[[86242,11305],[7,77],[-31,13]],[[86424,11782],[39,10],[11,77],[120,13]],[[86594,11882],[-32,-25],[35,-50],[6,-80]],[[86603,11727],[-68,-101]],[[86535,11626],[-15,-93],[-26,-23]],[[86666,11451],[25,-52],[-54,-37]],[[86637,11362],[-28,47],[-90,64],[-25,37]],[[86535,11626],[42,-25],[74,-13],[14,-28],[-18,-107],[19,-2]],[[86604,11149],[-77,32]],[[86527,11181],[-8,60],[-43,8]],[[86637,11362],[21,-68],[69,-15]],[[86727,11279],[-20,-54]],[[86707,11225],[-74,-22],[-29,-54]],[[86603,11727],[68,22],[27,-20],[125,-8],[57,-22]],[[86880,11699],[-14,-42],[75,-45]],[[86941,11612],[0,-34]],[[86941,11578],[-44,1],[-73,-48]],[[86824,11531],[-144,-27],[-14,-53]],[[86824,11531],[-33,-104],[-47,-10],[-17,-138]],[[86710,11167],[-3,58]],[[86941,11578],[-4,-35],[-53,-10],[11,-68],[23,-22],[-15,-65],[24,-33],[-36,-36],[-14,-62],[-32,-7]],[[86845,11240],[-70,43],[-7,-105],[-58,-11]],[[86903,11122],[-52,49],[-6,69]],[[86941,11612],[17,24],[96,-68],[-21,-25],[60,-41],[14,-59],[-22,-86],[58,-6],[35,-50]],[[87178,11301],[-5,-83],[22,-18]],[[87195,11200],[-66,-4]],[[87129,11196],[-105,98],[-85,-19],[-31,-100],[12,-30],[61,29],[17,-26],[-71,-38],[-24,12]],[[86832,11946],[-37,86]],[[86795,12032],[87,-8],[37,28],[46,-21],[82,-1],[26,73],[91,44],[74,-43],[44,-51],[46,-16],[71,-63],[69,16],[23,61],[12,123],[-52,2],[-63,-59],[-52,89],[-65,76],[-78,43],[-103,31],[-90,-17],[-26,79],[-27,27]],[[87511,12617],[59,-49],[48,-75],[-20,-34],[-34,-379],[285,-33],[-28,-154],[9,-12]],[[87830,11881],[-87,-5]],[[87743,11876],[-29,-12],[-83,40],[-45,-84],[-7,-59],[33,-39]],[[87612,11722],[-14,-57],[-51,10],[6,-58]],[[87553,11617],[-97,15],[42,-111],[-19,-24]],[[87479,11497],[-104,-29],[-23,-129],[-85,13],[-50,-8],[-39,-43]],[[86880,11699],[33,18],[5,60],[-35,98],[-51,71]],[[86594,11882],[10,75]],[[86604,11957],[149,5],[79,-16]],[[86604,11957],[-45,19],[-8,58],[215,-24],[29,22]],[[87129,11196],[-61,-19],[-26,-55],[-48,7],[-70,-40],[-21,33]],[[87405,11142],[88,-16],[-8,68],[-68,30],[-14,-77]],[[87403,11147],[-159,55]],[[87244,11202],[-49,-2]],[[87479,11497],[90,-52],[-42,-92],[79,-11],[42,-26],[-9,-105],[-38,-18],[-2,-99],[48,-74]],[[87647,11020],[-38,-42]],[[87609,10978],[-87,-11]],[[87522,10967],[-18,54],[-74,46],[-43,54],[18,21]],[[87405,11142],[-2,5]],[[87553,11617],[64,-47],[-25,-69],[67,-11],[26,25],[82,-18],[78,29],[53,-12],[108,17]],[[88006,11531],[-14,-58],[52,-24],[-83,-72],[45,-7],[-26,-51]],[[87980,11319],[-92,-6],[-41,-26],[-19,-68],[18,-37],[-20,-91],[47,-11],[58,13],[8,35]],[[87939,11128],[36,-25],[67,4],[33,-29],[101,-8]],[[88176,11070],[-30,-34],[50,-65],[-25,-25]],[[88171,10946],[-21,4]],[[88150,10950],[-11,38],[-46,11],[-126,-40],[-104,23],[-10,-62],[-60,7],[-60,49],[-66,10],[-20,34]],[[87939,11128],[41,58],[131,-17],[17,29],[-111,16],[-37,105]],[[88006,11531],[15,50]],[[88021,11581],[69,-11],[22,120],[38,-6],[11,63],[121,-42],[40,-37]],[[88322,11668],[-53,-23],[-24,-98],[59,5],[63,-38],[81,19],[-15,-56],[-115,22],[-30,-44],[-9,-105],[70,-38],[1,-100],[23,-55],[-54,2],[-110,-31],[-33,-58]],[[88692,11639],[10,-47]],[[88702,11592],[-46,-14],[-3,-49],[-102,65],[-49,-1],[17,77],[66,23],[54,-8],[-6,-38],[59,-8]],[[89495,11670],[-200,-167],[-402,-375],[-317,-290]],[[88576,10838],[-43,6],[-66,-21],[-91,14],[8,47],[-85,-5],[-98,17],[-30,50]],[[88322,11668],[26,49],[61,45]],[[88409,11762],[120,98]],[[88529,11860],[0,-59],[65,-10],[48,22],[53,-2],[44,-36],[113,20],[93,-68],[81,-8],[45,18],[96,3],[43,-60],[102,1]],[[89312,11681],[66,32],[93,5],[150,126],[15,35],[91,46]],[[89727,11925],[18,-31],[-140,-92],[-105,-101],[-5,-31]],[[88702,11592],[55,5],[-21,35],[-44,7]],[[87612,11722],[182,-33],[53,-65],[90,-15]],[[87937,11609],[56,2],[28,-30]],[[87948,11671],[-11,-62]],[[87743,11876],[18,-47],[98,-21],[-11,-51],[77,-3],[23,-83]],[[87830,11881],[100,-18],[80,-50],[-62,-142]],[[88333,11805],[76,-43]],[[88318,13447],[0,-82],[17,-80],[-36,-117],[-33,-7],[-9,-110],[35,-51]],[[88292,13000],[-24,-25],[-85,-4],[0,-48],[56,-19],[-34,-54],[-94,-62],[-33,-198],[34,-6],[-80,-416],[-36,-11],[-5,-44],[50,-35],[47,-61],[39,15]],[[88127,12032],[-14,-31],[9,-84],[100,-61],[10,-41],[101,-10]],[[88127,12032],[8,55],[-35,24],[33,40],[217,-25],[-6,-64],[43,-3],[5,-89],[-32,-42],[22,-34],[-79,-48],[30,-41]],[[88292,13000],[100,-43],[51,2],[27,-47],[59,-21],[-47,-100],[25,-41],[174,-53],[-59,-338],[194,-29],[-17,-56],[-68,-17],[-55,-128],[0,-59],[-58,9],[-15,-47],[-120,33],[-2,-39],[62,-89],[-14,-77]],[[88886,13849],[35,-44],[10,-59],[66,-71],[48,-35],[-1,-40],[101,-137],[76,-25]],[[89221,13438],[-14,-31],[40,-80],[31,-25],[-35,-231],[-54,-24],[-25,-175],[23,-65],[-11,-35],[-87,12],[-9,-66],[41,-23],[-51,-43],[41,-59],[-99,-60],[-5,-77],[-47,-9]],[[88960,12447],[-38,-40],[-26,-98],[71,-14],[-25,-157],[33,-87],[-19,-58],[128,-31],[25,38]],[[89109,12000],[21,-46],[-1,-53],[58,-72],[90,-14],[48,-43],[-13,-91]],[[88960,12447],[131,-76],[-11,-130],[42,10],[-38,-173],[73,-10],[-13,-73],[-35,5]],[[89309,12223],[-66,2],[11,59],[100,-43],[-45,-18]],[[87189,11105],[8,48],[39,4],[8,45]],[[87522,10967],[-21,-20],[-73,21],[-11,46],[-49,13],[-33,-42],[-64,28],[-22,77],[-60,15]],[[87609,10978],[-96,-107],[-10,-112],[-59,0]],[[87444,10759],[-65,42],[-11,-56],[-76,-82],[-33,10]],[[87259,10673],[26,63],[-74,22]],[[87211,10758],[18,51],[-24,96],[-103,19],[20,113],[-5,37],[72,31]],[[87211,10758],[-86,6],[-49,-49],[-43,-87],[-42,31]],[[86991,10659],[-21,30]],[[86970,10689],[15,48],[87,-15],[-5,99],[-37,7]],[[87030,10828],[22,47],[-42,24],[-74,11],[-68,80],[2,50],[-66,99],[-94,28]],[[88153,10571],[1,86],[-66,26],[78,34],[-40,67],[30,91],[-6,75]],[[88576,10838],[-148,-149],[-77,-87],[-79,-49],[-11,32],[-108,-14]],[[88210,10523],[-38,31]],[[88172,10554],[38,-31]],[[88239,10499],[-12,10]],[[88227,10509],[12,-10]],[[89221,13438],[21,29],[76,-84],[51,28],[61,-34]],[[89430,13377],[-31,-48],[20,-32],[-5,-71],[32,-49],[-26,-69],[152,-21]],[[89572,13087],[-29,-205],[323,-50],[11,-33],[55,-34],[-41,-71],[37,-92],[29,-25],[4,-51]],[[89961,12526],[-36,5],[3,-67],[-99,-28],[67,-82],[-36,-42]],[[89860,12312],[-87,-22],[-80,-99],[4,-47],[90,-23]],[[89787,12121],[-7,2]],[[89780,12123],[-151,-65],[-11,-79],[75,15]],[[89693,11994],[35,-10],[-1,-59]],[[89780,12123],[-103,-57],[16,-72]],[[89787,12121],[85,23]],[[89872,12144],[9,-17]],[[89881,12127],[36,-59],[70,-32],[39,9]],[[90026,12045],[-5,-48]],[[90021,11997],[-160,-74],[-145,-88],[-221,-165]],[[89860,12312],[33,-35]],[[89893,12277],[-35,-57],[14,-76]],[[90087,12581],[52,64],[75,34],[-43,30],[21,74],[46,48],[-2,195]],[[90236,13026],[0,61]],[[90236,13087],[3,86],[-13,35],[10,65],[0,152],[45,0],[-4,290],[-210,-2],[6,32],[-112,20],[31,59]],[[89992,13824],[34,74],[65,67],[55,34],[38,0],[47,-75],[72,77],[14,49],[356,-1],[4,215]],[[90979,14120],[-35,-126],[46,-66],[-65,-136],[41,-90],[-61,-16],[-85,-120],[-2,-32],[55,-72],[282,4],[4,-367],[-41,0],[-1,-170],[-70,1],[0,-167],[69,0],[-6,-79],[-35,-79],[-235,1],[-33,157],[-76,1],[1,-50],[-52,1],[-8,-46],[29,-106],[-104,-3]],[[90597,12560],[-231,-5],[3,24],[-130,12],[-152,-10]],[[90089,12383],[41,-31],[6,-49],[-73,-10],[-15,-28]],[[90048,12265],[-14,28],[-76,-15]],[[89958,12278],[-65,-1]],[[89961,12526],[82,-5]],[[90043,12521],[20,-23],[-14,-108],[40,-7]],[[91150,12340],[-25,-29],[-61,-18],[-47,16],[-105,-23],[14,69],[41,51],[59,-26],[96,-3],[28,-37]],[[90502,12330],[-62,-11],[-58,38],[-27,-12],[-266,38]],[[90043,12521],[44,60]],[[90597,12560],[1,-194],[-69,0],[-27,-36]],[[90507,12164],[-111,-40]],[[90396,12124],[76,68],[35,-28]],[[90558,12180],[2,93],[-46,2],[-12,55]],[[92091,13598],[-9,-117],[-3,-205]],[[92079,13276],[-302,1],[-1,-197],[-356,-3],[16,-141],[-65,-1],[1,-167],[48,0],[-1,-142],[-26,-27],[5,-50],[-49,-44],[-58,-80],[2,-95],[61,-14],[45,19],[59,-3],[38,34],[107,-7],[7,36],[84,14],[0,-136]],[[91694,12273],[-107,-15],[-73,-33],[-38,14],[-138,-13],[-27,9],[-265,5],[-166,-5],[-188,-23],[-134,-32]],[[92079,13276],[27,-39],[165,-4],[24,-113],[-4,-43],[-158,1],[6,-230],[16,-98],[-75,8],[-22,-40],[-7,-158],[-3,-277]],[[92048,12283],[-206,-5],[-49,-14],[-99,9]],[[92777,13280],[-24,-110],[-8,-118],[-106,-2],[5,-166],[-46,-12],[3,-249],[8,-331]],[[92609,12292],[-138,-34],[-30,22],[-225,10],[-168,-7]],[[93264,12627],[-22,-62],[-55,-87],[-103,-30],[-39,-53],[-84,-6],[-88,-51],[-4,-30],[-260,-16]],[[93397,12996],[-40,-26],[-73,-9],[-87,-207],[33,-98],[34,-29]],[[93718,12850],[-106,-55],[-17,-22],[-148,-4],[-72,-21],[-75,-61],[-36,-60]],[[89572,13087],[319,-43]],[[89891,13044],[2,-92],[90,-13],[8,50],[123,-24],[44,26],[23,43],[55,-8]],[[89891,13044],[-18,33],[-47,11],[-42,74],[0,38],[-63,18],[15,68],[41,26],[29,-69],[70,-15],[27,120],[53,8],[66,-14],[24,-39],[46,-1],[-25,-155],[34,-42],[135,-18]],[[89430,13377],[68,70],[73,1],[8,94],[27,32],[76,33],[23,113],[73,-12],[43,-63],[42,-10],[-14,120],[37,1],[76,72],[25,-3]],[[89987,13825],[5,-1]],[[89585,14249],[-17,-68],[24,-96],[-32,-27],[34,-35],[-7,-107],[36,4],[41,-60],[138,0],[52,22],[58,1],[75,-58]],[[89933,12183],[-52,-56]],[[89958,12278],[-25,-95]],[[90012,12127],[-42,9],[-37,47]],[[90048,12265],[42,-69],[-55,-5],[-23,-64]],[[90012,12127],[14,-82]],[[90558,12180],[-51,-16]],[[90396,12124],[-250,-76],[-125,-51]],[[85336,11482],[-5,-32]],[[85331,11450],[-101,16]],[[85276,11576],[74,-7],[-14,-87]],[[85224,11404],[-86,-14]],[[85138,11390],[34,28]],[[85331,11450],[-39,-56],[-68,10]],[[85385,11318],[-141,-5],[-42,-15]],[[85202,11298],[22,106]],[[85336,11482],[115,-16],[-27,-95]],[[85424,11371],[-39,-53]],[[85202,11244],[0,54]],[[85385,11318],[-42,-49]],[[85343,11269],[-66,-27],[-75,2]],[[85202,11163],[-95,0],[-48,31]],[[85059,11194],[-68,10]],[[84991,11204],[79,70]],[[85070,11274],[132,-30]],[[85343,11269],[-4,-70],[-56,-29]],[[85283,11170],[-81,-7]],[[85006,10895],[-60,77]],[[84946,10972],[15,30]],[[84961,11002],[73,4],[20,54]],[[85054,11060],[62,0],[6,-58]],[[85122,11002],[-43,-48],[-45,-10],[-28,-49]],[[85274,11102],[-31,-15]],[[85243,11087],[-41,-1]],[[85202,11086],[0,77]],[[85283,11170],[23,-35]],[[85306,11135],[-32,-33]],[[85306,11135],[30,-78]],[[85336,11057],[-62,45]],[[85284,11003],[-41,84]],[[85336,11057],[-7,-38],[-45,-16]],[[85655,11058],[-18,-44],[-77,-49],[-127,58],[-6,71],[30,152],[71,-18],[30,-37],[47,-8],[65,20],[75,-6],[34,-52],[52,-42],[-47,-28],[-129,-17]],[[85400,10790],[-64,-48],[-53,28],[-84,18],[40,82],[84,36],[114,-17]],[[85437,10889],[-38,2],[1,-101]],[[85442,10794],[43,-31]],[[85485,10763],[-63,27]],[[85422,10790],[20,4]],[[85469,10800],[-27,-6]],[[85422,10790],[-22,0]],[[85437,10889],[32,-89]],[[85469,10800],[33,-20],[74,3],[-34,-72],[-57,52]],[[85693,10780],[12,-3]],[[85705,10777],[40,-47],[-6,-30]],[[85739,10700],[-108,60],[62,20]],[[85054,11060],[-38,79]],[[85016,11139],[34,-4],[9,59]],[[85202,11086],[-24,-60]],[[85178,11026],[-56,-24]],[[85284,11003],[-106,23]],[[84903,11048],[58,-46]],[[84946,10972],[-50,-30],[-34,10]],[[84862,10952],[-29,26],[11,84]],[[84844,11062],[59,-14]],[[84793,10821],[25,13],[25,101],[19,17]],[[85006,10895],[-16,-53],[-88,-22],[-109,1]],[[85138,11390],[-18,-23]],[[85120,11367],[-63,20],[-4,28]],[[85053,11415],[30,57],[35,24]],[[85120,11367],[-36,-61]],[[85084,11306],[-90,24]],[[84994,11330],[11,58],[48,27]],[[85070,11274],[14,32]],[[84935,11203],[-20,17],[75,88],[4,22]],[[84991,11204],[-56,-1]],[[84844,11062],[1,16]],[[84845,11078],[-9,45]],[[84836,11123],[65,34],[34,46]],[[85016,11139],[-22,3],[-92,-50],[1,-44]],[[84845,11078],[-40,31]],[[84805,11109],[31,14]],[[84793,10821],[-48,26],[-78,90]],[[84667,10937],[-22,39],[2,53],[48,17]],[[84695,11046],[55,8],[-7,36]],[[84743,11090],[62,19]],[[84695,11046],[9,30]],[[84704,11076],[39,14]],[[84667,10937],[-104,94]],[[84563,11031],[10,52]],[[84573,11083],[85,-16],[46,9]],[[84563,11031],[-57,52]],[[84506,11083],[22,19]],[[84528,11102],[45,-19]],[[84506,11083],[-46,34]],[[84460,11117],[24,45]],[[84484,11162],[44,-60]],[[84460,11117],[-104,70],[25,15],[103,-40]],[[86159,10888],[-10,-80]],[[86149,10808],[-75,70],[41,41],[-81,47],[-68,6]],[[85966,10972],[10,116],[49,-9],[10,61]],[[86035,11140],[56,-41],[56,2],[40,26]],[[86187,11127],[97,-25],[20,-36],[68,-9]],[[86372,11057],[-41,-48]],[[86331,11009],[-80,8],[-2,-67],[-89,-25],[-1,-37]],[[86331,11009],[-38,-110]],[[86293,10899],[-86,-51],[-48,40]],[[86604,11149],[-7,-63],[-33,-10]],[[86564,11076],[-47,26],[-65,-5]],[[86452,11097],[14,70],[61,14]],[[86516,10924],[-14,-85],[-72,-1],[-23,-55]],[[86407,10783],[-63,15],[-20,28],[10,67],[-41,6]],[[86372,11057],[19,-8]],[[86391,11049],[36,-31],[44,-93],[45,-1]],[[86407,10783],[-32,-53],[-42,0],[-18,-59]],[[86315,10671],[-8,-31],[-73,6]],[[86234,10646],[5,38],[-66,19],[-22,57]],[[86151,10760],[-2,48]],[[86391,11049],[61,48]],[[86564,11076],[-12,-37],[78,-21],[-37,-62],[-35,20],[-42,-52]],[[87030,10828],[-24,-33],[-92,31],[-58,-27],[-84,-5],[-32,-76],[-37,5]],[[86703,10723],[-67,24],[-45,-15],[0,-42],[-44,-21],[14,-55]],[[86561,10614],[-14,-75]],[[86547,10539],[-71,11],[28,39],[-62,14],[-35,36],[-92,32]],[[86703,10723],[-51,-105],[-91,-4]],[[86970,10689],[-57,-10],[-85,15],[-10,-53],[-54,-34],[15,-56]],[[86779,10551],[-88,-3],[-23,-21],[-44,-108],[-57,-24],[-20,-37],[146,-39]],[[86693,10319],[1,-63],[69,-104]],[[86763,10152],[-39,-24],[-21,-66],[16,-39],[-48,-37],[-58,-1],[-48,-23],[-7,71],[-76,191],[-68,105],[-70,84],[-113,88]],[[86231,10501],[154,-5],[50,23],[95,-10],[17,30]],[[86991,10659],[-63,-9],[-6,-49],[43,-35],[-22,-54]],[[86943,10512],[-116,48],[-48,-9]],[[86943,10512],[-22,-32]],[[86921,10480],[-51,11],[-30,-36],[-62,-20],[-85,-116]],[[87041,10032],[-116,85],[-66,31],[-96,4]],[[86921,10480],[41,-16],[-25,-254],[70,-59],[0,-41],[34,-78]],[[87205,10434],[-49,-25]],[[87156,10409],[-100,-58],[-21,-53],[66,-70],[30,-69],[45,12],[10,-113],[27,-12],[10,-79],[56,2],[22,47],[57,42],[85,23],[7,79],[31,65],[53,-5],[18,-37],[-19,-153],[34,-67],[-44,-51],[-45,-99],[15,-80],[41,-11],[16,-43],[-82,-45],[12,-57],[-30,-67],[-93,-16],[-76,82],[31,70],[-121,132],[-10,49],[-61,110],[-79,95]],[[87259,10673],[11,-60],[-14,-51],[-76,3],[32,-65],[-7,-66]],[[87404,10347],[-24,71],[-53,26],[-36,-30],[-86,-9]],[[87205,10405],[0,29]],[[87444,10759],[-6,-75]],[[87438,10684],[-47,-81],[-36,-37],[-3,-41],[61,-37],[-9,-141]],[[87205,10405],[-49,4]],[[87496,10395],[59,52]],[[87555,10447],[36,-28]],[[87591,10419],[-13,-24],[-82,0]],[[87496,10395],[-92,-48]],[[87438,10684],[106,3],[53,-124]],[[87597,10563],[-69,-5],[-10,-54],[37,-57]],[[87597,10563],[109,-21],[-4,-25],[146,-33]],[[87848,10484],[-15,-35],[-132,-18],[-43,-20],[-67,8]],[[88153,10571],[-50,-27],[-10,-45],[-64,-31],[-36,5],[-63,-35],[-82,46]],[[88210,10523],[-59,-26],[-44,5],[17,50],[48,2]],[[88239,10499],[-12,10]],[[87814,10339],[-72,14],[34,37],[117,-7],[4,-24],[-83,-20]],[[87709,10301],[69,-30],[-108,-70],[-91,34],[-51,71],[72,30],[49,-28],[60,-7]],[[85381,11756],[33,-61]],[[85414,11695],[-2,-31],[-109,16]],[[85439,11692],[-25,3]],[[85536,11677],[-18,-28],[-21,-118],[52,-80]],[[85549,11451],[-3,-40],[-61,-42],[24,-40]],[[85509,11329],[-70,-7],[-15,49]],[[85735,11523],[-44,-55],[-53,8]],[[85638,11476],[-89,-25]],[[86151,10760],[-65,-41]],[[86086,10719],[-32,56],[8,73],[-116,13]],[[85946,10861],[-34,57]],[[85912,10918],[54,54]],[[85638,11476],[-6,-35],[52,-12],[19,-42]],[[85703,11387],[-31,-26],[-120,28],[-43,-60]],[[86242,11305],[-2,-14]],[[86240,11291],[-75,-21]],[[86165,11270],[-36,42],[-124,35],[-32,56],[-50,31],[-44,-4],[-81,-79]],[[85798,11351],[-95,36]],[[85797,10916],[-88,10]],[[85709,10926],[-17,55],[102,10],[66,-13],[28,33],[31,89],[-18,35],[-47,2],[12,78],[-43,51],[-25,85]],[[86165,11270],[-20,-36],[-92,6],[-18,-100]],[[85912,10918],[-55,41],[-60,-43]],[[86240,11291],[28,-4],[6,-77],[-19,-28],[-65,-30],[-3,-25]],[[85946,10861],[-18,-19]],[[85928,10842],[-78,12]],[[85850,10854],[24,30],[-77,32]],[[85850,10854],[-38,-62],[-42,-25],[-65,10]],[[85693,10780],[18,34],[-25,47],[23,65]],[[86086,10719],[-29,-68],[-34,-9],[-55,35],[-17,-56],[-82,-20]],[[85869,10601],[-22,26]],[[85847,10627],[55,119],[26,96]],[[85847,10627],[-66,67],[-42,6]],[[86234,10646],[-8,-43],[-104,10],[-11,-53],[-48,8],[-10,-81],[35,-50]],[[86088,10437],[-73,-5],[-74,50],[-72,119]],[[86231,10501],[-74,-15],[-69,-49]],[[99112,33547],[-43,-12]],[[99069,33535],[1,19]],[[99070,33554],[8,3]],[[99078,33557],[34,-10]],[[99117,33544],[16,29]],[[99133,33573],[12,-39],[-28,10]],[[99117,33544],[-5,3]],[[99078,33557],[-2,34]],[[99076,33591],[11,-2]],[[99087,33589],[32,18]],[[99119,33607],[13,-16]],[[99132,33591],[1,-18]],[[99190,33626],[16,-43]],[[99206,33583],[-73,8]],[[99133,33591],[1,28]],[[99134,33619],[56,7]],[[99183,33659],[4,18]],[[99187,33677],[16,12]],[[99203,33689],[34,37],[2,58]],[[99239,33784],[86,-32],[-20,-96],[-67,-63]],[[99238,33593],[-49,42]],[[99189,33635],[-6,24]],[[99238,33593],[-32,-10]],[[99190,33626],[-1,9]],[[99133,33591],[-1,0]],[[99119,33607],[8,17]],[[99127,33624],[7,-5]],[[99127,33624],[23,33]],[[99150,33657],[33,2]],[[99154,33700],[33,-23]],[[99150,33657],[-27,3]],[[99123,33660],[-12,29]],[[99111,33689],[19,30]],[[99130,33719],[15,-3]],[[99145,33716],[9,-16]],[[99154,33700],[49,-11]],[[99193,33811],[2,3]],[[99195,33814],[44,-30]],[[99145,33716],[46,37],[2,58]],[[99136,33927],[30,-6]],[[99166,33921],[6,-67],[23,-40]],[[99193,33811],[-47,-1]],[[99146,33810],[-67,11]],[[99079,33821],[34,43],[23,63]],[[99082,33816],[-3,5]],[[99146,33810],[-48,-21],[-16,27]],[[99184,34021],[36,-4]],[[99220,34017],[30,-8]],[[99250,34009],[-11,-47],[-50,-4],[-5,63]],[[99220,34017],[4,36],[-47,13]],[[99177,34066],[17,17]],[[99194,34083],[57,24],[-1,-98]],[[99184,34021],[-15,9]],[[99169,34030],[8,36]],[[99169,34030],[-17,0]],[[99152,34030],[-47,43]],[[99105,34073],[23,25]],[[99128,34098],[66,-15]],[[99694,34248],[2,100],[-10,27],[50,38],[115,39],[24,-10],[-41,-131],[-37,-165],[-11,-91],[-1,-120],[30,-89],[-22,-31],[-100,271],[12,67],[-11,95]],[[99087,33589],[5,42]],[[99092,33631],[31,29]],[[99092,33631],[-5,11]],[[99087,33642],[-3,44]],[[99084,33686],[27,3]],[[99084,33686],[-33,37]],[[99051,33723],[79,-4]],[[99051,33723],[1,14]],[[99052,33737],[13,71]],[[99065,33808],[17,8]],[[99052,33737],[-38,-4]],[[99014,33733],[-49,42]],[[98965,33775],[16,22]],[[98981,33797],[59,24]],[[99040,33821],[25,-13]],[[99040,33821],[4,57],[29,22]],[[99073,33900],[4,9]],[[99077,33909],[27,-23],[32,41]],[[98965,33775],[-46,3]],[[98919,33778],[-26,23]],[[98893,33801],[71,18],[17,-22]],[[98984,33592],[-26,26]],[[98958,33618],[16,13]],[[98974,33631],[46,26],[67,-15]],[[99076,33591],[-23,-7]],[[99053,33584],[-32,29],[-37,-21]],[[98974,33631],[11,83]],[[98985,33714],[29,19]],[[98958,33618],[-14,2]],[[98944,33620],[41,94]],[[98944,33620],[-30,-14]],[[98914,33606],[-46,40],[12,67],[39,65]],[[99070,33554],[-31,15]],[[99039,33569],[-5,7]],[[99034,33576],[19,8]],[[99034,33576],[-50,-5]],[[98984,33571],[0,21]],[[98984,33571],[-8,-14]],[[98976,33557],[-69,-10]],[[98907,33547],[1,6]],[[98908,33553],[6,53]],[[99069,33535],[-14,-14]],[[99055,33521],[-20,17]],[[99035,33538],[4,31]],[[99035,33538],[-59,19]],[[99040,33491],[-3,-6]],[[99037,33485],[-58,-1]],[[98979,33484],[-74,26],[2,37]],[[99055,33521],[-15,-30]],[[99048,33453],[-11,32]],[[99040,33491],[8,-38]],[[99048,33453],[-59,-12]],[[98989,33441],[-10,43]],[[98995,33431],[33,0]],[[99028,33431],[-33,0]],[[98880,33367],[-72,32],[8,44],[-43,8]],[[98773,33451],[-1,27],[-49,30],[-9,38],[31,41]],[[98745,33587],[84,-11],[79,-23]],[[98989,33441],[-49,-23],[-60,-51]],[[98880,33367],[-27,-82]],[[98853,33285],[-1,1]],[[98852,33286],[-48,-17]],[[98804,33269],[-9,30]],[[98795,33299],[-22,152]],[[98977,33361],[-34,-12]],[[98943,33349],[17,61]],[[98960,33410],[28,-31]],[[98988,33379],[-11,-18]],[[98943,33349],[-67,-20]],[[98876,33329],[8,51],[41,32],[35,-2]],[[99029,33326],[-2,-15]],[[99027,33311],[-37,7]],[[98990,33318],[-13,43]],[[98988,33379],[7,52]],[[99028,33431],[13,-11]],[[99041,33420],[-2,-15]],[[99039,33405],[-10,-79]],[[98950,33256],[-37,-6]],[[98913,33250],[-39,8]],[[98874,33258],[2,71]],[[98990,33318],[-52,-27],[12,-35]],[[99022,33220],[-13,24],[-59,12]],[[99027,33311],[17,-30],[-22,-61]],[[99022,33220],[-24,-33]],[[98998,33187],[-52,23]],[[98946,33210],[-33,40]],[[99099,33508],[4,-4]],[[99103,33504],[-20,-20]],[[99083,33484],[16,24]],[[99103,33504],[34,-14]],[[99137,33490],[-4,-7]],[[99133,33483],[-14,-16]],[[99119,33467],[-30,3]],[[99089,33470],[-6,14]],[[99119,33467],[7,-27]],[[99126,33440],[-20,-21]],[[99106,33419],[-12,6]],[[99094,33425],[-13,35]],[[99081,33460],[8,10]],[[99067,33424],[14,36]],[[99094,33425],[-27,-1]],[[99084,33375],[-45,30]],[[99041,33420],[26,4]],[[99106,33419],[12,-21]],[[99118,33398],[-34,-23]],[[99084,33375],[9,-23]],[[99093,33352],[-56,-30]],[[99037,33322],[-8,4]],[[99118,33398],[8,-2]],[[99126,33396],[6,-46]],[[99132,33350],[-39,2]],[[99115,33318],[-78,4]],[[99132,33350],[9,-1]],[[99141,33349],[-26,-31]],[[99158,33241],[-33,15]],[[99125,33256],[-6,10]],[[99119,33266],[-4,52]],[[99141,33349],[28,16]],[[99169,33365],[35,-36]],[[99204,33329],[-34,-30],[-12,-58]],[[99119,33266],[-27,-33],[-9,-87]],[[99083,33146],[-62,18]],[[99021,33164],[-23,23]],[[99153,33392],[16,-27]],[[99126,33396],[27,-4]],[[99227,33227],[-11,2]],[[99216,33229],[-28,7]],[[99188,33236],[-1,1]],[[99187,33237],[49,42]],[[99236,33279],[-9,-52]],[[99187,33237],[-29,4]],[[99204,33329],[29,9]],[[99233,33338],[12,-61]],[[99245,33277],[-9,2]],[[99297,33148],[-36,-44]],[[99261,33104],[-6,-4]],[[99255,33100],[-44,40]],[[99211,33140],[5,89]],[[99227,33227],[26,-5]],[[99253,33222],[5,-61],[39,-13]],[[99120,33153],[-37,-7]],[[99125,33256],[-19,-49],[14,-54]],[[99188,33236],[-20,-77]],[[99168,33159],[-48,-6]],[[99182,33114],[-14,45]],[[99211,33140],[-29,-26]],[[99182,33114],[-13,-40]],[[99169,33074],[-64,12]],[[99105,33086],[-87,57],[3,21]],[[99264,33243],[-11,-21]],[[99245,33277],[19,-34]],[[99133,33483],[21,-31]],[[99154,33452],[-28,-12]],[[99154,33452],[27,-10]],[[99181,33442],[17,-6]],[[99198,33436],[-45,-44]],[[99261,33395],[-5,-17]],[[99256,33378],[-23,-40]],[[99198,33436],[63,-41]],[[99256,33378],[33,-6],[12,-89]],[[99301,33283],[-37,-40]],[[99070,32943],[-74,19],[-14,-72],[-44,-31]],[[98938,32859],[-109,-12],[-59,39],[-35,-3]],[[98735,32883],[-24,55],[86,2],[31,23]],[[98828,32963],[28,88],[58,-8],[32,167]],[[99105,33086],[-2,-79],[-35,-17],[2,-47]],[[99169,33074],[55,-16]],[[99224,33058],[-15,-45],[-46,7],[-22,-101]],[[99141,32919],[-71,24]],[[99301,33283],[58,-32]],[[99359,33251],[9,-6]],[[99368,33245],[-13,-51]],[[99355,33194],[-21,-51]],[[99334,33143],[-37,5]],[[99342,33096],[-10,21]],[[99332,33117],[2,26]],[[99355,33194],[35,-15]],[[99390,33179],[-8,-53]],[[99382,33126],[-40,-30]],[[99347,33069],[-5,27]],[[99382,33126],[29,-28]],[[99411,33098],[-26,-47],[-38,18]],[[99390,33179],[108,-17],[44,-18],[12,-74]],[[99554,33070],[-23,-7],[-89,39],[-31,-4]],[[99332,33117],[-29,-38]],[[99303,33079],[-42,25]],[[99255,33100],[-31,-42]],[[99331,33048],[-5,-32],[-61,11],[-5,-60],[-54,-48]],[[99206,32919],[-65,0]],[[99303,33079],[28,-31]],[[99161,33498],[20,-56]],[[99137,33490],[13,20]],[[99150,33510],[11,-12]],[[99248,33497],[15,2]],[[99263,33499],[3,-94]],[[99266,33405],[-5,-10]],[[99161,33498],[87,-1]],[[99263,33499],[27,0]],[[99290,33499],[25,-33]],[[99315,33466],[-16,-53]],[[99299,33413],[-33,-8]],[[99387,33519],[10,5]],[[99397,33524],[-19,-28]],[[99378,33496],[-3,-29]],[[99375,33467],[-60,-1]],[[99290,33499],[15,24]],[[99305,33523],[82,-4]],[[99359,33402],[-60,11]],[[99375,33467],[29,-26]],[[99404,33441],[-45,-39]],[[99359,33402],[11,-60],[-11,-91]],[[99452,33288],[-44,-46],[-40,3]],[[99404,33441],[16,-1]],[[99420,33440],[-3,-43],[47,-62]],[[99464,33335],[-12,-47]],[[99419,33507],[-41,-11]],[[99397,33524],[22,-17]],[[99419,33507],[30,-1]],[[99449,33506],[5,-64]],[[99454,33442],[-34,-2]],[[99515,33438],[-31,-16]],[[99484,33422],[-30,20]],[[99449,33506],[58,0],[8,-68]],[[99484,33422],[-8,-48]],[[99476,33374],[-12,-39]],[[99515,33438],[44,4],[-14,-73]],[[99545,33369],[-69,5]],[[99545,33369],[14,-32]],[[99559,33337],[0,-32],[-107,-17]],[[99565,33075],[-11,-5]],[[99559,33337],[41,-40],[-2,-163],[20,-74],[-53,15]],[[99099,33508],[38,12]],[[99137,33520],[13,-10]],[[99137,33520],[13,13]],[[99150,33533],[23,50]],[[99173,33583],[34,-9]],[[99207,33574],[31,-44]],[[99238,33530],[10,-33]],[[99150,33533],[-12,51],[35,-1]],[[99207,33574],[70,44]],[[99277,33618],[-5,-69]],[[99272,33549],[-34,-19]],[[99322,33540],[-17,-17]],[[99272,33549],[21,-3]],[[99293,33546],[29,-6]],[[99277,33618],[13,6]],[[99290,33624],[3,-78]],[[99369,33583],[-47,-43]],[[99290,33624],[92,165],[23,-15],[-40,-68],[-16,-65],[20,-58]],[[99369,33583],[18,-64]],[[99796,33541],[28,108],[25,53],[52,-57],[80,-22],[24,-23],[-27,-50],[-44,-127],[-50,-167],[-36,-227],[-49,-54],[-24,4],[-33,66],[16,29],[-4,64],[38,40],[-25,68],[11,30],[-8,117],[7,43],[-26,41],[45,64]],[[99707,33086],[-13,34],[40,24],[11,-69],[-38,11]],[[99347,33069],[-16,-21]],[[99565,33075],[19,-46],[43,36],[55,-29]],[[99682,33036],[4,-49],[-18,-54],[-87,-4],[-35,82],[-66,-58],[-51,-77],[1,-144]],[[99430,32732],[-37,-80]],[[99393,32652],[-21,4]],[[99372,32656],[10,83],[-28,42],[-75,-28],[-77,41]],[[99202,32794],[-24,17],[-5,56],[33,52]],[[99461,32748],[-31,-16]],[[99682,33036],[57,8],[42,-72],[37,-5],[-20,-73],[-72,-10],[-1,-31],[-57,-4]],[[99668,32849],[-54,-10],[-8,38],[-80,4],[-13,-77],[-52,-56]],[[99603,32694],[-66,-63],[-20,67],[-56,50]],[[99668,32849],[62,-55],[27,-71],[-34,-20],[-28,44]],[[99695,32747],[-92,-53]],[[99730,32881],[44,-6],[-29,-61],[-37,19],[22,48]],[[99444,32529],[-31,16],[16,96],[-36,11]],[[99603,32694],[2,-49],[25,-53]],[[99630,32592],[-43,3],[-16,-38],[-69,-38],[-58,10]],[[99063,31739],[31,61],[47,23],[66,-9],[19,72],[-13,80]],[[99213,31966],[56,-12],[36,-28],[28,-63]],[[99381,31930],[-28,54],[-29,104],[30,48],[-33,45],[52,20],[-3,41],[82,85],[18,90],[-66,59]],[[99404,32476],[40,53]],[[99630,32592],[14,-31]],[[99644,32561],[10,-92],[37,-24]],[[99691,32445],[47,-62]],[[99738,32383],[9,-7]],[[99747,32376],[-75,-24]],[[99672,32352],[-7,51],[-45,-9],[-48,-38],[39,-75],[-17,-84],[-55,-51],[-53,-8],[-3,-83],[14,-80],[20,-32]],[[99695,32747],[27,-20],[-18,-68],[-41,-51]],[[99663,32608],[-8,-1]],[[99655,32607],[-11,-46]],[[99672,32352],[23,-73],[47,-33]],[[99742,32246],[-19,-44],[27,-26]],[[99750,32176],[-35,-67],[-52,-16],[-50,-40],[-5,-40],[-36,-56]],[[99756,32447],[-65,-2]],[[99655,32607],[82,-32]],[[99737,32575],[-24,-76],[43,-52]],[[99768,32568],[24,-75],[-12,-48]],[[99780,32445],[-24,2]],[[99737,32575],[31,-7]],[[99663,32608],[35,45],[50,26],[21,-57],[-1,-54]],[[99789,32677],[-19,128],[28,28],[4,-122],[-13,-34]],[[99780,32445],[34,-44]],[[99814,32401],[-76,-18]],[[99789,32297],[-42,79]],[[99814,32401],[16,-86]],[[99830,32315],[-41,-18]],[[99829,32204],[-54,-5]],[[99775,32199],[17,88]],[[99792,32287],[-3,10]],[[99830,32315],[30,-72]],[[99860,32243],[-31,-39]],[[99820,32107],[9,97]],[[99860,32243],[41,-66]],[[99901,32177],[-52,-20],[-29,-50]],[[99642,31927],[27,49],[107,101],[44,30]],[[99901,32177],[18,-20]],[[99919,32157],[-13,-41]],[[99919,32157],[17,-27]],[[99936,32130],[-13,-22]],[[99936,32130],[38,-33],[48,4]],[[99792,32287],[-50,-41]],[[99775,32199],[-25,-23]],[[99372,32656],[-39,-40]],[[99333,32616],[-62,19],[-35,-12]],[[99236,32623],[-18,104],[-38,23]],[[99180,32750],[22,44]],[[99404,32476],[-31,14],[-34,79],[-6,47]],[[99213,31966],[-9,66],[50,51],[-32,167],[-1,65],[43,48],[-84,15],[7,55],[37,65],[-19,84],[31,41]],[[99180,32750],[-42,-64],[-108,84],[-74,-8],[-38,12],[20,85]],[[99029,31746],[-7,56],[-44,12],[-16,98],[-47,2],[-27,94],[-50,40],[-85,2],[-63,56],[-104,32]],[[98586,32138],[-33,50],[50,38],[13,87],[109,75],[-63,84],[32,39],[91,31],[46,28],[11,59],[37,43],[-63,11],[-34,-61],[-100,32],[-4,89]],[[98678,32743],[6,39],[41,42],[10,59]],[[98461,31798],[-32,56],[12,33],[65,15],[40,36],[18,91],[31,5],[6,56],[-15,48]],[[98828,32963],[-26,62],[30,47],[-9,30]],[[98823,33102],[-8,13],[20,136],[17,35]],[[98853,33285],[21,-27]],[[98823,33102],[-63,14],[-26,76]],[[98734,33192],[37,23],[33,54]],[[98734,33192],[-13,7]],[[98721,33199],[31,60],[-31,41]],[[98721,33300],[74,-1]],[[98721,33199],[-36,-21]],[[98685,33178],[-26,37],[2,63],[31,22]],[[98692,33300],[29,0]],[[98685,33178],[-83,-47],[-28,30],[-5,97],[-22,49],[145,-7]],[[98538,32790],[5,37]],[[98543,32827],[52,-8],[-14,-81]],[[98581,32738],[-51,9]],[[98530,32747],[8,43]],[[98678,32743],[-97,-5]],[[98543,32827],[-34,17],[-10,126],[-23,17],[13,61],[-61,-1]],[[98428,33047],[13,81],[35,16],[-11,54],[-57,-33],[-71,101]],[[98337,33266],[30,55],[-10,81],[-53,13]],[[98304,33415],[14,55],[27,20],[-20,54],[31,114],[57,9],[4,36],[-31,46],[30,83],[-92,42]],[[98324,33874],[49,98],[26,5],[31,60],[92,-7]],[[98522,34030],[-34,-52],[3,-37],[42,-42],[82,-6]],[[98615,33893],[-9,-77],[33,-5],[-9,-76],[23,-62],[41,-7],[45,-39],[6,-40]],[[98269,32610],[25,151],[-44,8],[-6,65],[31,11],[9,61],[101,14],[41,84],[2,43]],[[98538,32790],[-44,7],[-47,-77],[-38,7],[-38,-99],[-34,-24],[-68,6]],[[98116,32038],[-51,39],[-28,97],[-26,34],[9,65]],[[98020,32273],[-47,45],[1,59],[-27,38],[5,42]],[[97952,32457],[20,36]],[[97972,32493],[47,61]],[[98019,32554],[7,-35],[71,3],[51,43],[17,60],[104,-15]],[[98530,32747],[-4,-31],[-53,-4],[-29,-75],[23,-34],[49,-19],[0,-61],[-105,16],[-23,-57],[-32,-5],[-31,-122],[-39,-40],[-34,-85],[-8,-80],[-21,-75],[-56,3],[-11,-39],[-40,-1]],[[98146,31918],[-32,44]],[[98114,31962],[-19,11]],[[98095,31973],[21,65]],[[98304,33415],[-22,-87]],[[98282,33328],[-90,6]],[[98192,33334],[-38,31],[7,45],[-76,23],[3,28]],[[98088,33461],[35,-7],[35,33],[-65,57],[-23,2]],[[98070,33546],[-76,-10]],[[97994,33536],[-116,68],[12,68],[-48,7],[-20,-55],[-120,0],[-36,-62]],[[97666,33562],[-34,30],[2,66]],[[97634,33658],[-12,56],[16,95]],[[97638,33809],[123,-7],[51,37],[81,-8],[91,-66],[60,-16],[5,83],[70,-34],[57,-1],[27,103],[1,65],[-43,36],[-52,101],[2,45],[29,94]],[[98140,34241],[41,-6]],[[98181,34235],[56,-50],[-52,-39],[21,-111],[37,-47],[52,-3],[-13,-71],[42,-40]],[[98181,34235],[24,-3],[25,74]],[[98230,34306],[61,1],[49,57]],[[98340,34364],[90,-4],[51,24]],[[98481,34384],[16,-55],[77,-52],[15,-87],[-10,-41],[-53,-58],[-4,-61]],[[97638,33809],[-13,51],[25,39]],[[97650,33899],[49,24],[38,-6],[7,52],[65,-13],[25,37],[134,-3],[10,72],[25,18],[0,92],[67,-18],[70,87]],[[97671,34340],[60,-37]],[[97731,34303],[62,-21],[-14,-70],[-33,-57],[5,-76],[-52,-21]],[[97699,34058],[-34,12],[-99,6],[5,35],[47,41],[-96,57],[101,143],[48,-12]],[[97650,33899],[-42,38],[-33,-31]],[[97575,33906],[-10,61],[119,63],[15,28]],[[97731,34303],[11,50],[74,24],[3,80],[27,24],[97,3],[19,75],[45,5],[6,41],[71,-2]],[[98084,34603],[8,-53],[35,-27],[62,-13],[-16,-42],[9,-86],[48,-76]],[[97671,34340],[-41,44],[5,100],[-27,64],[-115,46],[-57,-105],[-134,12],[-47,-19],[-79,-102],[-32,-11]],[[97144,34369],[-35,14]],[[97109,34383],[10,55],[-16,44],[-37,6]],[[97066,34488],[31,48],[-9,30],[57,18],[86,-36],[20,140],[-55,41]],[[97196,34729],[29,38],[70,55],[16,-38],[85,60],[3,114]],[[97399,34958],[54,105],[39,-32],[31,25],[-39,51],[-41,13],[-28,64],[94,63],[17,49],[0,99],[-18,123],[72,66],[70,-70],[44,2],[75,111]],[[97769,35627],[18,3],[56,-59]],[[97843,35571],[-9,-26],[-25,-200],[62,-9],[-11,-86],[28,-91],[-46,-67],[-67,9],[-27,-32],[26,-43],[-18,-59],[12,-61],[49,-22],[28,35],[104,-14],[-5,-36],[107,-27],[32,-44],[14,-68],[52,-55],[-65,-72]],[[98019,32554],[-18,53],[11,74],[-35,135],[30,44],[-34,55],[27,42],[31,195],[62,-16],[53,122],[29,15],[17,61]],[[98282,33328],[55,-62]],[[97972,32493],[-12,18]],[[97960,32511],[-64,84],[-8,45],[-53,60],[5,125],[-35,121],[17,89],[-21,16],[-10,77],[7,82]],[[97798,33210],[69,-10],[41,42],[38,6],[28,37],[15,63],[44,9],[-2,67],[57,37]],[[98070,33546],[-38,-62],[-44,7]],[[97988,33491],[6,45]],[[97798,33210],[33,19],[6,110],[76,-20],[18,37],[-14,44],[64,40],[7,51]],[[97960,32511],[-96,-2],[-51,21],[-39,-27],[-45,30]],[[97729,32533],[-64,20],[-47,43],[-30,77],[-41,50]],[[97547,32723],[21,114],[43,51],[6,46],[-30,23]],[[97587,32957],[0,55],[32,39],[-1,51],[25,45],[6,62],[30,62],[-29,112],[10,67]],[[97660,33450],[6,112]],[[97393,33011],[-47,41]],[[97346,33052],[77,-7],[2,33],[76,1]],[[97501,33079],[50,-13],[-1,-116]],[[97550,32950],[-19,-35],[-92,25],[-46,71]],[[97346,33052],[-42,7],[-34,34]],[[97270,33093],[17,17],[-29,70],[-41,41]],[[97217,33221],[32,11]],[[97249,33232],[74,15],[65,-36],[21,65],[24,143],[-72,10],[21,52],[121,15],[8,51],[58,22],[7,55],[58,34]],[[97660,33450],[-14,32],[-76,-1],[-12,-64],[28,-108],[-19,-92],[-27,-62],[-44,-26],[5,-50]],[[97587,32957],[-37,-7]],[[96841,33215],[-27,11]],[[96814,33226],[23,73],[41,-7],[8,115]],[[96886,33407],[111,41],[20,38]],[[97017,33486],[30,-38],[78,-6],[4,39],[98,-27],[56,-37],[-6,-152],[-28,-33]],[[97217,33221],[-95,-41],[-89,21],[-88,2],[-4,-25],[-100,37]],[[97017,33486],[-35,59],[-44,-17]],[[96938,33528],[-30,76],[16,84],[47,-13],[63,23],[-11,66]],[[97023,33764],[35,5],[53,-32],[47,65],[14,59],[24,20]],[[97196,33881],[54,11],[17,40],[57,-30],[45,9],[117,-30],[89,25]],[[97144,34369],[24,-37],[-10,-115],[44,-27],[-26,-168]],[[97176,34022],[-36,26],[-2,54],[-135,-7]],[[97003,34095],[-83,-68]],[[96920,34027],[-61,10],[-43,50],[-103,11]],[[96713,34098],[-42,38],[15,160],[-143,24]],[[96543,34320],[5,66],[34,52],[40,1],[7,57],[60,38]],[[96689,34534],[23,53]],[[96712,34587],[65,-107],[101,-16],[34,46],[48,-7],[34,-34]],[[96994,34469],[-15,-58],[40,-25],[90,-3]],[[97270,33093],[-80,-40],[-37,62],[-114,-24],[-103,16],[-27,-33]],[[96909,33074],[-64,16],[-20,29],[16,96]],[[96754,31690],[5,-49]],[[96759,31641],[-39,-84],[-70,-50],[13,-82],[-30,-86]],[[96633,31339],[-75,43],[-43,47],[46,72],[-135,82],[-81,31],[-34,34],[-86,4],[-18,-159],[18,-87],[-56,-10],[-63,10],[-75,39],[-32,174],[7,65],[37,-16],[35,54],[-43,59],[39,38],[-41,56],[102,84],[9,-12],[182,145],[-25,35]],[[96301,32127],[8,97],[50,37],[38,-6]],[[96397,32255],[206,-29]],[[96603,32226],[26,-4],[-19,-116],[140,-23],[-9,-95],[-49,8],[-4,-47],[-36,-99],[23,-31],[44,0],[49,-51],[-14,-78]],[[96355,32866],[84,-66],[8,-22],[98,-48],[-11,-91]],[[96534,32639],[-5,-57]],[[96529,32582],[-37,1],[-23,-182],[-52,7]],[[96417,32408],[-122,18],[-29,38],[6,52],[35,66],[-24,45],[-59,-16],[-85,23],[-77,93],[38,22],[-38,53],[55,42],[2,67],[-52,37],[-46,-1],[-60,-49],[-36,50],[-174,-129],[-28,57],[-71,69]],[[95652,32945],[18,84],[4,170],[12,20],[178,6],[104,-5],[157,123]],[[96125,33343],[110,-141]],[[96235,33202],[-103,-80],[28,-83],[41,-54],[36,-14],[20,-75],[72,-45],[26,15]],[[97129,31321],[2,-61]],[[97131,31260],[-32,-29]],[[97099,31231],[-64,-12],[-65,24],[4,48],[72,-16],[-10,116],[-73,-6],[16,86]],[[96979,31471],[40,-13],[26,-68],[80,-9]],[[97125,31381],[4,-60]],[[96994,34469],[22,26],[50,-7]],[[97176,34022],[-29,-89]],[[97147,33933],[-82,6],[8,38],[-53,12],[18,81],[-35,25]],[[97023,33764],[-77,13],[10,123],[-11,79],[-25,48]],[[97147,33933],[49,-52]],[[96673,32673],[-50,-41],[-89,7]],[[96355,32866],[46,75],[14,88],[-131,62],[12,85],[-61,26]],[[96125,33343],[-34,23],[19,141]],[[96110,33507],[107,-17],[9,56],[113,-22],[61,-52],[34,25],[83,-12]],[[96517,33485],[-7,-48],[74,-29],[44,37],[10,-56],[112,-30],[-12,-83],[51,-41]],[[96789,33235],[-46,-103],[-3,-56],[44,-7],[15,-56]],[[96799,33013],[-19,-73],[-61,5],[-7,-95],[24,-71],[-50,-47],[-13,-59]],[[95596,32108],[-7,41],[32,97],[-351,52],[-54,30],[11,49],[-47,33],[-18,45],[-105,45],[-6,51]],[[95051,32551],[-52,24],[40,291],[12,-3]],[[95051,32863],[95,-22],[83,19],[67,-6],[7,38],[145,42],[35,49],[85,-8],[84,-30]],[[96417,32408],[-20,-153]],[[96301,32127],[-78,-32],[-36,28],[-60,-47],[-59,9],[-63,-41],[-77,-122],[-38,-137],[-52,-2],[-215,40],[23,58],[27,197],[-77,30]],[[97032,32853],[-75,-135]],[[96957,32718],[-84,15],[-33,-61],[-39,6],[-16,-38],[-82,-33],[-30,66]],[[96799,33013],[74,-35],[46,59],[-10,37]],[[97393,33011],[-48,-18],[-16,-52],[-41,-16],[-28,31],[-46,5],[-64,43],[-46,-11],[-50,-70],[-42,6],[-9,-62],[29,-14]],[[97547,32723],[-131,27],[-47,-16],[-59,47],[-87,-24]],[[97223,32757],[-29,66],[-162,30]],[[97223,32757],[0,-35],[-45,-33],[-151,25],[-70,4]],[[96970,32351],[-52,-19]],[[96918,32332],[-20,60],[-56,51],[-95,15],[8,35],[-30,43],[-57,-5],[-48,36],[-91,15]],[[97729,32533],[-78,22],[-80,-22],[-35,-24],[-43,33],[-34,-14],[-9,-62],[-206,41],[-5,-26],[-90,15],[-25,-44],[15,-38],[-145,24],[-24,-87]],[[97952,32457],[-69,11],[-5,-24],[-74,9],[-69,-32],[-47,-54],[-48,3],[-45,-27],[-57,-2],[-115,-82],[-58,-1],[-77,-26],[-54,-39],[-113,21],[-28,26],[15,46],[-57,4],[-81,61]],[[96789,33235],[25,-9]],[[96918,32332],[-66,-19],[-53,35],[-74,20],[-29,-90],[-45,6],[-6,-41],[-42,-17]],[[97716,31906],[-5,-37],[-44,-49],[-8,-49],[56,-27]],[[97715,31744],[9,-72],[25,-51]],[[97490,31486],[-86,-36]],[[97404,31450],[-51,89],[-87,25],[15,43],[-21,36],[-111,-8],[-36,30],[-110,6],[28,219],[-48,19],[-135,-91],[-45,-9],[-11,-56],[-38,-63]],[[98020,32273],[-65,-41],[-72,6],[-10,-20],[-144,-32],[-28,-98],[-45,-17],[-96,15],[31,-112],[73,-12],[52,-56]],[[98114,31962],[-43,-47],[-72,10],[-5,-37],[-70,-28],[-31,-45],[-76,-28],[-54,13]],[[97763,31800],[-17,8],[11,87]],[[97757,31895],[93,26],[21,45],[38,16],[112,-16],[40,54],[34,-47]],[[97757,31895],[-41,11]],[[97763,31800],[-43,-24],[-5,-32]],[[97404,31450],[-89,-92],[-41,-2]],[[97274,31356],[-108,58],[-41,-33]],[[96979,31471],[-23,33],[-106,63],[-31,58],[-60,16]],[[97274,31356],[-65,-36]],[[97209,31320],[-80,1]],[[97209,31320],[1,-42],[-79,-18]],[[97457,31271],[-46,-35],[-40,7],[-29,-29],[-75,-14]],[[97267,31200],[-48,-2],[-37,22],[-89,-2]],[[97093,31218],[6,13]],[[97267,31200],[12,-60],[-27,-16],[-92,22],[-29,-33],[-57,33],[19,72]],[[97349,30779],[-29,-29],[-69,-4],[6,33],[-124,10],[-26,24]],[[97107,30813],[44,29],[3,92],[-25,32],[-51,7],[-83,-19],[-8,-57]],[[96987,30897],[-104,17],[-6,-50],[-49,-56],[-43,-4],[-52,34],[12,-87],[-117,36],[-15,-61],[-24,-13],[-53,-78],[13,-30],[-21,-76],[42,-6]],[[96387,30264],[27,95],[-83,23],[-25,-69],[6,-57],[-49,-8],[-104,35],[-18,35],[49,77],[0,132],[17,56],[-10,54],[35,89],[36,50],[-6,27],[47,38]],[[96309,30841],[55,61],[18,48],[68,91],[10,50],[70,95],[19,46],[41,22],[-6,35],[49,50]],[[97107,30813],[-110,9],[-29,29],[19,46]],[[97313,30589],[-76,-25],[-40,55],[-72,14],[-93,-62]],[[95690,31053],[23,-29],[77,-16],[87,30],[124,11],[-9,-77]],[[95992,30972],[-9,-59],[-25,-47],[-12,-92],[-156,21],[-40,39],[-18,47],[-68,15],[8,92],[18,65]],[[95085,31133],[54,9],[29,40],[0,49],[45,4]],[[95213,31235],[76,43],[7,29],[70,33],[1,32],[125,-17],[37,20],[37,-31],[65,-9],[-27,-177],[82,-12],[16,-49],[-12,-44]],[[95992,30972],[143,-20],[-4,-31],[74,-11],[67,34],[3,-52],[34,-51]],[[95213,31235],[-80,12],[2,43],[-40,31],[-62,158],[16,117]],[[95049,31596],[31,234],[99,98],[48,83],[54,-27],[-4,-30],[97,40],[93,9],[47,-22],[29,66],[53,61]],[[94402,31185],[172,128],[19,119],[58,1],[135,-25],[65,41],[15,106],[104,41],[79,0]],[[93694,31182],[-6,50],[21,134],[24,-6],[90,161],[15,83],[-27,16],[-96,3],[23,147],[25,101],[4,86],[-77,12],[21,162],[-145,23],[7,56],[-60,8],[8,52]],[[93521,32270],[30,-4],[24,180],[-22,35]],[[93553,32481],[87,27],[236,-38],[7,56],[138,-18],[73,-42],[29,29],[98,-5],[36,84],[49,7],[23,30],[256,-37],[19,-60],[-6,-66],[111,-19],[-8,-57],[69,12],[34,-25],[11,78],[92,-3],[12,60],[45,22],[37,-11],[50,46]],[[96886,33407],[-17,39],[-44,20],[113,62]],[[96517,33485],[11,78],[21,8],[92,-47],[20,155],[-7,17],[19,134],[-16,2],[26,154],[18,-3],[12,115]],[[96712,34587],[-15,98],[71,-59]],[[96768,34626],[93,-16],[47,19]],[[96908,34629],[59,20],[24,-12],[91,39],[19,-21],[95,74]],[[96110,33507],[-85,14]],[[96025,33521],[19,83],[40,-6],[28,46]],[[96112,33644],[42,25],[172,-32],[30,45],[97,-5],[38,122],[40,61],[38,91],[-80,42],[36,251]],[[96525,34244],[18,76]],[[96112,33644],[14,102],[19,59],[-56,54],[29,214],[199,-146],[17,156],[-10,46],[-38,34],[-41,4],[-113,-24],[14,98],[57,54]],[[96203,34295],[172,-27],[74,-26],[37,21],[39,-19]],[[96440,34979],[79,-22],[48,-51]],[[96567,34906],[103,-116],[29,23],[59,-56],[17,-80],[-7,-51]],[[96689,34534],[-126,24],[3,36],[-68,5],[-82,-45]],[[96416,34554],[-40,60],[9,64],[-111,164],[78,39],[17,37],[71,61]],[[96025,33521],[-59,-91],[-42,26],[-8,72],[48,40],[-19,42],[8,55],[-90,14],[8,31],[-193,15]],[[95678,33725],[-126,20],[-44,-4],[-154,51],[-69,31],[-33,-8],[-43,-59],[3,-67],[37,-133],[-18,-101]],[[95231,33455],[-73,-95],[-18,-47],[-46,-47],[-4,-32]],[[95090,33234],[-124,18],[17,51],[-19,70],[-56,-20],[-30,60],[-53,36],[-29,-47],[-116,158]],[[94680,33560],[58,55],[130,43],[43,3],[41,79],[14,91],[27,47],[-67,36],[-3,47],[61,29],[99,142]],[[95083,34132],[42,34],[64,-31],[55,-48],[19,48],[198,-30],[3,20],[82,51],[-32,56],[58,37],[-5,55],[121,-18],[100,-54],[32,69],[-43,6],[8,57],[43,-7],[7,44],[-27,54],[85,42],[44,-27],[87,-7],[83,30],[-25,-74],[42,-56],[-10,-74],[89,-14]],[[94779,34394],[24,-32],[119,25],[60,-17],[35,16],[10,76],[-94,61],[48,37],[97,-14]],[[95078,34546],[90,-29],[166,29]],[[95334,34546],[79,-31],[17,-28],[60,-11],[40,35],[18,112],[-54,98],[107,113],[67,36],[10,56]],[[95678,34926],[64,-11]],[[95742,34915],[78,-107],[18,-52],[111,22],[30,-12],[134,35],[63,6],[23,-45],[-21,-73],[55,-9],[-12,-125],[74,-2],[29,-39],[65,-10],[27,50]],[[95083,34132],[-6,19],[-158,24],[-111,9],[-36,43],[18,33],[-11,134]],[[95090,33234],[-26,-197],[2,-67],[-15,-107]],[[93553,32481],[-48,49],[-33,88],[51,0],[-13,64],[-33,37],[62,17],[-21,47],[-27,194],[23,77],[26,-3],[23,66],[69,-10],[45,330],[-43,21],[-58,-14],[-66,5],[8,112],[65,-36],[144,281],[-50,29],[43,84],[-32,17],[29,96],[46,29],[22,147]],[[93785,34208],[7,54],[111,-17],[-2,-31],[56,-8],[51,39],[13,103],[56,-8],[7,57],[71,-8],[8,59],[101,-15],[13,77]],[[94277,34510],[38,-6]],[[94315,34504],[-14,-122],[7,-76],[-37,5],[-7,-50],[18,-41],[70,-10],[5,-74],[-84,-622],[60,11],[81,-115],[85,67],[49,-37],[36,82],[96,38]],[[95678,33725],[-21,-154],[13,-87],[-20,-145],[-43,-41],[-66,18],[-65,-14],[-81,20],[0,79],[-105,-25],[-59,79]],[[96252,35067],[18,-43],[72,-32],[32,15],[66,-28]],[[95742,34915],[40,-20],[34,29],[47,-33],[76,69],[37,-6],[35,86],[104,-9],[94,33],[43,3]],[[95713,35600],[176,-25],[-6,-45],[95,-97],[52,6],[31,-72],[82,-77],[48,-26],[51,-55],[16,-85],[-6,-57]],[[95678,34926],[-35,12],[8,67],[-36,21],[-86,13]],[[95529,35039],[14,104],[16,-2],[30,200],[93,30],[31,229]],[[95338,35067],[191,-28]],[[95334,34546],[-20,16],[20,123],[-44,36],[48,346]],[[95078,34546],[-14,72],[17,186],[30,51],[-28,22],[13,95],[120,-17],[13,111],[27,14],[82,-13]],[[94779,34394],[-109,16],[-12,-30],[-211,40],[19,125],[-123,21],[-28,-62]],[[94277,34510],[-16,72],[9,70],[-31,5],[14,99],[171,-33],[-10,58],[-59,43],[27,75]],[[94382,34899],[13,97],[21,-3],[26,131],[35,236],[28,-4],[11,94],[-28,8],[8,59],[59,-9],[24,177],[-137,20],[-18,48],[51,360],[-149,75],[-1,53]],[[94325,36241],[32,21],[-11,85],[-57,87],[18,38],[-5,84],[40,36],[20,52],[14,100],[99,35],[17,80],[-50,103],[69,66],[14,83],[-27,120],[32,29],[10,82],[-10,31]],[[94530,37373],[17,16],[66,-15],[21,-46],[50,-35],[81,15],[37,-30],[111,-15],[17,-44]],[[94930,37219],[-30,-49],[31,-57],[-8,-84],[-27,-26],[96,-146],[-33,-53],[9,-64],[-29,-60],[7,-55],[93,-24],[67,-1],[39,-84],[7,-55],[106,-15],[125,106],[22,-17],[90,11],[56,-143],[111,-40]],[[95662,36363],[33,-29],[51,-8],[41,19],[22,-91],[-40,-20],[-42,38],[-69,-44],[-6,-22],[-89,-46],[-10,-126],[86,3],[123,-17],[-18,-116]],[[95744,35904],[-19,-124],[-67,-171],[55,-9]],[[94382,34899],[-66,43],[-97,14],[-23,-59],[-64,-42],[-37,-7],[-128,19]],[[93967,34867],[29,20],[-45,71],[-33,-5],[-49,46],[-34,55],[-17,73],[21,186],[-98,26],[50,383]],[[93791,35722],[36,11]],[[93827,35733],[25,46],[51,20],[66,50],[51,57],[76,4],[8,77],[53,49],[-47,54],[16,83],[-48,30]],[[94078,36203],[-13,44],[30,54],[34,-14],[46,15],[87,-67],[63,6]],[[93785,34208],[-53,-11],[-48,35],[-67,10],[6,45],[-93,24],[-59,-34],[-71,-15]],[[93400,34262],[-28,0],[4,112],[-51,12],[-53,-14],[-24,-31],[-137,19],[-10,26]],[[93101,34386],[-19,47],[93,36],[-68,147],[-73,237]],[[93034,34853],[14,45],[155,69]],[[93203,34967],[46,-78],[243,-31]],[[93492,34858],[148,-17],[122,-23],[-17,-50],[71,-6],[73,30],[53,0],[37,45],[-12,30]],[[92493,34875],[39,-28],[28,43],[178,-30],[44,56]],[[92782,34916],[193,-23],[30,-51],[29,11]],[[93101,34386],[-32,-10],[-79,10],[-50,96],[-35,-47],[-83,42],[-44,-44],[-7,-143],[-28,-69],[71,-74],[-67,-99],[1,-53],[-31,-52],[3,-52],[-107,13],[-29,-114],[-53,-81],[-51,-40],[-64,-18],[43,-174],[-38,-43],[-37,-80],[-21,-181],[-31,3]],[[92332,33176],[-245,34],[10,77],[-44,16],[-52,-107],[-294,38],[7,78],[-100,13],[-14,-28],[-88,10]],[[91512,33307],[4,31],[-57,15],[118,103],[15,134],[45,51],[7,76],[28,77],[-200,273],[117,95],[71,-91],[108,83],[-120,165],[69,56],[-131,176],[219,179],[85,-114],[38,18],[60,-91],[27,-12],[102,79]],[[92117,34610],[26,13],[27,76],[149,-23],[16,146],[114,-16],[11,74],[33,-5]],[[93827,35733],[-18,28],[22,69],[-4,35],[-82,90],[-13,54],[-40,8],[6,45],[-44,22],[7,53],[128,-19],[18,48],[51,11],[48,-20],[60,111],[33,-45],[79,-20]],[[93791,35722],[-49,-28],[-85,-3],[-153,14]],[[93504,35705],[-67,17],[-21,29]],[[93416,35751],[30,28],[17,129],[-26,30],[-174,24],[-28,-42],[-234,17],[-7,-60],[-107,-7],[12,94],[-66,8]],[[92833,35972],[16,40],[-39,42],[17,103],[-44,25],[23,258],[24,198]],[[92830,36638],[8,61],[174,-22],[15,119],[115,-17],[57,46],[96,47],[55,-114],[28,29],[-30,65],[100,21],[147,66],[45,-46],[52,-23],[51,7],[55,-37],[11,63],[42,-7],[8,51],[30,44],[20,87],[-32,99],[-45,21],[14,104],[35,26],[5,38],[-67,94],[-58,7],[1,35],[-61,67],[75,71],[92,54],[48,-63],[126,68],[7,69]],[[94049,37768],[43,8],[13,-55],[57,11],[41,50],[23,-53],[49,-27],[100,-90],[38,21]],[[94413,37633],[59,-116],[15,-63],[-20,-54],[63,-27]],[[92830,36638],[-46,6],[-6,-55],[-77,10],[-24,-30]],[[92677,36569],[-40,4],[-85,-73],[-45,63],[24,69],[-136,18]],[[92395,36650],[35,315],[-35,30],[47,38],[18,154],[57,18],[49,101],[3,84],[-74,73],[-101,0],[-90,116],[-45,5],[-61,86],[-38,2],[-64,98],[-47,50],[-58,5],[-29,25]],[[91962,37850],[-3,39],[-41,68],[38,11],[-38,78],[-53,33],[15,64],[-92,9],[0,49],[-32,44],[-8,85],[-73,146],[-1,158],[26,40],[12,81],[67,60],[-28,25],[137,119],[59,-23]],[[91947,38936],[31,-46],[77,-46],[28,-41],[-11,-35],[26,-102],[24,-47],[37,-2],[-8,-55],[24,-60],[-17,-72],[-33,-35],[81,-54],[68,55],[48,100],[9,67],[50,24],[24,-65],[76,-31],[18,23],[-9,62],[24,43],[54,-28],[21,57],[47,21],[80,-62],[61,8],[32,51],[-24,141],[26,31],[8,64],[58,43],[21,90],[40,48],[79,-9],[20,-331],[132,-49],[29,-47],[69,-9]],[[93267,38638],[26,-63],[85,-4],[58,-24],[106,-128],[-45,-87],[51,-46],[1,-57],[35,-11],[14,-51],[66,-61],[44,-108],[202,67],[85,-36],[-21,-105],[102,-89],[-38,-11],[11,-56]],[[93553,32481],[-169,-54],[-273,40],[-8,-57],[-299,45]],[[92804,32455],[67,492]],[[92871,32947],[21,154],[-74,12],[55,399],[52,0],[24,27],[46,123],[22,-86],[60,-9],[11,81],[75,-17],[12,37],[78,-33],[83,165],[12,88],[42,110],[20,162],[64,-7],[-13,42],[-61,67]],[[92871,32947],[-121,18],[0,88],[-427,55],[9,68]],[[93492,34858],[38,271],[-21,4],[16,108],[-94,-7],[9,78],[-36,5],[21,159],[45,-26],[34,255]],[[93203,34967],[-37,46],[23,52],[-9,120],[45,50],[9,68],[-61,10],[6,37],[46,-7],[25,119],[-24,34],[9,42],[45,55],[-74,11],[107,95],[8,59],[39,-23],[56,16]],[[92782,34916],[106,41],[-25,73],[-67,40],[75,36],[-69,175],[7,60],[-118,15],[-101,25]],[[92590,35381],[38,269],[55,-15],[-25,191],[53,72],[-9,94]],[[92702,35992],[113,-71],[18,51]],[[92493,34875],[9,75],[74,-9],[-25,106],[-51,72],[21,123],[-32,22],[25,66],[59,-8],[17,59]],[[92702,35992],[-19,-29],[-69,-1],[-93,18],[17,90],[22,24],[10,99],[-32,17],[-5,213],[81,-6],[7,73],[80,6],[-24,73]],[[92117,34610],[-88,110],[60,375],[18,152],[30,20],[-2,43],[-38,70],[-33,2],[0,94],[64,115],[-36,23],[52,54],[27,100],[6,116],[70,70]],[[92247,35954],[43,22],[-8,50],[3,130],[71,142],[30,25],[-15,83],[11,46],[-146,18],[-67,199],[71,5],[155,-24]],[[92247,35954],[-17,20],[-94,13],[-15,38],[-61,-21],[-64,18],[-28,44],[-80,30],[33,272],[-86,247],[-19,39],[-126,-11],[-16,20],[-84,-6],[-50,33],[-399,54],[-145,-120],[-170,-85],[-88,-78]],[[90738,36461],[-72,39],[18,35],[-10,89],[8,40],[43,29],[13,44],[-24,77],[11,42],[-44,67],[6,83],[23,69],[35,19],[-23,43],[58,39],[10,30],[-36,118],[26,75],[23,21],[22,108],[68,72],[47,107],[-22,52],[-317,41],[-9,-80],[-116,15],[-11,-95],[-112,16],[21,190],[-159,25]],[[90215,37871],[16,140],[83,8],[63,-31],[24,33],[-18,105],[10,89],[24,47],[-60,52],[5,34],[40,30],[46,125],[23,31]],[[90471,38534],[46,-84],[37,9],[56,-14],[41,-58],[102,-106],[21,-79],[81,-51],[85,-35],[93,-17],[41,18],[159,-8],[59,-48],[76,-24],[41,-55],[28,57],[111,7],[25,-63],[-58,-66],[-13,-92],[12,-28],[63,-34],[25,-36],[101,-52],[119,-26],[92,33],[22,124],[26,44]],[[91512,33307],[-5,-46],[36,-54],[-11,-134],[-268,36],[12,104],[-143,18],[-45,22],[-44,-35],[-84,58],[19,51],[-37,42],[77,113],[148,-19],[-121,162],[-31,4],[21,147],[43,-6],[55,56],[113,-14],[100,141],[-94,141],[-97,-113],[-89,36],[-9,-83],[-185,-147],[-131,176]],[[90742,33963],[-65,89],[116,90],[-34,48],[43,349],[-85,112],[-112,-3],[-1,54],[59,69],[11,34]],[[90674,34805],[31,61],[-15,50],[41,80],[-47,44]],[[90684,35040],[206,5],[-2,97],[96,7],[-18,119],[91,9],[38,39],[-46,49],[4,83],[-58,0],[0,-32],[-142,3]],[[90853,35419],[2,158],[-7,70],[47,20],[13,37],[-19,52],[7,42],[-29,77],[-33,43],[-12,78],[37,8],[57,73]],[[90916,36077],[80,85],[-83,108],[8,75],[-46,62],[6,51],[-85,14],[-58,-11]],[[90684,35040],[47,75],[21,80],[-21,33],[23,37],[96,1],[3,153]],[[90674,34805],[-241,35],[-126,-3],[-40,29],[25,77],[1,53],[-25,83],[6,49],[-18,53],[47,99],[0,77],[85,-11],[11,91],[27,86],[-38,16],[9,71],[28,51],[25,130],[46,83],[7,60],[-54,8],[17,139],[67,17],[71,-26],[103,-14],[23,176],[76,-8],[110,-149]],[[90742,33963],[-88,-70],[-13,18],[-213,-169],[24,-30],[-212,-175],[-130,-34]],[[90110,33503],[-147,23],[41,296],[-143,18],[23,149],[57,-7],[32,299],[-127,15],[8,77],[-94,-4],[-316,41]],[[89444,34410],[13,141],[1,240],[56,-30],[220,-8],[0,21],[51,443],[-70,-1],[12,102],[-63,17],[8,71],[-82,10],[-31,48],[-16,79],[14,118],[24,58],[-43,5],[18,138],[41,24],[73,-77],[64,-8],[10,80],[29,0],[35,49],[13,118],[-18,24],[21,180],[-238,30],[17,145],[102,-12],[17,143],[-84,12],[-95,130],[32,50],[161,124],[-82,116],[-51,-13],[-52,87],[18,135],[-245,31],[-8,-67],[-86,11],[-51,25],[-59,-49],[-53,-18],[-74,-46],[-31,-1],[-32,-48],[-3,-46],[-174,22]],[[88753,37013],[34,313],[187,-23],[35,299],[90,-12],[29,261],[91,-5],[53,-38],[50,0],[49,68],[91,64],[307,-40],[24,37],[240,-32],[182,-34]],[[88697,36702],[20,-2],[36,313]],[[89444,34410],[-38,16],[-504,54],[0,79],[-68,9]],[[88834,34568],[25,192],[2,271],[29,89],[9,252],[-58,7],[12,95],[26,18],[130,-17],[68,504],[52,-8],[11,94],[-37,43],[-53,23],[-100,-5],[-47,18],[-68,55],[7,62],[-183,22],[15,120],[129,-18],[26,212],[-125,16],[-7,89]],[[88834,34568],[-249,23],[-12,-91],[-15,-22],[-19,-150],[102,-33],[-57,-298],[-30,-249],[5,-86],[-17,-141],[22,-1],[14,-125]],[[88578,33395],[-27,-14],[-251,43],[-23,-7],[-198,38],[-243,35]],[[87836,33490],[18,165],[17,-3],[17,154],[-149,18],[11,26],[25,253],[-36,27]],[[87739,34130],[37,278],[33,380],[144,-17],[136,4],[63,460],[-7,1],[24,243],[195,-27],[7,7],[25,230],[19,81],[62,55],[5,33],[-181,20],[-18,37],[-163,18],[39,315],[-11,27],[-353,45],[14,143],[-148,21],[19,152]],[[87680,36636],[189,-25],[14,27],[14,124],[151,-17],[-1,34],[101,-13],[4,28],[115,-12],[-4,-30],[194,-21],[6,62],[193,-25],[-7,-60],[48,-6]],[[87739,34130],[-16,-13],[-216,24],[14,144],[-423,47],[14,146],[-396,32],[-348,41],[-21,-177],[-303,36]],[[86044,34410],[-21,1],[31,256],[70,-8],[26,254],[286,-36],[28,278],[14,194],[-20,26],[14,185],[-150,221],[-271,28],[-109,24],[4,34],[-99,9],[20,149],[-81,10],[7,59],[-330,38]],[[85463,36132],[11,112],[97,-12],[33,292],[69,-10],[17,131],[-25,3],[39,342],[-13,1],[20,152],[43,404],[6,38]],[[85760,37585],[155,-12],[-21,-194],[-18,-42],[-35,3],[-27,-255],[161,-17],[37,78],[51,60],[7,58],[40,37],[31,67],[125,-14],[-13,-120],[7,-37],[307,-46],[45,-13],[42,40],[-2,135],[-59,146],[13,135],[61,24],[-10,-168],[223,-29],[132,-11],[18,171],[19,15],[30,221],[-17,2],[27,238],[271,-34],[-7,-57]],[[87353,37966],[-6,-52],[-114,-1],[-27,-268],[88,-10],[-20,-155],[70,-166],[8,-35],[-36,-331],[-15,-108],[32,-6],[-22,-145],[369,-53]],[[85760,37585],[-37,23],[-61,-6],[-19,49],[-81,46],[-42,6],[-53,-39],[-14,-36],[-67,9],[6,58],[32,-4],[21,193],[-407,52],[15,118],[-171,27],[-167,10],[108,93],[15,31],[53,27],[27,252],[20,113],[-64,-50],[-108,-13],[-42,39],[-52,72],[27,135],[-113,12],[14,150],[-186,20],[32,305],[-62,8],[6,61]],[[84390,39346],[-52,34],[29,286],[50,585],[157,-21],[25,315]],[[84599,40545],[66,73]],[[84665,40618],[84,-52],[72,15],[1,-36],[64,-14],[60,-58],[21,-73],[270,-30],[28,51],[436,-51],[4,39],[347,-41],[16,154],[-62,10],[17,121],[29,32],[126,-16],[14,149],[88,-11],[26,265],[166,-21],[50,1]],[[86522,41052],[107,-12],[-18,-183],[20,-6],[-20,-182],[109,-14],[51,79],[37,22],[150,-17],[-34,-345],[242,-28],[-9,-90],[4,-91],[239,-26]],[[87400,40159],[-4,-89]],[[87396,40070],[-59,6],[-5,-55],[-46,5],[-16,-52],[-49,-1],[-163,18],[-15,-274],[-68,-1],[59,-105],[-30,-286],[107,-27],[-17,-143],[51,-61],[-12,-106],[-88,25],[-92,11],[-19,-87],[-120,-43],[9,93],[-180,20],[23,98],[-103,-11],[-7,-77],[-126,14],[23,-59],[1,-112],[58,-92],[-29,-60],[-65,-36],[-76,11],[-49,-25],[-48,-52],[-83,26],[-43,-87],[-71,-94],[-8,-38],[25,-44],[-56,-164],[-115,17],[6,50],[-98,36],[-31,-15],[21,-141],[-91,-30],[-37,-45],[-56,-4],[-16,49],[55,27],[-53,133],[-39,-40],[-28,-191],[-18,-41],[316,-28],[-26,-252],[-23,2],[-16,-147]],[[85463,36132],[-19,-194],[83,-4],[-35,-320],[85,-11],[-34,-299],[-96,-54],[15,-50],[51,-49],[10,-39],[-12,-106],[-83,8],[-24,-267],[-13,-259]],[[85391,34488],[-124,15],[-20,-189]],[[85247,34314],[-292,32],[-59,11],[-24,-237],[-305,34],[4,57],[60,-6],[22,217],[-199,18],[15,149],[-65,6],[8,90],[-88,19],[34,327],[46,61],[66,639],[-159,17],[4,67],[-140,16],[14,128],[20,41],[-98,21],[-27,29],[-293,33],[8,81],[-19,55],[-6,78],[42,57],[-424,49],[17,188],[23,107],[-291,33],[23,40],[40,351],[29,90],[-18,20],[111,96],[-25,54],[6,91]],[[83307,37473],[77,120],[19,73],[-6,44],[51,20],[32,80],[-20,75],[104,193],[15,18]],[[83579,38096],[50,95],[225,198],[31,-39],[111,206],[36,-94],[257,228],[42,628],[59,28]],[[88994,38838],[39,48],[90,-9],[20,12],[68,-22],[117,12],[18,59],[81,61],[64,-38],[24,37],[97,43],[-5,42],[102,34],[50,56],[58,9],[108,-13],[6,-35],[46,-57],[56,-29],[59,-64],[-6,-44],[63,-76],[38,3],[38,-37],[111,-33],[31,-57],[1,-68],[16,-53],[87,-85]],[[87353,37966],[254,-34],[-25,65],[123,-10],[15,126],[-11,16],[14,135],[19,10],[303,-39],[-35,-329],[8,-12],[178,154],[63,120],[33,27],[71,-4],[13,127],[97,-11],[11,161],[42,-5],[30,25],[80,-8],[-61,150],[88,3],[19,57],[70,5],[39,-57],[100,13],[79,75],[-12,51],[36,61]],[[87396,40070],[-2,-33],[44,-22],[22,-55],[63,-49],[89,-19],[3,-23],[64,-91],[66,-4]],[[87745,39774],[56,-53],[11,-55],[96,-175],[3,-56],[69,-41],[34,-50],[59,-26],[10,55],[36,32],[59,-8],[41,63],[50,-6]],[[88269,39454],[14,-83],[73,-83],[13,-56],[-37,-25],[-20,-56],[-48,-39],[37,-88],[332,-18],[-4,-67],[87,-5],[-4,-70],[282,-26]],[[86001,34346],[-76,13],[-190,18],[-341,41],[-3,70]],[[86044,34410],[-4,-40],[-39,-24]],[[83750,33158],[-349,21],[-275,30],[-233,352],[-206,180],[2,-61],[-246,38],[10,117],[-126,14],[4,43],[-217,26],[-12,-26],[-118,13],[3,28],[-289,28],[-515,58],[30,155],[9,86],[-58,7],[-289,251],[-475,415],[-106,14],[-180,-16],[-13,12],[-350,42],[-99,-2],[-303,38]],[[79349,35021],[10,73],[-47,109],[15,57],[-130,219],[-5,58],[-26,30],[-31,198],[26,75],[138,-15],[1,15],[165,-16],[-1,-17],[295,-31],[29,-8],[11,88],[56,129],[24,35],[18,78],[44,60],[-32,215],[53,487],[36,-5],[13,94],[61,43],[71,5],[81,46],[211,86],[53,58],[77,109],[34,13],[64,62],[297,-27],[-19,-66],[307,-34],[-31,-298],[153,-18],[21,216],[378,-41],[21,232],[271,-28],[43,-18],[105,-10],[11,112],[-64,7],[27,299]],[[82183,37697],[15,167],[58,-6],[209,183],[49,-62],[30,16],[170,-117],[57,-81],[65,-175],[34,2],[175,-19],[139,-184],[59,4],[64,48]],[[85247,34314],[-11,-111],[30,-4],[-33,-299],[-257,32],[-30,-133],[-14,-146],[-137,16],[-26,-194],[-671,86],[-20,-182],[-133,15],[-16,-143],[-166,21],[-13,-114]],[[79349,35021],[-176,28],[-250,25],[-72,94],[-259,29],[-313,-2],[-8,-84],[-142,16],[-19,-162],[-218,27]],[[77892,34992],[0,496],[0,509],[0,572],[-158,0]],[[77734,36569],[49,578],[-29,3],[3,66],[-46,4],[31,316],[-60,126],[-68,-44],[-30,-78],[-89,108],[-172,18],[13,184]],[[77336,37850],[27,350],[47,-14],[235,-20],[35,472],[-135,13],[19,305],[108,-7],[16,303],[-82,6]],[[77606,39258],[3,47],[217,-9],[216,-2],[279,-24],[-7,-81],[216,198],[25,302],[97,-2],[163,-206],[367,-109],[88,26]],[[79270,39398],[184,-233],[50,-50],[133,36],[85,-72],[120,130],[58,-68],[256,258],[-9,76],[81,10],[123,-14]],[[80351,39471],[-32,-84],[-15,-145],[-132,11],[-12,-70],[-4,-161],[25,-53],[-14,-82],[-35,-38],[-24,-60],[-76,-117],[17,-57],[-73,-139],[-93,12],[-43,-51],[-8,-72],[-28,-34],[-5,-90],[451,-42],[9,-43],[-30,-88],[43,-8],[220,-75],[28,-3],[17,193],[489,-44],[11,14],[141,-64],[80,95],[47,20],[41,-14],[52,18],[-34,-409],[107,-12],[25,17],[6,56],[124,-11],[3,31],[257,-24],[-12,-117],[309,-34]],[[74650,36569],[-736,0]],[[73914,36569],[-627,0],[-684,-1]],[[72602,40734],[802,-66],[-3,-12],[-119,-71],[-264,-232],[143,-409],[112,-267],[67,-135],[57,-5],[-25,-309],[-34,4],[-10,-125],[429,25],[36,-129],[64,-130],[122,-20],[65,-68],[131,-108],[57,-276],[331,-31],[105,39],[667,9],[245,3],[212,-17],[499,-50],[5,66],[328,-30],[-32,-491],[744,-49]],[[77734,36569],[-834,0],[-568,0],[-566,0],[-708,0],[-408,0]],[[88374,30381],[-16,16],[30,268],[-158,14],[22,107]],[[88252,30786],[204,-26],[-12,-106],[298,-58],[213,158],[-56,90],[203,147],[55,-42],[119,286],[119,-65],[130,387],[34,176],[146,116],[-102,133],[184,164],[-13,13],[85,76]],[[89859,32235],[76,-94],[25,22],[118,-163],[116,103],[-68,43],[292,252],[9,-1],[166,-226],[195,-235],[-82,-76],[53,-74],[-173,-132],[97,-121],[115,115],[29,17],[68,-25],[-11,-84],[120,-14],[36,56],[148,-19],[-16,-124],[78,-9],[-19,-146]],[[91231,31300],[-16,-52],[39,-28],[-13,-132],[20,-53],[-7,-62],[269,-40]],[[89859,32235],[124,95],[-112,152],[152,122],[-77,103],[-40,-14],[-158,25],[37,302],[-191,18],[21,174],[162,-23],[58,52],[251,-36],[3,85],[168,-22],[20,11],[-167,224]],[[92804,32455],[-22,-162],[-25,3],[-45,-327]],[[92712,31969],[-284,45]],[[92428,32014],[-300,28],[1,8],[-477,61],[-34,-265],[22,-57],[44,-48],[-5,-34],[-337,46],[-19,-156],[110,-17],[-15,-159],[-114,15],[-18,-146],[-55,10]],[[88252,30786],[29,167],[58,-5],[24,192],[-19,2],[18,145],[35,48],[10,62],[-6,192],[14,109],[-92,12],[28,193],[30,-5],[73,563],[202,-10],[34,199],[-26,5],[15,79],[-16,82],[21,215],[39,285],[-140,18],[-5,61]],[[87836,33490],[-284,43],[-14,-7],[-19,-104],[-120,15],[-43,-50],[-227,28],[11,98],[-185,22],[-17,-150],[-176,21],[8,82],[-294,33],[-39,-58],[-531,63],[18,194],[24,65],[14,187],[39,374]],[[85246,30381],[10,122],[-40,2],[-36,35],[4,123],[-62,80],[9,88]],[[85131,30831],[24,223],[43,-5],[15,149],[155,-17],[-24,61],[19,90],[30,293],[175,-23],[24,185],[73,10],[11,34],[-161,18],[21,195],[-40,24],[25,240],[-96,33],[23,217],[33,1],[37,352],[107,-11],[9,87],[-187,22],[17,151],[-120,16],[-28,-118],[-302,29],[5,41],[-70,20],[-313,40],[-33,-290],[140,-18],[-20,-303],[-28,-296],[-172,20],[-16,-137],[58,-8],[-8,-74]],[[84557,32082],[-255,29],[25,214],[-102,12],[17,157],[-318,37],[3,33],[-229,28],[27,82],[15,83],[-36,5],[46,396]],[[84261,31408],[28,156],[12,5],[17,139],[-143,18],[18,159],[25,12],[408,-55],[19,151],[-96,12],[8,77]],[[85131,30831],[-271,31],[-8,-37],[-153,15],[17,165],[37,-7],[41,192],[-287,35],[-15,-124],[-151,19],[20,123],[-128,28],[28,137]],[[84261,31408],[-194,91],[-15,-33],[-121,11],[-53,37],[-104,11],[-53,47],[-185,-140],[-6,-47],[-45,6],[-34,-30],[-18,-158],[157,-85],[-20,-52],[-2,-66],[-26,-52],[43,-40],[-5,-50],[-341,36],[2,20],[-190,21],[4,16],[-187,25],[-14,-134],[-508,54],[-83,-120],[-47,-395]],[[77892,30381],[0,637],[0,866],[1,545],[0,720],[0,659],[-1,480],[0,704]],[[93521,32270],[-84,13],[-15,-108],[-71,10],[-10,-73],[-45,7],[-24,-183],[-102,14],[-16,-173],[193,58],[29,-4],[-15,-124],[-45,-12],[-7,-50],[30,-111],[-40,-96],[14,-43],[-124,19],[-4,-94],[18,-6],[-13,-90],[-23,-45]],[[93034,31258],[3,155],[-10,140],[-38,162],[-152,18],[2,105],[-39,30],[-101,14],[13,87]],[[92197,31013],[-36,46],[173,137],[-56,74],[3,28],[98,32],[-24,101],[30,262],[-19,38],[27,201],[22,-3],[13,85]],[[98893,33801],[-60,34],[-23,34],[4,45],[54,45]],[[98868,33959],[44,-21],[60,13]],[[98972,33951],[15,-22]],[[98987,33929],[86,-29]],[[98987,33929],[51,20]],[[99038,33949],[39,-40]],[[98972,33951],[66,-2]],[[99188,33956],[-22,-35]],[[98868,33959],[-19,70]],[[98849,34029],[5,47],[-48,35]],[[98806,34111],[147,-17],[38,-36],[44,7]],[[99035,34065],[24,-51],[50,-43],[79,-15]],[[98912,34140],[108,-7]],[[99020,34133],[50,-51]],[[99070,34082],[-35,-17]],[[98806,34111],[-12,40]],[[98794,34151],[118,-11]],[[98912,34140],[4,43],[62,24],[49,61],[27,-1]],[[99054,34267],[53,-29],[18,-49]],[[99125,34189],[-3,-5]],[[99122,34184],[-64,-14],[-38,-37]],[[98794,34151],[-8,62]],[[98786,34213],[25,29],[73,-2],[30,49],[91,26],[49,-48]],[[99392,34397],[23,-64],[-17,-30],[-53,-8],[-64,132],[-57,44],[-39,74],[23,73],[-22,75],[96,51],[44,-187],[66,-160]],[[99105,34073],[-35,9]],[[99122,34184],[-21,-52],[27,-34]],[[99152,34030],[36,-74]],[[99124,34564],[42,-29],[11,-54],[53,-52],[-12,-41]],[[99218,34388],[-89,9],[-35,-62],[106,-6],[12,-26]],[[99212,34303],[-51,-37],[-36,-77]],[[98786,34213],[-39,19],[-38,46],[35,52]],[[98744,34330],[108,25],[24,92]],[[98876,34447],[50,-8],[55,-32],[73,11],[37,26],[33,120]],[[99218,34388],[53,-16],[7,-50],[-66,-19]],[[98744,34330],[-49,56],[8,29]],[[98703,34415],[9,88],[31,37],[83,36]],[[98826,34576],[61,-53],[-11,-76]],[[98703,34415],[-77,5],[-57,33],[-88,-69]],[[98340,34364],[-25,-4],[-29,97],[16,97],[52,-15],[32,90],[69,-21],[45,105],[-33,87],[16,114]],[[98483,34914],[124,-34],[-15,-29],[135,-12]],[[98727,34839],[54,-46],[33,-63]],[[98814,34730],[-13,-46],[23,-40]],[[98824,34644],[3,-57]],[[98827,34587],[-1,-11]],[[97843,35571],[97,38]],[[97940,35609],[56,-24],[71,28],[2,-94],[-15,-36],[8,-69],[30,-49],[110,-15],[-14,43],[75,-11],[37,-24]],[[98300,35358],[22,-61],[-8,-65],[-48,-72],[-5,-53],[46,-21],[14,-36]],[[98321,35050],[27,-50],[76,-32],[38,1],[21,-55]],[[98827,34587],[52,9],[85,-25],[26,-26],[64,-13],[28,38],[42,-6]],[[98824,34644],[88,16],[57,-33],[69,16]],[[99038,34643],[115,16]],[[99153,34659],[-28,-47],[-1,-48]],[[98814,34730],[66,-7],[90,52],[86,-50],[-18,-82]],[[98727,34839],[42,99],[77,2],[-6,-45],[62,0]],[[98902,34895],[42,-54],[69,12],[85,-43]],[[99098,34810],[47,-6],[97,19]],[[99242,34823],[-1,-89],[-47,-18],[-41,-57]],[[98615,33893],[9,47],[-23,47],[12,80],[71,44],[27,-39],[68,-33],[70,-10]],[[99129,34934],[-31,-124]],[[98902,34895],[32,63]],[[98934,34958],[136,9],[59,-33]],[[99129,34934],[-1,44],[105,72]],[[99233,35050],[10,8]],[[99243,35058],[1,-49],[46,-23]],[[99290,34986],[26,-77],[-50,-16],[-24,-70]],[[98321,35050],[43,10],[65,77],[-24,43],[23,72],[32,40],[50,-12],[83,-56],[26,-58],[157,0]],[[98776,35166],[69,-44],[27,-62]],[[98872,35060],[5,-44]],[[98877,35016],[57,-58]],[[99078,35033],[70,20],[85,-3]],[[98877,35016],[111,24],[67,-34],[23,27]],[[98872,35060],[19,10]],[[98891,35070],[83,18],[49,-8],[42,22]],[[99065,35102],[13,-69]],[[98891,35070],[6,51],[-61,57],[22,20]],[[98858,35198],[19,-27],[107,7],[68,-16]],[[99052,35162],[13,-60]],[[99216,35176],[4,-5]],[[99220,35171],[-21,-79],[50,-1]],[[99249,35091],[-6,-33]],[[99052,35162],[-7,20],[88,34]],[[99133,35216],[83,-40]],[[99220,35171],[33,-1]],[[99253,35170],[29,-8]],[[99282,35162],[-33,-71]],[[99235,35195],[-19,-19]],[[99133,35216],[20,28]],[[99153,35244],[15,-4]],[[99168,35240],[58,3]],[[99226,35243],[9,-48]],[[98858,35198],[29,18],[61,-9],[40,34],[165,3]],[[98776,35166],[-12,106],[69,82],[-4,64]],[[98829,35418],[-29,34],[59,62],[45,-17]],[[98904,35497],[24,-26],[26,-94],[76,-14],[22,-24],[67,-10],[46,33]],[[99165,35362],[19,-55],[-16,-67]],[[99116,35503],[46,-124]],[[99162,35379],[3,-17]],[[98904,35497],[39,49],[95,-15],[33,16],[45,-44]],[[99098,35690],[58,-19],[-11,-39]],[[99145,35632],[-7,-37],[28,-81],[-50,-11]],[[98829,35418],[-60,8],[-44,29],[-100,25],[-12,67]],[[98613,35547],[8,49]],[[98621,35596],[81,-18],[19,-43],[127,64],[63,50],[41,-3],[38,26],[51,-6],[20,31]],[[99061,35697],[37,-7]],[[98621,35596],[1,74],[59,2],[10,33]],[[98691,35705],[77,-2],[17,57],[89,-18],[35,33],[-4,48]],[[98905,35823],[79,-5],[48,-42],[0,-52],[29,-27]],[[99162,35379],[60,-5]],[[99222,35374],[4,-131]],[[98905,35823],[-48,35],[-12,55]],[[98845,35913],[56,75],[21,81],[49,-29],[105,33],[40,26],[-13,47],[3,74],[21,38]],[[99127,36258],[92,-15]],[[99219,36243],[-51,-227],[-11,-99],[13,-101],[19,-37]],[[99189,35779],[-10,-22]],[[99179,35757],[-69,-13],[-12,-54]],[[99206,35664],[-9,-37],[-52,5]],[[99179,35757],[-2,-43],[29,-50]],[[99233,35647],[-27,17]],[[99189,35779],[66,-1],[-22,-131]],[[98768,35948],[25,12],[52,-47]],[[98691,35705],[-49,45],[3,44]],[[98645,35794],[70,-6],[59,73],[-6,87]],[[98645,35794],[38,44],[19,76]],[[98702,35914],[66,34]],[[97940,35609],[-1,50],[70,84],[18,103],[-59,61],[-2,53],[-44,77],[-92,43]],[[97830,36080],[19,70],[37,6],[11,61],[39,10],[2,54],[-56,22],[15,109],[24,15],[-11,59],[-33,-18],[-58,9],[15,85],[-50,7],[-2,66],[41,7],[8,42],[-61,86],[-185,24]],[[97585,36794],[-1,12]],[[97584,36806],[22,62],[32,-9],[37,55],[47,-20],[1,65],[25,57],[42,-6],[-2,-45],[51,-72]],[[97839,36893],[22,-34],[87,-23],[64,2],[12,30],[125,-22],[-18,-50],[112,60],[35,-50],[-14,-59],[71,5],[1,47],[59,-6],[59,-32],[18,-71],[28,-5],[34,49],[44,8],[39,52],[20,57],[-7,45],[62,33],[8,-34],[44,-38],[29,12]],[[98773,36869],[29,-123],[32,5],[41,-32],[8,-42],[56,-11],[102,-82],[-72,-48],[-128,-14],[-8,-110],[18,-54],[80,1],[18,-43],[52,-49]],[[99001,36267],[-2,-45],[-27,-52],[-59,-18],[-53,-36],[-29,31],[-41,6],[-39,-36],[-6,-47],[-43,-156]],[[98613,35547],[-31,5],[-12,-97],[-83,-96],[-37,-28],[-61,32],[-89,-5]],[[99001,36267],[126,-9]],[[99235,35195],[18,-25]],[[99233,35647],[-21,-181],[18,-30],[-8,-62]],[[99282,35162],[8,-176]],[[99154,36741],[42,-15],[27,23]],[[99223,36749],[40,-53],[75,-30],[38,22],[-64,-152],[-64,-187],[-29,-106]],[[98773,36869],[37,60],[45,-5],[88,59]],[[98943,36983],[13,-34],[75,12],[47,-36],[17,-51],[-21,-35],[31,-27],[-44,-80],[36,-45],[-43,-34],[10,-48],[50,31],[-6,31],[46,74]],[[99154,36741],[0,74],[-22,34],[15,69],[31,27],[15,-130],[30,-66]],[[99523,38206],[-116,-280],[-135,-360],[-49,-151],[-26,-108],[-12,-102],[22,-144],[-21,-71],[-50,-8],[-60,56],[-35,77],[-10,88],[-30,84],[-13,92],[-37,36],[12,70],[63,86],[-1,126],[38,78],[46,61],[31,75],[-21,142],[14,40],[-13,67],[-77,-4],[5,37],[55,68],[70,38],[104,91],[60,67],[60,92],[56,113],[6,110],[-14,38],[-84,144],[-95,73],[106,137],[51,44],[66,38],[29,-4],[-11,-232],[2,-80],[16,-87],[47,-102],[50,-43],[45,-9],[0,-131],[-45,-101],[-99,-251]],[[97830,36080],[-46,-2],[-49,27],[-19,-82],[-43,58],[-70,44],[-15,59],[-35,6],[10,55],[-24,42],[-69,4],[-25,44],[36,61],[28,-4],[59,55],[21,57],[-31,11],[33,60],[16,85],[27,22],[-52,88],[3,24]],[[97769,35627],[-106,92],[10,71],[-196,33],[-63,-2],[-11,-45],[-96,13]],[[97307,35789],[-5,52]],[[97302,35841],[72,-8],[41,65],[9,76],[-21,20],[-25,79],[-7,85],[-82,16],[-45,30],[-2,83],[-33,10],[19,127],[-48,7],[14,42],[-15,47],[-114,16],[10,45],[-37,59],[-185,32]],[[96853,36672],[-3,19]],[[96850,36691],[48,39],[-12,137],[-19,108],[28,52],[57,22],[33,-63],[60,-24],[67,-131],[48,4],[35,34],[67,103],[20,62]],[[97282,37034],[73,-40]],[[97355,36994],[-18,-41],[7,-87],[46,-70],[73,39],[121,-29]],[[97302,35841],[-32,34],[-10,47],[-172,17]],[[97088,35939],[35,87],[-63,105],[-92,19],[-6,-64],[-41,21]],[[96921,36107],[12,88],[-45,39],[-52,75],[-24,0]],[[96812,36309],[-14,9],[20,105],[-21,41],[53,26],[-19,30],[22,152]],[[96733,35927],[18,141],[-14,87]],[[96737,36155],[16,13],[73,-100],[31,49]],[[96857,36117],[64,-10]],[[97088,35939],[-5,-58],[-42,7],[-31,-30],[-119,22],[-38,30],[-120,17]],[[97307,35789],[43,-50],[-71,-69],[-58,21],[-73,0]],[[97148,35691],[-82,4],[-100,-23],[-3,-24],[-105,-20],[-12,44],[-43,4],[-42,33],[-105,6],[9,42],[-58,8],[-8,88]],[[96599,35853],[35,-5],[11,92],[88,-13]],[[95744,35904],[73,-11],[6,47],[75,2],[190,-37],[6,40],[62,-9],[57,-31],[96,-27],[128,53],[6,39],[105,-16],[-16,-91],[67,-10]],[[97148,35691],[-30,-5],[27,-117],[52,-8],[32,-53],[72,19],[-4,-103],[-33,-71],[26,-23],[-31,-66],[-53,-23],[-99,10],[-51,-16],[-32,-66],[-16,-79],[-43,-1],[-49,41],[-30,-22],[-5,-123],[-35,-49],[-156,26],[-103,-31],[-20,-25]],[[96857,36117],[-20,29],[7,52],[-43,26],[11,85]],[[96435,36859],[34,4],[93,-23],[69,9],[59,-75],[-8,-31],[60,-12],[80,-43],[28,3]],[[96737,36155],[-29,15],[6,160],[-46,75],[-123,20],[4,29],[-36,42],[-54,22],[-36,-13],[-11,-88],[-67,54],[12,87]],[[96357,36558],[42,88],[14,78],[-30,57]],[[96383,36781],[35,-33],[17,111]],[[95662,36363],[63,12],[-8,99],[56,-16],[257,-37],[37,5],[55,112],[34,11]],[[96156,36549],[41,-7],[160,16]],[[96908,34629],[18,45],[41,-6],[33,109],[-10,92],[130,60],[119,-28],[11,40],[105,25],[44,-8]],[[97355,36994],[53,47],[44,3],[11,80],[50,-22],[41,156],[87,69],[62,27],[-15,61],[8,52],[-33,25],[-29,62],[31,12],[97,-19],[6,80],[-23,44],[23,63]],[[97768,37734],[44,43],[51,18]],[[97863,37795],[93,-1],[64,-22],[-27,-107],[87,-33],[90,55],[50,-13],[-11,-38],[-44,-24],[-51,-56],[49,-20],[-5,-57],[-55,2],[-87,-41],[-21,-88],[13,-22],[-21,-131],[72,-15],[-12,-79],[-56,-8],[-32,-67],[-34,-29],[18,-32],[-38,-26],[-58,10],[-8,-60]],[[97444,37979],[29,-32],[108,-17],[5,-60],[51,-60],[34,15],[63,-31],[34,-60]],[[97282,37034],[-4,70],[-23,46],[58,22],[-8,75],[25,34],[-234,34],[-8,-61],[-38,6],[-30,60],[21,76],[55,52],[-47,88],[-49,14],[-37,86],[16,55],[-11,42],[-65,64],[42,131],[21,18],[67,-47],[21,17]],[[97054,37916],[18,-28],[66,5],[55,120],[46,34],[53,-28],[39,41],[42,-30],[47,-67],[24,16]],[[96106,37810],[-39,94],[56,96]],[[96123,38000],[108,0],[55,-65],[59,-40],[15,-29],[121,-44],[16,105],[-26,84],[10,23],[124,6],[57,-8],[1,42],[120,-25],[68,17],[77,-43],[22,44],[52,-8],[7,-39],[37,-30],[8,-74]],[[96435,36859],[-33,60],[-23,1],[-64,55],[-6,41],[-33,54],[-23,85],[23,48],[-12,68],[11,58],[-47,68],[52,41],[12,62],[-30,45],[45,44],[-42,83],[-51,37],[-24,46],[-50,8],[-34,47]],[[96156,36549],[-31,82],[37,75],[6,52],[-41,6],[-31,52],[15,93],[79,-48],[88,-22],[41,8],[31,-58],[33,-8]],[[94930,37219],[69,-9],[104,-43],[-22,-60],[121,9],[-10,71],[86,13],[18,-49],[63,14],[23,83],[-10,29],[35,39],[0,152],[27,85],[87,15],[31,-29],[73,-7],[9,64],[103,29],[55,1],[33,-25],[56,2],[16,-37],[80,48],[-27,26],[-2,55],[65,33],[38,-22],[41,22],[14,82]],[[94413,37633],[9,39],[52,62],[-16,84],[33,38],[4,85],[37,11],[19,47],[-9,43],[76,179],[38,44],[87,25],[2,65]],[[94745,38355],[37,-18],[83,12],[71,70],[123,-45],[27,114],[57,-16],[95,3],[82,29],[10,63],[234,-36],[9,-74],[46,-36],[317,-50],[-8,-44],[-73,-79],[60,-47],[39,17],[25,-33],[48,-4],[15,-49],[56,1]],[[96098,38133],[9,-109],[16,-24]],[[94745,38355],[35,36],[-39,38],[-14,70],[0,112],[9,40],[-20,57],[28,73],[1,49],[39,107],[31,25],[9,71],[-30,143]],[[94794,39176],[44,41],[45,5],[33,33],[94,-21],[39,12],[218,-54],[32,4],[20,92],[47,55],[-23,41],[-53,-1],[-86,57],[12,99],[33,-13],[64,20],[155,-54],[-1,100]],[[95467,39592],[-8,44],[34,76]],[[95493,39712],[18,59],[0,69],[21,31],[69,0],[2,-38],[47,-52],[31,-6],[45,-69],[40,39],[55,-48],[-26,-70],[-2,-51],[28,-25],[92,41],[13,-15],[-17,-101],[32,-138],[33,-19],[64,10],[54,27],[34,-10],[56,81],[58,-11],[7,38],[40,11],[53,65],[13,48]],[[96353,39578],[28,-9],[32,-108],[66,-50],[-17,-88],[-32,-19],[23,-47]],[[96453,39257],[-26,-20],[14,-80],[-60,-27],[-10,-35],[-93,-19],[-4,-71],[44,-65],[70,-8],[97,36],[54,-105],[-16,-111],[-65,-16],[1,-75],[44,-58],[-11,-150],[-79,-76],[-70,13],[-6,-33],[-74,-35],[6,-37],[-23,-91],[-55,5],[-85,-24],[-8,-42]],[[97863,37795],[48,73],[53,21],[41,71],[129,-70],[43,24]],[[98177,37914],[-6,-45],[72,-38]],[[98243,37831],[55,31],[70,6]],[[98368,37868],[65,-122],[90,82],[78,56]],[[98601,37884],[21,-38],[-20,-105],[79,-19],[77,28],[39,-23],[17,-46]],[[98814,37681],[12,-36]],[[98826,37645],[-30,-58],[30,-28],[-16,-73]],[[98810,37486],[24,-22],[-1,-107],[26,-8],[27,-120],[-25,-28],[52,-44],[-6,-61],[30,-6]],[[98937,37090],[70,-56],[-9,-48],[-55,-3]],[[98601,37884],[-12,20],[-105,18],[5,34],[-43,93],[10,71]],[[98456,38120],[113,-47],[72,-4],[65,12],[39,31],[11,-57],[33,-15],[90,0],[-3,-64],[28,-104],[-3,-73],[-35,-70],[-52,-48]],[[98826,37645],[41,39],[40,5],[26,44],[35,-24],[-95,-107],[16,-64],[-12,-32],[-67,-20]],[[98898,37539],[-12,42],[42,48],[43,-26],[-19,-40],[-54,-24]],[[98177,37914],[17,85],[38,7],[-17,107],[37,88]],[[98252,38201],[38,48],[80,-4],[86,-125]],[[98368,37868],[0,50],[-34,34],[-57,-8],[-34,-42],[0,-71]],[[97444,37979],[73,76],[-6,169],[62,37],[13,72],[-92,56],[-33,73],[-6,51],[19,40]],[[97474,38553],[24,-4],[61,-77],[38,-6],[85,31],[32,-1],[2,83],[40,45],[48,-83],[385,-59],[3,-7]],[[98192,38475],[58,-5],[24,-57],[45,-49],[83,-54],[-32,-45],[-65,14],[-62,-38],[9,-40]],[[97474,38553],[-42,172],[-56,66],[-67,17],[-31,62],[-66,81],[-18,55]],[[97194,39006],[33,-4],[25,51],[61,21],[44,-19],[107,19],[28,94],[47,13],[33,70],[59,27],[-8,60]],[[97623,39338],[66,-41],[38,-46],[86,-60],[96,-34],[42,20],[64,-56],[14,-35],[60,-56],[49,-115],[16,-129],[-11,-69],[10,-54],[86,-165],[-47,-23]],[[97270,39281],[6,50],[-62,34],[47,59],[5,41],[-35,23],[53,133],[83,-23]],[[97367,39598],[25,18],[68,-114],[33,-37]],[[97493,39465],[-35,-119],[-127,-74],[-61,9]],[[96453,39257],[74,-37],[42,21],[91,-30],[57,40],[77,-84],[43,-74]],[[96837,39093],[94,19],[39,-43],[50,-6],[62,37],[11,46],[58,16],[15,63],[53,10]],[[97219,39235],[9,-46],[-44,-20],[-3,-98],[-31,-60],[44,-5]],[[97219,39235],[-2,55],[53,-9]],[[97493,39465],[65,-83],[65,-44]],[[96837,39093],[10,74],[-7,57],[22,48],[-63,100],[68,45],[63,17],[-13,38],[17,75],[-69,72],[7,66],[-55,17]],[[96817,39702],[-14,56],[53,78],[16,145],[99,-14],[4,-72],[66,2],[47,42],[18,137],[76,-26],[13,98]],[[97195,40148],[62,-235],[43,-131],[62,-128],[5,-56]],[[96353,39578],[-18,59],[-50,63],[6,47]],[[96291,39747],[118,-25],[77,-3],[34,-127],[154,-23],[39,61],[47,47],[57,25]],[[96291,39747],[-5,109],[-29,24],[61,120]],[[96318,40000],[50,20],[36,-31],[48,18],[25,50],[67,-1],[76,40],[-30,23],[-13,67],[72,167],[87,10],[11,27],[-27,67]],[[96720,40457],[9,44],[-29,40],[-11,65],[-86,62],[-4,59],[63,2],[48,-23],[93,-84],[75,19],[-1,-81],[35,-130],[76,-90],[91,-18],[103,-125],[13,-49]],[[96318,40000],[-21,21],[1,57],[-67,32],[2,50],[-46,89],[34,66],[44,-29],[38,13],[-4,83],[53,95],[-50,48]],[[96302,40525],[25,59],[-33,111],[53,0],[135,-71],[-64,-23],[35,-49],[-4,-53],[53,3],[7,67],[95,25],[45,-54],[71,-46],[0,-37]],[[95493,39712],[-31,23],[-46,107],[-46,-30],[-61,6],[-52,80],[-30,21],[-88,18],[-11,31],[6,85],[20,40],[-23,24],[38,42],[6,105],[19,44],[-59,74],[-100,18],[-12,62],[7,67],[-28,33],[-11,66]],[[94991,40628],[7,82],[-31,80]],[[94967,40790],[81,8],[77,-36],[48,14],[28,-30],[59,0]],[[95260,40746],[88,-10],[64,-20],[28,15],[55,-28],[113,40],[68,-23],[2,117]],[[95678,40837],[24,55],[-26,76],[14,29],[97,13],[31,-25],[75,67]],[[95893,41052],[37,11],[71,-40],[17,-41],[69,-9],[26,-97],[38,-61],[85,-61],[40,-45],[14,-77],[-17,-43],[29,-64]],[[96041,41282],[11,-92],[-59,-53],[-35,2],[-55,-37],[-51,56],[-117,223],[-130,84],[-25,104],[-35,35],[-33,78],[-7,72],[36,9],[15,50],[73,6],[72,-81],[39,-4],[62,-40],[73,-1],[63,35],[0,-77],[-18,-73],[1,-89],[52,-111],[30,1],[38,-97]],[[96097,41148],[84,-77],[37,-108],[-49,-20],[-10,102],[-43,0],[-19,103]],[[95678,40837],[-28,75],[-40,-8],[-37,38],[54,29],[3,31],[-109,67],[104,98],[2,58],[-51,78],[34,89],[60,20]],[[95670,41412],[68,-53],[22,-46],[-17,-32],[40,-27],[21,-50],[23,-139],[66,-13]],[[95260,40746],[12,76],[-16,39],[10,74],[-14,45],[22,160],[102,-18],[39,59],[-48,87],[-48,65],[-23,53],[-66,1]],[[95230,41387],[-21,-16]],[[95209,41371],[19,125],[50,-13],[13,73]],[[95291,41556],[31,6],[83,60],[165,-56],[30,-110],[70,-44]],[[94822,41027],[77,-10],[17,74],[42,37],[47,13],[35,42]],[[95040,41183],[57,-10],[25,45],[68,77],[-7,48],[47,44]],[[94967,40790],[-52,43],[-39,11],[-61,152],[7,31]],[[94822,41027],[-83,20],[-38,-53],[-71,8]],[[94630,41002],[27,197],[-3,59],[18,50],[-118,53],[36,112],[45,1]],[[94635,41474],[33,-6],[15,112],[50,-16],[10,70],[151,-23],[-9,69]],[[94885,41680],[78,39],[41,-17],[35,29]],[[95039,41731],[84,-30],[31,1]],[[95154,41702],[98,-63],[58,-12],[-19,-71]],[[95209,41371],[-70,16],[-54,-25],[-74,74],[-20,-63],[-38,-12],[-9,-63],[34,-26],[12,-73],[50,-16]],[[94799,41879],[-108,-87],[-38,61],[-69,12],[-60,44],[31,43],[75,54]],[[94630,42006],[60,-66],[61,11],[48,-72]],[[95417,42337],[-7,45],[63,49],[17,-66],[-73,-28]],[[94625,42255],[16,20],[24,100]],[[94665,42375],[23,13],[62,-15],[25,-87],[102,-42]],[[94877,42244],[-20,-97],[-24,-28],[8,-80],[43,-17],[18,31],[70,-10],[50,-68],[78,-13],[36,-26],[-6,-40],[-51,-17],[-28,-41],[-12,-107]],[[94885,41680],[-2,64],[-20,59],[-42,29],[-22,47]],[[94630,42006],[1,32],[40,59],[37,28],[-49,40]],[[94659,42165],[-34,90]],[[94034,39066],[-109,13]],[[93925,39079],[-36,37],[11,83],[-24,73],[17,131],[63,49],[-27,74],[-50,95],[-33,1],[-11,228],[-159,42],[-117,18],[-36,-41],[-86,2],[1,-35],[60,-43],[-32,-69],[15,-30],[-26,-43],[-40,1],[-2,-49],[-28,-42],[-107,14],[-72,98],[-49,16],[-35,-22],[-47,16],[12,109],[-185,78],[-147,91],[-44,-80],[-87,-122],[-82,17],[-4,-78],[-45,-11],[-83,-52],[-84,11],[-62,45],[-54,-102],[-95,10],[-18,-104],[-41,-70],[-35,-97],[3,-120],[-25,-67],[-43,-59],[-29,-10],[17,-65],[3,-71]],[[88269,39454],[121,-55],[77,-61],[50,-57],[157,-37],[-16,-91],[79,-2],[76,-47],[39,-41],[251,-29],[-41,66],[60,80],[130,-66],[63,-39],[122,93],[22,37],[69,55],[52,2],[77,29],[62,-34],[31,-53],[48,33],[33,116],[-151,34],[19,49],[41,37],[48,6],[64,-20],[63,3],[16,-45],[-16,-87],[-24,-59],[63,-16],[76,56],[-11,116],[19,25],[-3,89],[78,-11],[35,-60],[14,104],[74,33],[82,-13],[-53,-88],[61,-29],[7,72],[52,-10],[11,-32],[-20,-61],[-35,-27],[-32,-66],[35,-59],[29,-1],[49,54],[5,77],[73,67],[32,71],[72,-9],[0,-25],[77,-104],[49,38],[41,-22],[71,1],[83,61],[38,49],[52,-15],[-12,-38],[48,-52],[57,58],[-12,38],[9,74],[54,10],[10,83],[47,-6],[50,21],[6,112],[27,132],[29,40],[-14,38],[19,42],[-82,133],[-2,71],[25,41],[-121,17],[56,66],[6,52],[-41,33],[18,44],[-36,68],[12,77],[-51,43],[12,45],[-45,44],[2,59],[48,47],[-4,47],[17,90],[-4,62],[-140,17],[-47,-68],[-120,-69],[-60,2],[-50,-44],[-74,-19],[-26,-70],[-70,-53],[-112,36],[-103,13],[-38,118],[-77,1],[-296,40]],[[89930,41031],[34,53],[-8,76],[39,74],[50,67],[5,85],[24,27],[36,-56],[66,-25],[24,23],[-16,45],[73,16],[46,-55],[105,114],[212,-32],[72,3],[24,60],[9,83],[40,12],[188,174],[-114,86]],[[90839,41861],[64,15],[89,-29],[58,3],[39,58],[29,9],[86,-11]],[[91204,41906],[40,-128],[-88,-74],[5,-93],[77,-6],[75,28]],[[91313,41633],[114,-14],[-50,-110],[106,-1],[136,29],[284,3],[-38,110],[-29,183],[13,73],[-41,16],[80,60],[-138,19]],[[91750,42001],[15,19],[-2,75],[-38,51],[18,51],[43,37],[60,-36],[23,43],[31,2],[4,53],[36,45],[31,3],[38,58],[-2,33],[-57,53],[11,67],[81,22],[25,41],[127,11],[24,-13],[136,32],[47,91],[9,42],[94,55],[-2,31],[74,130],[71,0],[57,-38],[24,-42],[12,-94],[-18,-54],[55,-93],[77,-50],[10,-54],[-18,-60],[38,-23],[201,63],[35,40],[63,-16],[83,44],[20,71],[84,24],[84,68],[91,-14],[53,-39],[74,-24],[96,173],[-47,62],[-36,5],[16,127],[49,-17],[10,88],[-39,65],[-44,28],[-20,62],[86,-11],[10,37],[52,25],[82,74],[-45,21]],[[93842,43445],[-63,160],[-14,108],[-32,48],[-20,84],[-18,21],[-88,227],[8,144],[25,45],[21,91],[36,74],[72,64],[35,-8],[19,37],[81,-48],[11,-63],[39,-103],[73,-56],[11,-93],[61,-42],[-26,-72],[78,-61],[135,-33],[62,-73],[122,-82],[77,-85],[98,-32],[75,-48],[84,-7],[-44,86],[-19,95],[-41,55],[12,93],[-12,49],[12,63],[46,71],[35,-27],[71,-5],[35,-32],[-15,-72],[36,-66],[20,27],[-33,66],[52,10],[13,-101],[28,-54],[77,-13],[20,-47],[-51,-41],[-5,-53],[-49,15],[-23,30],[-51,9],[31,-93],[31,-42],[51,-6],[6,-116],[34,-8],[3,69],[31,64],[-15,59],[41,-6],[18,-50],[-23,-131],[11,-66],[42,-5],[-1,-47],[47,-27],[-41,-184]],[[95184,43211],[-153,59],[-9,-27],[-159,33],[-16,-147],[-15,-61],[-31,6],[-20,-42],[27,-77],[-69,-5],[21,-65],[-10,-79],[-42,6],[-11,-84],[-24,4],[-10,-73],[34,-5],[-19,-121],[-34,6]],[[94644,42539],[-43,20],[-45,-40],[-10,-81],[89,-13]],[[94635,42425],[30,-50]],[[94625,42255],[-53,6],[-36,33],[-31,-56],[20,-81],[47,-108],[25,53],[62,63]],[[94635,41474],[-82,48],[-29,-17],[-67,20],[-68,-80],[0,-45],[-91,45],[-46,-10],[-46,-76],[9,-76],[38,-30],[9,-40],[51,-53],[0,-91],[48,12],[53,-54],[27,-8],[45,46],[64,-17],[37,-59],[43,13]],[[94991,40628],[-38,-17],[-79,49],[-98,-22],[23,-83],[-96,23],[-6,-46],[-44,-11],[-12,-158],[17,-135],[-10,-49],[-61,-17],[33,-59],[-50,-43],[-49,-12],[-43,107],[-51,26],[-100,141],[-73,-51],[-27,24],[-86,-46],[22,-94],[-39,-110],[98,-15],[-1,-69],[76,-10],[-7,-63],[56,-61],[-29,-69],[56,-65],[-19,-18],[-4,-85],[-34,-1],[30,-93],[44,6],[42,-99],[-41,-3],[21,-53],[-23,-49],[-78,-70],[-52,-61],[-137,51],[8,-85],[-18,-35],[-74,11],[-4,-43]],[[95108,42212],[50,-29],[-40,-56]],[[95118,42127],[39,-46],[0,-68],[40,-126],[99,-133],[-37,-54],[-80,12],[-25,-10]],[[94877,42244],[41,17],[6,45],[51,-7],[38,-39],[78,-23],[17,-25]],[[92753,40219],[78,36],[6,35],[46,61],[7,214],[-4,79],[11,40],[-27,25],[-169,-281],[8,-42],[-48,-43],[-45,-71],[57,-82],[80,29]],[[93340,41135],[-3,74],[41,35],[-46,58],[0,42],[30,49],[-39,71],[-13,79],[-34,112],[-40,-15],[-64,2],[-37,66],[-45,-17],[-17,-50],[-138,18],[-9,-75],[36,-5],[-10,-93],[126,-17],[-32,-249],[97,-46],[-24,-175],[130,-26],[-3,-31],[192,-24],[-16,57],[-47,17],[-37,94],[2,49]],[[94263,42471],[142,-28],[69,16],[-48,80],[-149,31],[-14,-99]],[[88822,41228],[-6,106],[8,161],[32,22],[-11,41],[39,49],[87,56]],[[88971,41663],[34,21],[-8,43],[56,64],[91,71],[19,58],[32,-14],[59,25],[178,30],[284,-36],[69,-25],[-5,-44],[72,-10]],[[89852,41846],[353,-45],[-4,-50]],[[90201,41751],[-14,-100],[-58,-21],[-48,-138],[-18,0],[-146,-119],[20,-28],[-50,-52],[-11,43],[-78,110],[-39,-30],[-84,95],[65,55],[-28,39],[-87,-29],[-113,-5],[18,-54],[72,-82],[-4,-32],[-103,14],[-9,-121],[-18,-86],[-46,-27],[-76,43],[-27,-34],[-430,59],[-67,-23]],[[93516,44456],[18,47],[-4,58],[21,105],[41,-22],[31,-102],[-6,-159],[-29,-54],[-61,13],[17,33],[-28,81]],[[93785,44588],[11,-26],[-79,-84],[-54,-27],[-21,41],[29,36],[114,60]],[[94503,44199],[23,55],[-7,32],[45,51],[13,-65],[-56,-26],[-18,-47]],[[94592,44217],[35,44],[-38,89],[34,30],[53,-38],[9,-67],[53,-70],[-25,-49],[-101,-70],[-13,29],[18,50],[-25,52]],[[95169,42275],[-3,-35],[-58,-28]],[[94635,42425],[9,114]],[[95184,43211],[4,-52],[-22,-54],[-16,-105],[5,-138],[-24,-39],[-16,-217],[-29,-77],[-2,-64],[42,-60],[31,6],[12,-136]],[[93564,43790],[59,-33],[9,-26],[63,-37],[94,-197],[53,-52]],[[91750,42001],[-63,-38],[-82,55],[-2,-40],[-51,-14],[-19,63],[-57,-33],[12,-48],[-54,-38],[-4,-89],[-42,-55],[-36,-6],[0,-64],[-39,-61]],[[91204,41906],[36,57],[-36,67],[-84,34],[17,85]],[[91137,42149],[124,114],[-30,24],[104,151],[-80,65],[-30,3],[45,92],[21,141],[-23,27]],[[91268,42766],[30,-11],[50,44],[48,82],[6,127],[46,38],[261,-36],[5,48],[-76,77],[19,27],[106,-7],[-13,84],[94,17],[39,-30],[36,72],[31,32],[36,-1],[21,-43],[37,-13],[89,-133],[240,-30],[28,24],[-36,44],[43,55],[-35,54],[-43,24],[-28,66],[-98,45],[-6,45],[-82,4],[-22,49],[-49,6],[-57,43],[-11,55],[-65,45],[45,178],[-24,-1],[-25,56]],[[91908,43902],[-1,43],[74,46],[6,65],[-55,17],[-27,47],[18,68],[-27,27],[-13,88],[-27,40],[3,64],[-61,87],[3,44],[-55,104],[-53,69],[34,109],[27,34],[-16,141],[56,46],[-19,51],[286,-37],[-6,-59],[12,-57],[81,34],[35,-27],[25,31]],[[92208,44977],[29,-3],[5,-73],[-54,8],[-20,-176],[56,-35],[33,-77],[-2,-32],[53,-73],[-13,-57],[-45,-64],[41,-57],[79,-14],[30,-41],[0,-58],[62,-86],[-8,-76],[30,1],[28,-133],[4,-78],[69,-24],[65,2],[38,-32],[-28,-34],[-13,-70],[15,-139],[20,-20]],[[92682,43536],[-20,-88],[24,-55],[73,-33],[5,-58],[24,-23],[-38,-73],[14,-110],[31,-17],[134,22],[45,47],[151,-21],[9,72],[44,53],[234,-36],[56,29],[61,13],[44,37],[-23,38],[6,110],[25,-3],[22,85],[24,-3],[4,97],[-66,18],[-59,36],[11,87],[47,30]],[[92682,43536],[63,-64],[61,32],[8,70],[51,-48],[77,13],[69,47],[87,-12],[20,23],[-8,87],[39,48],[12,41],[39,21],[123,112]],[[93323,43906],[34,33],[23,83],[47,-4],[70,-74],[34,-99],[33,-55]],[[92673,44774],[57,2],[22,-149],[-37,-6],[-57,-37],[-7,-67],[47,-12],[52,15],[1,40],[76,49],[55,-59],[69,5]],[[92951,44555],[22,-39],[7,-88],[27,-96],[49,-64],[-6,-42],[48,-31],[49,-69],[11,-52],[59,16],[38,-19],[31,18],[59,-55],[-30,-23],[-6,-86],[14,-19]],[[92208,44977],[17,96],[-20,34],[7,61],[-43,81],[32,80]],[[92201,45329],[24,7],[64,-53],[75,24],[14,-55],[52,6]],[[92430,45258],[2,-70],[58,-40],[24,-74],[-43,-47],[7,-29],[83,-83],[61,-28],[6,-58],[35,-11],[10,-44]],[[94197,45473],[0,96],[74,-37],[21,-37],[-47,-31],[-48,9]],[[94392,45355],[-21,-63],[-62,12],[83,51]],[[90812,42653],[19,48],[47,0],[25,-45],[-91,-3]],[[95169,42275],[31,13],[22,-68],[-8,-43],[-55,-65],[-41,15]],[[94694,39158],[10,-47],[-80,-39],[-8,-24],[-128,-59],[-1,-24],[-95,33],[-19,-25],[-137,-29],[-41,-46],[-55,-19],[-4,-31],[-68,18],[12,39],[-40,111],[-6,50]],[[95467,39592],[-94,21],[-10,83],[-66,30],[-89,-61],[-70,-7],[-95,38],[1,45],[-76,30],[-3,32],[-65,18],[-89,-8],[-15,-18],[-76,-5],[-58,-111],[-42,-22],[-7,-66],[-41,-77],[5,-43],[34,-37],[-67,-71],[-40,0],[-17,-44],[26,-116],[110,-76],[71,31]],[[94794,39176],[-46,7],[-54,-25]],[[93925,39079],[-23,-146],[-57,-54],[-77,11],[-3,28],[-155,-60],[-63,-13],[-28,-28],[-235,30],[-9,-46],[32,-82],[-40,-81]],[[89930,41031],[-42,-15],[18,-95],[-41,-5],[-26,61],[-41,-33],[8,-38],[-51,-32],[5,-59],[43,-80],[44,5],[13,-53],[-36,-15],[-25,-61],[16,-78],[-35,-42],[16,-58],[3,-81],[-50,-42],[-59,-10],[-12,-33],[-48,-23],[-38,-71],[-66,-10],[-51,15],[-62,-51],[-27,-60],[-82,20],[-45,-13],[5,-56],[-78,-10],[-16,20],[-69,-48],[-108,36],[-31,-23],[-64,35],[-108,-57],[-106,22],[-54,-46],[-36,-6],[-78,49],[-55,-41],[-56,4],[-38,47],[-19,83]],[[88348,40083],[-4,78],[45,97],[7,76],[57,17],[68,43],[39,46],[41,1],[65,51],[55,15],[73,0],[-16,53],[22,50],[-5,60],[-26,106],[61,32],[66,75],[-4,85],[-19,62],[16,45],[-13,47],[-53,29],[-1,77]],[[90201,41751],[186,69],[25,36],[47,4]],[[90459,41860],[72,-17],[106,11],[71,-41],[131,48]],[[88971,41663],[-18,115],[-24,64],[9,111],[38,68],[-219,24],[-6,27],[-148,40],[8,56],[-178,33],[-68,7],[-12,-113],[-138,22],[36,60],[16,114],[-54,110],[-69,27],[-45,56],[-17,216],[-47,77],[-89,46],[-69,84],[-30,79],[-62,4],[-55,-18],[-36,26],[-23,78],[-34,56],[3,40],[35,49],[-259,28]],[[87416,43249],[40,429],[27,-3],[22,102],[-41,23],[-72,-64],[-72,39],[-63,14],[-74,-31],[11,94],[-285,33]],[[86909,43885],[-9,2],[23,203],[-123,18],[33,231],[-11,84],[17,129],[-75,38]],[[86764,44590],[14,168],[48,-7],[9,61],[228,-22],[18,204],[-164,16],[15,180],[-102,10],[26,410],[17,206]],[[86873,45816],[68,-9],[33,29],[345,-37],[-10,-107],[97,-192],[90,-10],[65,-25],[15,234],[290,-33],[-9,-55],[184,-56],[137,-14],[2,142],[62,98],[-7,30],[67,89]],[[88302,45900],[48,-91],[49,1],[73,-21],[56,1],[166,-55],[59,-46],[33,-115],[65,-91],[57,31],[115,13],[59,-16],[75,-53],[89,-14],[84,32],[38,43],[57,21],[77,4],[41,49],[4,37],[41,8],[16,52]],[[89604,45690],[118,-23],[264,-29],[-1,-11]],[[89985,45627],[-18,-158],[25,-3],[-29,-188],[-375,50],[-44,-380],[-67,9],[-25,-224],[28,-55],[-19,-64],[77,-45],[77,1],[69,-24],[73,-48],[97,-8],[81,-73],[72,-25],[1,-44],[71,-49],[41,-112],[54,5],[18,30],[-8,91],[13,34],[47,20],[171,-18],[15,215],[45,-6]],[[90475,44558],[116,-5],[63,62],[18,-18]],[[90672,44597],[-30,-289],[25,-3],[-12,-106],[98,-11],[-11,-124],[-253,34],[-23,-96],[-54,-68],[-23,-69],[-51,-11],[-36,-40],[-42,-14],[-47,-58],[-75,-68],[43,-23],[41,-122],[35,-72]],[[90257,43457],[-34,-46],[0,-35],[-114,-51],[-38,-63],[-111,-74],[-42,4],[-47,-36],[-67,-112],[-94,-64],[-14,-63],[50,-53],[-102,-90],[57,-75],[74,-37],[-42,-54],[44,-30],[-93,-130],[55,12],[39,-53],[-79,-67],[53,-75],[-11,-44],[-56,-58],[49,-67],[-7,-54],[145,-19],[-20,-177]],[[87745,39774],[14,50],[81,37],[38,-4],[48,54],[39,-5],[30,-85],[52,31],[80,-3],[17,59],[88,16],[16,64],[46,19],[54,76]],[[91137,42149],[-148,20],[36,-80],[-20,-25],[-116,15],[-8,-32],[-234,31],[-126,-56],[-68,-142],[6,-20]],[[90257,43457],[18,-80],[66,-34],[6,-61],[80,-56],[60,3],[11,-30],[47,-22],[104,38],[7,66],[43,1],[140,29],[48,-83],[-3,-61],[-126,-122],[-29,-65],[78,-132],[235,170],[111,-15]],[[91153,43003],[36,-5],[-1,-88],[20,-46],[3,-67],[39,13],[18,-44]],[[87400,40159],[13,125],[-11,29],[46,202],[54,556],[-15,1],[17,136],[-115,18],[28,221],[-260,20],[-45,47],[-119,-20],[29,58],[40,427],[-28,3],[18,172],[15,-2],[27,292],[86,-9],[33,309],[25,-3],[11,109],[-148,17],[21,48],[-23,33],[26,30],[34,98],[47,11],[59,-29],[61,21],[69,-1],[21,171]],[[86261,42630],[-15,-149],[-199,23],[-6,-48],[49,-82],[63,-22],[121,-157],[131,-19],[-16,-170],[-47,6],[-19,-202],[-1,-84],[165,-21],[-17,-18],[-9,-113],[63,-9],[-16,-148],[58,-7],[-21,-133],[-23,-225]],[[84665,40618],[75,52],[-156,17],[16,125],[-29,3],[47,329],[20,164],[-89,12],[35,355],[131,-10],[20,155],[-34,5],[16,171],[24,35],[44,-5],[29,267]],[[84814,42293],[60,1],[158,-18],[1,36],[215,-19],[-1,-43],[123,-18],[10,15],[7,145],[16,168],[-20,32],[7,179],[279,-34],[13,-28],[159,-16],[3,22],[192,-21],[-4,-36],[229,-28]],[[84814,42293],[-58,9],[21,206],[-92,12],[21,211]],[[84706,42731],[65,-5],[19,195],[145,-2],[-9,-126],[153,60],[-1,36],[111,-10],[18,51],[-40,54],[-213,135],[6,67],[25,-3],[13,124],[-152,17],[32,332],[-40,7],[-38,-33],[-44,47],[24,167],[-11,23],[-104,-49],[27,286],[91,11],[156,150],[-2,15],[-129,16],[37,388]],[[84845,44684],[23,265]],[[84868,44949],[222,-25],[4,67],[-16,39],[137,-16],[23,235],[156,-18],[13,-72],[276,-36],[29,317],[167,-20],[6,90],[256,-20],[-6,-83],[-43,2],[-17,-385],[-24,-67],[72,-11],[-12,-225],[192,-15],[-1,-37],[196,-29],[-1,-9],[267,-41]],[[86909,43885],[-26,-196],[-114,14],[-51,-45],[-35,-161],[-47,7],[10,106],[-259,32],[-8,-70],[-79,-138],[-46,-40],[-22,-181],[-39,-416],[86,-10],[-18,-157]],[[84599,40545],[-85,0],[-62,-81],[-91,3],[-96,-50],[-47,-68],[-56,-50],[-110,-24],[-53,37],[-43,-72],[-106,11],[-64,33],[-7,45],[16,142],[-247,32],[-27,35],[-13,99],[-15,1],[15,168],[-180,22]],[[83328,40828],[0,5],[-442,57],[145,127],[101,-34],[331,287],[93,-157],[306,270],[-7,24],[15,127],[-56,7],[-59,82],[60,51],[-26,30],[53,47],[10,54],[47,-14],[95,143],[-49,5],[29,295],[138,-18],[11,121],[-9,75],[58,-3],[20,191],[137,-16],[20,185]],[[84349,42769],[357,-38]],[[83328,40828],[-41,-292],[-168,23],[-14,-113],[-257,26],[-15,-186],[-102,11],[-23,-224],[-26,-22],[-24,-91],[-16,-184],[114,9],[20,-20],[-22,-208],[-65,79],[-326,-276],[125,-185],[-63,-12],[-99,-82],[-1,-26],[-141,-122],[-9,-46]],[[82175,38887],[-44,78],[-44,34],[21,270],[-276,24],[-4,-21],[-165,17],[39,51],[-193,85],[-318,39],[-5,-123],[-74,7],[5,116],[-193,25],[1,16],[-156,14],[3,-64],[-22,-14],[-2,-137],[-321,29],[13,129],[-89,9]],[[79270,39398],[54,10],[82,70],[36,52],[40,8],[52,38],[45,7],[25,29],[-188,241],[117,104],[-14,19],[75,67],[-280,322],[200,201],[184,-228],[51,71],[84,79],[37,382],[68,699],[419,-32],[-4,-57],[109,-7],[-4,-101],[310,-22],[277,-38],[159,-14],[16,110],[-138,24],[35,263],[12,35],[29,299],[86,6],[39,72],[42,-51],[217,196],[-159,211],[19,138],[23,102],[6,64],[179,-17],[239,221],[17,188]],[[81866,43159],[80,91],[3,65],[171,-11],[5,120],[140,-3],[268,236],[-31,39]],[[82502,43696],[30,14],[218,-51],[38,-15],[196,138],[31,-104],[62,-84],[32,19],[204,-27],[16,10],[164,-16],[-14,-60],[127,-16],[5,65],[406,-50],[4,39],[49,-4],[-6,-107],[98,-10],[-13,-45],[72,-7],[-4,-108],[-28,-84],[-89,-87],[-16,-89],[-44,-57],[-24,-55],[-5,-59],[19,-36],[319,-41]],[[83579,38096],[12,51],[-63,135],[7,21],[94,79],[-126,165],[-56,-49],[-249,327],[12,11],[-88,106],[-37,33],[-29,-25],[-60,79],[-22,-67],[-107,-61],[-118,-121],[-54,-72],[-11,-55],[-39,-49],[-55,-15],[-95,130],[-62,-44],[7,-33],[-37,-40],[-228,285]],[[82502,43696],[-55,69],[23,42],[171,151],[9,-11],[238,210],[19,230],[310,-31],[0,10],[258,-21],[-11,-152],[253,-19],[28,-81],[67,-5],[107,127],[129,210],[17,-2]],[[84065,44423],[241,-20],[141,-17],[39,-17],[23,241],[77,-7],[8,109],[251,-28]],[[80675,44915],[41,498],[81,-8],[8,86]],[[80805,45491],[118,108],[-43,56],[214,195],[82,-107],[142,131],[19,-25],[82,81],[332,301],[85,-6]],[[81836,46225],[217,-22],[-49,-525],[-3,-72],[563,-61],[-33,-322],[267,-28],[260,-18],[203,-21],[-10,-133],[94,-9],[34,-15],[131,-15],[-10,-157],[147,-16],[9,-104],[262,-28],[-7,-75],[-19,-32],[-8,-90],[183,-17],[-2,-42]],[[81866,43159],[-96,12],[14,173],[-15,2],[12,194],[-128,12],[26,262],[-289,29],[10,118],[39,-21],[45,14],[7,39],[-72,38],[-167,-7],[-111,-36],[-124,14],[-66,21],[-158,13],[-39,17],[-95,66],[17,39],[-13,53],[52,311],[-15,3],[22,302],[-51,23],[4,65]],[[77606,39258],[-770,62],[24,303],[-103,14],[21,230],[20,376],[-22,25],[36,340],[249,261],[10,167],[-295,26],[5,392],[-48,429],[126,148],[281,237],[158,152],[101,-64],[71,-71],[123,109],[-13,18],[220,193],[-40,48],[215,200],[-42,50],[-59,21],[18,30],[217,194],[-14,62]],[[78095,43210],[15,52],[-10,96],[-25,26],[-22,148],[76,-7],[21,-25],[94,74],[-210,272],[293,269],[13,28],[-124,148],[28,401],[168,-14],[-17,151],[44,101],[306,-15],[44,405],[132,-11],[-5,-77],[279,-28],[4,31],[350,-31],[-8,-134],[-28,-88],[9,-58],[304,-34],[12,109],[204,-31],[-11,-118],[111,60],[12,46],[35,37],[97,-30],[-37,-33],[89,-31],[23,-21],[48,50],[70,14],[178,-15],[18,-12]],[[92021,45534],[-113,14],[29,77]],[[91937,45625],[-18,97],[-42,18],[-17,110],[-24,30],[18,88],[-29,63],[12,48],[48,-10],[62,39],[110,29],[67,-73],[15,119],[32,27]],[[92171,46210],[73,-34],[-53,-40],[-10,-53],[40,-46],[45,-3],[-3,83],[121,-6],[5,67],[76,-14],[10,-67],[73,-1]],[[92548,46096],[4,-34],[41,-75],[-70,-4],[-5,-89],[-33,-6]],[[92485,45888],[-26,-50],[-68,-36],[-44,-41],[-10,-70],[-94,-22],[-9,-50],[-47,-65],[-86,55],[-35,-58],[-45,-17]],[[92201,45329],[-90,24],[-9,-60],[-41,-16],[-17,61],[-57,47],[7,81],[36,39],[-9,29]],[[92485,45888],[41,-71],[34,39],[62,2],[13,-30],[51,21],[-20,-85],[105,-42],[52,42],[28,2],[3,-75],[-57,-67],[-24,-99],[28,-59],[6,-100],[-59,-36]],[[92748,45330],[-127,-11],[-107,1],[-30,-31],[-30,17],[-24,-48]],[[92748,45330],[16,-13],[-5,-93],[55,-52],[15,-36],[-17,-74],[7,-108],[48,-136]],[[92867,44818],[-36,-23],[-56,85],[-77,-55],[-25,-51]],[[92171,46210],[-9,24],[-104,-17],[5,52],[-49,10],[-10,59]],[[92004,46338],[71,-1],[7,67],[90,-13],[29,35],[-7,34],[-58,76],[5,33],[-57,11]],[[92084,46580],[-91,2]],[[91993,46582],[-71,30]],[[91922,46612],[45,72],[25,-4],[-1,111],[-74,39],[-82,60],[4,35],[47,47],[47,17],[60,-23],[35,42]],[[92028,47008],[5,-78],[18,-36],[59,25],[44,-2],[64,-51]],[[92218,46866],[26,-109],[54,23]],[[92298,46780],[28,17],[42,-89],[35,13],[-15,-125],[-32,-48],[-17,-63],[6,-54],[49,-108],[57,38],[15,-52],[52,-31],[3,-113],[32,-29],[-5,-40]],[[92207,46629],[-2,73],[-97,23],[-5,-95],[65,-15],[39,14]],[[91967,47072],[16,12]],[[91983,47084],[-16,-12]],[[92030,47010],[-37,51]],[[91993,47061],[55,17],[36,-20],[-11,-49],[-43,1]],[[92867,44818],[53,-74],[-12,-50],[12,-83],[31,-56]],[[90714,44569],[-42,28]],[[90475,44558],[38,331],[57,-8],[26,235]],[[90596,45116],[86,60],[23,-7],[9,82],[235,-32],[-13,-109],[109,-15],[67,-91],[7,-62],[-45,10],[-145,-125],[-15,-134],[-183,26],[-17,-150]],[[91937,45625],[-417,56],[-33,21],[22,181],[18,39],[3,68],[37,74]],[[91567,46064],[164,-20],[38,33],[26,108],[-19,52],[9,83],[-56,18],[44,140],[42,4]],[[91815,46482],[13,-39],[122,-24]],[[91950,46419],[54,-81]],[[92084,46580],[-8,-68],[-78,14]],[[91998,46526],[-5,56]],[[91747,46696],[-80,-4],[6,30],[-101,5],[-42,-29],[17,-78],[44,-7],[29,-30],[-20,-108],[-62,31],[-27,-16],[29,-102],[-63,-96],[-54,-48]],[[91423,46244],[-18,7],[-75,152],[-8,47]],[[91322,46450],[50,28],[26,49],[25,163],[33,35],[-198,20]],[[91258,46745],[38,61],[-21,19],[-121,12],[-3,-28],[-75,-1],[-94,19],[-90,-85],[0,-30],[-89,-75]],[[90803,46637],[-28,41],[-8,50],[-32,46],[-80,81],[-23,47],[21,60],[-19,47]],[[90634,47009],[-15,34],[-68,66],[-54,84],[19,26],[10,119]],[[90526,47338],[242,-33],[-3,-27],[106,-14],[169,145]],[[91040,47409],[13,-74],[36,-64],[57,10],[21,-43],[48,-24],[36,10],[41,66],[72,20],[41,78]],[[91405,47388],[30,-37],[98,-61],[26,-63],[-19,-31],[-67,17],[-27,-83],[-43,-85],[58,13],[107,-57],[38,39],[106,63],[10,27]],[[91722,47130],[74,31],[7,-43],[51,-30],[64,32],[19,-42],[30,-6]],[[91983,47084],[10,-23]],[[92030,47010],[-2,-2]],[[91922,46612],[-91,91],[-76,21],[-8,-28]],[[91287,46114],[30,-24],[133,37],[19,31],[41,-23],[57,-71]],[[91908,43902],[-75,19],[-59,50],[-80,29],[-126,-33],[-63,25],[-38,-51]],[[91467,43941],[-56,-15],[-7,-25],[-97,-33],[-95,14],[3,31],[-68,103],[-67,85],[-16,54],[-3,83],[-82,31],[-154,18],[23,205],[-75,7],[-9,35],[-50,35]],[[90596,45116],[-109,17],[13,108],[-99,-63],[-94,31],[29,255],[-69,70],[7,70],[-105,-20],[6,52],[-68,38],[-34,0],[-59,-52],[-29,5]],[[89604,45690],[13,87],[-8,37],[22,44],[74,32],[45,81],[35,29]],[[89785,46000],[34,50],[71,-17],[55,36],[100,-3],[65,-37],[133,-116],[85,14],[24,35],[43,4],[21,78],[78,-61],[42,34],[128,16],[-39,195],[83,8],[131,112]],[[90839,46348],[57,-19],[99,-78],[68,51],[114,-122],[22,-70],[73,-9],[15,13]],[[89785,46000],[-16,42],[67,89],[40,23],[14,51],[36,19],[-29,51],[3,67],[-57,113],[55,10],[-4,-44],[64,-31],[-1,-66],[176,-54],[76,0],[73,40],[110,95],[8,44],[-52,65],[-32,84],[-36,61],[-18,73],[23,59],[-34,99],[34,7],[34,-63],[34,-22],[43,15],[20,40],[57,4],[161,138]],[[90803,46637],[-4,-28],[-50,-55],[35,-44],[-14,-82],[69,-80]],[[91467,43941],[28,-79],[-23,-43],[-48,-45],[-2,-43],[-31,-44],[-7,-60],[24,-61],[9,-127],[38,-102],[-99,-30],[-60,-69],[-142,-54],[4,-46],[-48,-14],[43,-121]],[[92218,46866],[60,-2],[20,-84]],[[91950,46419],[45,71],[3,36]],[[91815,46482],[23,98],[-35,-5],[-68,32],[12,89]],[[91287,46114],[17,36],[119,94]],[[91322,46450],[-10,60],[-58,-23],[-45,42],[-76,18],[-25,45],[42,38],[7,38],[101,77]],[[91405,47388],[15,98],[64,55]],[[91484,47541],[42,-34],[-3,-56],[78,-31],[10,-64],[37,-27],[49,-2],[-24,-54],[57,-92],[-8,-51]],[[91040,47409],[-16,2]],[[91024,47411],[1,72],[57,6],[18,157],[63,-66],[77,61],[-27,48],[79,16],[12,53],[64,36],[46,-43]],[[91414,47751],[0,-45]],[[91414,47706],[-56,-81],[47,-47],[41,69]],[[91446,47647],[55,-43],[-17,-63]],[[91024,47411],[-29,62],[-57,21],[-43,-15],[-2,59],[-36,70],[-33,12],[-8,53],[-61,27],[30,204],[-48,6],[-59,84],[35,315],[126,-17],[41,27],[25,113],[44,60],[11,95]],[[90960,48587],[30,-3],[69,84],[-43,31],[-5,77],[20,29],[40,-10],[47,-54],[50,-7],[33,45],[16,-93],[36,-49],[26,-71],[-15,-43],[46,-40],[37,-6]],[[91347,48477],[14,-66],[42,-48],[14,-52],[39,5],[36,40],[53,1],[45,-20]],[[91590,48337],[0,-26],[81,-44],[45,-64],[-13,-43],[8,-93],[78,-113],[4,-32],[70,-63],[-7,-28],[-48,-17],[-14,35],[-50,-8],[-20,49],[-36,5],[6,124],[-25,41],[-41,12],[-28,-33],[14,-67],[-34,-28],[-88,-13],[-15,-76],[-63,-104]],[[91414,47706],[30,-14],[2,-45]],[[91078,48924],[-5,-92],[-55,6],[-12,46],[4,78],[31,18],[37,-56]],[[91347,48477],[25,15],[63,-40],[-7,-109],[59,43],[38,-16],[72,58],[-7,-91]],[[91862,48765],[48,-4],[-12,-94],[4,-65],[-35,-24],[-76,40],[11,80],[26,3],[34,64]],[[91979,48460],[7,-41],[55,-26],[50,-79],[-84,-18],[-58,-43],[-32,73],[-48,22],[47,68],[11,124],[-8,62],[37,-5],[1,-92],[22,-45]],[[91734,48218],[38,-65],[-37,-10],[-1,75]],[[88302,45900],[10,58],[-64,97],[17,65],[38,25],[23,51],[80,63],[-4,88],[-19,26],[-113,45],[-33,49],[26,43],[-58,149],[21,75],[-1,68],[41,70],[-53,161],[22,69],[-17,30],[11,49],[-19,71],[102,54],[19,61],[70,32],[8,135],[37,37],[-17,80],[68,27]],[[88497,47678],[49,-51],[28,11],[26,-48],[58,25],[75,-31],[26,18],[27,76],[55,40],[56,5],[67,66],[9,58],[29,56],[-19,50],[13,53],[72,42],[16,62]],[[89084,48110],[-27,29]],[[89057,48139],[18,28],[3,64],[62,17],[97,-6],[28,-33],[-2,-43],[177,-20],[-1,44],[39,56],[42,1],[15,37],[71,24],[47,-33],[-16,-54],[-35,-13],[72,-108],[0,-40],[106,-12],[0,-25],[59,-32],[89,-10],[28,27],[11,74],[29,12],[49,-50],[16,17],[105,-144],[40,-12],[-4,-72],[52,-25],[16,42],[70,5],[132,-128],[-19,-164],[30,-65],[14,-98],[29,-62]],[[89057,48139],[-32,46],[-25,113],[20,90],[-5,96],[-25,112],[-34,72],[33,126],[-36,75]],[[88953,48869],[52,-9],[32,-41],[118,-33],[6,-40],[134,-16],[42,463],[30,42],[51,37],[-2,34],[117,35],[108,-24]],[[89641,49317],[14,-36],[65,-26],[99,8],[14,22],[-15,85],[-31,56],[25,71],[-11,32],[122,-3],[40,-37],[7,-119],[21,-122],[41,-68],[94,-84],[110,-13],[46,64],[99,14],[25,-79],[28,-33],[90,-35],[43,26],[61,-29],[28,-51],[48,0],[4,-61],[-37,-10],[-33,-40],[16,-34],[81,-49],[-11,-43],[45,-23],[68,-88],[123,-25]],[[88953,48869],[-27,63],[-18,88],[-31,28],[-20,58],[31,108],[-6,97],[25,109],[35,30],[21,79],[90,17],[138,148],[35,11],[61,-16],[104,-75],[84,4],[65,-46]],[[89540,49572],[-34,-78],[25,-66],[52,-64],[58,-47]],[[89218,50112],[32,10],[37,70],[20,-96],[30,-78],[47,-42],[50,-74],[33,-74],[36,-176],[34,-4],[24,-64],[-21,-12]],[[89084,48110],[-230,27],[-39,24],[-7,67],[-28,62],[-56,66],[-41,29],[-7,50],[-49,80],[-67,59],[-32,-30],[-52,-18],[-2,62],[24,47],[-73,40],[-30,73],[-40,33],[-55,8],[3,34],[-35,31],[8,44],[40,11],[31,69],[-81,168],[58,-7],[21,63],[-8,32]],[[88337,49234],[169,-20],[8,134],[139,29],[20,-18],[145,29],[16,163],[-57,21],[34,91],[158,-17],[18,15],[23,102]],[[89010,49763],[128,-18],[14,50],[59,125],[-11,70],[-36,4],[-30,71],[72,21],[12,26]],[[89010,49763],[-17,74],[16,119],[-20,48],[6,67],[-10,60]],[[88985,50131],[22,17],[99,-24],[50,4],[62,-16]],[[88682,50141],[27,9],[88,-10],[46,-24],[42,10],[21,-29],[79,34]],[[88337,49234],[11,141],[100,44],[49,90],[102,33],[39,113],[39,52],[-34,56],[-62,-4],[-73,37],[17,54],[1,66],[-36,59],[3,35],[43,6],[11,87],[-17,35]],[[88530,50138],[36,-41],[101,-23],[15,67]],[[88666,50199],[12,-57]],[[88678,50142],[4,-1]],[[88530,50138],[-64,109],[-68,10],[-33,46],[-39,19]],[[88326,50322],[-24,38]],[[88302,50360],[100,24],[29,20],[50,88],[4,30],[58,38],[9,-64],[24,-31],[-23,-42],[3,-50],[34,-91],[76,-83]],[[88087,50432],[-12,54],[-43,-13]],[[88032,50473],[-28,38],[-40,5],[-19,75]],[[87945,50591],[41,24],[87,-15],[28,-105],[100,-33],[-20,-28]],[[88181,50434],[-37,-31]],[[88144,50403],[-57,29]],[[88123,50360],[21,43]],[[88181,50434],[65,-58],[56,-16]],[[88326,50322],[-30,-36],[-50,6],[1,-67],[-63,3],[-12,-44],[10,-100],[-77,31],[-5,33],[-71,-28],[-22,24]],[[88007,50144],[-14,165]],[[87993,50309],[132,-45],[19,35],[-21,61]],[[88123,50360],[-43,32],[7,40]],[[87961,50388],[25,63],[46,22]],[[87993,50309],[0,14]],[[87993,50323],[29,21],[4,52],[-65,-8]],[[87660,49574],[20,40],[3,77]],[[87683,49691],[5,36],[-26,55],[5,71],[69,76],[-11,109],[12,161],[32,20],[76,6],[6,71],[113,35],[29,-8]],[[88007,50144],[10,-40],[-38,-94],[30,-88],[-29,-85],[-5,-80],[20,-89],[-13,-140],[-322,46]],[[84868,44949],[18,220],[24,-3],[32,223],[41,50],[32,325],[-146,18],[10,105],[-168,22],[31,302],[15,0],[30,300],[-82,41],[22,273],[57,-2],[21,272],[-190,19],[-24,42],[26,49],[3,103],[15,68],[-21,81],[41,69],[5,64],[-159,14],[160,147],[68,104],[-59,105],[-224,22],[-36,84],[25,64],[182,-18],[12,130],[21,95],[-21,50],[7,60],[27,58],[-47,74],[-73,83],[7,129],[-198,17],[6,61],[-79,122],[-3,-47],[-71,9],[-38,72],[-118,-1],[-23,-45],[-84,-3],[-22,53],[-40,34],[41,518]],[[83921,49581],[130,28],[66,-2],[47,14],[58,-71],[0,-32],[-33,-57],[-11,-59],[55,-46],[28,-43],[32,4],[57,-53],[36,5],[37,-25],[76,25],[16,-77],[-21,-47],[70,-7],[4,60],[36,-2],[61,-78],[97,-38],[28,-47],[73,-3],[54,20],[8,-131],[126,7],[-23,-248],[113,8],[-4,67],[51,12],[3,-45],[98,-12],[-7,-123],[41,-5],[-9,-228],[23,-75],[84,59],[102,-9],[11,-25],[69,-5],[-11,-114],[230,-26],[22,-11],[69,-144],[85,-89],[97,-32],[45,-59],[-142,-132],[-34,46],[-104,-93],[79,-98],[22,22],[183,-230],[10,10],[83,-116],[121,105],[99,-12],[-10,-193],[264,-39],[-19,-191],[55,-57],[128,18],[23,-20],[-29,-284],[-122,2],[140,-197],[-254,-144],[242,-393],[-2,-10]],[[88497,47678],[-37,136],[-39,41],[4,69],[-34,90],[32,54],[-20,49],[-125,-4],[-39,11],[-43,51],[-18,49],[30,53],[20,107],[-82,18],[-28,40],[-85,-21],[-60,47],[-21,57],[-113,95],[-105,133],[-25,-107],[-44,65],[-41,-56],[-57,32],[-61,-9],[-27,39],[42,65],[-43,131],[35,14],[72,61],[114,-19],[14,121],[51,53],[9,84],[-54,46],[11,107],[22,78],[-118,45],[-2,42],[28,29]],[[88666,50199],[12,-57]],[[79007,50975],[-29,-281],[36,-26],[107,-8],[34,-40],[81,-27],[18,234],[281,-23],[18,229],[327,-31],[4,49],[84,-5],[-31,-350],[134,-16],[2,28],[193,-22],[3,58],[94,-8]],[[80363,50736],[-47,-572],[41,24],[365,-30],[-22,-296],[31,-2],[-13,-149],[-399,41],[-47,-534],[53,-5],[-77,-966],[79,-8],[-12,-218],[-21,-265],[-30,-5]],[[80264,47751],[-64,30],[-35,43],[-51,-7],[-85,76],[-30,-16],[-84,43],[-31,45],[-45,6],[-49,64],[-97,5],[-38,27],[-36,60],[-15,82],[-280,-239],[-139,196],[-17,40],[69,77],[163,145],[9,121],[23,23],[49,-4],[8,58],[-65,102],[-2,33],[29,353],[144,-35],[-7,161],[35,32],[33,-34],[43,7],[50,-59],[10,81],[86,-8],[-68,91],[-18,93],[-40,44],[-15,54],[-39,-32],[-287,430],[-61,45],[46,65],[-65,108],[44,46],[-121,158],[-107,-109],[-19,60],[-71,44],[-55,-49],[-350,35],[12,146],[-105,8],[-89,28]],[[78437,50524],[23,109],[16,200],[43,-5],[21,196],[467,-49]],[[84488,52393],[34,-78],[58,-4],[61,-28],[49,5],[-6,-63],[-24,-77],[-3,-115],[78,-9],[-4,-42],[74,-2],[2,36],[45,7],[45,43],[15,-62],[117,-13],[11,-73],[84,-40],[32,26],[36,-35]],[[85192,51869],[-22,-75],[-59,-69],[-16,-72],[-64,-49],[-26,-102],[-94,6],[-35,-39],[8,-101],[15,-22],[-2,-69],[248,-27],[-4,-49],[117,5],[25,67],[194,3],[38,-44],[-2,-41],[-142,-211],[99,-26],[43,13],[4,38],[55,16],[24,-74],[-16,-95],[274,-44],[16,29],[66,28],[115,-135],[38,14]],[[86089,50744],[-25,-335],[-161,18],[-183,-165],[-132,182],[-38,-38],[-49,28],[-42,-6],[-38,35],[-55,79],[-484,-413],[40,-61],[-2,-135],[-79,-41],[-44,-9],[-44,81],[-93,39],[13,134],[-448,69]],[[84225,50206],[12,128],[34,-4],[11,48],[224,238],[37,-51],[107,92],[-67,-3],[-36,30],[-104,270],[-29,34],[-88,23],[-66,31],[-52,45],[-159,55],[2,-43],[-47,-10],[-36,36],[-15,49],[-56,67],[-4,44],[70,245],[62,-8],[14,59],[-18,181],[-4,114],[-71,9],[16,95],[-35,72],[30,52],[46,10],[73,-8],[42,-19],[78,31],[174,26],[23,259],[95,-10]],[[87279,51136],[22,-57],[48,-22],[29,-64],[45,-20],[57,-98],[94,-80],[49,-14]],[[87623,50781],[-28,-42],[-79,-52],[-11,-100],[-97,88],[-22,-24],[18,-46],[31,-17],[15,-54],[-30,-30],[29,-108]],[[87449,50396],[-16,-155]],[[87433,50241],[-42,35],[-57,7],[-22,122],[1,90],[-109,153],[-57,115],[-53,-54],[-110,12],[-13,-94],[-92,-90],[40,-54],[-148,-149],[-109,-20],[-13,-64],[-77,-60],[-41,22],[-93,-83],[-24,41],[-13,76],[16,23],[-2,90],[-44,14],[2,62],[-55,108],[-16,95]],[[86302,50638],[8,229],[-44,2],[1,125],[-64,122],[0,60],[126,-11],[-2,-30],[134,-11],[9,121],[124,-15],[54,7],[74,-13],[27,-69],[70,29],[86,-58],[75,22],[32,-33],[45,23],[42,-7],[77,-40],[39,-4],[10,37],[54,12]],[[86724,52718],[13,-165]],[[86737,52553],[-51,-57],[-52,-21],[-126,14],[-41,77],[-31,22],[75,80]],[[86511,52668],[59,20],[8,46],[58,-15],[88,-1]],[[87730,51472],[-2,83],[67,43],[48,-95],[80,19],[-16,-51],[-50,-20],[-30,22],[-84,13],[-13,-14]],[[87683,49691],[-71,37],[-107,8],[-29,57],[-104,-17],[16,176],[-5,147],[-78,-20],[15,151],[111,-13],[2,24]],[[87449,50396],[9,-25],[60,-40],[21,-51],[58,14],[84,82],[20,-43],[51,6],[55,78],[56,-6],[3,38],[54,8],[41,-69]],[[87623,50781],[78,-87],[61,-11],[55,-46],[106,-47],[22,1]],[[88233,50677],[-49,-63],[-60,44],[-23,93],[164,8],[-32,-82]],[[83921,49581],[12,149],[-125,58],[-123,19]],[[83685,49807],[19,14],[12,143],[74,-9],[12,160],[175,-36],[31,-12],[11,158],[206,-19]],[[86089,50744],[26,-7],[43,32],[45,-25],[6,-65],[93,-41]],[[82622,49758],[58,24],[107,-42],[86,-51],[48,-13],[129,13],[54,23],[85,-4],[89,105],[87,-19],[63,29],[58,-22],[14,-37],[81,-50],[51,68],[53,25]],[[81836,46225],[24,259],[19,86],[66,-7],[71,674],[170,-17],[22,105],[91,-10],[52,96],[22,244],[-13,14],[-99,9],[67,131],[74,44],[43,46],[57,8],[27,27],[127,-1],[123,107],[21,49],[-129,169],[141,127],[-88,118],[-52,-48],[-150,168],[-50,5],[22,247],[56,-6],[31,403],[41,486]],[[80805,45491],[9,118],[-284,25],[-8,-95],[-279,16],[4,61],[-188,22],[6,93],[-124,17],[-158,4],[3,36],[-63,7],[75,65],[20,218],[-49,5],[130,117],[-159,204],[18,16],[176,-37],[163,-3],[9,137],[-58,5],[27,316],[-68,7],[7,47],[157,-15],[18,228],[33,-4],[18,190],[42,-5],[15,158],[-94,11],[51,101],[10,195]],[[80363,50736],[298,-21],[172,-18],[102,-199],[208,43],[52,-8],[63,-38],[100,17],[109,-12],[54,484],[263,-22],[27,-79],[67,-9],[55,-154],[-2,-63],[68,-67],[68,21],[26,-25],[41,-105],[-44,-66],[16,-63],[50,-40],[9,-59],[28,-36],[23,-91],[-1,-59],[62,-79],[86,28],[53,-28],[44,-45],[51,-108],[48,-50],[63,-27]],[[78095,43210],[-32,-14],[-168,11],[-65,-8],[-125,33],[22,231],[-126,13],[0,30],[-218,27],[-18,44],[22,135],[84,48],[-18,34],[-334,22],[55,95],[8,61],[46,66],[37,31],[-99,131],[114,103],[-58,71],[-97,82],[-58,71],[-206,-203],[-78,-116],[-6,-173],[-191,15],[-1,57],[-382,25],[34,84],[3,65],[-312,24]],[[75928,44305],[-77,148],[43,-5],[10,282],[30,28],[5,224],[-5,57],[39,-4],[39,626],[259,-24],[91,-20],[58,6],[29,262],[94,-8],[9,101]],[[76552,45978],[102,-2],[136,16],[45,23],[37,-25],[44,132],[33,-17],[28,25],[7,97],[102,-9],[32,-38],[53,-6],[135,-42],[6,74],[129,-14],[-4,-44],[203,-21],[5,76],[30,-2],[11,202],[-130,10],[-7,53],[50,170],[56,27],[14,221],[-79,5],[38,84],[-35,73],[3,81],[77,101],[38,13],[59,134],[39,37],[-2,79],[27,136],[197,-29],[8,113],[-75,97],[-4,63],[-24,60],[-19,111],[8,89],[72,38],[10,70],[26,41],[-244,28],[-56,17],[155,142],[-171,232],[-61,-25],[-144,205],[204,189],[-43,7],[20,339],[-120,10],[6,104],[-145,86],[19,21],[-2,57],[194,-23],[9,11],[138,-11],[7,120],[120,51],[-12,63],[56,66],[-30,54],[13,66],[-51,57],[-45,166],[14,45],[-22,51],[45,41],[-13,41],[-65,126],[-16,61],[-64,71],[-158,-145],[-187,248],[-73,-65],[-64,86],[-208,17],[-10,-110],[-365,29],[5,88],[-541,44],[-1,-19],[-153,13],[-54,63],[17,33],[-55,24],[-15,46],[-48,40]],[[75819,51140],[-32,66],[26,22],[-1,47],[-40,32],[7,34],[-40,64],[4,43],[-28,29],[27,37],[8,59],[-36,37],[21,63],[51,57],[2,34],[51,61],[18,41],[4,104],[31,45],[23,166],[-8,87],[12,53],[-21,69],[18,30],[-4,84],[16,36],[-13,59],[29,47],[-24,44],[10,38],[-70,81],[-3,58],[-51,59],[5,62],[-8,109],[-44,40],[49,49],[-59,51],[-58,-6],[39,82],[-47,48],[30,51],[-11,57],[32,23],[17,48],[-21,26],[36,76],[-25,37],[13,48],[-18,55],[75,16],[-12,50],[-31,17],[-1,51]],[[75767,53916],[49,19],[45,-53],[135,-57],[31,-28],[-1,-46],[74,-93],[64,-28],[131,-9],[201,42],[21,-8],[158,36],[122,19],[123,78],[40,-6]],[[76960,53782],[18,-392],[-131,-272],[-33,-41],[61,-317],[371,-16],[-11,-230],[3,-142],[281,-23],[138,-20],[22,40],[-8,78],[25,91],[-25,37],[378,-28],[15,240],[78,27]],[[78142,52814],[-16,-18],[20,-69],[-10,-67],[77,-50],[66,-162],[8,-79],[43,-40]],[[78330,52329],[-104,7],[-17,-179],[22,-103],[-12,-99],[-17,-66],[-189,21],[-11,-82],[-145,-39],[50,-98],[-13,-73],[19,-26],[5,-122],[-19,-296],[56,-6],[-28,-296],[168,-18],[-17,-200],[-16,-76],[375,-54]],[[76552,45978],[-258,126],[-147,-51],[-119,-1],[6,143],[84,70],[51,65],[-2,41],[-137,9],[19,312],[22,0],[8,156],[-273,15],[10,178],[-174,12],[14,268],[11,0],[11,233],[97,-8],[3,80],[166,-7],[26,24],[0,68],[-45,56],[7,37],[-31,42],[-5,50],[26,64],[-6,69],[42,-7],[12,-33],[73,-25],[36,-67],[56,-62],[25,47],[11,146],[-18,32],[-122,52],[16,47],[-16,135],[25,50],[42,37],[4,66],[-23,42],[-78,3],[-121,-43],[-103,15],[-114,-26],[12,71],[-18,38],[86,-8],[23,443],[19,0],[4,341],[-17,24],[-120,6],[-5,-112],[-373,51],[33,203],[-111,11],[29,585],[49,-5],[3,301],[45,-4],[16,262]],[[75338,50645],[105,-10],[12,194],[-70,6],[8,149],[17,95],[72,-12],[25,47],[49,39],[263,-13]],[[75928,44305],[-78,21],[56,-174],[10,-199],[-24,-55],[-6,-353],[31,0],[-1,-105],[-307,15],[-281,40],[-274,30],[-4,-60],[-658,30],[-8,-125],[-418,39],[1,15],[-132,158],[34,31],[-182,231],[-31,-25],[-95,117],[13,13],[-101,128],[-139,-130],[-86,114],[-207,-195],[89,-116],[-107,-98],[-22,29],[-185,-168],[75,-98],[-205,-204],[-85,13]],[[72597,50384],[1,-788],[0,-569],[0,-562],[147,-14],[67,63],[185,-13],[22,105],[26,390],[330,12],[100,-48],[21,18],[339,-22],[-53,68],[170,-13],[22,349],[366,-29],[0,297],[263,-32],[17,314],[83,-1],[26,524],[-260,41],[2,33],[-198,15],[6,93],[-92,0],[-487,-19],[-30,-357],[-164,242],[-328,-285],[-79,140],[-34,14],[-34,108],[-3,66],[-118,-4],[-13,20],[-300,22]],[[72597,52682],[426,-34],[-26,-370],[255,-29],[12,272],[-96,7],[25,458],[24,-2],[2,284],[99,40],[124,-69],[83,20],[111,9],[157,-18],[78,-52],[144,-11],[91,-53],[-1,-91],[48,-33],[107,15],[155,79],[-22,-339],[86,-8],[93,-55],[36,11],[-9,-122],[-72,-167],[-5,-53],[-32,-71],[-104,-121],[-85,-60],[-107,-110],[-76,-100],[-69,-74],[-46,-102],[-44,-70],[261,-325],[124,126],[159,-201],[-100,-36],[-58,-47],[108,-118],[191,184],[118,-82],[-71,-125],[22,-15],[-67,-119],[52,-86],[37,-4],[-6,-114],[609,-56]],[[78330,52329],[60,-86],[-2,-51],[36,-21],[7,-44],[-20,-41],[7,-66],[-23,-12],[13,-126],[19,-80],[22,-31],[97,-10],[-11,-116],[578,-66],[-42,-528],[-56,5],[-8,-81]],[[72595,56062],[83,-73],[33,-50],[99,-103],[138,-100],[126,-43],[85,-53],[101,0],[99,-70],[40,8],[47,-21],[110,3],[119,15],[34,13],[51,-18],[32,-40],[139,-62],[59,-35],[65,-19],[25,-23],[109,-41],[30,16],[52,-27],[97,-6],[68,-42],[8,-78],[59,-56],[6,-29],[137,-80],[-30,-88],[25,-187],[29,-94],[64,-149],[70,-94],[69,-49],[96,-48],[134,0],[105,-55],[62,-61],[36,-17],[27,-58],[78,-34],[41,-69],[62,-42],[119,-22],[61,-57],[73,-8]],[[87113,52041],[-81,-89],[-109,51],[-36,155],[-29,66],[-85,26],[-94,-19],[-38,6],[-26,62],[-31,-11],[-88,-78],[-95,1],[-33,43],[-67,-28],[-20,8]],[[86281,52234],[-25,47],[-45,33],[121,109],[41,-1],[9,39],[-26,45],[12,34],[-20,49]],[[86348,52589],[62,47],[49,59],[52,-27]],[[86737,52553],[152,-222],[60,-40],[40,-59],[20,-106],[39,7],[-6,-60],[45,3],[26,-35]],[[86985,52685],[6,51],[38,-10],[-10,-49],[-34,8]],[[87066,52197],[-2,64],[-44,58],[-44,86],[-91,59],[-52,76],[65,28],[72,-23],[84,-68],[50,-13],[15,63],[31,34],[73,2],[8,-27],[-36,-106],[53,-112],[44,-15],[13,-99],[26,-13],[-44,-65],[-3,-76],[-135,-8],[-50,25],[-37,81],[4,49]],[[85192,51869],[-2,18],[55,77],[25,66],[-2,129],[-33,35],[-5,50],[-48,12],[10,56],[47,23],[178,-17],[-13,-149],[74,-58],[-9,-18],[153,-219],[11,11],[183,-25],[10,237],[379,-55],[71,104],[5,88]],[[87113,52041],[57,-10],[91,-57],[26,3],[29,-70],[-13,-119],[-32,-69],[3,-35],[-34,-88],[-29,-117],[-17,-128],[5,-92],[22,-50],[58,-73]],[[86838,53070],[-60,159]],[[86778,53229],[19,30],[-4,95],[12,107],[23,20]],[[86828,53481],[42,-27]],[[86870,53454],[40,-110],[-25,-64],[-13,-178],[-34,-32]],[[86838,53070],[-63,-126],[-14,-67],[-39,-76],[2,-83]],[[86348,52589],[-28,50],[8,38],[-58,50],[-29,-1],[-51,-40],[-13,54],[16,82],[-32,38],[-39,-23],[-45,45],[14,111],[-47,13],[4,43],[61,107],[45,47],[-24,114],[-29,13],[4,90],[-28,37],[-122,40],[7,87],[132,28]],[[86094,53612],[64,-23],[33,-29],[25,75],[86,-75],[41,14],[38,-16],[37,-113],[39,-28],[43,10],[47,-12],[69,-46],[34,19],[73,-70],[35,-87],[20,-2]],[[86469,53605],[49,11],[110,-88],[3,-61],[62,39],[2,30],[63,-6],[29,16]],[[86787,53546],[41,-65]],[[86094,53612],[-19,41],[36,59],[-36,45]],[[86075,53757],[34,-21],[56,7],[9,24]],[[86174,53767],[98,21],[-3,-118],[111,0],[13,-67],[47,-17],[29,19]],[[86469,53605],[70,60],[83,-48],[35,25],[192,0],[-9,-57],[-53,-39]],[[86755,53943],[93,66]],[[86848,54009],[21,-52],[65,-68],[-23,-36]],[[86911,53853],[-51,-19],[-9,-40],[-91,26],[10,107],[-15,16]],[[86558,53901],[100,1]],[[86658,53902],[61,-8],[-21,-39],[-90,18],[-33,-16],[-17,44]],[[86755,53943],[-98,1],[1,-42]],[[86558,53901],[-56,-4],[-24,-54],[-87,-32],[-48,7],[-49,30],[-47,-28],[-65,28],[-8,-81]],[[86075,53757],[-24,54]],[[86051,53811],[10,33],[-34,42],[5,36],[66,-18],[12,31],[104,46],[-34,30],[-36,86],[-8,70],[-27,34]],[[86109,54201],[7,62],[40,13],[31,-99],[24,-44],[38,-12],[-19,119],[24,19],[-21,80],[-40,3],[41,66]],[[86234,54408],[41,56],[72,12],[-37,135]],[[86310,54611],[15,41],[-51,108],[33,36],[10,53]],[[86317,54849],[59,24],[17,-85],[54,-11],[49,-34],[57,-93],[-20,-112],[28,-54]],[[86561,54484],[-4,-76],[-84,-4]],[[86473,54404],[6,-45],[41,-104]],[[86520,54255],[-28,-39],[-51,-28]],[[86441,54188],[8,-110],[47,27],[42,59],[52,22],[-35,44]],[[86555,54230],[3,3]],[[86558,54233],[96,89]],[[86654,54322],[34,8]],[[86688,54330],[78,-41],[36,27]],[[86802,54316],[35,-24],[-15,-102],[24,-65],[-15,-91],[17,-25]],[[86658,54653],[3,-49],[40,-57],[12,-64]],[[86713,54483],[-43,-59],[18,-94]],[[86654,54322],[-4,39],[-105,-9],[-72,52]],[[86561,54484],[25,-19],[35,25],[-3,56],[-35,99],[75,8]],[[86555,54230],[-69,-77],[-45,35]],[[86520,54255],[38,-22]],[[86310,54611],[-31,-13],[-63,35],[-29,40],[1,74]],[[86188,54747],[15,56],[-51,31],[24,44],[31,-34],[67,-6],[12,87],[-28,13]],[[86258,54938],[4,46],[71,36],[-2,50],[22,34]],[[86353,55104],[42,27],[59,-7],[0,-81],[18,-34],[-32,-86],[-35,-28],[-62,23],[-26,-69]],[[86207,55112],[21,38],[-22,58],[71,10],[37,-56],[-9,-26]],[[86305,55136],[-66,-33],[-32,9]],[[86305,55136],[23,15]],[[86328,55151],[25,-47]],[[86258,54938],[-33,38],[5,60],[-49,7],[26,69]],[[86188,54747],[-61,10]],[[86127,54757],[-31,97],[-54,72]],[[86042,54926],[18,35],[-31,49],[37,35],[-4,68]],[[86062,55113],[32,44],[-3,66],[42,106],[-18,27],[10,73]],[[86125,55429],[9,-7]],[[86134,55422],[-4,-40],[57,-30],[65,43],[41,-4]],[[86293,55391],[1,-89],[30,-70]],[[86324,55232],[24,-25],[-20,-56]],[[78142,52814],[89,-11],[15,215],[148,-16],[-4,-49],[200,-21],[9,109],[-21,-5],[8,148],[129,-9],[4,59],[-289,24],[22,334],[135,-34],[19,-21],[51,29],[9,144],[-106,6],[7,141],[43,-4],[27,343],[266,-30],[6,78],[269,-26],[-5,-75],[195,-27],[-90,124],[198,189],[202,-290],[80,77],[213,-272],[156,152],[-37,63],[-44,36],[-81,24],[292,302],[107,-143],[245,371],[-33,0],[-106,109],[-10,29],[-60,44]],[[80400,54931],[152,237],[26,331],[413,-38],[214,206],[-13,-92],[41,-62],[29,-68],[49,-42],[59,-129],[25,-24],[61,60],[58,-36],[432,-42],[-54,-733],[-44,45],[-63,37],[-21,-228],[-155,15],[8,112],[-172,17],[-133,-208],[-17,-221],[-73,5],[-8,-115],[48,-4],[4,-89],[-16,-197],[-94,-136],[398,-456],[167,-194],[119,118],[163,152],[-39,50],[495,-44],[-28,-298],[332,-38],[36,329],[301,-14],[-11,-146],[126,-13],[22,299],[105,-10],[-212,285],[11,155],[-253,22],[-23,23],[-127,41],[-47,-14],[25,320],[135,130],[62,-47],[21,-49],[35,-9],[39,528],[220,-25],[25,-48],[256,-24],[-107,422],[54,-5],[13,172],[-1,59],[-77,6],[-82,167],[-41,118],[117,-12],[5,54],[132,-14],[2,29],[244,-23],[-6,-70],[59,-6],[14,200],[35,-2],[34,472],[-51,-7],[-11,66],[27,27],[79,39],[45,2],[64,-45],[13,239],[-93,45],[-63,-38],[-48,67],[108,-11],[1,276],[-18,42],[-17,104],[25,106],[-63,289],[40,15],[22,35],[43,6],[37,29],[32,-6],[39,59],[38,13],[80,-17],[25,16],[80,-3],[-3,-81],[88,6],[-96,140],[-21,97],[14,49],[70,35],[229,-28],[85,79],[-34,143],[-74,445]],[[84596,58355],[157,-16],[-23,-77],[15,-17],[136,-15],[-13,-148],[39,-57],[102,-51],[78,-53],[76,2],[56,-13],[28,-33],[-8,-74],[14,-43],[-23,-94],[24,-78],[-8,-94],[-150,13],[-22,-228],[8,-69],[-16,-46],[5,-48],[35,-36],[-1,-102],[-28,-73]],[[85077,56905],[-54,-70],[-62,35],[-42,-59],[43,-72],[79,-64],[2,-38],[72,-11],[66,-45],[5,-88],[15,-44],[42,-19],[38,-70],[41,-13],[-9,-41],[101,-107],[-13,-26],[27,-58],[142,-90],[55,95],[33,-4],[51,-82],[-2,-27]],[[85707,56007],[30,-71],[-3,-91],[73,0]],[[85807,55845],[-19,-239]],[[85788,55606],[-69,-55],[-48,-58],[5,-44],[-36,-23],[-27,-45],[-91,-109],[-65,48],[-232,247],[-44,-52],[-37,39],[-96,-112],[170,-181],[-23,-169],[60,-4],[81,-74],[2,-25]],[[85338,54989],[-91,14],[-372,43],[-25,-236],[37,-28],[-19,-294],[55,45],[98,-119],[-10,-10]],[[85011,54404],[-93,-97],[-100,-81],[7,-50],[72,-60],[38,-67],[-60,-68],[-1,-33]],[[84874,53948],[-124,7],[-83,-12],[-42,17],[-39,-32],[-35,26],[-49,2],[-99,72],[-5,34],[-41,45],[-47,0],[-38,32],[-59,-10],[-40,23],[-57,-4],[-37,-38],[-29,0],[-18,-230],[13,-36],[56,8],[58,-33],[8,-46],[-62,-68],[-6,-44],[-37,-34],[-46,-71],[150,-200],[334,-32],[-154,-173],[-82,-5],[-72,-21],[-5,-22],[68,-48],[-9,-102],[30,-23],[63,-90],[52,-47],[85,-105],[32,-84],[-20,-211]],[[86911,53853],[37,6],[23,-85],[-63,-92],[-16,-72],[15,-88],[-37,-68]],[[86324,55232],[18,61],[34,9],[50,60],[40,-53],[33,-8],[83,86],[47,-53],[-45,-76],[11,-27],[-52,-66],[-27,-117],[2,-70],[42,-47],[23,-62],[33,-25],[30,-84],[12,-107]],[[86713,54483],[32,-87],[57,-80]],[[86072,55693],[24,-27]],[[86096,55666],[17,-11]],[[86113,55655],[-21,-63],[39,-75]],[[86131,55517],[13,-34],[-10,-61]],[[86125,55429],[-27,87],[-8,86],[-32,76],[-25,18]],[[86033,55696],[21,22]],[[86054,55718],[18,-25]],[[85926,53825],[79,8],[46,-22]],[[84874,53948],[11,-47],[30,-31],[68,-29],[50,39],[15,64],[171,57],[49,47],[64,-28],[18,132],[36,40],[10,52],[88,20],[15,44],[88,-117],[-31,-9],[-5,-47]],[[85551,54135],[-55,-3],[22,-126],[-29,-17],[27,-48],[8,-70],[-78,-94],[73,-65],[41,33],[51,-16],[73,-63],[75,40],[-2,30],[135,-27],[30,31],[4,85]],[[86127,54757],[35,-58],[-72,-83],[-55,-35],[-79,2]],[[85956,54583],[-15,37],[-52,-33],[-45,82]],[[85844,54669],[6,92]],[[85850,54761],[30,53],[31,-6],[45,29],[14,83],[72,6]],[[85664,54673],[-11,-100],[-241,29],[-87,-4],[13,-74],[-34,-11],[-83,56],[-18,-205],[-61,-27],[-131,67]],[[85338,54989],[29,-130],[40,-1],[92,30],[64,45],[5,-62],[48,-31],[26,86],[84,-82],[0,-42]],[[85726,54802],[23,-55],[-33,-18],[-37,33],[-15,-89]],[[85674,56210],[-24,-37],[47,-44],[63,-111],[-53,-11]],[[85077,56905],[54,11],[69,-35],[-12,88],[53,60],[37,-30],[52,-4],[13,-53],[35,34],[37,-73],[34,-41],[43,44],[100,-20],[4,31],[84,21],[20,61],[-31,143],[-26,44],[1,78],[-59,69]],[[85585,57333],[73,-39],[41,-67],[12,-52],[28,-22],[24,-56],[0,-56],[19,-36],[-28,-64],[-24,-91],[0,-92],[42,-21],[22,-62],[-8,-71],[-49,-32],[-55,-98],[-10,-78],[13,-24],[-22,-90],[11,-72]],[[79113,62859],[-21,47],[-39,28],[-17,61],[-33,31],[-27,139],[9,42],[-10,86],[-54,68],[33,92],[48,74],[37,-4],[63,71],[43,10],[45,44],[52,99]],[[79242,63747],[130,251]],[[79372,63998],[43,-12],[20,42],[-61,13],[-13,51],[50,12],[50,46],[-28,49],[-90,-23],[-16,31],[-59,25],[-44,78],[-80,36],[-40,-87],[-45,-1],[-65,-43],[-58,38],[46,142],[55,132],[69,211],[27,131],[23,65],[28,21],[38,89],[118,307],[53,96],[52,62],[46,2],[-35,-65],[81,-177],[45,59],[64,-36],[32,43],[-19,52],[-53,69],[-52,14],[14,183],[21,132],[27,90],[44,49],[24,165],[48,168],[15,76],[28,62],[53,164],[34,147],[16,128],[-1,180]],[[79877,67014],[436,57],[-31,91],[30,67],[2,67],[-13,91],[70,91],[55,38],[80,12]],[[80506,67528],[29,14],[30,66],[49,58],[5,33],[76,49],[48,-50],[-13,-85],[104,-23],[22,-55],[54,5],[61,-50],[5,-69],[32,-62],[34,-36],[4,-111],[18,-52],[-5,-70],[-22,-73],[34,-141],[32,-4],[76,-135],[8,-53],[-63,-104],[-10,-91],[23,-28],[-8,-140],[30,-56],[13,-99],[-1,-176],[6,-54],[-17,-89],[6,-113],[35,-46],[42,-8],[16,-38],[65,-22],[43,-62],[47,-11],[76,6],[116,74],[73,-46],[2,-45],[65,-102],[-90,-206],[-73,-138],[-10,-83],[17,-44],[-5,-69],[-22,-74],[-7,-87],[25,-24],[179,-16],[65,-65],[64,-26],[20,-119],[-11,-89]],[[81898,64394],[-59,-41],[-50,-82],[-84,-3],[-83,-38],[-49,20],[-31,-96],[11,-53],[-52,-45],[-32,-79],[-149,14],[-42,-28],[21,-48],[-19,-71],[10,-41],[-48,-6],[-28,-42],[58,-67],[4,-49],[50,-40],[25,-45],[-16,-59],[-568,50],[-305,31],[-8,-114],[-310,30],[-45,-5],[21,302],[-174,15],[7,34],[-105,51],[-176,-244],[-170,226],[-116,-399],[-181,-116],[171,-635],[-49,-102],[-107,0],[1,144],[-108,96]],[[79983,64155],[-24,100],[-75,-9],[99,-91]],[[80003,68313],[27,-50],[59,-60],[8,-40],[42,-64],[-77,-86],[-41,27],[-51,-92],[-49,18],[-22,54],[-29,25],[-19,63],[1,62],[34,49],[66,32],[51,62]],[[79867,69229],[-55,41],[-6,34],[62,85],[110,25],[19,-98],[-11,-91],[-48,-47],[-46,-3],[-25,54]],[[79892,71043],[13,24],[143,59],[39,-61],[37,16],[50,-19],[-17,-50],[-61,-12],[-156,18],[-48,25]],[[81129,69463],[21,36],[36,-46],[-29,-20],[-28,30]],[[80872,70822],[32,-11],[62,31],[97,-11],[5,-20],[-82,-38],[-21,-40],[-62,-18],[-87,0],[-106,43],[3,42],[80,46],[79,-24]],[[80211,69090],[-72,-85],[-19,30],[-86,32],[-50,73],[35,54],[10,56],[45,37],[59,10],[69,-43],[26,6],[29,-101],[-46,-69]],[[80200,68478],[21,-49],[-37,-9],[-27,29],[43,29]],[[80094,68328],[46,26],[59,-11],[33,-69],[-54,-51],[-50,-10],[-55,69],[21,46]],[[79877,67014],[25,45],[14,132],[18,34],[-22,120],[-1,51],[-33,119],[17,66],[37,35],[66,35],[40,-15],[56,26],[58,-16],[66,24],[65,56],[19,64],[48,53],[59,172],[36,42],[90,5],[52,44],[54,-69],[52,-10],[32,-31],[-116,-191],[-48,-41],[5,-101],[-33,-57],[4,-39],[-31,-39]],[[86033,55696],[-116,48],[-66,58],[16,85],[-60,-42]],[[85674,56210],[29,-19],[64,-3],[7,-77],[70,-113],[23,-65],[77,-93],[27,-85],[83,-37]],[[86131,55517],[48,-28],[26,31]],[[86205,55520],[88,-129]],[[86072,55693],[24,-27]],[[86113,55655],[20,-50],[72,-85]],[[85850,54761],[-57,64],[-40,4],[-27,-27]],[[85788,55606],[-12,-148],[30,-81],[-50,-29],[46,-107],[75,-4],[15,-59],[51,-51],[119,-14]],[[85687,54633],[-23,40]],[[85844,54669],[-54,-41],[-103,5]],[[85967,54518],[-28,-100],[43,-49],[-36,-16],[-56,-58],[-30,-79],[-40,-50]],[[85820,54166],[-7,-13]],[[85813,54153],[-26,38]],[[85787,54191],[-27,66],[4,73],[-14,35],[-60,35],[-2,73],[28,16],[-37,124],[8,20]],[[85956,54583],[11,-65]],[[86234,54408],[-34,53],[-59,25],[-57,-61],[-31,62],[-86,31]],[[86109,54201],[-63,-67],[-58,35],[-81,-41],[-87,38]],[[85926,53825],[51,52],[-83,63],[10,132],[-66,20],[-25,61]],[[85787,54191],[-23,-65],[-51,-15],[-30,48],[-30,-42],[-60,0],[-42,18]],[[76960,53782],[81,29],[87,60],[39,9],[75,46],[71,79],[69,55],[45,-5],[60,71],[104,26]],[[77591,54152],[19,-34],[-24,-40],[-55,-28],[14,-69],[42,35],[64,-27],[29,36],[39,14],[49,-28],[1,55],[50,6],[-156,201],[-6,1]],[[77657,54274],[31,50],[42,191],[10,118],[57,150],[20,140],[-17,104],[19,87],[28,59],[66,60],[95,145],[24,70],[3,61],[60,32],[47,46],[77,99],[64,133],[21,141],[39,68],[24,-5]],[[78367,56023],[-28,-100],[87,-75],[29,10],[50,62],[39,-30],[35,18],[63,-66],[47,-141],[-116,-69],[6,-17],[167,-224],[-73,-85],[80,-49],[10,-43],[39,-43],[13,-42],[41,-13],[10,-40],[51,-55],[119,-103],[51,-36],[33,0],[59,-83],[45,-36],[81,-30],[101,109],[70,-86],[277,-31],[436,415],[30,-51],[19,-68],[84,-46],[32,-38],[46,-6]],[[77591,54152],[-2,14],[68,108]],[[83949,60758],[-45,-571],[-22,-248],[285,-33],[-1,-175],[58,-1],[-105,-233],[-106,17],[-98,-43],[-123,-252],[-18,-65],[624,-68],[-29,-375],[49,12],[50,-38],[26,38],[82,-45],[-51,-79],[-16,-50],[5,-50],[31,-14],[6,-92],[45,-38]],[[78367,56023],[49,126],[15,75],[-31,70],[53,151],[46,169],[5,83],[133,258],[15,89],[-35,74],[-31,154],[-34,71],[34,7],[29,87],[11,69],[15,230],[43,241],[36,158],[55,129],[58,178],[23,108],[31,50],[23,99],[2,103],[86,98],[22,63],[-17,46],[27,78],[26,32],[14,95],[-11,47],[-48,71],[-77,195],[-10,87],[-31,154],[-2,68],[-22,133],[0,103],[-49,218],[10,77],[34,144],[84,250],[7,51],[-15,160],[9,81],[-46,122],[-107,130],[-67,110],[-12,158],[40,192],[17,120],[6,114],[36,176],[48,135],[69,87],[26,59],[45,141],[92,133],[24,79],[-7,50]],[[81898,64394],[53,-102],[62,-43],[30,4],[70,-65],[34,4],[43,-59],[-55,-71],[-11,-85],[-33,-111],[-43,-107],[5,-66],[-16,-110],[84,2],[16,44],[73,36],[44,-32],[41,8],[35,34],[47,-2],[-55,-117],[-25,-104],[25,-18],[-14,-49],[18,-49],[-14,-65],[-7,-173],[5,-49],[26,-47],[-6,-180],[15,-125],[23,-64],[74,-49],[28,-82],[1,-59],[-31,-138],[13,-72],[-45,-84],[-25,-120],[-8,-164],[-20,-61],[29,-105],[78,-115],[16,-102],[35,-106],[28,-46],[74,-60],[24,-114],[18,-124],[-7,-119],[14,-67],[33,-76],[35,-162],[35,-88],[73,-117],[97,-88],[74,-23],[47,4],[35,-24],[61,14],[135,47],[61,43],[57,83],[25,0],[93,136],[10,54],[-8,106],[37,15],[49,-21],[43,-65],[80,-26],[113,40],[37,36],[63,24]],[[79242,63747],[53,166],[19,105],[25,13],[33,-33]],[[74609,55513],[16,-19],[-83,-67],[-7,70],[74,16]],[[75222,54867],[-38,48],[-46,-14],[-38,-52],[-26,43],[21,49],[67,56],[24,62],[39,10],[33,70],[68,-93],[21,-76],[25,-29],[-32,-36],[-58,-11],[-10,-28],[-50,1]],[[75647,56152],[-42,33],[27,58],[31,-57],[-16,-34]],[[74647,55832],[-15,32],[18,51],[84,74],[18,77],[41,36],[0,28],[86,55],[34,36],[42,-10],[53,28],[101,16],[79,-3],[42,37],[69,32],[40,45],[97,-28],[78,-93],[46,-2],[39,-58],[2,-66],[-75,-18],[-110,-74],[-27,55],[-5,57],[-62,28],[-25,-59],[-49,1],[-37,-32],[-23,-201],[-41,-2],[16,-74],[-62,-13],[-16,55],[-25,16],[-42,-69],[-78,-81],[-21,-41],[-43,-10],[-43,18],[-61,-14],[-20,47],[-32,5],[-18,84],[-41,-2],[-14,37]],[[74689,55732],[8,-47],[-45,-38],[-25,15],[-13,54],[55,73],[20,-57]],[[83626,60945],[38,21],[18,-75],[-76,7],[20,47]],[[83949,60758],[40,45],[67,151],[50,-11],[61,-122],[66,-64],[-28,-98],[15,-114],[68,5],[23,-41],[-29,-81],[-9,-107],[11,-30],[55,-36],[50,-101],[54,-9],[106,23],[11,-97],[101,-44],[79,10],[47,-10],[30,-108],[29,1],[17,-145],[29,-24],[59,-8],[8,-50],[26,-36],[120,-19],[78,-64],[75,-18],[92,16],[-20,-69],[8,-32],[74,-88],[28,-58],[126,4],[-8,-65],[-103,-121],[-71,-139],[-25,-67],[7,-109],[57,-129],[71,-5],[31,26],[45,-32],[-72,-54],[-53,-70],[25,-41],[-17,-65],[-47,-48],[-38,-81],[55,-71],[11,-71],[-13,-59],[29,-46],[55,-15],[16,-79],[-21,-19],[5,-83],[77,-137],[13,-87],[-28,-87],[10,-54],[33,-19],[-38,-131],[13,-38]],[[73674,18135],[-11,-1]],[[73663,18134],[-31,-2]],[[73632,18132],[-3,25]],[[73629,18157],[-7,44]],[[73622,18201],[63,-1]],[[73685,18200],[4,-21]],[[73689,18179],[16,-29]],[[73705,18150],[0,-13]],[[73705,18137],[-31,-2]],[[73622,18201],[9,10]],[[73631,18211],[26,11]],[[73657,18222],[28,-22]],[[73622,18201],[-35,-4]],[[73587,18197],[-1,33]],[[73586,18230],[48,-4]],[[73634,18226],[-3,-15]],[[73586,18230],[1,40]],[[73587,18270],[43,2]],[[73630,18272],[4,-46]],[[73571,18271],[16,6]],[[73587,18277],[0,-7]],[[73587,18197],[-6,-3]],[[73581,18194],[-11,16]],[[73570,18210],[-11,11]],[[73559,18221],[12,50]],[[73587,18277],[-2,45]],[[73585,18322],[41,2]],[[73626,18324],[2,-45]],[[73628,18279],[2,-7]],[[73559,18221],[-36,31]],[[73523,18252],[15,42]],[[73538,18294],[7,-5]],[[73545,18289],[26,-18]],[[73545,18289],[40,33]],[[73538,18294],[-28,24]],[[73510,18318],[20,82]],[[73530,18400],[12,-5]],[[73542,18395],[1,-40],[86,5],[-3,-36]],[[73523,18252],[-31,9]],[[73492,18261],[-1,43]],[[73491,18304],[19,14]],[[73491,18304],[-8,14]],[[73483,18318],[-11,37]],[[73472,18355],[25,3]],[[73497,18358],[33,42]],[[73534,18490],[33,-61],[-52,-2],[19,63]],[[73472,18355],[-17,4]],[[73455,18359],[14,41]],[[73469,18400],[38,2]],[[73507,18402],[-10,-44]],[[73469,18400],[-4,32]],[[73465,18432],[39,6]],[[73504,18438],[3,-36]],[[73465,18432],[-18,29],[47,41],[10,-64]],[[73447,18292],[8,67]],[[73483,18318],[-2,-12]],[[73481,18306],[-34,-14]],[[73481,18306],[-21,-36]],[[73460,18270],[-6,-4]],[[73454,18266],[-7,26]],[[73492,18261],[1,-3]],[[73493,18258],[-33,12]],[[73493,18258],[3,-52]],[[73496,18206],[-14,-58]],[[73482,18148],[-28,118]],[[73521,18207],[-25,-1]],[[73570,18210],[-49,-3]],[[73521,18207],[2,-30]],[[73523,18177],[-7,-28]],[[73516,18149],[-2,-55]],[[73514,18094],[-19,4]],[[73495,18098],[-13,50]],[[73581,18194],[-1,-3]],[[73580,18191],[-57,-14]],[[73629,18157],[-18,-24]],[[73611,18133],[-33,25]],[[73578,18158],[2,33]],[[73578,18158],[-8,-12]],[[73570,18146],[-54,3]],[[73572,18131],[-2,15]],[[73611,18133],[1,-9]],[[73612,18124],[-40,7]],[[73630,18082],[-15,-1]],[[73615,18081],[17,51]],[[73663,18134],[-6,-50]],[[73657,18084],[-27,-2]],[[73615,18081],[-3,43]],[[73550,18095],[0,5]],[[73550,18100],[22,31]],[[73615,18081],[-16,-1]],[[73599,18080],[-49,15]],[[73599,18080],[2,-30]],[[73601,18050],[-48,13]],[[73553,18063],[-1,2]],[[73552,18065],[-2,30]],[[73633,18029],[-31,-2]],[[73602,18027],[-1,23]],[[73630,18082],[3,-53]],[[73552,18065],[-25,29]],[[73527,18094],[23,6]],[[73666,18016],[-2,-24]],[[73664,17992],[-12,-5]],[[73652,17987],[-19,42]],[[73657,18084],[9,-68]],[[73610,17944],[-12,9]],[[73598,17953],[-8,25]],[[73590,17978],[12,49]],[[73652,17987],[-42,-43]],[[73574,17977],[-19,45]],[[73555,18022],[-2,41]],[[73590,17978],[-16,-1]],[[73539,18010],[-33,-2]],[[73506,18008],[-3,23]],[[73503,18031],[50,32]],[[73555,18022],[-16,-12]],[[73503,18031],[-8,67]],[[73514,18094],[13,0]],[[73574,17977],[-16,-1]],[[73558,17976],[-19,34]],[[73598,17953],[-5,-3]],[[73593,17950],[-32,-19]],[[73561,17931],[-1,22]],[[73560,17953],[-2,23]],[[73560,17953],[-44,5]],[[73516,17958],[-10,50]],[[73491,17891],[25,67]],[[73561,17931],[2,-30],[-72,-10]],[[73638,17935],[-28,9]],[[73664,17992],[2,-1]],[[73666,17991],[-28,-56]],[[73752,17973],[8,-35]],[[73760,17938],[-37,3],[-23,-55]],[[73700,17886],[-62,49]],[[73666,17991],[86,-18]],[[73666,18016],[88,17],[12,-14]],[[73766,18019],[36,-34]],[[73802,17985],[-50,-12]],[[73693,18086],[-36,-2]],[[73674,18135],[19,-49]],[[73693,18086],[16,1]],[[73709,18087],[57,-13]],[[73766,18074],[12,-22]],[[73778,18052],[-12,-33]],[[73705,18137],[17,-12]],[[73722,18125],[-13,-38]],[[73754,18121],[31,-30]],[[73785,18091],[-19,-17]],[[73722,18125],[32,-4]],[[73735,18164],[20,-14]],[[73755,18150],[-1,-29]],[[73705,18150],[30,14]],[[73793,18110],[13,-47]],[[73806,18063],[-21,28]],[[73755,18150],[27,17]],[[73782,18167],[29,-11]],[[73811,18156],[-12,-16]],[[73799,18140],[-6,-30]],[[73689,18179],[45,10]],[[73734,18189],[1,-25]],[[73764,18203],[17,-11]],[[73781,18192],[1,-25]],[[73734,18189],[-1,15]],[[73733,18204],[31,-1]],[[73685,18200],[9,27]],[[73694,18227],[39,-23]],[[73746,18255],[16,-14]],[[73762,18241],[2,-38]],[[73694,18227],[30,19]],[[73724,18246],[22,9]],[[73781,18192],[80,39]],[[73861,18231],[30,-18]],[[73891,18213],[-24,-38]],[[73867,18175],[-56,-19]],[[73762,18241],[62,6]],[[73824,18247],[27,0]],[[73851,18247],[10,-16]],[[73746,18255],[14,23]],[[73760,18278],[63,-8]],[[73823,18270],[1,-23]],[[73825,18297],[-2,-27]],[[73760,18278],[21,29]],[[73781,18307],[20,2]],[[73801,18309],[21,-2]],[[73822,18307],[3,-10]],[[73878,18304],[-27,-57]],[[73825,18297],[53,7]],[[73920,18294],[67,-8]],[[73987,18286],[3,-6]],[[73990,18280],[-70,14]],[[73657,18222],[11,16]],[[73668,18238],[29,14]],[[73697,18252],[12,10]],[[73709,18262],[15,-16]],[[73628,18279],[37,3]],[[73665,18282],[1,-8]],[[73666,18274],[2,-36]],[[73666,18274],[29,13]],[[73695,18287],[2,-35]],[[73626,18324],[36,3]],[[73662,18327],[3,-45]],[[73662,18327],[42,20]],[[73704,18347],[38,-17]],[[73742,18330],[-47,-43]],[[73742,18330],[7,1]],[[73749,18331],[39,2]],[[73788,18333],[-28,-25]],[[73760,18308],[-51,-46]],[[73760,18308],[21,-1]],[[73788,18333],[11,1]],[[73799,18334],[2,-25]],[[73877,18344],[3,-1]],[[73880,18343],[4,-41]],[[73884,18302],[-6,2]],[[73822,18307],[55,37]],[[73799,18334],[40,14]],[[73839,18348],[35,1]],[[73874,18349],[3,-5]],[[73906,18416],[26,-28],[-21,-46]],[[73911,18342],[-31,1]],[[73874,18349],[-5,65]],[[73869,18414],[37,2]],[[73788,18333],[-7,54]],[[73781,18387],[10,19]],[[73791,18406],[47,5]],[[73838,18411],[1,-63]],[[73749,18331],[21,55]],[[73770,18386],[11,1]],[[73542,18395],[30,59]],[[73572,18454],[41,0],[43,-29]],[[73656,18425],[48,-78]],[[73656,18425],[0,12]],[[73656,18437],[34,-11]],[[73690,18426],[28,-19]],[[73718,18407],[18,-13]],[[73736,18394],[-32,-47]],[[73811,18454],[1,-6]],[[73812,18448],[-21,-42]],[[73770,18386],[-34,8]],[[73718,18407],[27,36]],[[73745,18443],[66,11]],[[73838,18411],[1,1]],[[73839,18412],[30,2]],[[73690,18426],[28,36]],[[73718,18462],[22,11]],[[73740,18473],[5,-30]],[[73656,18437],[-3,49]],[[73653,18486],[65,-24]],[[73653,18486],[47,85]],[[73700,18571],[40,-44]],[[73740,18527],[21,-15]],[[73761,18512],[-21,-39]],[[73761,18512],[50,6]],[[73811,18518],[26,1]],[[73837,18519],[-26,-65]],[[73572,18454],[-14,58],[-42,53]],[[73516,18565],[36,10],[-16,78],[46,12],[58,-17]],[[73640,18648],[30,-38]],[[73670,18610],[30,-39]],[[73670,18610],[21,38],[60,-30]],[[73751,18618],[29,-15]],[[73780,18603],[-40,-76]],[[73780,18603],[50,-1]],[[73830,18602],[-19,-84]],[[73751,18618],[20,38]],[[73771,18656],[80,-16],[-21,-38]],[[73771,18656],[-11,55]],[[73760,18711],[72,-36],[24,46]],[[73856,18721],[57,30]],[[73913,18751],[78,-27]],[[73991,18724],[108,-52]],[[74099,18672],[-27,-66],[6,-62],[-38,-67]],[[74040,18477],[-46,14]],[[73994,18491],[-29,-7]],[[73965,18484],[-56,38],[-72,-3]],[[73760,18711],[26,50]],[[73786,18761],[63,18],[7,-58]],[[73786,18761],[18,44]],[[73804,18805],[100,17],[47,-45],[-38,-26]],[[73760,18711],[-58,29],[-1,35]],[[73701,18775],[14,4]],[[73715,18779],[89,26]],[[74044,18985],[14,-129],[-40,-38]],[[74018,18818],[25,-61],[-52,-33]],[[73715,18779],[0,101]],[[73715,18880],[0,55],[44,1],[13,39],[41,1]],[[73813,18976],[72,-8]],[[73885,18968],[37,-44],[41,53],[81,8]],[[73516,18565],[-42,23],[-38,50],[-64,50]],[[73372,18688],[51,-1],[49,53],[184,24]],[[73656,18764],[16,-58],[-32,-58]],[[73656,18764],[45,11]],[[73854,18435],[-42,13]],[[73965,18484],[-39,-28]],[[73926,18456],[-72,-21]],[[73839,18412],[15,23]],[[73926,18456],[-20,-40]],[[73952,18354],[-41,-12]],[[73994,18491],[-5,-71],[-37,-66]],[[74013,18325],[-26,-39]],[[73920,18294],[-36,8]],[[73952,18354],[48,29]],[[74000,18383],[13,-58]],[[74040,18477],[-40,-94]],[[73990,18280],[62,-41]],[[74052,18239],[-34,-27]],[[74018,18212],[-12,-34]],[[74006,18178],[-56,6]],[[73950,18184],[-13,2]],[[73937,18186],[-46,27]],[[73896,18150],[-29,25]],[[73937,18186],[-41,-36]],[[73950,18184],[-19,-67]],[[73931,18117],[-26,-7]],[[73905,18110],[-49,9]],[[73856,18119],[1,3]],[[73857,18122],[39,28]],[[74006,18178],[-15,-58]],[[73991,18120],[-54,-14]],[[73937,18106],[-6,11]],[[74008,18107],[-8,-15]],[[74000,18092],[-9,28]],[[74018,18212],[10,-48],[-20,-57]],[[73799,18140],[58,-18]],[[73856,18119],[7,-23]],[[73863,18096],[-70,14]],[[73905,18110],[-8,-39]],[[73897,18071],[-27,3]],[[73870,18074],[-7,22]],[[73937,18106],[-14,-29]],[[73923,18077],[-26,-6]],[[73925,18061],[-2,16]],[[74000,18092],[-13,-42]],[[73987,18050],[-62,11]],[[73806,18063],[-28,-11]],[[73925,18061],[-11,-18]],[[73914,18043],[-44,31]],[[73914,18043],[3,-23]],[[73917,18020],[-52,-48]],[[73865,17972],[-18,3]],[[73847,17975],[-45,10]],[[73936,17960],[42,-2]],[[73978,17958],[4,-72],[77,-16]],[[74059,17870],[8,-106],[40,-53],[63,-36]],[[74170,17675],[-55,-84],[-28,-7]],[[74087,17584],[-75,26],[-24,44],[5,63],[-93,3]],[[73900,17720],[-114,45],[4,59],[23,25],[-4,56],[-28,38]],[[73781,17943],[57,3],[9,29]],[[73865,17972],[71,-12]],[[73917,18020],[19,-60]],[[73987,18050],[0,-23]],[[73987,18027],[-9,-69]],[[73781,17943],[-21,-5]],[[73900,17720],[-28,-54],[-111,-42]],[[73761,17624],[-107,95]],[[73654,17719],[0,71]],[[73654,17790],[88,39],[-42,57]],[[74004,17493],[-8,-23],[47,-84],[-26,-37],[-53,-24],[-39,10],[-24,-43]],[[73901,17292],[-15,60],[-41,62]],[[73845,17414],[14,39]],[[73859,17453],[18,37],[41,6],[4,50],[33,37],[49,-90]],[[73500,17827],[-39,-1]],[[73461,17826],[30,65]],[[73593,17950],[4,-91],[-30,-15]],[[73567,17844],[-67,-17]],[[73654,17790],[-17,18]],[[73637,17808],[-46,14]],[[73591,17822],[-24,22]],[[73502,17795],[-2,-31]],[[73500,17764],[-37,-6]],[[73463,17758],[-3,-1]],[[73460,17757],[-27,18]],[[73433,17775],[28,51]],[[73500,17827],[2,-32]],[[73591,17822],[-21,-23],[-68,-4]],[[73637,17808],[-86,-75],[-55,-3]],[[73496,17730],[4,34]],[[73654,17719],[-28,-27],[-72,-11],[-42,-28]],[[73512,17653],[-16,77]],[[73462,17728],[1,30]],[[73496,17730],[-34,-2]],[[73462,17728],[0,-9]],[[73462,17719],[-32,1]],[[73430,17720],[2,28]],[[73432,17748],[28,9]],[[73432,17748],[1,27]],[[73427,17647],[3,73]],[[73462,17719],[3,-37]],[[73465,17682],[-38,-35]],[[73512,17653],[-28,-32]],[[73484,17621],[-19,61]],[[73429,17558],[-2,89]],[[73484,17621],[-12,-54]],[[73472,17567],[-43,-9]],[[73419,17504],[10,54]],[[73472,17567],[4,-54]],[[73476,17513],[-57,-9]],[[73477,17491],[-1,22]],[[73761,17624],[-32,-61]],[[73729,17563],[-31,12],[-68,-75],[-153,-9]],[[73558,17268],[-28,42]],[[73530,17310],[-14,47],[10,71],[-45,-2]],[[73481,17426],[-4,65]],[[73729,17563],[37,-85],[64,5],[29,-30]],[[73845,17414],[-45,-9],[-20,-62],[-56,-2],[-84,-23],[-20,-29],[-62,-21]],[[73393,17355],[-6,100],[32,49]],[[73481,17426],[-44,-25],[3,-43],[-47,-3]],[[73530,17310],[-67,-37],[0,-22],[-84,-16],[-32,38]],[[73347,17273],[34,17],[12,65]],[[74087,17584],[-17,-38],[-54,-20],[-12,-33]],[[73634,17210],[26,-6],[25,-62],[-129,-37],[-101,20],[-62,-65],[-71,8]],[[73322,17068],[17,97],[-84,15]],[[73255,17180],[-71,-10]],[[73184,17170],[22,34],[72,45],[69,24]],[[73558,17268],[-2,-30],[51,-42],[27,14]],[[73322,17068],[23,-61],[-22,-34],[25,-79],[-62,-31],[31,-83],[-47,-12],[46,-74]],[[73316,16694],[-210,2]],[[73106,16696],[16,55],[-43,74],[39,66],[6,48],[106,-21],[19,50],[-50,27],[-27,50],[4,78],[78,-11],[1,68]],[[73106,16696],[-109,-47],[-102,2],[-122,77],[-3,42],[52,87],[81,88],[43,-11],[170,106],[68,130]],[[73901,17292],[-13,-24],[-141,1],[-7,-62]],[[73740,17207],[-59,37],[-47,-34]],[[73740,17207],[8,-3]],[[73748,17204],[17,-104],[18,-32]],[[73783,17068],[-9,-31]],[[73774,17037],[-23,-82],[23,-47]],[[73774,16908],[-56,-15],[-57,-70],[11,-24],[-65,-37],[-76,-70],[-74,18],[-93,6],[-48,-22]],[[73839,16946],[-16,-31],[-49,-7]],[[73774,17037],[42,-29],[23,-62]],[[73783,17068],[105,9],[28,-32],[4,-98]],[[73920,16947],[-81,-1]],[[74124,17110],[16,-57],[65,-57],[72,-42],[52,-13]],[[74329,16941],[-8,-6]],[[74321,16935],[-13,-37],[-61,-44],[-95,8]],[[74152,16862],[-106,46],[-126,39]],[[73748,17204],[95,21],[32,-35],[66,-10],[76,11],[107,-81]],[[71310,16408],[-30,-18],[-5,28],[35,-10]],[[72158,16316],[-3,-38]],[[72155,16278],[-69,28],[50,42],[10,59],[-58,22],[136,79]],[[72224,16508],[34,-57],[-101,-87],[1,-48]],[[72154,16257],[1,21]],[[72158,16316],[85,-21],[32,18],[17,51],[52,11],[70,76],[3,62],[24,23],[116,-6],[128,-47],[40,-42],[-3,-36],[38,-48],[54,-33],[-14,-59],[-124,-115],[-32,3],[-149,78],[-49,11],[-48,-23],[-61,27],[-78,13],[-105,-2]],[[72154,16257],[-32,-50],[-112,-16],[-98,-72],[-14,-66],[33,-49],[-27,-70],[-116,-36],[-58,-61],[-71,-34],[-141,118],[-22,35],[-139,16],[-166,32],[-26,-13],[-12,-59],[-80,-49],[-51,32],[-95,-18],[-91,18],[-95,-17],[-50,-35],[-97,54],[-49,-5],[-28,-34],[-157,-18],[-33,15],[-34,68],[-64,81],[-49,23],[-37,-14],[-41,25],[0,35],[-67,74],[-16,42],[54,55],[-6,42],[32,69],[-9,61],[24,34],[73,0],[120,19],[36,35],[60,-2],[57,48],[133,13],[158,40],[211,13],[93,34],[37,46],[110,11],[52,35],[58,8],[80,49],[127,-23],[117,-11],[78,31],[29,-29],[63,18],[28,29],[126,9],[-8,-50],[-39,3],[-67,-58],[24,-49],[58,14],[47,-39],[-66,-49],[-48,-73],[43,-45],[43,9],[72,-17],[114,8],[63,26],[28,-15]],[[74099,18672],[21,-46],[70,-6],[9,-60],[26,-23]],[[74225,18537],[-52,-17],[-8,-64],[-59,-80]],[[74106,18376],[-93,-51]],[[74106,18376],[52,-61],[5,-51]],[[74163,18264],[-74,-28]],[[74089,18236],[-37,3]],[[74216,18276],[-53,-12]],[[74225,18537],[75,-55]],[[74300,18482],[-13,-37]],[[74287,18445],[-57,-41],[28,-58]],[[74258,18346],[-42,-70]],[[74441,18394],[-12,-16]],[[74429,18378],[-97,-37],[-74,5]],[[74287,18445],[57,-5],[97,-46]],[[74704,18673],[6,-48],[-46,-117],[-6,-93],[-58,-7]],[[74600,18408],[-122,25],[-37,-39]],[[74300,18482],[29,70],[35,-30],[97,93],[-17,49],[-74,26],[-18,51],[23,24],[-27,118]],[[74348,18883],[20,50]],[[74368,18933],[187,-82],[-6,-56],[152,-1],[3,-121]],[[74429,18160],[-66,44],[36,46],[30,128]],[[74600,18408],[-25,-236]],[[74575,18172],[-31,-22],[-53,21],[-62,-11]],[[74699,18123],[-51,2],[-18,30],[-55,17]],[[74704,18673],[43,12],[63,-35],[-8,-106]],[[74802,18544],[13,-57],[-16,-128],[-36,0],[-21,-87],[-55,-32],[12,-117]],[[74802,18544],[115,58],[42,-83],[260,-4],[117,161],[85,-2],[48,-20],[37,15],[32,74],[-2,33]],[[75536,18776],[170,-18],[-1,-209]],[[75705,18549],[3,-594]],[[75708,17955],[0,-35]],[[75708,17920],[-199,34],[-49,24]],[[75460,17978],[0,104],[-240,0],[-3,75],[-204,4],[0,-79],[44,0],[0,-130],[-43,-1]],[[75014,17951],[-65,82],[2,60],[-89,-18],[-42,49],[-48,25],[-22,-37],[-51,11]],[[75445,18772],[25,-27]],[[75470,18745],[-25,27]],[[74089,18236],[-3,-52]],[[74086,18184],[8,-79]],[[74094,18105],[-61,-11]],[[74033,18094],[-25,13]],[[74216,18276],[-5,-57],[-56,-12],[-6,-52],[-63,29]],[[74178,18002],[-35,-20]],[[74143,17982],[-2,-3]],[[74141,17979],[-16,-23]],[[74125,17956],[-22,-8]],[[74103,17948],[-52,26],[-64,53]],[[74033,18094],[85,-93],[60,1]],[[74094,18105],[94,-52],[6,-25]],[[74194,18028],[-16,-26]],[[74429,18160],[-26,-41],[37,-57],[-18,-52],[3,-74]],[[74425,17936],[-72,30],[0,50],[-66,5],[-24,26],[-69,-19]],[[74103,17948],[-35,-39]],[[74068,17909],[-9,-39]],[[74125,17956],[16,23]],[[74143,17982],[34,-79]],[[74177,17903],[-93,-9],[-16,15]],[[74177,17903],[78,-18]],[[74255,17885],[5,-66],[23,-47]],[[74283,17772],[-18,-39],[-74,-20],[-21,-38]],[[74425,17936],[-6,-47],[20,-98],[-79,-4],[-1,-34]],[[74359,17753],[-72,26]],[[74287,17779],[58,70],[-90,36]],[[74819,17417],[-177,-1],[4,75]],[[74646,17491],[9,145],[54,1],[-1,63],[59,16],[-6,42],[38,80],[9,70],[95,3],[88,-10],[23,50]],[[75460,17978],[0,-289]],[[75460,17689],[-200,-7],[-6,71],[-133,4],[0,-17],[-141,0],[-24,-27],[88,-77]],[[75044,17636],[-40,-28],[97,-72]],[[75101,17536],[-104,-34],[-54,16],[1,-93],[-125,-8]],[[74646,17491],[-161,80],[0,100],[-69,56],[-57,26]],[[74287,17779],[-4,-7]],[[74636,17286],[-130,-10],[-31,-66]],[[74475,17210],[-84,-15]],[[74391,17195],[-3,64],[-54,2],[-80,28],[-24,55],[-46,-15],[-13,-93],[37,-8],[-19,-102],[-65,-16]],[[74819,17417],[-8,-65],[-88,24],[-87,-90]],[[74391,17195],[-73,-30],[-37,-81],[12,-46],[56,-35],[87,-12],[-9,-35],[-98,-15]],[[74636,17286],[-3,-45],[-158,-31]],[[75071,17232],[0,-129],[24,-28],[53,-2],[38,-32],[75,34],[44,-9],[9,-40],[146,1],[0,-134]],[[75460,16893],[-76,-45],[-48,29],[-75,-2],[-4,-94],[-232,1],[-41,-48],[-18,-132],[-67,2],[-62,-31],[-60,8],[-38,89],[78,26],[-2,35],[-66,-9],[-50,-29],[-65,-1],[-33,-57],[-101,95],[-89,54],[-31,41],[24,35],[-17,47],[-66,28]],[[75101,17536],[50,-35],[22,-52],[-55,-48],[-36,-57],[-11,-112]],[[75460,17689],[0,-126]],[[75460,17563],[0,-74]],[[75460,17489],[-193,2],[23,35],[-32,40],[0,70],[-214,0]],[[75460,17489],[0,-148]],[[75460,17341],[-113,1],[-53,-53],[-7,-57],[-216,0]],[[75460,17341],[0,-62],[125,0],[0,-52],[144,11],[0,-97],[160,1],[1,-79],[53,0],[-4,-113],[57,-60],[48,-16]],[[76044,16874],[-28,-52],[6,-53],[-84,38],[2,-42],[-197,0],[-48,-33],[0,-57],[-235,0]],[[75460,16675],[0,218]],[[76236,16430],[59,-22],[-10,-72],[-114,-1],[-71,-72],[-52,5],[-43,-43],[-67,24],[-96,3]],[[75842,16252],[-62,83],[-37,-1],[1,122],[51,-33],[157,1],[6,41],[119,1],[46,-38],[113,2]],[[77844,13825],[-42,46],[-210,-4],[28,92],[-48,0],[8,70],[25,73],[-8,140],[-69,23],[-71,5],[8,99],[63,-2],[-1,207]],[[77527,14574],[311,0]],[[77846,13223],[-320,4],[1,134],[195,-21],[44,25],[78,-14]],[[75460,16675],[2,-116],[-181,12],[-19,9],[0,-247],[125,-180]],[[75387,16153],[179,-259],[141,-457]],[[75707,15437],[-87,2],[59,-109],[51,-124],[108,-312],[6,-51],[39,-118],[20,-17],[31,-152],[-48,-22]],[[75886,14534],[-70,271],[-60,181],[-138,323],[-96,186],[-113,192],[-71,108],[-117,158],[-125,149],[-146,159],[-209,197],[-192,155],[-125,91],[-143,91],[-129,67]],[[75842,16252],[-40,-25],[-217,0],[-198,-74]],[[76044,16874],[76,-44],[0,-66],[110,1],[0,-90],[110,0]],[[76340,16675],[-9,-106],[-28,-20],[-70,0],[3,-119]],[[76213,15429],[-506,8]],[[76340,16675],[237,1]],[[76577,16676],[-1,-445]],[[76576,16231],[-42,-26],[-61,4],[-4,-91],[-21,-56],[-167,-140],[3,-37],[-71,0],[0,-456]],[[77081,15431],[-189,0],[-1,-440]],[[76891,14991],[-459,0]],[[76432,14991],[-220,0],[1,438]],[[76576,16231],[1,-164],[145,1],[0,-31],[210,-1],[0,72],[520,-1],[0,238],[217,2],[1,-53],[79,1],[-5,-54],[85,0]],[[77830,15881],[-377,1],[-1,-31],[-50,-58],[-66,-118],[-145,-27],[13,-60],[-1,-157],[-122,0]],[[77527,14574],[-318,0],[1,354]],[[77210,14928],[0,63],[129,1],[1,117],[66,-3],[-1,177],[-133,-8],[-92,15],[-73,25],[6,74],[-32,42]],[[77834,15436],[-260,-2],[-1,-136],[50,-10],[1,-70],[-50,-5],[0,-56],[78,-7],[2,-97],[45,0],[8,-109],[130,-24]],[[77210,14928],[-81,-19],[-32,19],[-87,-1],[-118,24],[-1,40]],[[77209,13480],[-56,11],[-24,35],[-52,23],[-37,111],[-34,30],[-116,420],[1,421],[-216,0]],[[76675,14531],[-79,176],[-34,54],[26,18],[-145,179],[-11,33]],[[77843,13524],[-634,5],[0,-49]],[[77209,13480],[-3,-252]],[[77206,13228],[-326,1]],[[76880,13229],[-320,0],[-24,42],[-43,17],[-113,14],[-97,-5]],[[76283,13297],[-5,232]],[[76278,13529],[1,296]],[[76279,13825],[183,8],[98,-8],[79,65],[-54,88],[-10,91],[-1,176]],[[76574,14245],[1,287],[100,-1]],[[76279,13825],[1,328],[50,-27],[9,50],[71,-9],[20,60],[71,0],[73,18]],[[76278,13529],[-192,1],[-31,13],[-97,-15],[0,34],[-102,43],[-94,-29]],[[75762,13576],[0,86],[-44,65],[-38,11],[-4,104],[-36,48],[-91,87],[136,100],[57,23],[69,63],[56,92],[20,115],[-1,164]],[[76283,13297],[-36,-35],[-2,-117],[-42,27],[-24,-88],[-89,98],[-68,-33],[-9,-74],[-23,-9]],[[75990,13066],[-55,54],[-42,80],[-60,63],[-62,95],[-68,133],[-31,30],[23,37],[67,18]],[[77313,12933],[21,95],[5,146],[13,53],[-146,1]],[[77844,12470],[-69,-2],[-206,100],[-6,-83],[-61,13]],[[77502,12498],[-47,62],[0,73],[72,0],[2,299],[-216,1]],[[77502,12498],[-19,17],[-158,7]],[[77325,12522],[-18,46],[9,66],[-112,0],[2,300]],[[77206,12934],[107,-1]],[[77206,12934],[0,99],[-63,0],[-27,89],[-26,33],[-210,3],[0,71]],[[77325,12522],[-61,-6],[-99,17],[-22,56],[-58,-8]],[[77085,12581],[-52,53],[-150,0],[0,104],[-29,45],[28,58],[-1,65],[91,-8],[29,-39],[67,-13],[48,59],[90,29]],[[77085,12581],[-10,-92],[63,0],[5,-37],[45,-44],[-51,-35],[-37,-101],[-141,1],[5,-69],[-24,-20],[-117,-27],[10,-19],[-45,-74]],[[76788,12064],[-81,156],[-16,48],[-90,161],[-145,180],[-126,96],[28,69],[-123,120],[-48,20],[-31,-28],[-60,44],[-106,136]],[[77571,12195],[-56,-61],[-66,34],[17,66],[41,9],[64,-48]],[[77833,11715],[-112,16],[-50,-6],[-55,20],[-93,-8],[-39,-23],[-90,10],[-97,-17],[-35,39],[-124,40],[-96,65],[-48,62],[-62,49],[-60,12],[-77,66],[-7,24]],[[76577,17441],[90,2],[6,-52],[50,0],[10,-152],[-12,-94],[-26,0],[6,-95],[43,-7],[4,-138],[65,0],[1,-149],[-236,-4],[-1,-76]],[[75460,17563],[349,0]],[[75809,17563],[135,0],[0,-149],[633,-2],[0,29]],[[76577,17441],[-1,350]],[[76576,17791],[313,0],[-1,183]],[[76888,17974],[313,5]],[[77201,17979],[0,-186]],[[77201,17793],[1,-657],[10,-53],[52,-70],[-58,-9],[20,-98],[246,1]],[[77472,16907],[360,2]],[[77201,17793],[313,0],[1,-647],[12,-40],[-59,-91],[-12,-45],[16,-63]],[[77201,17979],[45,33],[0,70],[67,8],[-2,98],[-22,3],[1,90],[-53,0],[0,48],[189,6],[-10,47],[168,-59],[31,-42],[66,1],[-1,46],[152,14]],[[75708,17920],[0,-68],[30,-41],[9,-59],[31,-14],[3,-102],[28,-73]],[[75708,17955],[49,8],[135,-4],[8,38],[54,-15],[90,10],[89,-10]],[[76133,17982],[63,-84],[-30,-44],[410,3],[0,-66]],[[76443,18643],[-200,0],[-1,-358],[-164,-1],[-8,-83],[28,-74],[35,-145]],[[75705,18549],[212,-3],[1,66],[-35,37],[-3,141],[45,31],[90,-14],[1,82]],[[76016,18889],[115,0],[0,68],[113,0],[0,58],[167,-1],[46,26],[17,-130]],[[76474,18910],[-12,-1],[0,-196],[-19,-70]],[[76443,18643],[81,0],[28,-56],[9,-84],[-14,-95],[22,-112],[209,-15]],[[76778,18281],[110,0],[0,-307]],[[76779,18760],[-1,-479]],[[76474,18910],[112,3],[114,-8]],[[76700,18905],[0,-63],[22,-39],[57,0],[0,-43]],[[76779,18760],[407,-1],[-1,102],[28,2],[17,75],[-6,47],[75,26],[-1,388],[8,9]],[[77306,19408],[523,1]],[[76016,18889],[-31,0],[0,203]],[[75985,19092],[50,30],[21,80]],[[76056,19202],[127,-78],[44,78],[45,10],[187,0],[0,14]],[[76459,19226],[107,0],[0,-22],[213,-2]],[[76779,19202],[0,-228],[-46,0],[-33,-69]],[[75680,19747],[5,-85],[-25,-97],[19,-86],[-85,-39],[35,-23]],[[75629,19417],[-158,0],[34,42],[-38,69],[31,64],[-20,40],[-56,1],[8,113],[-132,0]],[[75298,19746],[0,240],[-42,-51],[-198,0],[-62,25],[0,173],[-152,0]],[[74844,20133],[-18,59],[-130,0],[-2,286]],[[74694,20478],[907,7],[-1,-153],[278,-1],[1,-307]],[[75879,20024],[-27,-12]],[[75852,20012],[-65,-56],[-76,66],[-30,-43],[-45,39],[-55,11],[-23,-36],[24,-89],[99,-25],[-1,-132]],[[75852,20012],[24,-30],[3,-93]],[[75879,19889],[-10,-142]],[[75869,19747],[-189,0]],[[75879,19889],[57,-26],[20,49],[92,-17],[15,-51],[-83,-77],[58,-41],[1,-84],[-96,-44],[0,111],[12,38],[-86,0]],[[76573,19514],[0,-64],[-114,-20],[0,-204]],[[76056,19202],[2,318],[-158,-23],[-1,-79],[-46,0],[0,-90],[-91,12],[-133,-14],[0,91]],[[75879,20024],[77,0],[27,34],[0,132],[112,-1],[114,-17],[15,-14],[4,-201],[528,8],[0,-164],[34,27],[56,-29],[118,3]],[[76964,19802],[0,-112]],[[76964,19690],[-88,4],[3,-29]],[[76879,19665],[-50,-53],[-3,-36]],[[76826,19576],[-50,26],[-4,71],[-23,50],[-39,31],[-67,-69],[-70,-171]],[[76826,19576],[-15,-12]],[[76811,19564],[-56,-23],[-44,26],[-37,-28],[-101,-25]],[[76803,19398],[-37,-32],[58,-49],[51,-73],[-96,-42]],[[76811,19564],[22,-29]],[[76833,19535],[-47,-10],[-8,-34],[29,-49],[-4,-44]],[[76803,19398],[87,-143],[64,40]],[[76954,19295],[52,-71],[1,-53],[49,-37],[72,18],[44,64],[5,54],[-45,62],[6,63],[53,13],[116,1]],[[77307,19409],[-1,-1]],[[77307,19409],[40,59],[46,33],[-59,41]],[[77334,19542],[47,-22],[8,50],[34,9],[44,58],[34,71],[8,110],[-51,93],[-1,36],[93,-16],[51,84],[41,32],[36,-15],[64,78],[10,36],[69,-6],[8,-26]],[[77334,19542],[-31,29]],[[77303,19571],[-31,23],[-4,71],[21,90],[0,53]],[[77289,19808],[1,91],[-40,43],[99,6],[-3,42],[57,78],[161,72],[26,67],[45,-8],[45,22],[5,82],[135,14],[78,-51]],[[77303,19571],[-159,-64]],[[77144,19507],[-9,25],[-71,19]],[[77064,19551],[-12,44],[-55,81],[-33,14]],[[76964,19802],[325,6]],[[76954,19295],[18,84],[80,-40],[9,45],[-39,34],[6,51]],[[77028,19469],[63,0],[66,-47],[19,64],[-32,21]],[[77028,19469],[-1,59],[37,23]],[[76833,19535],[34,-1],[19,75],[-7,56]],[[74124,18940],[-20,-46],[13,-100],[-99,24]],[[74044,18985],[35,-17],[58,8]],[[74137,18976],[-13,-36]],[[74124,18940],[21,-48],[41,12],[48,-32],[-8,-28],[82,-5],[40,44]],[[74137,18976],[16,41]],[[74153,19017],[43,-11],[68,27],[14,36],[115,-39]],[[74393,19030],[-25,-97]],[[74488,19204],[58,22],[19,-37],[151,-151],[80,18],[156,100],[-1,-87],[51,23],[138,0]],[[75140,19092],[0,-302],[23,-51],[199,-26],[48,139],[40,-36],[-5,-44]],[[75470,18745],[32,42],[34,-11]],[[74393,19030],[5,44],[39,10],[19,50],[61,-5],[18,58],[-47,17]],[[75140,19092],[845,0]],[[74153,19017],[5,48],[-36,17]],[[74122,19082],[-1,55]],[[74121,19137],[70,-14],[24,-32],[49,6],[16,65],[-62,81]],[[74218,19243],[24,36],[64,-39],[70,26],[61,-21]],[[74437,19245],[51,-41]],[[74437,19245],[3,64],[22,51],[38,23],[9,51]],[[74509,19434],[63,2],[-13,99],[83,0],[10,-102],[-13,-38],[113,-12],[5,56],[140,40],[243,0]],[[75140,19479],[0,-387]],[[75140,19479],[-1,267],[159,0]],[[74121,19137],[61,51]],[[74182,19188],[36,55]],[[73885,18968],[7,60],[-33,4],[21,124],[37,-4],[-12,110]],[[73905,19262],[78,-33]],[[73983,19229],[-42,-62],[25,-37],[-10,-95],[56,-14],[21,46],[51,41],[38,-26]],[[73983,19229],[45,49]],[[74028,19278],[154,-90]],[[74028,19278],[-58,74],[18,19],[-9,88]],[[73979,19459],[101,-4],[7,34],[-23,109]],[[74064,19598],[19,78]],[[74083,19676],[113,12],[11,-21],[110,8]],[[74317,19675],[12,-122],[42,-12],[72,-66],[-15,-33],[81,-8]],[[74317,19675],[-18,141],[-4,107],[7,152]],[[74302,20075],[87,16],[22,-116],[82,-17],[78,12],[35,-18],[91,34],[0,67],[144,-7],[3,87]],[[74302,20075],[9,72],[-22,112],[14,34],[-20,73]],[[74283,20366],[20,45],[64,-16],[61,25],[-16,52],[0,164],[71,-42],[211,-76],[0,-40]],[[73813,18976],[-53,42],[-45,1],[0,77],[-110,53],[-2,20]],[[73603,19169],[-8,56],[69,45],[52,3]],[[73716,19273],[16,-13],[136,-16],[3,22]],[[73871,19266],[34,-4]],[[73716,19273],[-50,139],[73,3],[-30,63],[-64,-8],[-75,213],[4,34]],[[73574,19717],[35,50],[68,18]],[[73677,19785],[60,-14],[77,-105]],[[73814,19666],[0,-71],[60,-43],[-4,-87]],[[73870,19465],[-36,-20],[-17,-80],[60,-46],[-6,-53]],[[73870,19465],[109,-6]],[[73814,19666],[66,-9],[7,-29],[114,-13],[63,-17]],[[73860,19861],[156,-17],[41,-26],[-1,-60],[31,-12],[-4,-70]],[[73677,19785],[-12,22],[37,55]],[[73702,19862],[35,53],[68,-40],[55,-14]],[[73860,19861],[7,69],[32,15],[51,69]],[[73950,20014],[165,-28],[-5,108],[7,89],[-44,6]],[[74073,20189],[7,57],[-11,84]],[[74069,20330],[28,-5],[42,46],[55,-4]],[[74194,20367],[89,-1]],[[73950,20014],[-32,125]],[[73918,20139],[-8,36],[163,14]],[[73918,20139],[-70,-1]],[[73848,20138],[-19,85],[-33,-9]],[[73796,20214],[-18,64],[70,16],[-12,42],[59,22]],[[73895,20358],[174,-28]],[[73895,20358],[-18,52],[16,62],[1,95]],[[73894,20567],[75,19],[67,44],[0,-125],[61,-18],[76,16],[29,-30],[-8,-106]],[[73894,20567],[-19,63]],[[73875,20630],[-41,148]],[[73834,20778],[-8,73],[-31,70],[24,100],[48,88],[-2,42]],[[73865,21151],[261,-2]],[[74126,21149],[18,-70],[-22,-68],[-1,-55],[24,-88],[136,-9],[-3,65],[15,85]],[[74293,21009],[62,17],[64,39],[50,-25],[86,38],[-10,69]],[[74545,21147],[448,-1],[0,319]],[[74993,21465],[-1,469]],[[74992,21934],[0,429]],[[74992,22363],[138,-41],[216,-12],[-76,-123],[81,-27],[20,-44],[78,-37],[162,-1],[0,111],[56,38],[144,-105],[32,-52],[116,41],[52,-103],[39,19],[141,-174],[305,1],[-12,100],[1,331],[236,-1],[1,129],[595,10],[0,32],[580,9]],[[74126,21149],[163,-7],[-23,-78],[27,-55]],[[74545,21147],[13,59],[-1,120],[-53,0],[-38,139],[527,0]],[[74272,21712],[92,31],[133,9],[190,-30],[1,211]],[[74688,21933],[304,1]],[[73865,21151],[31,193],[-12,66],[13,52]],[[73897,21462],[65,1],[24,35],[7,64]],[[73993,21562],[113,-73],[45,-11],[49,30],[78,114],[-28,60],[22,30]],[[73937,21926],[138,1]],[[74075,21927],[-24,-91],[26,-31],[98,-39],[45,-1],[52,-53]],[[73993,21562],[-52,33],[-9,101],[20,99],[-15,131]],[[74075,21927],[613,6]],[[73937,21926],[-312,-2],[-16,225]],[[73609,22149],[14,36],[-5,190],[75,-17],[11,-22],[67,-8],[103,17],[-1,268],[77,16],[27,130],[38,40],[-23,172],[182,0]],[[74174,22971],[817,1],[0,-308],[-445,-1],[0,-300],[446,0]],[[73876,22078],[51,-58],[47,12],[-42,77],[-57,26],[1,-57]],[[73609,22149],[-118,16],[-38,-36],[-74,30]],[[73379,22159],[0,483],[-113,-12],[-85,6],[-102,155]],[[73079,22791],[-5,17]],[[73074,22808],[36,141],[3,59],[-80,13],[0,89]],[[73033,23110],[57,75],[-20,72],[-5,85],[116,-1]],[[73181,23341],[-3,-60],[45,-9],[91,-74],[88,-28],[39,82],[60,-42],[75,22],[89,7],[6,66],[30,36],[360,1]],[[74061,23342],[113,0],[0,-371]],[[75149,25754],[153,-3],[370,-38]],[[75672,25713],[-18,-205],[271,-34],[-23,-154],[-19,-259],[-201,26],[-15,-350],[65,-4],[-3,-148],[120,-5],[-5,-189],[-100,-42],[1,-29],[59,-21],[-93,-82],[-212,84],[-25,-38],[-119,10],[0,24],[-157,-6],[-20,54],[-237,18],[-16,-95],[-78,-22],[-141,-69],[-28,-50],[-172,-40],[-38,3],[-20,-131],[-208,128],[6,-141],[-152,-53],[-34,-26],[1,-525]],[[73181,23341],[5,82],[-17,148],[4,72],[-10,100],[46,44]],[[73209,23787],[170,1],[0,459],[354,0],[28,16],[-7,76],[-33,88],[14,76],[71,80],[128,27],[0,227],[28,-32],[133,67],[513,83],[45,45],[37,-25],[150,-14],[14,25],[97,14],[-8,80],[99,9],[-34,189],[34,43],[-8,324],[115,109]],[[73033,23110],[-152,-1],[-53,25],[1,70],[-80,-18],[-13,61],[-51,0],[-41,-66],[-29,-9]],[[72615,23172],[-146,5],[0,-76],[-32,6]],[[72437,23107],[2,84],[-40,40]],[[72399,23231],[35,35],[35,-12],[0,86]],[[72469,23340],[76,0],[12,178],[-22,67],[5,123],[26,176],[187,361]],[[72753,24245],[0,-297],[456,0],[0,-161]],[[72753,24245],[1,488],[-73,-16],[-186,7],[-1,-36],[-215,60],[34,88],[68,45],[-9,70],[35,53],[74,54],[38,71],[80,37],[83,139],[57,25],[34,121],[56,64],[-1,73]],[[72828,25588],[96,4],[176,-9],[0,69],[489,0],[49,28],[93,78],[88,-14],[142,-1],[40,-17],[159,10],[45,73],[-11,102],[-17,67],[10,60],[62,95],[114,12],[24,132]],[[74387,26277],[233,-56],[-52,-94],[92,-5],[100,-33],[369,-67],[20,-268]],[[75672,25713],[28,298],[44,-4],[64,61],[-6,67],[-34,54],[-112,38],[-29,-59],[-64,-20],[-49,34],[-75,30],[15,137],[-102,31],[-5,67],[-93,24],[8,152],[48,16],[5,70],[65,121],[35,24],[26,142],[48,59],[81,64],[10,41],[108,58],[143,109],[69,139],[36,131],[28,55],[64,41],[18,75],[43,-8],[-1,181],[82,95],[17,46],[58,43],[70,119],[8,52],[-26,15],[6,56],[34,-2],[27,46],[10,90],[-13,104],[10,14]],[[76371,28619],[125,-4],[2,162],[-84,152],[-1,222],[33,-20],[568,-7],[-1,470],[880,27]],[[73702,19862],[-22,89],[-18,17]],[[73662,19968],[2,105]],[[73664,20073],[86,-1],[108,24],[-10,42]],[[73664,20073],[-28,20],[17,92],[143,29]],[[73662,19968],[-264,30],[24,194],[-22,101]],[[73400,20293],[176,36],[-35,164],[21,38]],[[73562,20531],[75,16],[-4,108]],[[73633,20655],[120,-11],[31,-61],[91,47]],[[73646,20777],[-78,4],[7,64]],[[73575,20845],[10,112],[-20,121]],[[73565,21078],[-7,86],[-19,5],[2,118]],[[73541,21287],[3,20]],[[73544,21307],[43,37],[19,118],[291,0]],[[73834,20778],[-188,-1]],[[73633,20655],[13,122]],[[73603,19169],[-58,217],[-78,33],[5,-55],[-98,0]],[[73374,19364],[-90,-1],[-9,69],[-1,124]],[[73274,19556],[165,1],[-7,65],[13,49],[67,55],[62,-9]],[[73061,20136],[0,201]],[[73061,20337],[58,1],[137,38]],[[73256,20376],[15,-77],[129,-6]],[[73274,19556],[-78,15]],[[73196,19571],[-1,88],[39,10],[2,42],[-68,5],[6,63],[-37,41],[-110,13],[-19,146],[100,0],[0,105],[-47,52]],[[73256,20376],[10,76],[296,79]],[[73061,20337],[0,371],[72,0],[-8,62]],[[73125,20770],[-3,75],[-46,0],[0,45]],[[73076,20890],[0,183],[-11,88]],[[73065,21161],[225,-3]],[[73290,21158],[17,-82]],[[73307,21076],[8,-231],[260,0]],[[73307,21076],[69,23],[115,-22],[74,1]],[[73290,21158],[-14,84]],[[73276,21242],[144,2],[3,23],[118,20]],[[73147,21489],[15,10],[134,-3],[62,-35],[51,-55]],[[73409,21406],[38,4],[17,-57],[95,-8],[-15,-38]],[[73276,21242],[-20,80],[-77,-3],[-3,138],[-29,32]],[[73235,21702],[141,1],[-2,-50],[54,-8]],[[73428,21645],[-20,-93],[19,-32],[-1,-73],[-17,-41]],[[73147,21489],[-46,10],[-7,114],[-42,-9],[-20,44],[26,39]],[[73058,21687],[66,-9],[111,24]],[[73058,21687],[-39,71],[-5,163]],[[73014,21921],[30,45],[48,-44],[103,24],[14,109],[-3,103]],[[73206,22158],[173,1]],[[73379,22159],[0,-137]],[[73379,22022],[0,-99],[-168,-1],[-35,-74],[57,0],[2,-146]],[[73014,21921],[-121,0]],[[72893,21921],[2,30],[-61,156],[-45,93]],[[72789,22200],[0,47],[-38,53]],[[72751,22300],[35,-1],[84,-41],[15,59],[54,-28],[44,2],[17,58],[31,2]],[[73031,22351],[74,3],[-54,-58],[13,-111],[74,-25],[68,-2]],[[73031,22351],[1,80],[69,0],[-23,156],[1,204]],[[72751,22300],[38,22],[-1,144],[47,41],[-4,28]],[[72831,22535],[-40,118],[53,-4],[43,24],[36,-23],[12,135],[66,-8],[32,42],[41,-11]],[[72831,22535],[-63,-64],[-74,-47],[-47,76],[26,29],[-4,63],[26,113],[-32,47],[8,122]],[[72671,22874],[36,27],[9,53],[-46,36],[12,42],[-17,78],[-50,62]],[[73379,22022],[94,-90],[61,13],[-10,-190],[63,-53],[-4,-54],[-27,-71],[-39,35],[-89,33]],[[72432,22536],[111,0],[-39,148],[-1,83],[-20,69],[63,0],[46,42],[22,63]],[[72614,22941],[57,-67]],[[72789,22200],[-44,-40],[-4,-63],[-39,2],[22,-76],[-48,-26],[49,-82],[-2,-125],[-55,-7]],[[72668,21783],[-32,20],[53,52],[11,45],[-32,23],[10,53],[-40,86],[-94,39],[-45,141],[-27,152],[-22,43],[-18,99]],[[73372,18688],[12,55],[-64,97],[-73,43],[-57,119],[-121,96],[-10,83],[-31,98],[-27,41],[3,84]],[[73004,19404],[48,27],[78,0],[0,95],[33,42],[33,3]],[[73374,19364],[0,-294],[72,-17],[-26,-64],[7,-63],[32,-33],[141,6],[5,-23],[110,4]],[[72987,20131],[-138,4],[-68,-9],[-26,-33]],[[72755,20093],[-1,283]],[[72754,20376],[78,-26],[91,2],[30,-17],[1,-55],[-24,-48],[57,-101]],[[72754,20376],[0,162],[-183,1]],[[72571,20539],[-3,138],[-41,84],[151,-14]],[[72678,20747],[149,-5],[-2,-54],[36,-29],[60,62],[57,-21],[28,85],[119,-15]],[[73061,20136],[-74,-5]],[[73076,20890],[-101,59],[-72,-17],[-68,24],[5,66]],[[72840,21022],[-16,142],[241,-3]],[[72571,20539],[-108,0]],[[72463,20539],[0,61],[-83,8],[-172,-1],[0,94]],[[72208,20701],[39,21],[66,89],[47,32],[31,62],[71,20],[31,29],[49,-2],[21,50],[-68,12],[9,74],[-37,83]],[[72467,21171],[93,-2],[35,-43],[8,-54],[39,-74]],[[72642,20998],[-26,-48],[0,-63],[35,-42],[27,-98]],[[72840,21022],[-78,-17],[-120,-7]],[[72467,21171],[-23,61],[-68,86],[25,107]],[[72401,21425],[58,-8],[231,0],[20,45],[-17,72],[213,2],[68,7],[-7,120],[-67,95],[4,66],[-11,97]],[[72401,21425],[-74,58],[-45,62],[-8,52],[46,112],[72,48],[107,53],[32,-10],[33,36],[63,-17],[41,-36]],[[73004,19404],[-56,106],[-63,3],[14,70],[-14,60],[-115,155]],[[72770,19798],[59,5],[-21,80],[-45,0],[-47,100],[-1,31]],[[72715,20014],[40,79]],[[72681,19711],[-44,3],[-103,-44],[-154,-8]],[[72380,19662],[-137,0],[0,24]],[[72243,19686],[-24,88],[-3,103]],[[72216,19877],[67,3],[-23,79],[-1,75],[-66,58],[16,54],[171,0],[0,-53],[63,0],[46,26]],[[72489,20119],[76,-15],[-12,-77],[162,-13]],[[72770,19798],[-45,-14],[-44,-73]],[[72216,19877],[-98,-3],[-147,11],[10,106],[0,139]],[[71981,20130],[57,48],[0,87],[171,0],[0,58]],[[72209,20323],[171,0],[0,-57],[26,-18],[47,23]],[[72453,20271],[112,1],[-8,-105],[-68,-48]],[[72463,20539],[-1,-89],[-14,-67],[5,-112]],[[72209,20323],[-92,0],[-11,120],[-97,7]],[[72009,20450],[113,102],[18,62],[68,87]],[[71981,20130],[-147,-1]],[[71834,20129],[68,78],[51,29],[-2,39],[-50,52],[73,93],[35,30]],[[72243,19686],[-152,3]],[[72091,19689],[-252,-27],[-19,-70],[-95,0]],[[71725,19592],[-31,88],[-60,108],[117,9],[91,188],[-15,44],[-50,43],[49,25],[8,32]],[[72556,19294],[-1,174],[-46,-7],[-197,-1]],[[72312,19460],[0,45]],[[72312,19505],[17,37],[51,0],[0,120]],[[72681,19711],[-28,-95],[-33,-28],[-13,-53],[35,-47],[-25,-133],[-61,-61]],[[72431,18781],[-107,0],[-2,89],[-249,-1]],[[72073,18869],[0,215],[82,0],[0,108],[95,27],[0,208],[62,33]],[[72556,19294],[-100,-107],[-30,-129],[-23,-45],[-2,-108],[-15,-64],[45,-60]],[[72312,19505],[-271,0],[20,51],[4,71],[26,62]],[[72073,18869],[0,-89],[-74,0]],[[71999,18780],[-261,-1]],[[71738,18779],[-3,95],[-55,131],[19,79],[-11,93],[-74,15],[16,63],[44,0],[20,112],[26,51],[5,174]],[[71459,19082],[43,26],[10,-58],[-29,-68],[-39,7],[-3,82],[18,11]],[[71999,18780],[0,-252],[262,0]],[[72261,18528],[16,-82],[-70,-97]],[[72207,18349],[-35,-120],[-51,0]],[[72121,18229],[-407,-1],[0,-61]],[[71714,18167],[-105,2]],[[71609,18169],[38,72],[4,163],[30,98],[29,194],[28,83]],[[71064,18182],[3,-358],[62,0],[0,-71],[-71,-101],[71,-128]],[[71129,17524],[-34,-12],[-168,43],[-83,-2],[-56,-60]],[[70788,17493],[-10,41],[-44,26],[-1,40],[-40,32],[-9,63]],[[70684,17695],[41,31],[46,104],[-8,50],[-40,81],[67,61],[12,95],[62,60],[-7,48],[69,-13],[51,-31],[87,1]],[[71549,18126],[0,-26],[-121,-25],[-62,84],[8,18]],[[71374,18177],[79,-19],[25,-41],[71,9]],[[72183,17986],[-129,0]],[[72054,17986],[6,104],[20,44]],[[72080,18134],[144,2]],[[72224,18136],[-41,-92],[0,-58]],[[72055,17709],[-12,-37],[-78,-5],[-48,45],[-97,59],[-78,-3],[-73,38]],[[71669,17806],[102,20],[-7,58],[-36,61],[-18,135],[15,27],[-11,60]],[[72121,18229],[-41,-95]],[[72054,17986],[1,-277]],[[71549,18126],[60,43]],[[71669,17806],[-79,6],[-128,-75],[-32,-70],[-59,-1],[-72,20],[-85,-51],[-37,-52],[-4,-45],[-44,-14]],[[71064,18182],[56,5],[73,31],[40,-8],[96,22],[45,-55]],[[70788,17493],[-45,-61],[-78,-8],[-30,-30],[-57,39],[-37,65],[29,43],[1,81],[76,12],[37,61]],[[72390,18678],[-41,3],[-10,-67],[-72,-6],[-6,-80]],[[72431,18781],[-27,-39],[-14,-64]],[[72274,18319],[-23,34],[-44,-4]],[[72390,18678],[-35,-199],[-47,-80],[-34,-80]],[[72274,18319],[-22,-53],[-28,-130]],[[72183,17986],[5,-56],[-65,-18],[57,-134],[-125,-69]],[[71837,22034],[-18,65]],[[71819,22099],[63,-47]],[[71882,22052],[-45,-18]],[[71819,22099],[-70,4]],[[71749,22103],[-23,-10],[0,-45]],[[71726,22048],[0,-48],[81,-20]],[[71807,21980],[-23,-41],[-74,-51],[-54,-18],[-35,-48],[-6,-136],[-56,-113],[-42,-49],[-9,-60]],[[71508,21464],[-175,-1]],[[71333,21463],[0,354],[61,0],[0,299],[341,272],[190,0]],[[71925,22388],[330,231]],[[72255,22619],[-9,-35],[25,-145],[-32,-38],[11,-46],[-16,-46],[-63,12],[7,-74],[44,-98],[-109,6],[-52,64],[-54,17],[-87,-48],[-29,-50],[-9,-86]],[[70261,20327],[0,156]],[[70261,20483],[0,383],[-306,1],[2,591]],[[69957,21458],[551,3]],[[70508,21461],[825,2]],[[71508,21464],[11,-107],[-42,-77],[0,-48],[-62,-43],[-52,-96],[-34,-130],[-43,-82],[-75,-113],[-49,-20],[-25,-36],[-76,-21],[-97,4],[-78,-43],[-62,-13],[-70,-62],[-164,-87],[-102,-10],[-38,-58],[-88,-10],[-101,-85]],[[68916,20510],[63,0],[0,87],[82,41],[97,0],[0,-69],[184,0],[0,-71],[43,-20],[92,22],[89,-21],[82,41],[127,6],[24,23]],[[69799,20549],[52,-45],[90,-7],[233,0],[87,-14]],[[70261,20327],[-136,-45],[-62,-102],[-111,-91]],[[69952,20089],[0,14],[-449,-2]],[[69503,20101],[-269,0]],[[69234,20101],[-278,1],[0,119],[-99,-11],[-51,28],[-120,-8],[0,153],[230,0],[0,127]],[[69651,19705],[-149,3]],[[69502,19708],[1,393]],[[69952,20089],[-84,-25],[-149,-133],[-29,-63],[12,-41],[-39,-58],[-12,-64]],[[69502,19708],[-197,4],[0,74],[-72,0],[1,315]],[[69140,19084],[-180,7],[31,74],[14,159],[40,33],[0,55],[39,7],[0,60],[80,-34],[1,-26],[280,0]],[[69445,19419],[-35,-35],[-100,-18],[-49,-80],[28,-51],[4,-124],[-20,-101],[-61,22],[2,40],[-74,12]],[[68776,18493],[-13,121],[19,44],[42,-1]],[[68824,18657],[-4,-56],[46,-11],[-1,-83],[-57,16],[-32,-30]],[[69876,17713],[74,-33],[-5,-28],[-88,39],[19,22]],[[68776,18493],[-75,-88],[85,-19],[47,24],[64,6],[58,75],[42,16],[12,-48],[92,44],[-33,-133],[-60,-43],[6,-59],[52,-111],[-8,-46],[26,-49],[-34,-27],[-75,8],[-22,77],[-115,60],[-29,79],[-54,27],[-94,23],[-89,-18],[-19,-86],[-31,-80],[-52,19],[-63,-5],[8,65],[-34,60],[-181,194],[-48,83],[-116,91],[-112,39],[7,64],[-45,84],[-45,24],[-38,60],[-85,51],[-46,-24],[-50,1],[-79,-73],[2,128],[76,131],[64,63],[11,-125],[80,-32],[60,3],[33,-38],[-17,-68],[80,-32],[20,-91],[56,-37],[96,16],[6,28],[116,11],[-98,49],[-30,36],[3,68],[-76,40],[-25,158],[-51,42],[11,77],[-38,251],[-50,122],[-41,56],[-90,56],[59,67],[11,89],[-19,116],[-32,71],[-92,120],[-31,93],[-34,0],[-60,87],[-83,65],[-73,100]],[[67387,20578],[973,2],[0,81],[-91,88],[29,23]],[[68298,20772],[114,0],[26,-40],[102,-23],[28,14],[175,-8],[12,56],[160,1]],[[68915,20772],[1,-262]],[[69651,19705],[-43,-35],[-62,-91],[-9,-59],[-92,-101]],[[69140,19084],[-32,-57],[-104,-4],[-46,-40],[-49,-116],[13,-49],[-89,-53],[-9,-108]],[[68687,19726],[0,475],[-587,-3],[1,-479],[75,-21],[-65,-98],[104,-34]],[[68215,19566],[-19,-23],[-17,-106],[35,-33],[-1,-62],[73,-34]],[[68286,19308],[0,-216],[400,-1],[0,271]],[[68686,19362],[0,139],[107,0],[64,18],[138,2],[0,82],[-47,6],[-23,111],[-238,6]],[[66799,21764],[45,83],[156,3]],[[67000,21850],[0,-164]],[[67000,21686],[-57,-2],[-14,-34],[-72,-86]],[[66857,21564],[-76,28],[-59,63],[96,5],[0,69],[-19,35]],[[69335,18017],[-62,48],[-46,17],[-3,44],[47,24],[36,-38],[28,-65],[86,-67],[-3,-58],[-24,-30],[-43,29],[5,76],[-21,20]],[[71726,22048],[23,55]],[[71837,22034],[-30,-54]],[[70594,22809],[72,15],[35,-39],[1,-61],[-127,-134],[-25,-45],[52,-10],[309,2],[9,140],[167,-29],[6,48],[105,79],[206,91],[70,24],[120,11],[142,-10],[-2,-29],[134,-11],[24,-41]],[[71892,22810],[33,-422]],[[70508,21461],[0,417],[-373,0],[-1,166],[-63,39]],[[70071,22083],[39,59],[33,8],[81,-17],[37,29],[-20,65],[15,52],[50,7],[19,50],[-48,39],[58,32],[0,-54],[57,34],[-81,41],[18,29],[-12,108],[31,46],[77,-82],[29,45],[44,10],[-14,60],[33,128],[77,37]],[[68286,19308],[21,16],[75,-31],[92,11],[129,41],[83,17]],[[68215,19566],[77,153],[395,7]],[[68298,20772],[0,160],[41,78],[-2,55],[104,-14],[0,80],[-60,0],[0,320]],[[68381,21451],[305,1]],[[68686,21452],[0,-202],[152,0],[-4,-120],[325,1],[-1,-310],[-243,0],[0,-49]],[[69799,20549],[-80,19],[2,253],[-72,-1],[3,554],[-68,14],[-82,-2],[-35,-20],[-102,31],[-83,57]],[[69282,21454],[167,1],[2,59],[51,57],[99,-10],[26,-37],[2,-68],[328,2]],[[69282,21454],[-201,-1]],[[69081,21453],[0,407],[-208,9],[-101,46],[-1,106],[-93,-1]],[[68678,22020],[-211,-1],[0,38]],[[68467,22057],[0,262],[-111,-1],[10,-51],[-43,-1],[0,52],[-160,-1],[-2,217]],[[68161,22534],[2,81],[409,2],[0,-31],[123,-33],[16,195],[-170,8],[16,132],[22,67]],[[68579,22955],[190,0],[30,-46],[197,-4],[111,30],[300,-4],[30,-35],[5,-230],[83,1],[1,-150],[106,-20],[99,27],[121,-105],[33,-92],[37,0],[56,-89],[-1,-154],[94,-1]],[[68686,21452],[395,1]],[[68381,21451],[-443,-2]],[[67938,21449],[0,211],[42,-10],[0,83]],[[67980,21733],[183,1]],[[68163,21734],[92,0],[-12,32],[78,0],[7,-31],[168,1],[14,-77],[69,1],[-15,82],[42,75],[84,28],[19,145],[-31,30]],[[68163,21734],[0,91],[43,0],[-13,89],[34,104],[178,1],[1,37],[61,1]],[[67980,21733],[-56,0],[-109,44],[-10,138],[-15,9],[5,93]],[[67795,22017],[64,0],[0,46],[108,8],[-13,133],[51,81],[3,31],[-44,103],[10,47],[-17,51]],[[67957,22517],[204,17]],[[67859,22615],[90,0],[8,-98]],[[67795,22017],[-249,0],[11,28],[0,119],[22,55],[61,5],[20,79],[47,93],[87,1],[-6,102],[19,115],[52,1]],[[67938,21449],[-380,-1],[-1,213],[-101,21],[-55,-15],[-102,-82],[-22,-48],[-272,0],[-5,149]],[[67000,21850],[-1,491]],[[66999,22341],[0,266]],[[66999,22607],[122,8],[-1,59],[59,-31],[0,63],[92,12],[0,144],[285,1],[0,51],[303,1],[0,-300]],[[66929,23083],[54,54],[80,-1]],[[67063,23136],[493,1],[0,455],[48,-27],[24,-37],[134,-74],[144,-68],[59,-1],[53,-116],[213,-9],[87,-70],[45,-62],[68,10],[47,-30],[101,-153]],[[66999,22607],[-76,31],[-42,44],[-1,132],[28,23]],[[66908,22837],[16,28],[-11,58],[17,72],[-1,88]],[[66457,23138],[179,-1],[0,-80],[102,0],[-24,39],[215,0],[0,-13]],[[66908,22837],[-272,1],[0,-53],[-90,27],[-196,10],[-17,-13],[0,195],[37,5],[-34,76],[116,7],[5,46]],[[67041,23720],[20,-12],[2,-572]],[[66457,23138],[0,55],[-43,1],[11,225],[-192,-1],[-24,94],[78,7],[0,47],[52,0],[11,41],[107,-24],[0,135],[584,2]],[[67387,20578],[-98,79],[-246,175],[-9,81],[40,93],[-4,88],[-31,154],[-29,101],[-44,109],[-74,43],[-35,63]],[[66348,20564],[25,52],[6,89],[104,33],[18,-71],[-67,-55],[-86,-48]],[[66020,22065],[-10,71],[74,-3],[29,25],[46,-8],[1,59],[385,-1],[0,-43],[306,-22],[16,164],[64,37],[68,-3]],[[66799,21764],[-71,40],[-58,-3],[-58,43],[-75,-41],[32,-58],[83,-12],[36,-58],[-21,-43],[-41,55],[-62,52],[-119,64],[-99,34],[-62,-9],[-82,-55],[-16,100],[-49,64],[-66,49],[10,41],[-28,50],[-33,-12]],[[65122,23773],[43,-18],[82,66],[59,7],[30,-34],[53,8],[20,79],[144,-36],[0,352],[13,52],[36,45],[85,-54],[24,33],[53,-27],[0,222]],[[65764,24468],[878,4]],[[66642,24472],[17,-77],[72,-67],[75,-94],[-54,-136],[-53,27],[-27,-131],[36,-8],[36,-68],[130,-55],[88,21],[7,-124],[72,-40]],[[66020,22065],[-4,-101],[57,-72],[98,-43],[-3,-107],[-56,8],[-101,71],[12,29],[-52,180],[-66,33],[-54,-32],[-39,45],[35,40],[41,-13],[27,57],[-7,50],[-40,65],[-31,15],[-60,-19],[-14,40],[-49,-24],[-35,28],[10,63],[96,53],[11,50],[-32,98],[-105,128],[52,23],[31,-20],[66,3],[35,-36],[60,-25],[-17,-43],[14,-52],[60,30],[1,38],[57,67],[53,140],[-20,17],[-9,92],[-48,121],[-119,140],[-114,59],[-56,-7],[-14,-26],[-65,22],[-61,-33],[-29,-61],[-80,24],[-43,-5],[-48,-67],[-47,-19],[-34,61],[26,51],[-21,43],[30,86],[90,-16],[50,34],[-79,192],[-38,28],[-23,53],[-74,85],[-92,-52],[-32,63],[1,56]],[[56741,24841],[0,673]],[[56741,25514],[0,1230],[0,945]],[[56741,27689],[0,2622]],[[56741,30311],[0,1890]],[[64422,32298],[840,-12]],[[65262,32286],[11,-1389],[1,-130],[-41,-275],[0,-111],[27,-1079],[-76,2],[-48,20],[-33,-20],[-119,-1],[-247,36],[-478,17],[-317,88],[-156,2],[5,-1125],[852,0],[35,-33],[592,-11],[344,8]],[[65614,28285],[-8,-665],[-57,1],[-5,-638],[67,-24],[106,-14],[-4,-313],[-164,2],[2,-138],[91,0],[0,-241],[500,0],[0,-791],[-586,0],[0,-335],[208,-1],[0,-660]],[[65122,23773],[-128,26],[18,76],[-40,43],[2,57],[-125,47],[-34,-23],[-15,-53],[19,-42],[-86,-50],[-106,134],[-46,-38],[-89,-38],[4,-64],[45,-7],[-32,-54],[-128,38],[-101,-7],[-36,-47],[-139,71],[-76,2],[-64,74],[-79,63],[-83,43],[-44,-30],[-15,53],[-125,76],[-98,86],[-121,71],[-60,21],[-139,-16],[-125,47],[-113,-2],[-94,-23],[-40,-30],[-31,-67],[-99,-34],[-67,-10],[-14,-30],[-101,11],[-12,-17],[-167,29],[-44,31],[-61,98],[-78,78],[-127,84],[-161,129],[-94,58],[-94,85],[-211,131],[-200,111],[-158,81],[-415,198],[-102,41],[-101,16],[-84,-54],[-43,-64],[-55,-33],[-318,-124],[-96,-19],[-210,13],[-184,31],[-140,-15],[-105,19],[-148,0],[-123,21],[-94,-13],[-114,7],[-65,-20],[-177,1],[-144,-6],[-92,-14],[-94,-27],[-111,1],[-157,-18],[-115,1],[-155,-13],[-167,-30],[-111,-6],[-142,-24],[-167,-14],[-97,-19],[-158,-15],[-85,-25]],[[64864,23599],[-17,-38],[-64,-18],[-33,38],[11,72],[105,2],[-2,-56]],[[71892,22810],[43,-1],[0,655]],[[71935,23464],[247,1],[8,-17],[-29,-108],[308,0]],[[72399,23231],[-81,-2],[-32,-38],[-24,-69],[42,-9],[64,-64]],[[72368,23049],[45,-75],[118,18],[83,-51]],[[72432,22536],[2,59],[69,43],[-97,84],[-48,54],[12,53],[-112,115],[34,96],[-73,18],[4,47],[-59,0],[27,-146],[-25,-159],[12,-34],[92,-110],[-15,-37]],[[72368,23049],[62,8],[7,50]],[[66546,26856],[-81,4],[19,84],[65,-4],[-7,-54],[95,2],[0,-23],[-91,-9]],[[70035,25121],[-47,94],[12,32],[98,-1],[32,30],[-20,37],[-59,21],[-107,-19],[-27,115],[74,-7],[62,-69],[64,17],[66,98],[-29,23],[-80,-60],[-55,51],[39,98],[-1,111]],[[70057,25692],[28,-7],[76,-66],[134,-32],[60,-46],[82,-11],[30,-53],[50,29],[-4,-113],[27,-8],[53,39],[92,1],[19,13],[72,-63],[85,-1],[248,-18],[-29,-361],[152,-19],[-29,38],[33,28],[-68,39],[4,60],[33,43],[-17,174],[34,20],[17,112],[68,24],[5,-72],[-11,-96],[22,-88],[6,-83],[-42,-119],[27,-26],[72,-26],[15,-42],[221,-3],[13,159],[148,-47],[85,-6],[22,210],[83,-17],[76,-73],[19,95],[44,111],[38,22],[-8,53],[18,31],[-10,56],[59,72],[-33,63],[-98,27],[-32,-70],[-38,15],[4,66],[-52,35],[35,46],[-46,24],[3,35],[-64,5],[-34,59],[-76,-9],[-35,56],[-78,23],[46,40],[99,1],[81,32],[96,-94],[108,81],[-24,77],[-59,113],[-30,24],[1,45],[-91,99],[-29,93],[-86,86],[-99,-6]],[[71678,26591],[-8,64],[14,49],[-20,149],[23,105],[-47,75],[-69,40],[-53,-44],[-29,70],[26,62],[72,1],[3,58],[-59,24],[-77,78],[-65,19],[40,43],[94,-44],[2,42],[-89,16],[-28,48],[-2,90],[-39,57],[20,27],[-7,65],[-128,56]],[[71252,27741],[64,74],[-123,74],[16,37],[57,51],[53,-16],[11,-54],[37,8],[58,-49],[58,-4],[52,-45],[71,-91],[14,-46],[-2,-89],[18,-37],[57,-14],[49,-58],[46,-7],[38,-42],[132,23],[31,-12]],[[71989,27444],[100,-55],[16,-57],[35,-11],[48,-61],[61,-47],[44,-105],[43,8],[2,53],[-53,52],[1,44],[72,-56],[10,-115],[29,-145],[97,-108],[63,-164],[51,-48],[-20,-59],[1,-57],[25,-31],[14,-97],[61,-27],[-28,-98]],[[72661,26260],[2,-65],[61,-134],[62,-66],[30,-185],[-26,-46],[43,-134],[-5,-42]],[[71935,23464],[-120,1],[5,248],[17,90],[-223,16],[-3,15],[-205,19],[24,403],[13,91],[-65,31],[9,41],[79,-5],[-42,87],[-76,8],[-575,3],[1,82],[-219,2],[-1,-222]],[[70554,24374],[-88,48],[-12,-56],[-68,2],[-48,84],[-40,16],[-21,90],[19,92],[-74,49],[-56,55],[10,85],[-31,39],[-76,30],[-59,91],[25,122]],[[70594,22809],[-35,49],[0,75],[-155,-29],[-33,23],[-38,-17],[-78,11],[-83,38],[23,49],[-11,32],[28,100],[-11,20],[-4,164],[-164,-6],[-8,143],[-98,0],[2,83],[33,47],[55,35],[-117,53],[2,41],[125,-7],[173,5],[-7,154],[115,-6],[70,21],[-46,53],[11,31],[66,8],[-9,67],[59,62],[29,76],[92,135],[-26,55]],[[66642,24472],[19,97],[60,43],[-200,426],[138,473],[58,83],[36,85],[97,-49],[194,-28],[423,-1],[56,10],[-40,48],[16,41],[-54,67],[43,39],[-11,30],[48,35],[0,72],[19,75],[70,68],[27,76],[132,95],[52,-11],[90,15],[38,-12],[10,-45],[126,-77],[57,-17],[53,-44],[51,-8],[23,-29],[-11,-82],[39,-39],[19,-71],[62,-1],[32,-42],[42,-14],[37,33],[54,-18],[26,-51],[158,9],[94,13],[103,56],[49,-7],[57,-85],[74,20],[48,-10],[60,45],[33,-78],[-29,-84],[-8,-114],[-48,-48],[-7,-46],[46,-26],[28,84],[36,-57],[-21,-20],[4,-59],[88,-176],[64,-2],[296,-46],[264,12],[73,-4]],[[65614,28285],[350,-3],[-1,-22],[231,-18],[616,-14],[218,-2],[266,50],[366,-1],[0,-664],[250,3]],[[67910,27614],[-5,-93],[42,-1],[-51,-536],[37,-4],[-1,-547],[365,-3],[-3,102],[232,-6],[475,-22],[5,273],[30,-5],[317,2],[35,108],[273,-40],[1,45],[-27,35],[-14,94],[226,6],[67,13],[52,-8],[173,8],[-3,596],[27,14],[743,-1],[198,2],[148,95]],[[71678,26591],[-58,-38],[-673,54],[-20,-227],[-637,1],[-172,8],[13,-60],[-42,-92],[-7,-337],[8,-46],[-33,-70],[0,-92]],[[71085,27340],[95,1],[-1,85],[-94,0],[0,-86]],[[70708,27291],[48,0],[0,240],[-265,0],[0,-240],[74,0],[0,-258],[127,0],[16,258]],[[67910,27614],[11,208],[203,-59],[235,-9],[-1,-70],[169,-7],[-4,-18],[148,-23],[181,-1],[1,-20],[155,0],[148,41],[219,-2],[1,1274],[-96,1],[20,77],[6,76],[-14,67],[42,85],[45,119],[39,56],[65,58],[181,93],[73,30],[135,-30],[145,14],[48,-19],[2,-82],[118,33],[58,36],[172,73],[-3,46],[135,99],[0,14],[411,285],[54,77],[117,-207]],[[71129,29929],[-18,-49],[12,-73],[-13,-90],[-32,-56],[-5,-105],[45,2],[-6,-48],[-44,-22],[62,-87],[133,-61],[25,48],[37,-10],[9,91],[24,48],[74,22],[32,-46],[41,5],[20,-64],[49,2],[-20,57],[41,48],[87,34],[-29,66],[22,31],[51,-28],[63,8],[12,51],[48,44],[72,26],[26,-13],[86,31],[39,-21],[-60,-665],[-41,-59],[35,-35],[-33,-428],[5,-27],[-2,-385],[2,-264],[27,-102],[3,-302],[-19,-59]],[[65262,32286],[392,-5],[6,488],[270,2],[0,378],[160,77],[128,-129],[29,-1],[66,97],[100,15],[0,-61],[1011,1],[460,5]],[[67884,33153],[1,-194],[153,-224],[176,0],[0,-65],[109,-1],[1,-43],[183,-3],[-9,-338],[175,-8],[-23,-22],[45,-55],[59,-36],[-25,157],[23,279],[-12,31],[-4,186],[16,13],[1934,-19],[1,-126]],[[70687,32685],[-63,-15],[13,-74],[-39,-24],[-88,-2],[-44,-84],[2,-44],[48,-5],[71,-51],[72,-1],[8,-33],[-27,-84],[97,20],[22,-11],[-8,-63],[-90,-27],[78,-83],[23,-69],[52,-73],[-4,-46],[28,-41],[-41,-49],[33,-56],[-36,-33],[27,-56],[-1,-51],[-24,-28],[6,-72],[-108,-13],[-25,-59],[-12,-144],[17,-119],[-40,-28],[9,-85],[63,-54],[16,-73],[34,-56],[-121,-11],[-4,-67],[31,-85],[-12,-74],[26,-70],[0,-56],[29,-54],[29,-3],[5,-61],[48,-6],[63,-50],[108,-29],[51,31],[68,68],[3,82],[-32,43],[-6,49],[54,20],[66,-2],[-12,157],[61,25],[23,-65],[14,-133],[68,-32],[26,-95],[20,-6],[8,-183],[-28,-39],[98,-54],[-10,68],[63,57],[-8,68],[28,21],[-12,44],[138,74],[66,12],[14,-42],[-42,-34],[-6,-47],[52,-69],[33,-19],[53,15],[52,-71],[69,-14],[22,42],[79,30],[33,32],[6,67],[45,-44],[12,-57],[-35,-112],[-55,-39],[-4,-37],[-65,-40],[-36,-51],[-54,-6],[2,-44],[-81,-2],[-8,-27],[-85,-7],[-26,-40],[-50,-13],[-40,21],[-175,8],[-192,-45],[-53,41],[-41,-10]],[[67610,36565],[-2,-234],[112,0],[-2,-184],[-415,-1],[32,-274],[311,-13],[23,-468],[309,13],[94,-115],[65,-249],[159,-1],[1,-878],[-173,79],[-147,-20],[65,-305],[110,-1],[14,-455],[-101,-5],[37,-73],[-26,-54],[-192,-1],[0,-173]],[[72661,26260],[577,-1],[-51,160],[-8,93],[9,66],[-27,41],[4,56],[51,51],[47,91],[10,53],[56,57],[-40,115]],[[73289,27042],[72,33],[4,25]],[[73365,27100],[3,0]],[[73368,27100],[148,2],[-11,76],[73,-12],[94,28],[32,22],[60,-4],[18,32],[54,6],[97,-25],[76,-45],[89,-27],[87,-5]],[[74185,27148],[-6,-36],[43,-16],[38,-60],[96,-19],[8,-45],[-43,-66],[-67,-77],[-59,-131],[-38,-116],[34,6],[124,-220],[96,-5],[-24,-86]],[[76371,28619],[-27,73],[-109,84],[-142,96],[-13,75],[-136,-8],[15,-74],[-46,-87],[-11,-120],[-91,22],[-153,60],[-226,-6],[-257,19],[-35,-104],[-57,-29],[-78,64],[-66,-5],[-32,-72],[21,-83],[-141,2],[-23,-29],[-97,-6],[-13,-67],[-7,-119],[-44,13],[2,-70],[31,-27],[64,-21],[23,-54],[64,-8],[22,-69],[0,-62],[-51,-67],[16,-49],[-33,-88],[-51,-29],[-48,5],[-28,-37],[42,-90],[-15,-111],[-317,-48],[-18,-15],[12,-114],[18,-25],[-71,-126],[-80,-65]],[[73368,27100],[40,37],[-51,52]],[[73357,27189],[32,82],[-5,73],[-46,66],[-1,54],[-45,66],[-57,223],[-8,85],[-115,282],[22,36],[-9,98],[25,74],[130,-7],[171,-18],[-19,-247],[142,-9],[59,703],[98,27],[51,30],[26,350],[194,138],[44,133],[28,23],[-133,321],[17,148],[229,56],[291,430],[-63,87],[401,-14],[-264,329],[5,536],[27,24],[-642,3],[0,315],[246,1],[4,285],[234,-1],[3,214],[825,-9],[603,-4],[-6,345],[-28,236],[-4,121],[131,1],[1,240],[-53,90],[11,1298],[2,97],[263,0],[3,300],[-269,0],[-216,-38],[-119,-71],[-71,1],[47,280],[-11,209],[-52,230],[-143,3],[-25,65],[-67,70],[-163,15],[-20,117],[-182,-1],[-238,784],[2,5]],[[73289,27042],[-67,29],[-60,55],[142,21]],[[73304,27147],[33,-47],[28,0]],[[73304,27147],[15,58],[38,-16]],[[70687,32685],[46,10],[64,47],[45,-18],[82,42],[78,-74],[37,32],[54,-9],[15,-58],[102,-76],[111,-101],[21,12],[93,-30],[54,48],[54,-68],[31,-114],[143,1],[846,-6],[209,-27],[26,50],[-16,92],[199,-42],[49,25],[263,-72],[21,20],[-78,312],[-2,50],[-27,132],[-53,-5],[-11,79],[-27,7],[-32,55],[-54,188],[-95,34],[-44,79],[-133,61],[5,610],[555,-11],[2,543],[-1,567],[487,-1],[4,708],[99,0],[7,786],[-2,6]],[[33536,24266],[4,4]],[[33540,24270],[-4,-4]],[[33600,24320],[4,-3]],[[33604,24317],[-21,-43]],[[33583,24274],[-37,0]],[[33546,24274],[10,32]],[[33556,24306],[14,-7],[4,8],[-12,7]],[[33562,24314],[7,13]],[[33569,24327],[8,0]],[[33577,24327],[6,-1]],[[33583,24326],[17,-6]],[[33556,24306],[6,8]],[[33583,24326],[17,-6]],[[33604,24317],[6,-7]],[[33610,24310],[-27,-36]],[[33546,24274],[-6,-4]],[[33536,24266],[-22,-14]],[[33514,24252],[-15,17]],[[33499,24269],[41,44]],[[33540,24313],[9,14]],[[33549,24327],[20,0]],[[33549,24376],[28,-49]],[[33549,24327],[-1,24]],[[33548,24351],[-3,22]],[[33545,24373],[4,3]],[[33540,24313],[-29,5]],[[33511,24318],[10,29]],[[33521,24347],[27,4]],[[33499,24269],[-22,1]],[[33477,24270],[-25,33]],[[33452,24303],[59,15]],[[33514,24252],[-30,-57],[-41,19]],[[33443,24214],[34,56]],[[33443,24214],[-24,-4]],[[33419,24210],[-36,23]],[[33383,24233],[2,63]],[[33385,24296],[47,4]],[[33432,24300],[20,3]],[[33418,24189],[-37,-26]],[[33381,24163],[2,70]],[[33419,24210],[-1,-21]],[[33418,24189],[-24,-42]],[[33394,24147],[-14,5]],[[33380,24152],[1,11]],[[33430,24339],[17,7]],[[33447,24346],[27,-5]],[[33474,24341],[19,11]],[[33493,24352],[28,-5]],[[33432,24300],[-2,39]],[[33385,24296],[2,90]],[[33387,24386],[43,-47]],[[33493,24352],[24,21]],[[33517,24373],[28,0]],[[33474,24341],[6,70]],[[33480,24411],[36,11]],[[33516,24422],[1,-49]],[[33469,24486],[11,-75]],[[33447,24346],[-51,90]],[[33396,24436],[9,35]],[[33405,24471],[64,15]],[[33387,24386],[-2,43]],[[33385,24429],[11,7]],[[33405,24471],[-23,-4]],[[33382,24467],[-17,87]],[[33365,24554],[33,20]],[[33398,24574],[3,-60],[59,0]],[[33460,24514],[1,0]],[[33461,24514],[6,-22]],[[33467,24492],[2,-6]],[[33513,24486],[20,-61]],[[33533,24425],[-17,-3]],[[33467,24492],[46,-6]],[[33461,24514],[46,7]],[[33507,24521],[6,-35]],[[33434,24573],[26,-59]],[[33398,24574],[36,-1]],[[33508,24521],[-1,0]],[[33434,24573],[69,-6]],[[33503,24567],[5,-46]],[[33365,24554],[-26,41],[9,36]],[[33348,24631],[79,29]],[[33427,24660],[7,-87]],[[33427,24660],[33,-4]],[[33460,24656],[23,-17],[20,-72]],[[33348,24631],[-17,94]],[[33331,24725],[59,7],[-12,37]],[[33378,24769],[42,10]],[[33420,24779],[33,-53],[7,-70]],[[33331,24725],[-29,65]],[[33302,24790],[73,0]],[[33375,24790],[3,-21]],[[33385,24429],[-3,38]],[[33302,24790],[-37,119]],[[33265,24909],[60,6]],[[33325,24915],[20,-40]],[[33345,24875],[30,-85]],[[33345,24875],[25,17],[101,-1]],[[33471,24891],[30,-43],[-24,-65]],[[33477,24783],[-57,-4]],[[33325,24915],[-19,41]],[[33306,24956],[14,15]],[[33320,24971],[61,12],[0,38]],[[33381,25021],[51,-36]],[[33432,24985],[32,-37],[7,-57]],[[33320,24971],[-21,55]],[[33299,25026],[-27,35]],[[33272,25061],[17,39],[92,-79]],[[33206,25022],[-27,63]],[[33179,25085],[77,0],[16,-24]],[[33299,25026],[-93,-4]],[[33104,25208],[47,-38],[60,22],[-6,127]],[[33205,25319],[32,0]],[[33237,25319],[15,-45],[313,6]],[[33565,25280],[-1,-144]],[[33564,25136],[-131,2],[-1,-153]],[[33179,25085],[-75,123]],[[33265,24909],[-30,47]],[[33235,24956],[71,0]],[[33104,25208],[-59,111]],[[33045,25319],[160,0]],[[33235,24956],[-29,66]],[[33045,25319],[-19,57],[-188,302]],[[32838,25678],[56,0],[0,50]],[[32894,25728],[74,21],[77,-76]],[[33045,25673],[0,-28],[89,-35],[32,-72],[40,-51],[70,-4],[1,-66],[-48,-62],[8,-36]],[[32838,25678],[-23,65]],[[32815,25743],[79,-15]],[[32929,26038],[42,-51],[2,-115],[18,-45],[91,-93],[4,-61],[-41,0]],[[32815,25743],[-55,143],[-33,129],[-51,103]],[[32676,26118],[72,6],[57,-110],[54,-17],[0,44],[70,-3]],[[32312,26903],[83,0]],[[32395,26903],[31,0],[0,-115],[134,0],[0,-116],[27,0],[66,-53],[43,-76],[13,-64],[93,-1],[87,-12],[46,-45],[39,-114]],[[32974,26307],[21,-85],[34,-27],[1,-70],[-36,0],[-23,-49],[-42,-38]],[[32676,26118],[-35,79],[-11,60],[-131,262],[-56,84],[-53,16],[-2,83],[-60,137],[-16,64]],[[33617,24345],[6,-18]],[[33623,24327],[-13,-17]],[[33549,24376],[36,1]],[[33585,24377],[32,-32]],[[33661,24333],[-38,-6]],[[33617,24345],[14,17]],[[33631,24362],[30,-29]],[[33585,24377],[9,10]],[[33594,24387],[30,16]],[[33624,24403],[19,-18]],[[33643,24385],[-12,-23]],[[33643,24385],[56,28]],[[33699,24413],[12,-61]],[[33711,24352],[-50,-19]],[[33699,24413],[3,40]],[[33702,24453],[39,0]],[[33741,24453],[7,-39]],[[33748,24414],[3,-35],[-40,-27]],[[33741,24453],[20,60]],[[33761,24513],[-8,104]],[[33753,24617],[75,1]],[[33828,24618],[-4,-97],[-21,-91],[92,-96]],[[33895,24334],[-20,-8]],[[33875,24326],[-49,22]],[[33826,24348],[-61,20],[-23,-16]],[[33742,24352],[-4,8]],[[33738,24360],[10,54]],[[33937,24330],[-42,4]],[[33828,24618],[126,5]],[[33954,24623],[22,-17],[0,-64],[35,-13]],[[34011,24529],[-9,0]],[[34002,24529],[-48,0],[-20,-92],[18,-38]],[[33952,24399],[-15,-69]],[[33875,24326],[2,-83]],[[33877,24243],[-83,42]],[[33794,24285],[32,63]],[[33793,24223],[1,62]],[[33877,24243],[-12,-55]],[[33865,24188],[-44,-6],[-28,41]],[[33594,24387],[-38,38]],[[33556,24425],[49,44]],[[33605,24469],[-1,0]],[[33604,24469],[20,-66]],[[33533,24425],[23,0]],[[33603,24504],[2,-35]],[[33508,24521],[95,-17]],[[33604,24469],[68,1]],[[33672,24470],[30,-17]],[[33672,24470],[1,24]],[[33673,24494],[66,0],[22,19]],[[33602,24565],[1,-51]],[[33603,24514],[0,-10]],[[33503,24567],[99,-2]],[[33597,24617],[5,-52]],[[33477,24783],[41,-37]],[[33518,24746],[31,-44],[-5,-67],[53,-18]],[[33673,24520],[0,-26]],[[33673,24494],[-70,20]],[[33602,24565],[71,-45]],[[33597,24617],[15,1]],[[33612,24618],[62,-1]],[[33674,24617],[-1,-97]],[[33674,24617],[70,0]],[[33744,24617],[9,0]],[[33789,24728],[196,-1]],[[33985,24727],[0,-90],[-31,-14]],[[33744,24617],[-5,52],[50,59]],[[34003,24311],[-40,-10],[-26,29]],[[33952,24399],[51,-88]],[[34002,24529],[0,-51],[48,0],[-1,-76]],[[34049,24402],[-11,-77]],[[34038,24325],[-35,-14]],[[34071,24403],[-22,-83]],[[34049,24320],[-11,5]],[[34049,24402],[22,1]],[[34110,24286],[-61,34]],[[34071,24403],[52,32],[18,-22]],[[34141,24413],[20,-95],[-51,-32]],[[34248,24436],[39,41],[27,-85],[40,-62],[-1,-144]],[[34353,24186],[37,-38],[-1,-81],[-61,1]],[[34328,24068],[-58,81],[-36,19],[-52,67],[-72,51]],[[34141,24413],[3,14]],[[34144,24427],[104,9]],[[34328,24068],[-7,-43]],[[34321,24025],[-251,-4],[-34,83],[-87,36],[-57,-6]],[[33892,24134],[-35,22]],[[33857,24156],[8,32]],[[33518,24746],[38,26],[57,0]],[[33613,24772],[-1,-154]],[[33564,25136],[7,-171],[43,-1]],[[33614,24964],[0,-35]],[[33614,24929],[-1,-157]],[[33614,24929],[126,-79],[3,-122],[46,0]],[[34011,24529],[135,0]],[[34146,24529],[-2,-102]],[[34146,24529],[85,24]],[[34231,24553],[-19,-100],[36,-17]],[[34433,24796],[-4,-124]],[[34429,24672],[-113,-3]],[[34316,24669],[-33,19],[35,97],[30,16],[85,-5]],[[33985,24727],[9,96],[63,38],[25,-9],[99,23],[58,0],[0,123]],[[34239,24998],[78,54],[-13,26],[94,24]],[[34398,25102],[63,-63],[73,-48],[-15,-47],[37,-80]],[[34556,24864],[9,-53],[-49,0]],[[34516,24811],[-83,-15]],[[34316,24669],[0,-101]],[[34316,24568],[-85,-15]],[[33614,24964],[179,0],[-1,51],[60,5],[-1,91],[13,59],[-127,1],[-31,105]],[[33706,25276],[111,3],[0,65]],[[33817,25344],[83,0],[22,53],[43,16],[17,-38],[54,-7],[17,-44],[58,0]],[[34111,25324],[0,-154],[-26,0],[0,-150],[154,1],[0,-23]],[[33635,24226],[-30,30]],[[33605,24256],[32,38]],[[33637,24294],[33,-33]],[[33670,24261],[-35,-35]],[[33670,24261],[7,-7]],[[33677,24254],[19,-19]],[[33696,24235],[-27,-26]],[[33669,24209],[-46,5]],[[33623,24214],[12,12]],[[33641,24169],[-22,31]],[[33619,24200],[4,14]],[[33669,24209],[32,-18]],[[33701,24191],[-60,-22]],[[33637,24294],[34,4]],[[33671,24298],[25,-25]],[[33696,24273],[-19,-19]],[[33671,24298],[-1,36],[68,26]],[[33742,24352],[-46,-79]],[[33793,24223],[-14,-22]],[[33779,24201],[-83,34]],[[33779,24201],[-78,-10]],[[33769,24094],[-29,20]],[[33740,24114],[-25,21]],[[33715,24135],[-71,4]],[[33644,24139],[-6,19]],[[33638,24158],[3,11]],[[33857,24156],[-13,13],[-75,-75]],[[33734,24026],[-38,59]],[[33696,24085],[44,29]],[[33769,24094],[11,-24]],[[33780,24070],[-46,-44]],[[33892,24134],[26,-42]],[[33918,24092],[-35,-20],[-103,-2]],[[33754,23926],[-57,64]],[[33697,23990],[37,36]],[[33918,24092],[32,-98],[-116,11],[-80,-79]],[[34321,24025],[1,-185],[48,4],[55,-125],[25,-10]],[[34450,23709],[-234,1],[-63,-106]],[[34153,23604],[-135,5]],[[34018,23609],[-5,149]],[[34013,23758],[22,56],[-36,20],[-18,47],[-105,46],[-39,-9],[-37,27],[-46,-19]],[[34013,23758],[-75,0],[-77,16],[-14,38],[-77,14],[1,-31]],[[33771,23795],[-16,31],[-115,-1]],[[33640,23825],[-2,90],[33,44]],[[33671,23959],[26,31]],[[33771,23795],[1,-84],[-38,-38]],[[33734,23673],[1,-87]],[[33735,23586],[-110,8]],[[33625,23594],[-31,29]],[[33594,23623],[26,47]],[[33620,23670],[-3,106],[23,49]],[[34018,23609],[-74,-38],[-50,-5],[-36,24]],[[33858,23590],[22,26],[-14,62],[-44,21],[-88,-26]],[[33809,23564],[-74,22]],[[33858,23590],[-49,-26]],[[34277,23272],[-44,-4],[-27,40],[-64,18],[-73,47],[-28,-28],[-46,19]],[[33995,23364],[-23,6],[-64,87],[-46,-5],[-42,28],[-11,84]],[[34153,23604],[73,-142],[51,-69],[0,-121]],[[33995,23364],[1,-51],[-73,-23],[-26,44],[-160,15],[0,14],[-169,-4]],[[33568,23359],[-48,0]],[[33520,23359],[9,40]],[[33529,23399],[29,37],[6,47],[35,28],[26,83]],[[34277,23272],[0,-21]],[[34277,23251],[-474,-2],[-26,-20],[-116,0],[0,30],[-93,0],[0,21]],[[33568,23280],[0,79]],[[33696,24085],[-47,32]],[[33649,24117],[66,18]],[[33649,24117],[-54,-14]],[[33595,24103],[-20,-4]],[[33575,24099],[0,3]],[[33575,24102],[12,30],[57,7]],[[33553,24014],[0,20]],[[33553,24034],[9,67]],[[33562,24101],[13,-2]],[[33595,24103],[-4,-43],[38,-33]],[[33629,24027],[-76,-13]],[[33553,24034],[-58,46]],[[33495,24080],[-1,21]],[[33494,24101],[53,0]],[[33547,24101],[15,0]],[[33619,24200],[-59,20]],[[33560,24220],[45,36]],[[33638,24158],[-72,-4],[-6,66]],[[33547,24101],[-45,41]],[[33502,24142],[42,49],[31,-89]],[[33494,24101],[0,36]],[[33494,24137],[8,5]],[[33671,23959],[-42,68]],[[33495,24080],[-40,3]],[[33455,24083],[0,84]],[[33455,24167],[39,-30]],[[33455,24083],[-25,0]],[[33430,24083],[-5,16]],[[33425,24099],[-1,38]],[[33424,24137],[31,30]],[[33425,24099],[-33,12]],[[33392,24111],[32,26]],[[33394,24147],[-1,-31],[-30,-3],[17,39]],[[33376,24064],[16,47]],[[33430,24083],[1,-4]],[[33431,24079],[-55,-15]],[[33010,24209],[18,-38],[-111,-15],[9,49],[32,17],[52,-13]],[[33380,24035],[-4,29]],[[33431,24079],[0,-37],[-51,-7]],[[33401,23966],[-21,69]],[[33553,24014],[-68,-62],[-28,4]],[[33457,23956],[-56,10]],[[33519,23824],[-23,82],[-47,4],[8,46]],[[33640,23825],[-121,-1]],[[33408,23763],[14,59]],[[33422,23822],[88,2]],[[33510,23824],[6,-64],[-108,3]],[[33422,23822],[-20,37],[-1,107]],[[33519,23824],[-9,0]],[[33620,23670],[-109,-9],[-70,22]],[[33441,23683],[-54,-5]],[[33387,23678],[21,85]],[[33441,23683],[19,-75]],[[33460,23608],[0,-50]],[[33460,23558],[-85,8],[-80,40]],[[33295,23606],[92,72]],[[33460,23558],[-32,-139]],[[33428,23419],[-13,52],[-49,10]],[[33366,23481],[-22,76],[-51,10],[2,39]],[[33594,23623],[-53,12],[-81,-27]],[[33425,23407],[3,12]],[[33529,23399],[-61,-6],[-43,14]],[[33425,23407],[-8,-26]],[[33417,23381],[-60,0]],[[33357,23381],[-43,54],[52,46]],[[33373,23337],[-16,44]],[[33417,23381],[4,-44]],[[33421,23337],[-48,0]],[[33421,23337],[-7,-35]],[[33414,23302],[-36,0]],[[33378,23302],[-5,35]],[[33374,23257],[4,45]],[[33414,23302],[-15,-45]],[[33399,23257],[-25,0]],[[33520,23359],[-35,-30],[-16,-65]],[[33469,23264],[-30,-7]],[[33439,23257],[-40,0]],[[33440,23148],[-5,-6]],[[33435,23142],[-37,2],[1,113]],[[33439,23257],[1,-109]],[[33469,23264],[5,-2]],[[33474,23262],[0,-75],[-34,-39]],[[33568,23280],[-94,-18]],[[33487,23065],[-2,51],[-45,32]],[[34277,23251],[0,-299]],[[34277,22952],[-51,80],[-80,-85],[-82,10],[-38,21],[0,55],[-98,-32],[-5,-31],[-77,12],[-49,-27]],[[33797,22955],[2,58],[-20,39],[-118,-10],[0,28],[-174,-5]],[[33797,22955],[-35,-81],[1,-70],[36,-36],[-24,-56],[0,-72],[45,-23]],[[33820,22617],[-54,-12],[-66,-40]],[[33700,22565],[-68,103],[6,56],[-222,-1],[2,-61],[-82,9],[-18,93],[-33,6]],[[33285,22770],[-22,80],[79,38],[27,-24],[40,38],[16,70],[-29,40]],[[33396,23012],[4,2]],[[33400,23014],[74,10],[13,41]],[[33400,23014],[-15,31],[35,39],[15,58]],[[33396,23012],[-65,14],[-2,58],[31,84],[14,89]],[[33193,22943],[-23,14]],[[33170,22957],[134,165],[11,-72],[-70,-35],[-5,-44],[-47,-28]],[[33193,22943],[-7,-23],[29,-117],[26,-53],[1,-54],[53,-113]],[[33295,22583],[-54,-30],[-77,8]],[[33164,22561],[-38,225],[44,171]],[[33314,22578],[-1,25]],[[33313,22603],[4,-24]],[[33317,22579],[-3,-1]],[[34277,22952],[8,-147],[-102,0],[-1,-166],[35,-1],[0,-74],[-67,21],[-17,-44]],[[34133,22541],[0,28],[-113,1],[-6,28],[-55,27],[-114,15],[-25,-23]],[[33313,22603],[25,37],[-53,130]],[[33700,22565],[-106,-1],[-47,-13],[-230,28]],[[33295,22583],[19,-5]],[[34133,22541],[3,-288]],[[34136,22253],[-28,19],[-251,-4],[-115,6],[-15,-20]],[[33727,22254],[-129,9],[-109,25],[-56,-22],[-30,14]],[[33403,22280],[-78,16],[-20,-15],[-88,-8]],[[33217,22273],[-10,78],[-34,120],[-9,90]],[[33727,22254],[52,-35],[4,-58],[-51,1]],[[33732,22162],[-12,13],[-154,-3],[-33,29],[-118,-7]],[[33415,22194],[-28,1],[16,85]],[[33732,22162],[-1,-51],[-35,-10],[-2,-44],[-78,23],[-40,-26],[-52,65],[-119,-3],[10,78]],[[34136,22253],[51,-85],[0,-95]],[[34187,22073],[1,-113],[-110,0],[0,-102]],[[34078,21858],[-49,61],[-37,8],[-34,-62],[-52,11],[-123,-6],[-4,43],[-109,0],[-44,37],[-58,-16],[-94,2],[-58,-24]],[[33416,21912],[-85,1],[-4,-36],[-56,-4]],[[33271,21873],[-16,170],[-38,230]],[[33723,21677],[-1,108],[-64,0]],[[33658,21785],[-62,68],[-84,-21],[-46,-40]],[[33466,21792],[-67,10],[17,110]],[[34078,21858],[-4,-201],[-240,0],[8,58],[-119,-38]],[[33658,21785],[-31,-5],[-15,-83],[-103,-11],[-70,14]],[[33439,21700],[27,92]],[[33384,21572],[-9,41],[54,28],[10,59]],[[33723,21677],[1,-72]],[[33724,21605],[-53,20],[-52,-20],[-23,-34],[-212,1]],[[34187,22073],[134,0],[0,38],[123,0],[0,36],[97,0],[0,-71]],[[34541,22076],[5,-118],[0,-224],[-26,-115],[-15,-117],[0,-74],[114,7],[129,41]],[[34748,21476],[-4,-124],[87,-7],[0,-56],[52,-41],[30,-49],[48,0],[42,-55]],[[35003,21144],[-8,-169],[-108,0],[0,-33]],[[34887,20942],[-208,0],[1,-78],[-27,-14],[21,-73],[-177,-5],[1,-19]],[[34498,20753],[-64,-32]],[[34434,20721],[-79,11],[-31,-47],[-63,55],[9,41],[-92,60],[-46,-34],[0,-31],[-60,-31],[-31,63],[-65,-45]],[[33976,20763],[-49,16],[-68,-12]],[[33859,20767],[-19,42],[0,84],[53,40],[68,17],[11,101],[34,84],[-74,1],[0,92],[-71,0]],[[33861,21228],[-26,65],[-73,14],[-85,48]],[[33677,21355],[-1,183],[50,0],[-2,67]],[[33677,21355],[-45,69]],[[33632,21424],[15,37],[-108,18],[-48,38],[-39,-1]],[[33452,21516],[-89,3]],[[33363,21519],[21,53]],[[33632,21424],[-75,-20],[-105,3]],[[33452,21407],[0,109]],[[33452,21407],[-105,-4]],[[33347,21403],[1,77]],[[33348,21480],[15,38]],[[33363,21518],[0,1]],[[33347,21403],[-51,-34]],[[33296,21369],[-6,93]],[[33290,21462],[58,18]],[[33238,21511],[48,-14]],[[33286,21497],[4,-35]],[[33296,21369],[0,-66]],[[33296,21303],[-31,36],[-50,1],[7,-151],[-65,0],[1,39],[-66,18]],[[33092,21246],[62,186],[30,46],[54,33]],[[33286,21497],[77,21]],[[33238,21511],[19,57],[3,202],[11,103]],[[33861,21228],[-1,-134],[-43,-12]],[[33817,21082],[-90,22]],[[33727,21104],[-142,-9],[-59,-20],[-33,-56],[-67,3],[0,39]],[[33426,21061],[1,141],[-70,2],[-48,52],[-13,47]],[[33426,21061],[-32,-25],[-50,0],[-5,-154]],[[33339,20882],[-89,2],[-37,-16],[-101,88],[9,151],[-73,2],[-4,68]],[[33044,21177],[48,69]],[[33859,20767],[-28,-53]],[[33831,20714],[-14,41],[-188,0],[-1,27],[-80,17],[-17,-52],[22,-32],[-35,-43],[-57,-24],[-8,-49],[-45,0]],[[33408,20599],[0,92],[-62,18],[-25,59]],[[33321,20768],[18,36],[0,78]],[[33727,21104],[-23,-13],[-2,-98],[19,-36],[81,-9],[15,134]],[[33962,20489],[-49,23],[50,50],[17,100],[-23,59],[19,42]],[[34434,20721],[0,-45],[-38,-36],[-154,15],[-38,-35],[-1,-74],[-38,-20],[-169,1],[-34,-38]],[[34447,19962],[16,96],[2,88],[-53,38],[26,98],[-10,205],[-13,66],[91,5],[-12,113],[4,82]],[[34887,20942],[44,3],[-2,-61],[64,-5],[-10,-181],[60,23],[63,4]],[[35106,20725],[103,-82],[-22,-137],[-10,-141],[11,-131],[-51,-55],[-49,0],[17,-65],[34,4],[-7,-74],[26,-76],[40,0],[-5,-123],[48,0]],[[35241,19845],[-8,-22],[71,-38],[0,-141]],[[35304,19644],[-3,-87],[-94,0],[-122,-13],[-45,6]],[[35040,19550],[-45,-6],[0,67],[-269,-3],[-15,35],[30,50],[0,61],[-67,-7]],[[34674,19747],[-36,14],[0,63],[68,0],[-8,91],[-164,5],[0,38],[-87,4]],[[33576,20461],[-44,-12],[1,56],[-55,-14],[-76,2],[6,106]],[[33831,20714],[-36,-35]],[[33795,20679],[-15,-50],[-50,19],[-54,-24],[-50,38],[-11,-49],[-45,-57],[21,-61],[-15,-34]],[[33604,20451],[-28,10]],[[33795,20679],[45,2],[64,-78],[-46,-31],[-82,13],[1,-32],[-93,-3],[-11,-37],[-69,-62]],[[33824,20346],[-8,-71],[-49,-8],[21,-57],[-8,-48],[-56,-13]],[[33724,20149],[-18,5],[0,131],[-60,26],[-28,63],[-14,77]],[[33962,20489],[3,-5]],[[33965,20484],[-146,0],[5,-138]],[[33934,20288],[-73,-5],[-37,63]],[[33965,20484],[-22,-59],[33,-57],[0,-52],[-42,-28]],[[34447,19962],[-76,23],[-15,106],[-90,6],[-96,-31],[-56,54],[-90,-19],[-12,42],[-77,-42],[-1,187]],[[34674,19747],[-116,-2],[0,-86],[-172,0],[-14,51],[-92,0],[13,57],[-75,42],[-142,-14],[-238,-1],[0,103],[-55,1],[0,116]],[[33783,20014],[0,65],[-60,0],[1,70]],[[35040,19550],[11,-112],[-2,-126],[-35,-7],[-15,-94],[166,-52],[72,-67],[-11,-94],[-22,-61],[44,-57]],[[35248,18880],[-29,-32]],[[35219,18848],[-111,44],[-155,-4],[-98,-29],[-95,-7],[-35,23],[-146,-29]],[[34579,18846],[-77,35],[-66,78],[-29,1],[-81,42],[-75,123],[-57,-27],[-15,33],[-78,-7]],[[34101,19124],[38,64],[-16,39],[31,41],[-47,45],[-39,-22],[-114,48],[-72,67],[1,46],[-163,-27],[-196,-74],[-8,46],[30,60],[56,11],[2,167]],[[33604,19635],[49,48],[6,49],[62,9],[0,55],[-55,9],[-30,45],[-6,59],[54,68],[99,37]],[[33616,18707],[-149,159],[-230,215],[-138,108],[-105,47]],[[32994,19236],[50,90],[47,50],[115,82],[35,37],[-79,86],[84,121],[56,-2],[133,-67],[47,7],[61,-24],[61,19]],[[34101,19124],[-33,-110],[-49,0],[-70,26],[-128,-16],[32,-50],[17,-66],[-43,-37],[-1,-43],[-74,16],[15,-137],[-76,26],[-75,-26]],[[34579,18846],[66,-56],[88,-129],[-3,-82],[-35,-44],[14,-75],[43,-39],[39,-160],[-50,-29],[-35,12],[-39,-31],[-104,86],[-102,53],[-119,38],[-88,7],[-49,68],[-57,9],[8,-50],[-118,-91]],[[34038,18333],[-49,-9],[-121,25],[-41,39],[-32,64],[-46,53],[-11,69],[-122,133]],[[33321,20768],[-28,-7],[-201,2]],[[33092,20763],[-8,91],[-46,24],[1,57],[-140,-10],[-44,14]],[[32855,20939],[189,238]],[[32994,19236],[-81,45],[-120,88],[-143,57]],[[32650,19426],[1,319]],[[32651,19745],[113,7],[2,130],[31,60],[54,5],[40,-53],[60,24],[-1,260],[51,74]],[[33001,20252],[10,16],[185,169],[1,38],[-437,1]],[[32760,20476],[26,11],[0,58],[76,45],[57,-4],[0,40],[78,37],[0,31],[67,2],[28,67]],[[32760,20476],[-46,-50],[-133,-5],[0,27],[-217,7],[-160,-7],[-152,0]],[[32052,20448],[4,51],[-23,128]],[[32033,20627],[14,29],[77,-19],[115,8],[34,49]],[[32273,20694],[75,71],[1,57]],[[32349,20822],[74,-29],[98,-11],[80,6],[137,44],[72,50],[45,57]],[[32273,20694],[-9,57],[-81,8],[2,52],[-82,31]],[[32103,20842],[-37,135],[-2,66],[149,-80],[37,-89],[23,-24],[76,-28]],[[32033,20627],[-21,60],[27,13],[16,55],[40,43],[8,44]],[[33001,20252],[-212,-13],[-116,-16],[-107,-26],[-50,11],[42,65],[-122,23],[-161,-9],[-4,45],[-61,-30],[-70,-13],[-45,-50],[-59,4]],[[32036,20243],[-18,99],[27,45],[7,61]],[[32651,19745],[-94,5],[14,140],[-121,8],[-27,-20]],[[32423,19878],[-78,75],[28,110],[-52,45],[-103,-11],[1,-21],[-169,-13]],[[32050,20063],[-29,91],[21,17],[-6,72]],[[32423,19878],[-40,-77],[-4,-80],[-54,2],[4,82],[-87,1],[-40,-70],[-14,-91],[-65,0]],[[32123,19645],[-33,143],[-48,77],[21,42],[-13,156]],[[32650,19426],[-131,16],[-133,-23]],[[32386,19419],[-26,40]],[[32360,19459],[52,43]],[[32412,19502],[18,72],[-56,57],[-68,-27],[-98,-7],[-63,-47],[-43,-3]],[[32102,19547],[-3,68],[24,30]],[[32386,19419],[-26,40]],[[32412,19502],[-59,-2],[-18,-36],[22,-63],[-25,-88],[-33,-1],[-45,74],[-152,161]],[[34761,23459],[-265,1],[0,249],[-46,0]],[[34353,24186],[113,-1],[74,-14],[11,212]],[[34551,24383],[187,-8],[62,57],[-46,52],[-37,86],[55,27],[57,0],[47,24]],[[34876,24621],[262,134],[49,3],[17,-33],[47,24],[26,-51],[222,110]],[[35499,24808],[64,-120],[56,-47],[65,29],[31,-57],[104,-40]],[[35819,24573],[42,-81],[-56,-71],[27,-40],[-80,-42],[-15,-59],[21,-46]],[[35758,24234],[-101,41],[-56,-33],[-42,-3],[-94,-41],[-22,15],[-193,-99],[14,-27],[-112,-57],[-29,59],[-38,-20],[28,-71],[77,-26],[-167,-81],[-7,-32],[-70,-46],[-45,18],[-57,-11],[-10,-166],[-79,19],[6,-92],[-60,0],[-29,-35],[0,-49],[89,-6],[0,-32]],[[35758,24234],[78,-1],[90,-51],[57,-66],[6,-70],[-9,-96],[23,0],[-1,-94],[16,-29],[-14,-101]],[[36004,23726],[-67,-24],[-18,-37],[-169,-4],[-46,-21],[-51,17],[-46,-23],[-44,30],[-274,0],[-26,-73],[-37,-16],[-67,-66],[-62,-31],[-104,-17],[-232,-2]],[[35045,23193],[-283,0],[-1,266]],[[36004,23726],[136,-3],[168,17],[29,42],[203,-4],[93,29]],[[36633,23807],[18,-36],[13,-132],[-2,-88],[-23,-21],[0,-189]],[[36639,23341],[-65,-12],[-77,-36]],[[36497,23293],[-1,21],[-84,2],[-40,45],[-56,7],[-20,-25],[-99,0],[-31,21],[-221,-15],[-9,17],[-87,-58],[-89,-16],[-94,-47],[-135,11],[-228,7],[-33,-74],[-83,-8],[-47,17],[-95,-5]],[[35448,22709],[34,-81]],[[35482,22628],[-200,-10],[-103,-57],[-15,-40],[-61,24],[-103,3],[-18,-33]],[[34982,22515],[-9,70],[-51,22],[-62,-1],[-48,118],[30,57],[0,122],[-53,-1],[-61,22],[-1,184],[104,0],[0,-102],[45,-14],[34,41],[76,-1],[59,16],[9,86],[-9,59]],[[36497,23293],[8,-82],[88,-71],[1,-59]],[[36594,23081],[-1,-106],[-38,-52],[-92,10]],[[36463,22933],[-145,2],[-53,9],[-43,-30]],[[36222,22914],[-73,24],[-29,46],[-43,-11],[-342,0],[-26,8],[-41,-45],[-75,-46],[-163,-52],[-4,-53],[22,-76]],[[36222,22914],[31,-42],[11,-82]],[[36264,22790],[-99,9],[-181,1],[-7,-68],[-192,3],[-93,-17],[-32,9],[-110,-3],[-102,-15]],[[36264,22790],[27,-70],[-78,-49],[5,-132],[51,0]],[[36269,22539],[-15,-72],[-75,-22],[-90,-43],[-349,4],[-126,-18],[-117,32]],[[35497,22420],[-15,111],[0,97]],[[35591,22023],[3,105],[-58,6],[15,119],[-50,24],[6,89],[-10,54]],[[36269,22539],[37,0],[20,-65],[99,-7],[15,-71],[47,-10],[88,8],[16,-51],[53,-9],[25,31],[78,0],[48,79]],[[36795,22444],[48,-14],[1,-115],[-20,-13],[0,-85],[-35,-32],[-16,-124],[11,-15]],[[36784,22046],[-130,-1],[-89,25],[11,-65],[-95,-18],[5,-44],[-37,-24],[-65,5]],[[36384,21924],[7,134],[-11,29],[-95,-7],[-24,-18],[-107,-8],[0,70],[-100,-12],[-278,7],[-2,-103],[-183,7]],[[36384,21924],[-107,-11],[-55,10],[-21,-46],[-123,3],[-5,-37],[-149,-12],[-13,-26],[-59,8],[-80,-46],[-71,-3],[-96,-20]],[[35605,21744],[24,42],[-15,64],[-2,100],[-33,7],[12,66]],[[36698,21307],[-152,-6],[-31,36],[-104,2],[0,-22],[-97,-75],[-51,-13],[-99,11],[-21,-39],[-111,-60],[0,-50],[-153,-7]],[[35879,21084],[-84,-16],[-97,18],[-36,34],[-53,-33],[-203,-4]],[[35406,21083],[0,34],[48,40],[83,19],[9,35],[-46,87],[-47,-15],[3,71],[34,86],[-6,64],[-60,72],[79,48],[18,88]],[[35521,21712],[84,32]],[[36784,22046],[75,-10],[158,4],[-4,-88],[47,-29]],[[37060,21923],[4,-191]],[[37064,21732],[-266,-29],[-34,-31],[-51,9],[13,-92],[-50,-97]],[[36676,21492],[46,-79],[-24,-106]],[[36169,20799],[-80,9],[-84,-22],[-88,40],[-37,-16]],[[35880,20810],[-62,3],[-65,53],[-18,132],[26,31],[85,-13],[33,26],[0,42]],[[36698,21307],[55,-16],[1,-49],[47,-1],[-9,-63],[-47,-1],[-27,-38],[-8,-82],[-46,2],[-56,-30],[-29,-55],[-101,0],[-2,-65],[-38,1],[-49,-67],[-60,-1],[0,-43],[-160,0]],[[36676,21492],[79,5],[20,-36],[54,-16],[-30,-84],[48,-54],[141,-17],[-1,131],[261,-85],[38,-1]],[[37286,21335],[-15,-41],[-48,0],[-1,-129],[-35,-35],[58,-24],[-8,-210],[22,-49],[0,-177],[-9,-136]],[[37250,20534],[-67,1]],[[37183,20535],[-192,4],[-329,-1],[-10,13],[-118,-19],[-1,-19],[-138,0],[0,32],[-65,0],[-43,-26],[-120,4]],[[36167,20523],[13,63],[-11,213]],[[37183,20535],[5,-215],[-100,-23],[7,-92],[27,-48],[40,0],[-1,-59]],[[37161,20098],[-154,0],[-49,-9],[-61,21],[-21,-30],[-164,33],[-150,-3],[0,46],[-141,-6],[0,-31],[-63,-21],[-143,12]],[[36215,20110],[-21,40],[-10,78],[-26,11],[0,284],[9,0]],[[37325,19953],[0,-410]],[[37325,19543],[-262,0],[-102,16],[-9,-13],[-198,-2],[-36,27],[53,97],[-6,30],[-163,4],[-23,17],[-103,-2],[0,51],[-122,-2],[-19,51],[-94,-19],[-15,49],[-47,45]],[[36179,19892],[5,66],[26,31],[-20,37],[0,83],[25,1]],[[37161,20098],[9,-57],[28,-15],[85,0],[42,-73]],[[37325,19543],[0,-118],[-119,-32],[-55,14],[-135,-7],[-40,32],[-189,7],[4,-101]],[[36791,19338],[-97,44],[-174,0],[10,-21],[-138,0],[-119,-24],[-181,2],[-42,20],[-71,-10]],[[35979,19349],[4,163],[-95,31],[14,47],[-9,190]],[[35893,19780],[48,0],[113,84],[125,28]],[[36791,19338],[0,-99]],[[36791,19239],[-93,-18],[-48,23],[-174,3],[0,-57],[-59,-18],[0,-51],[-91,-1],[0,-28]],[[36326,19092],[-122,1],[0,54],[-108,-8],[-88,28]],[[36008,19167],[-14,71],[-26,3],[11,108]],[[36791,19239],[41,-16],[86,-136]],[[36918,19087],[-14,-5],[-5,-139],[-96,0],[-8,32],[-326,2],[-85,-17],[-23,-43],[-61,62],[26,58],[0,55]],[[36443,18491],[-25,22],[-89,-20],[-84,-5],[-94,11],[0,22],[-543,0]],[[35608,18521],[102,106],[95,72],[-29,69],[7,47],[-31,69],[98,37],[27,-5],[49,52],[4,88],[-16,61]],[[35914,19117],[63,20],[31,30]],[[36918,19087],[298,2],[482,-1],[1,-99],[36,0],[23,59],[67,-19],[38,83],[49,0],[3,-40]],[[37915,19072],[-5,-90],[-102,-35],[106,-164],[-77,-113],[29,-22],[-59,-57],[-94,0],[0,115],[-207,1],[-30,49],[-48,-13]],[[37428,18743],[-69,-37],[-32,-58],[-35,-8],[-31,-104]],[[37261,18536],[-44,38],[-165,1],[0,68],[-270,2],[-139,-64],[-107,6],[-36,-29],[1,-48],[-58,-19]],[[36443,18363],[0,128]],[[37261,18536],[-31,-41],[-45,0],[0,-107],[-95,0],[-3,-60],[-193,8]],[[36894,18336],[-79,7],[-227,6],[-11,15],[-134,-1]],[[36420,18127],[-4,56],[27,63],[0,117]],[[36894,18336],[77,-139],[-129,-6],[-62,-58],[-34,32],[-98,0],[-59,-35],[-169,-3]],[[37645,18091],[-119,44],[0,135],[-17,112],[25,52],[-114,33],[31,49],[-15,85],[46,14],[-22,121],[-32,7]],[[37915,19072],[49,54],[4,54],[100,53],[2,37],[-65,15],[32,72],[0,62],[34,47],[43,12],[129,-34],[45,-42],[123,-63],[72,39],[59,3],[53,-56],[37,-91],[80,-52],[59,-16],[84,-48],[84,-10]],[[38939,19108],[-3,-67],[-98,-1],[-72,-22],[-77,-55],[-40,-72],[10,-41],[57,-30],[-109,-100],[-95,-26],[-29,-44],[-43,8],[-35,-22],[-81,-15],[-140,-64],[-91,-85],[-50,-137],[2,-67],[51,-43],[-62,-22],[-106,23],[-55,-31],[-71,7],[-141,-61],[-16,-50]],[[36399,18074],[21,53]],[[37645,18091],[71,-33],[-30,-93],[-44,57],[-117,20],[-70,-26],[-21,-33],[-156,4],[32,73],[-3,50],[-52,20],[-5,-75],[-49,-76],[2,-39],[-108,17],[-8,-59],[98,-58],[123,-25],[-45,-54],[-108,6],[-107,74],[-141,66],[-134,15],[-52,-33],[-31,-107],[-39,-8],[-81,59],[-64,28],[-56,-33],[-21,31],[-100,62],[-109,52],[6,35],[57,-10],[56,-29],[46,10],[42,42],[-28,53]],[[35120,17952],[29,59],[100,4],[20,78],[-70,65],[-2,62],[-72,-8],[-21,50],[127,92],[18,32],[-20,43],[75,93]],[[35304,18522],[304,-1]],[[36399,18074],[-74,-29],[-29,23],[-63,8],[-20,-43],[-38,-10],[-22,-100],[-105,48],[-30,-17],[-74,24],[-76,-25],[-27,-55],[-82,47],[-57,-9],[-60,26],[-39,-11],[-80,23],[-58,-36],[-16,-56],[-70,33],[-95,10],[-30,32],[-66,25],[-68,-30]],[[37812,19934],[-74,-69],[-54,-15],[-42,72],[-63,-1],[-102,25],[-13,17],[-139,-10]],[[37250,20534],[44,20],[148,-9],[37,-13],[169,-6],[0,-30],[108,-4]],[[37756,20492],[1,-288],[46,-13],[11,-77],[-2,-180]],[[38557,19585],[-99,71],[-57,27],[-168,-1],[-8,72],[-48,135],[-94,1],[-86,-45],[-37,18],[-81,0],[-77,14],[10,57]],[[37756,20492],[0,38],[108,14],[124,0]],[[37988,20544],[0,-18],[281,-11],[30,19],[269,1],[0,-58],[145,0],[0,41],[80,0],[0,29],[99,-10]],[[38892,20537],[-1,-142],[33,-16],[-7,-98],[44,-17],[0,-37],[-108,0],[13,-189],[-20,-15],[-7,-187],[11,-11],[-98,-85],[-10,-42],[-60,0],[-7,27],[-61,-7],[-57,-133]],[[39871,21022],[19,30]],[[39890,21052],[170,-106],[-176,-275],[26,-63],[-42,-46],[31,-82],[86,0],[0,-193],[-265,0],[-164,-177],[-125,1],[238,-292],[0,-310]],[[39669,19509],[-81,10],[-99,-15],[-47,35],[-220,-1],[-1,-82],[-83,-48],[-51,29],[-315,-2],[12,35],[-128,1],[-99,114]],[[38892,20537],[80,0],[-12,56],[0,92],[504,1],[0,146],[113,-42],[-29,165],[222,-81],[41,39],[60,109]],[[39669,19509],[0,-198],[40,-29],[104,-19]],[[39813,19263],[-16,-57],[21,-24],[-7,-56],[-28,-51],[-64,80],[-65,1],[-44,-19],[0,-112],[-47,-20],[-137,68],[-57,-15],[-25,33],[-114,38],[-149,16],[-89,-9],[-53,-28]],[[37970,21484],[0,-34],[104,1]],[[38074,21451],[21,-112],[-11,-60],[28,-52],[-20,-29],[-61,-26],[0,-68],[-21,-66],[10,-125],[-14,-47],[25,-110],[-45,-89],[2,-123]],[[37286,21335],[2,39],[68,0],[69,35]],[[37425,21409],[0,-32],[130,0],[70,15],[86,0],[66,-15],[-2,61],[41,28],[154,18]],[[38074,21451],[11,22],[66,-6],[32,-41],[137,0],[80,11],[0,75],[60,32],[83,-93],[120,119],[106,-118],[143,92]],[[38912,21544],[22,-33],[204,-51],[7,40],[172,-1],[29,-29],[-1,-448],[526,0]],[[40695,20137],[-88,-1],[-80,-43],[-42,-74],[-54,-29],[-31,-42],[-39,-1],[-54,-39],[-72,-31],[-10,-27],[-92,-91],[11,-37],[-100,-116],[-48,-125],[-8,-74],[15,-73],[57,-46],[-41,-58],[-60,71],[-52,-7],[-20,25],[-50,-16],[-24,-40]],[[39890,21052],[16,29],[160,132],[238,244]],[[40304,21457],[162,-124],[60,78],[79,20],[165,105],[106,76],[-41,33],[0,125],[-13,20],[157,100]],[[40979,21890],[201,-271],[59,-170],[-1,-149],[18,-99],[-1,-81],[88,-128],[36,-97],[116,10],[52,35],[192,68],[80,-8],[10,-77],[-1,-140],[12,-69],[158,-173],[-1,-154],[-65,-31],[0,-46]],[[41932,20310],[-71,-22],[-9,-58],[-47,-13],[-110,-74],[-64,-8],[-62,22],[-170,38],[-114,17]],[[41285,20212],[2,64],[-23,45],[37,34],[25,61],[-25,37],[87,145],[-127,-64],[-138,7],[-42,46],[-63,-20],[-9,-34],[-223,0],[-4,-60],[-51,-279],[-52,-27],[16,-30]],[[41285,20212],[-118,-8],[-87,-31],[-10,15],[-121,45],[-97,-29],[-13,-36],[-64,-45],[-80,14]],[[37064,21732],[14,-35],[-1,-151],[215,0],[43,-13],[0,-93],[90,-1]],[[37425,21439],[0,-30]],[[37060,21923],[60,8],[32,84],[41,29]],[[37193,22044],[131,4]],[[37324,22048],[-56,-120],[51,-62],[-25,-30],[1,-94],[30,-19],[4,-65],[73,38],[33,-111],[33,-66],[0,-70],[-43,-10]],[[37324,22048],[100,7],[20,20],[9,83],[63,17],[75,0]],[[37591,22175],[-37,-66],[0,-67],[46,-16],[3,-127],[51,0],[6,-168],[109,-5],[0,-39],[59,-69],[51,0],[66,-29],[23,-31],[2,-74]],[[37591,22175],[141,-14],[0,77],[105,-6],[45,20],[92,0],[1,86],[39,113],[30,3]],[[38044,22454],[0,23],[79,0],[0,67],[45,-26],[52,1],[0,39],[95,1]],[[38315,22559],[57,0],[10,77],[318,-2],[43,-10],[117,0],[0,-26]],[[38860,22598],[0,-46],[53,-73],[-1,-275],[-18,-154],[-100,-3],[0,-121],[92,2],[-20,-148],[-71,-61],[28,-32],[89,-143]],[[38860,22598],[45,0],[29,70],[232,-5]],[[39166,22663],[83,0],[110,-23],[227,-6],[3,120],[-145,36],[24,82],[95,115],[66,44],[23,-4],[67,40],[61,-76],[129,-7],[0,23],[114,3],[52,37],[302,-377],[32,-51]],[[40409,22619],[145,-192],[90,-112],[-162,-116],[-91,20],[-25,-118],[-200,41],[-151,6],[-55,-13],[-173,-2],[-3,-227],[16,-117],[-16,-135],[236,0],[138,-78],[146,0],[0,-119]],[[40409,22619],[479,0]],[[40888,22619],[960,0]],[[41848,22619],[48,0],[-274,-233],[-186,-144],[-115,-97],[-68,-164],[-232,-8]],[[41021,21973],[-102,-3],[60,-80]],[[38315,22559],[-46,59],[52,18],[-5,167],[38,0],[0,100],[-46,0],[1,113]],[[38309,23016],[129,-8],[234,25],[235,-3]],[[38907,23030],[7,-68],[117,18],[70,0],[0,-205],[54,0],[11,-112]],[[38309,23016],[-67,8]],[[38242,23024],[24,76],[-2,102],[-45,0],[-2,142],[54,-6],[-12,147],[44,0],[0,88],[49,52]],[[38352,23625],[93,-1],[-15,53],[227,12],[93,33],[35,-10]],[[38785,23712],[76,-13]],[[38861,23699],[-5,-105],[-47,-46],[-16,-73],[-74,0],[44,-55],[0,-87],[15,-34],[60,-20],[0,-56],[42,-53],[9,-89],[18,-51]],[[38861,23699],[96,8],[0,49],[435,-2],[32,23]],[[39424,23777],[562,-2],[902,2]],[[40888,23777],[0,-1158]],[[36795,22444],[23,15],[185,1],[1,-104],[65,0],[100,27]],[[37169,22383],[38,-117],[-14,-222]],[[37169,22383],[-25,88]],[[37144,22471],[118,-7],[52,-12],[71,-60],[21,8],[233,1],[-44,23],[-33,51],[-21,128],[55,-20],[122,0],[0,17],[169,-1],[0,-31],[69,-27],[88,-87]],[[37144,22471],[-39,268]],[[37105,22739],[-31,217]],[[37074,22956],[107,0],[0,71],[58,0]],[[37239,23027],[133,5],[7,161],[36,0]],[[37415,23193],[25,-13],[-5,-84],[53,14],[118,3],[16,-51],[53,0],[89,-57],[135,7],[31,-23],[85,34],[227,1]],[[37415,23193],[4,24],[90,0],[8,126],[85,70],[42,1],[-1,44],[61,0],[0,44],[-32,32],[17,86]],[[37689,23620],[132,16],[91,0],[0,-30],[263,2],[69,23],[108,-6]],[[37727,23992],[218,4],[0,-19],[508,-1],[0,-60],[70,-48],[104,1],[49,-24],[68,-68],[41,-65]],[[37689,23620],[-1,62],[24,39]],[[37712,23721],[-3,217]],[[37709,23938],[18,54]],[[38971,24368],[100,-106],[110,0],[88,11],[76,-18],[0,-87],[73,0],[0,-140],[16,-39],[-172,0],[162,-212]],[[37727,23992],[49,73],[42,0],[-8,82]],[[37810,24147],[53,0],[0,83],[43,0],[-1,130]],[[37905,24360],[61,-4],[48,25],[323,4],[396,0],[112,-18],[126,1]],[[36463,22933],[0,-43],[46,-44],[-2,-48],[138,3],[85,-7],[7,-52],[368,-3]],[[36594,23081],[45,-29],[60,0],[12,-68],[115,6],[78,15],[35,-30],[97,0],[38,-19]],[[36639,23341],[57,-40],[86,2],[24,-19],[138,-3],[192,9],[-3,-102],[119,0],[-13,-161]],[[36633,23807],[46,1],[19,54],[75,0]],[[36773,23862],[197,4]],[[36970,23866],[33,22],[76,-6]],[[37079,23882],[131,-10],[165,-33],[0,-38],[115,1],[-8,-76],[230,-5]],[[35819,24573],[35,33]],[[35854,24606],[131,13],[-1,-47],[107,-79],[181,87],[-5,18]],[[36267,24598],[70,-6],[99,-63],[96,-5],[55,24]],[[36587,24548],[100,21]],[[36687,24569],[13,-150],[-66,-60],[12,-45],[4,-149],[-19,-83],[0,-57],[189,-12]],[[36820,24013],[-40,-12],[-7,-139]],[[36687,24569],[39,11],[51,-18]],[[36777,24562],[1,-226],[27,-74],[11,-82],[4,-167]],[[36777,24562],[80,26],[114,-12]],[[36971,24576],[-6,-98],[-19,-12],[-4,-256],[19,-38],[16,-159],[-7,-147]],[[37295,24253],[-20,0],[0,-190]],[[37275,24063],[-116,-2],[0,-53],[-76,-14],[-4,-112]],[[36971,24576],[11,9],[150,0],[0,-35],[81,0]],[[37213,24550],[31,-77],[60,-113],[-9,-107]],[[34982,22515],[-17,-64],[0,-126],[-57,0],[0,-152],[-129,0],[0,36],[-92,2],[-13,-65],[-82,-11],[0,-43],[-51,-16]],[[35521,21712],[-36,-22],[-60,-2],[-30,-24],[-139,51],[-159,0],[0,-33],[-79,2],[-44,61],[-72,0],[6,-53],[-52,-15],[45,-57],[-19,-56],[-49,0],[-32,-55],[-53,-33]],[[35406,21083],[0,-85]],[[35406,20998],[-115,0],[11,149],[-118,10],[-52,27],[-78,-40],[-51,0]],[[35406,20998],[8,-69],[-130,-1],[-120,-74],[-54,-8],[-40,-70],[44,0],[-8,-51]],[[35880,20810],[38,-144],[-59,-21],[-119,4],[-18,-35],[0,-67],[38,-43],[-31,-43],[-39,0],[0,-60],[-74,-89],[-44,0],[0,-48],[-53,-33],[-22,-52],[-66,0],[-9,-80],[-22,0],[8,-126],[-122,-48],[-14,-61],[-31,-19]],[[35893,19780],[-54,-29],[-133,1],[0,-57],[-215,1],[0,-50],[-57,-16],[-130,14]],[[35914,19117],[-66,0],[0,33],[-152,-8],[-178,0],[-25,17],[-99,-1],[0,-81],[-84,-84],[-23,-102],[-39,-11]],[[35304,18522],[-13,54],[18,117],[-94,8],[33,89],[-29,58]],[[35120,17952],[-53,2],[-87,-46],[-118,37],[-104,59],[-95,1],[-90,73],[-86,49],[-188,124],[-187,69],[-74,13]],[[34876,24621],[-50,44],[-33,-2],[-60,36]],[[34733,24699],[53,44],[-20,39],[55,38],[-18,72],[-74,-38]],[[34729,24854],[-49,63],[41,21],[-36,53],[168,88],[22,81],[-17,33],[26,126],[-11,124],[16,79]],[[34889,25522],[25,0],[98,56],[88,11],[49,-114],[24,-23],[51,25],[53,-92],[77,14],[114,51],[16,-33],[57,20]],[[35541,25437],[25,-60]],[[35566,25377],[0,-44],[-44,-9],[-156,-79],[-26,-24],[41,-120],[133,-251],[-15,-42]],[[35144,24949],[75,-92],[51,7],[91,48],[-61,119],[-125,-56],[-31,-26]],[[35566,25377],[74,0],[0,47],[87,34],[90,0],[42,15]],[[35859,25473],[-8,-126],[18,-160],[-91,6],[-129,-46],[35,-37],[-3,-116],[58,-89],[109,-86],[0,-84],[-26,-31],[32,-98]],[[35859,25473],[91,9],[40,-51],[68,-3]],[[36058,25428],[86,12],[34,-30],[-5,-53],[73,6]],[[36246,25363],[13,-52],[-14,-44],[7,-134],[-8,-103],[-64,-4],[29,-43],[3,-204],[28,-39],[-24,-54],[51,-88]],[[36246,25363],[104,-11],[0,65],[56,0],[0,72],[99,7],[173,0],[1,-18]],[[36679,25478],[-31,-26],[0,-73],[21,-42],[-9,-118],[10,-71],[8,-266],[-31,-56],[1,-172],[-17,-78],[-44,-28]],[[36679,25478],[56,0]],[[36735,25478],[48,-29],[61,0]],[[36844,25449],[53,0],[59,61]],[[36956,25510],[0,-66]],[[36956,25444],[-5,-76],[23,-31],[-5,-99],[-19,0],[3,-208],[20,-63],[35,4],[10,-109],[32,-17],[0,-101],[125,0],[7,-69],[149,3]],[[37331,24678],[0,-129],[-118,1]],[[37285,25059],[6,-82]],[[37291,24977],[0,-164],[21,0]],[[37312,24813],[19,-16],[0,-119]],[[36956,25444],[33,-1],[15,-58],[62,0],[46,-35],[17,-71],[53,-6],[0,-119],[33,-120],[70,25]],[[36956,25510],[23,47],[82,12]],[[37061,25569],[168,0]],[[37229,25569],[143,0]],[[37372,25569],[32,-80]],[[37404,25489],[0,-70]],[[37404,25419],[-45,0],[2,-121],[47,-1],[10,-48],[-4,-151],[-64,-40],[-65,1]],[[37589,25009],[-196,4],[20,-36],[-122,0]],[[37404,25419],[52,-7],[85,23],[0,-57]],[[37541,25378],[0,-84],[84,-213],[-69,-10],[33,-62]],[[37541,25378],[176,0],[-17,-129],[56,-142],[26,28],[49,-1],[20,-95],[-137,0],[-45,-30],[-80,0]],[[37975,25564],[-35,-50],[0,-55],[80,0],[-14,-134],[28,-60],[0,-67],[165,-2],[2,-242],[115,-1],[5,-26],[94,0],[72,26],[60,0],[48,-61],[45,11],[123,-1]],[[38763,24902],[0,-78],[-99,-23]],[[38664,24801],[-158,-1],[-1,-21],[-493,-1]],[[38012,24778],[0,44],[-252,0],[-121,-28],[-200,-21],[-60,41],[-67,-1]],[[37404,25489],[56,-2],[229,79],[286,-2]],[[38236,25973],[0,-9]],[[38236,25964],[6,-325]],[[38242,25639],[-254,1]],[[37988,25640],[0,39],[-80,107]],[[37908,25786],[7,71],[51,89],[72,-4],[71,27],[127,4]],[[38012,24778],[0,-174],[-15,-106],[-45,0],[0,-41],[-48,0],[1,-97]],[[37810,24147],[-7,40],[-41,29],[-107,-9],[-4,45],[-201,2],[0,-33],[-88,37],[-67,-5]],[[37709,23938],[-61,0],[-109,60],[-89,-3],[-1,55],[-134,-1],[-40,14]],[[38664,24801],[307,-433]],[[37975,25564],[13,76]],[[38242,25639],[-12,-216],[176,-272],[130,-27]],[[38536,25124],[115,-11]],[[38651,25113],[25,0],[0,-130],[87,0],[0,-81]],[[38465,25965],[-229,-1]],[[38236,25973],[0,414]],[[38236,26387],[8,279],[91,-18],[230,-2]],[[38565,26646],[-2,-71],[26,-2],[3,-135],[-25,-55],[-62,-18],[-48,-62],[26,-32],[1,-210],[-19,-96]],[[38465,25965],[-3,-475],[-16,-29],[45,-68],[58,-27],[-2,-242],[-11,0]],[[38916,26324],[-49,11],[0,-93],[19,-27],[-6,-112],[-47,0],[8,-95],[-44,0],[-22,-58],[-2,-142],[-67,0],[0,-53],[-59,-32],[2,-143],[41,0],[0,-50],[-40,0],[-5,-142],[6,-275]],[[38565,26646],[164,0]],[[38729,26646],[131,-13],[102,-61],[22,-78],[49,-85],[-66,-16],[-3,-69],[-48,0]],[[38916,26324],[0,-73],[68,-11],[135,0],[15,-57]],[[39134,26183],[8,-128],[-8,-24],[-1,-184],[38,-54]],[[39171,25793],[-19,-440],[2,-397]],[[39154,24956],[-171,0],[0,17],[-184,0],[0,-71],[-36,0]],[[39171,25793],[64,27],[82,-22],[72,35],[67,11],[127,-204],[0,-47],[73,-122],[-38,-117],[-70,-55],[0,-341],[-394,-2]],[[39134,26183],[98,-10],[8,-58],[40,0],[43,-43],[88,81],[21,-24],[69,63],[0,26],[152,0],[-1,586],[213,-212]],[[39865,26592],[41,-47],[108,-161],[61,-43],[40,-56],[0,143],[171,0],[0,124],[81,0]],[[40367,26552],[24,36],[172,-5],[93,-22],[122,7],[51,-8],[62,-33]],[[40891,26527],[-3,-721],[0,-866],[0,-469]],[[40888,24471],[0,-694]],[[40016,28360],[0,-292],[-105,-2],[0,-486],[-829,0],[0,-401],[-189,115],[-300,73],[-91,-9]],[[38502,27358],[-262,541]],[[38240,27899],[1,764],[0,404],[-9,50]],[[38232,29117],[328,-139],[691,-290],[765,-328]],[[39865,26592],[0,259],[245,0],[0,-79],[257,0],[0,-220]],[[43569,25794],[-112,-12],[-203,-108],[-26,30],[-46,-37],[200,-232],[-59,-38],[0,-122],[-114,21],[114,-108],[0,-116],[131,0],[0,-260],[-52,-85],[-74,1],[-46,-35],[-17,-102],[-2,-120],[-501,-1],[-965,-2],[-909,3]],[[40891,26527],[1,539],[3,920]],[[40895,27986],[893,-4],[573,5]],[[42361,27987],[1,-592],[396,0],[304,-438],[153,-231],[57,-70]],[[43272,26656],[23,-32]],[[43295,26624],[282,-402],[0,-150],[45,0]],[[43622,26072],[0,-188],[-52,0],[-1,-90]],[[43272,26656],[44,60],[33,-6],[0,188],[85,0],[-22,79],[218,0]],[[43630,26977],[-135,-137],[6,-49]],[[43501,26791],[-3,-43]],[[43498,26748],[-45,-36],[47,-44]],[[43500,26668],[-89,2],[-30,45],[-86,-91]],[[43312,29999],[255,0],[0,14],[297,0],[0,108],[145,0],[0,-122],[180,-3],[-6,-187],[5,-72],[323,0],[0,-292],[174,0],[0,-93],[219,0],[1,110],[144,-1],[0,189],[184,0],[0,273]],[[45233,29923],[0,59],[480,0],[0,187],[37,0],[0,149],[207,-8],[422,0],[665,1],[908,-4],[1402,2],[506,1],[1118,-3],[1110,3],[216,0],[1525,-11],[2027,4],[885,8]],[[56741,27689],[-2088,-5],[-824,5],[0,334],[-2378,-20],[-720,-1],[-1924,23],[-1763,0],[-644,0],[-563,0],[-721,0],[-155,-5],[0,-221],[100,0],[0,-287],[136,0],[0,-188],[-188,0],[0,-132],[25,0],[0,-224],[26,-38],[56,-28],[138,0],[0,-244],[263,0],[0,-78],[52,-32],[272,-1],[127,-143],[1,-153],[-41,5],[0,-154],[-186,24],[0,-160],[-116,0],[1,-508]],[[45627,25458],[-527,2],[1,426],[-694,-1],[-355,0]],[[44052,25885],[-371,-1],[0,211],[-59,-23]],[[43500,26668],[46,33],[-48,47]],[[43501,26791],[140,-4],[-11,190]],[[42361,27987],[597,35],[446,-2],[1011,-1],[1,190],[-470,0],[0,188],[-14,85],[-48,0],[0,82],[-363,0],[0,74],[-117,0],[0,263],[-148,0],[0,265],[-5,193],[-10,127],[0,215],[-393,1],[0,329],[214,0],[5,-26],[204,0],[41,-6]],[[56741,25514],[-1663,0],[0,304],[-530,0],[0,-40],[-561,0],[0,-69],[-481,0],[0,-234],[-613,-3],[-434,-1],[-1008,1],[-691,3],[0,-64],[-913,0],[0,64],[-669,-7],[-342,-3],[-898,-5],[-1042,-1],[-723,-2],[-546,1]],[[40895,27986],[-239,100],[-640,274]],[[38232,29117],[-119,686],[0,360],[502,-4],[0,-382],[595,0],[252,3],[253,371],[562,-5],[199,408],[0,139],[47,0],[0,791],[428,0]],[[40951,31484],[714,0],[0,-107],[305,0]],[[41970,31377],[-1,-194],[243,0],[0,-333],[-128,0],[0,-340],[264,0],[-1,-248],[613,3],[0,-119],[352,0],[0,-147]],[[40951,31484],[-1,356],[267,0],[0,503],[-74,-1],[6,896],[-146,0],[0,228],[-29,0],[0,437]],[[40974,33903],[824,-4],[584,0]],[[42382,33899],[0,-193],[-19,0],[0,-257],[72,0],[0,-116],[-105,0],[0,-404],[423,0],[0,-100],[288,0],[0,-837],[18,0],[0,-270],[-545,0],[0,90],[-201,0],[0,-271],[-342,0],[-1,-164]],[[42382,33899],[621,1],[775,3]],[[43778,33903],[0,-51],[-81,0],[0,-85],[-28,0],[0,-585],[136,0],[0,-84],[193,0],[0,155],[214,0],[0,57],[158,0],[0,-433],[-171,0],[0,-570],[125,0],[0,-420],[5,0],[-1,-433],[-290,0],[0,49],[-444,0],[0,-267],[87,0],[28,-15],[85,0],[0,-43],[229,0],[0,-240],[89,0],[0,-152],[20,0],[0,-122],[106,0],[0,-125],[61,0],[0,-228],[782,2],[29,-34],[4,-60],[-22,-22],[48,-72],[26,-99],[34,-31],[33,-72]],[[43778,33903],[229,0],[0,996],[505,0],[0,-44],[698,0],[0,238],[402,0],[0,120],[484,0],[0,-56],[146,0],[0,-131],[542,-2],[849,-2],[539,1],[929,4]],[[44052,25885],[-39,-77],[-141,-60],[-138,-10],[-11,-26],[-153,0],[-1,82]],[[56741,24841],[-68,-14],[-118,-48],[-164,-84],[-86,-60],[-164,-96],[-34,-35],[-92,-43],[-83,-21],[-23,-21],[-166,-88],[-44,-7],[-230,-109],[-236,-82],[-163,-70],[-266,-75],[-43,-2],[-305,-71],[-116,-41],[-161,-71],[-53,-48],[-65,-5],[-242,-65],[-33,-17],[-198,-41],[-78,1],[-197,-17],[-197,-29],[-173,0],[-132,12],[-74,-29],[-102,-4],[-206,17],[-274,41],[-100,37],[-119,24],[-129,38],[-87,-18],[-70,-49],[-70,-25],[-66,17],[-152,-45],[-264,-157],[-177,-137],[-101,-88],[-50,-30],[-102,-94],[-44,-28],[-89,-25],[-15,-18],[-95,-36],[-90,-9],[-131,-49],[-95,-48],[-207,-128],[-36,-29],[-134,-28],[-36,-52],[-137,-82],[-49,-71],[-141,-86],[-126,-59],[-233,-41],[-279,-35],[-183,-50],[-87,-43],[-123,-81],[-39,-41]],[[48299,22053],[0,316],[-1342,-2],[0,390],[61,0],[0,275],[-717,0],[-487,0],[-533,0],[-882,0],[-172,-8],[-255,-1]],[[43972,23023],[-788,1],[-548,8],[-411,0],[-22,-10],[-355,2],[0,-405]],[[43596,21911],[-172,0],[-164,-69],[-95,-12],[-23,-112],[-99,-35]],[[43043,21683],[-103,-38],[-161,-47],[-353,-176],[-76,-2],[-119,-45],[1,236],[-39,17],[-45,50],[-105,14],[-109,-31],[-163,-28],[-108,62],[-100,22],[-198,83],[-62,3],[-62,26],[-146,86],[-74,58]],[[43972,23023],[0,-140],[-21,-81],[107,-269],[51,-1],[15,-36],[129,44],[62,-43],[35,-48],[-76,-178],[92,-3],[-4,-83],[29,-6],[-1,-63],[119,5],[2,-89],[-246,-18]],[[44265,22014],[-50,28],[-236,-90],[-132,-2],[11,-37],[-262,-2]],[[44265,22014],[45,-156],[188,-8]],[[44498,21850],[-5,-122],[55,-4],[93,-79],[-83,-142],[-6,-26],[-88,43],[-25,-62],[-157,10],[-112,-16],[-57,-36],[-113,0],[4,-73],[-35,-22],[-99,-9],[-22,53],[-184,1],[0,13],[-235,0],[0,65],[128,76],[27,4],[2,288],[10,99]],[[43740,21069],[-266,-3],[-29,-21],[0,-87],[-108,-1],[-101,-17],[-249,114],[197,320],[1,42],[-65,77],[-77,190]],[[44498,21850],[295,-48],[115,-67],[161,-112],[21,-27],[190,-151]],[[45280,21445],[110,-126],[78,-130],[-74,-47],[-3,-24],[-174,-174],[-61,79],[-101,171],[-52,-61],[-35,-2],[-78,-55],[-63,-75],[-120,-91],[-153,121],[-35,42],[-137,34],[0,-35]],[[44382,21072],[-561,0],[-81,-3]],[[44382,21072],[-21,-56],[21,-23],[1,-265],[-22,-102],[-65,-6],[-166,2],[-49,-32],[-164,0],[-110,35],[0,71],[82,40],[0,122],[-101,0],[0,100],[-47,0],[-1,111]],[[45280,21445],[205,204],[216,208],[71,-52],[158,-161],[166,-161],[146,122],[88,-91],[-27,-22],[29,-75],[-39,-123],[301,-288],[1,-546],[-404,4],[-70,30],[-52,-6],[5,-181]],[[46074,20307],[-80,-4],[-133,-43],[-31,42],[-80,24],[-58,-29],[-140,6],[-97,-23],[-75,-75],[-90,-8],[-110,44],[-79,15],[-71,-6],[-126,-71],[-34,-39],[22,-45],[-55,-30],[-44,20],[-49,-25],[-147,-21],[10,77],[-60,159],[-96,119],[-75,34],[-33,-16],[-64,4],[-54,-26],[-27,-74],[-91,-9],[-87,-43],[-77,61],[-73,33],[-41,0],[-28,-44],[-51,22],[-84,58],[-95,40],[-47,-29],[-38,24],[-79,16],[-18,-15],[-118,25],[-23,-26],[-53,14],[-87,-60],[-122,13],[-34,-46],[-100,32],[-55,4],[-35,-23],[-104,-2],[-9,-20],[-121,17],[-41,-8],[-85,21],[-50,-21],[-58,-47],[-52,6],[-117,-15],[-54,16],[-73,-12],[-66,12]],[[48299,22053],[-78,-82],[-81,-114],[-39,-85],[-34,-135],[-85,-201],[-61,-174],[-22,-115],[-11,-145],[-32,-41],[-59,-36],[-64,-8],[-42,-36],[7,-52],[-110,-64],[-63,-69],[-31,-51],[-22,-175],[-47,-9],[-46,-41],[-62,-30],[-41,-67],[-76,-4],[-52,-44],[-24,-67],[-61,-15],[-7,40],[-38,25],[-131,35],[-95,-11],[-50,-40],[-7,-34],[-59,-80],[-65,-45],[-51,14],[-106,-56],[6,62],[-21,20],[5,63],[-61,99],[-107,68],[-87,14],[-19,-48],[-60,-21],[-36,9]],[[46522,19834],[-85,13],[29,42],[49,-6],[7,-49]],[[34889,25522],[53,280],[-62,124],[26,41]],[[34906,25967],[116,-5],[246,121],[139,-9],[80,19]],[[35487,26093],[9,-42],[-35,-38],[61,-137],[-51,0],[7,-96]],[[35478,25780],[15,-62],[1,-98],[44,-60],[3,-123]],[[35487,26093],[-9,148],[16,25],[0,95],[30,51],[72,0],[0,52]],[[35596,26464],[82,1],[60,-30],[-5,-135]],[[35733,26300],[52,-77],[-8,-75],[-36,-84],[2,-104],[98,18],[-7,-98],[88,-196],[-6,-60],[-72,-1],[-58,50],[-160,-16],[-7,137],[-55,30],[-52,-47],[-34,3]],[[36043,25690],[-13,-26],[46,-82],[-18,-154]],[[35733,26300],[62,-9],[159,-1],[56,52],[62,-13]],[[36072,26329],[1,-76]],[[36073,26253],[-54,0],[0,-76]],[[36019,26177],[1,-130],[-16,-93],[0,-88],[51,-20],[-12,-156]],[[36019,26177],[59,0],[9,-27],[78,3],[54,17],[28,-127],[-87,-18],[-7,-102],[-51,-7],[-1,-179],[6,-50],[-64,3]],[[35596,26464],[0,71],[49,0],[0,132]],[[35645,26667],[309,-1]],[[35954,26666],[112,-10],[-3,-124],[9,-203]],[[36002,27000],[16,-52],[-10,-78],[0,-112],[-54,-92]],[[35645,26667],[-98,1],[0,77],[-115,0]],[[35432,26745],[33,41],[57,23],[76,73],[7,129]],[[35605,27011],[0,1]],[[35605,27012],[329,1],[68,-13]],[[35605,27012],[-4,43],[27,62],[87,120],[1,35],[-33,56]],[[35683,27328],[126,-16],[14,78],[118,-31],[72,-1]],[[36013,27358],[-5,-66],[7,-160]],[[36015,27132],[0,-98],[-13,-34]],[[36278,27852],[-254,0],[-2,-487],[-9,-7]],[[35683,27328],[-49,-24],[-76,18],[-82,0],[-2,-28],[-88,10]],[[35386,27304],[-9,81],[47,142],[-1,151]],[[35423,27678],[80,0],[0,-37],[206,3],[-1,180],[12,83],[34,63],[-94,48],[-74,-6]],[[35586,28012],[0,59],[-53,120],[43,73],[-46,59],[-61,2],[-61,-19],[-47,31],[-22,51],[19,58],[78,-9],[313,10],[-28,20],[0,73],[78,1],[0,187],[668,0]],[[36467,28728],[-21,-115],[34,-57],[55,34],[58,1],[41,33],[78,8],[43,-44],[3,-74],[-20,-61],[-64,-36],[-116,18],[-73,32],[-10,-46],[40,-34],[-12,-55],[16,-121],[-6,-68],[8,-90],[-10,-54],[47,-106]],[[36558,27893],[-231,0],[-49,-41]],[[36278,27852],[1,-82],[33,-58],[-3,-187],[-27,-56],[24,-29],[1,-234],[-30,-74],[-71,18],[-56,-29],[0,59],[-30,50],[-52,0],[0,-98],[-53,0]],[[37255,27092],[-120,0],[-3,-34],[-89,-1],[2,40],[-109,0]],[[36936,27097],[10,135],[-129,55],[-102,0],[-69,-37]],[[36646,27250],[0,643],[-88,0]],[[36467,28728],[24,57],[48,11],[43,58],[-28,52],[3,66],[40,134],[164,-113],[61,-6],[13,93],[-27,37],[417,0]],[[37225,29117],[1007,0]],[[38240,27899],[-631,0],[0,-68]],[[37609,27831],[-132,0],[-157,120],[-56,-78],[45,-20],[0,-498],[-44,0],[-10,-263]],[[37476,27092],[-94,-6],[-127,6]],[[37609,27831],[251,-1],[3,-198],[47,-39],[-65,-15],[0,-59],[91,0],[0,-105],[-10,-109],[-99,54],[-84,-5],[-6,-188],[-60,0],[-11,51],[-39,13],[0,-78],[-76,-26],[0,-43],[-75,9]],[[36646,27250],[0,-365],[-9,-12],[0,-382],[-4,-150]],[[36633,26341],[-95,8],[-20,-35],[-62,6],[-4,-29],[-97,18],[-63,24],[-69,-29],[-15,-51],[-135,0]],[[36936,27097],[-4,-66],[14,-83],[-1,-347],[-33,0],[0,-244]],[[36912,26357],[1,-49],[-80,6]],[[36833,26314],[-22,35],[-134,4]],[[36677,26353],[-44,-12]],[[37449,26338],[-240,-3],[0,43],[-108,0],[-15,-26]],[[37086,26352],[-37,9],[-137,-4]],[[37476,27092],[0,-110],[72,0],[0,-53],[47,-69],[0,-112],[-36,0],[-32,-37],[0,-82],[-31,-45],[-44,0],[-13,-50],[48,-125],[-32,-3],[-6,-68]],[[37486,26156],[0,99],[-37,0],[0,83]],[[38502,27358],[168,-344],[6,-182],[32,0],[0,-76],[21,-26],[0,-84]],[[38236,26387],[-123,0],[0,-183],[-147,-47],[-8,-44],[-128,54],[-47,-26],[-48,111],[-33,-50],[-67,-14],[-14,33],[-135,-65]],[[37372,25569],[109,1],[76,30],[-14,85],[65,0],[53,30],[182,0],[0,37],[65,34]],[[36677,26353],[0,-107],[-43,-26],[31,-40],[4,-163],[-12,0],[0,-213],[-13,0],[3,-205],[67,1],[0,-102],[21,-20]],[[36833,26314],[-3,-196],[34,-43],[6,-88],[-19,-8],[0,-352],[-7,-178]],[[37086,26352],[-18,-60],[42,-121],[3,-120],[20,-95],[5,-86],[-27,-76],[-7,-89],[-43,-62],[0,-74]],[[37486,26156],[-122,-93],[-20,-56],[-4,-100],[-74,-146],[1,-84],[-38,-108]],[[33565,25280],[120,6],[21,-10]],[[34017,25781],[234,1]],[[34251,25782],[136,-12]],[[34387,25770],[42,0]],[[34429,25770],[0,-102]],[[34429,25668],[0,-175],[-121,1],[-17,42],[-39,-9],[-142,0],[1,-203]],[[33817,25344],[0,98],[-52,34],[-3,57],[69,0]],[[33831,25533],[95,-6],[71,-17],[16,170],[4,101]],[[32974,26307],[302,1],[80,-17],[97,18],[42,-15],[80,9],[55,-9],[22,-54],[83,8]],[[33735,26248],[0,-116],[165,1],[4,-59]],[[33904,26074],[14,-164],[-32,-129]],[[33886,25781],[8,-85],[-27,-108],[-36,-55]],[[33886,25781],[131,0]],[[33904,26074],[179,0]],[[34083,26074],[126,0],[24,-55],[-1,-129],[23,-5],[-4,-103]],[[33735,26248],[-22,51],[0,98]],[[33713,26397],[99,-6],[0,-32],[100,0],[-20,-37],[141,-5]],[[34033,26317],[-3,-34],[63,-2],[-10,-207]],[[33662,27376],[39,-31],[0,-47],[-54,1],[0,-59]],[[33647,27240],[-1,-123],[9,-150],[35,0],[13,-112],[0,-456],[10,-2]],[[32395,26903],[0,38],[54,1],[10,54],[36,-3],[0,152],[115,29],[401,-5],[35,-23],[59,-4],[74,28],[-24,50],[48,84],[-4,50],[115,-16],[29,13],[102,3],[111,27],[106,-5]],[[34374,26784],[52,0]],[[34426,26784],[0,-125],[-14,-49],[0,-119]],[[34412,26491],[2,-140]],[[34414,26351],[1,-74],[-55,0],[-38,-89],[2,-208],[41,-54],[0,-96],[22,-60]],[[34033,26317],[-7,48],[34,60],[-2,118],[111,0],[16,66],[0,175],[189,0]],[[33647,27240],[93,14],[128,-5],[5,27],[70,3],[57,-15],[0,88],[41,6],[19,-50],[157,0]],[[34217,27308],[4,-151],[15,-10]],[[34236,27147],[30,-45],[77,-26],[23,-144],[28,-28],[-20,-49],[0,-71]],[[32182,27327],[32,-20]],[[32214,27307],[-26,-70]],[[32188,27237],[-33,42],[27,48]],[[34228,27511],[-11,-203]],[[33662,27376],[-22,82],[1,205],[-40,31]],[[33601,27694],[104,0],[0,-31],[223,9],[5,-51],[86,-16],[125,-92],[84,-2]],[[34442,28157],[0,-101],[31,-23],[0,-75]],[[34473,27958],[-30,-10],[0,-54],[-100,0],[0,-77],[26,-37]],[[34369,27780],[-3,-118],[8,-150],[-146,-1]],[[33601,27694],[0,221]],[[33601,27915],[0,41],[151,1],[0,126],[173,-4],[42,59],[169,-6],[21,41],[201,0],[84,-16]],[[32019,28451],[223,1],[-36,-81],[-10,-88],[40,0],[0,-69],[-26,0],[0,-115]],[[32210,28099],[-14,66],[-74,0],[11,-145],[-70,1]],[[32063,28021],[-36,135],[-36,15],[-7,46],[18,88],[-12,66],[29,80]],[[33601,27915],[-71,0],[-72,-20],[-1,145],[-51,-15],[-137,-72],[-72,-28],[-100,-8],[-106,-29],[-87,9],[-1,65]],[[32903,27962],[-20,71],[56,34],[49,89],[2,61],[23,40],[-28,109],[15,129],[86,11]],[[33086,28506],[253,35],[188,0],[10,-25],[102,0],[0,106],[58,0],[0,33],[61,0],[38,56],[33,-36],[39,8],[-3,73],[112,0],[78,13],[7,61],[45,5]],[[34107,28835],[44,-49],[102,20],[0,-58],[48,0],[41,-31],[-2,-62]],[[34340,28655],[21,-49],[1,-72],[25,-62]],[[34387,28472],[1,-76],[59,0],[-1,-145]],[[34446,28251],[-4,-94]],[[32210,28099],[62,0]],[[32272,28099],[7,-102],[122,-280],[63,-207],[-96,-4],[-29,-13],[-67,-75],[-19,-59],[-39,-52]],[[32182,27327],[-38,122],[3,54],[-17,119],[-38,42],[32,36],[-3,96],[-21,38],[-46,23],[-7,76],[16,88]],[[33851,29316],[62,0],[53,-27],[33,-43],[7,-208],[49,0],[18,-61],[0,-81],[33,4]],[[34106,28900],[1,-65]],[[33086,28506],[-9,121],[33,0],[1,228]],[[33111,28855],[240,0],[65,12],[-17,114],[-23,27],[-1,60],[19,34],[2,99],[18,8],[131,-27],[56,0],[0,61],[72,0],[2,35],[131,0],[45,38]],[[32019,28451],[3,187],[-28,76],[-10,82],[-1,164]],[[31983,28960],[61,-27],[193,-2],[0,10],[188,1],[63,17]],[[32488,28959],[0,-104],[623,0]],[[32903,27962],[-433,0],[-31,59],[-8,78],[-159,0]],[[32488,28959],[15,113],[0,555]],[[32503,29627],[93,8],[85,31],[383,-2],[0,-21],[101,2],[38,-35],[23,35],[152,0],[4,140]],[[33382,29785],[179,0],[0,-115],[113,0]],[[33674,29670],[0,-127],[88,0]],[[33762,29543],[1,-121],[87,0],[1,-106]],[[32312,26903],[-24,70],[-77,153],[13,54],[-36,57]],[[33152,30449],[1,-88],[43,0],[44,-32]],[[33240,30329],[0,-23],[112,0],[-6,-69]],[[33346,30237],[-103,-2],[1,-301],[138,1],[0,-150]],[[32503,29627],[3,356],[16,86],[0,288]],[[32522,30357],[0,21],[135,0],[0,108],[58,0],[0,64],[388,0],[0,-67],[49,-34]],[[31983,28960],[14,124],[20,92],[-1,54],[36,95],[-3,49],[-66,175],[0,77],[-21,64],[-35,45],[-22,72],[8,58],[-31,78],[-52,196],[-80,113]],[[31750,30252],[75,77],[26,11],[151,0]],[[32002,30340],[224,0],[78,5],[0,46]],[[32304,30391],[73,0],[42,-34],[103,0]],[[31750,30252],[-158,175]],[[31592,30427],[33,-3],[41,41],[-41,45],[37,38],[97,13],[121,-16],[71,0],[-12,-103],[8,-80],[55,-22]],[[31379,30980],[24,84],[92,12],[40,-44],[-22,-76],[0,-104],[-38,3],[-31,-74],[-47,-40]],[[31397,30741],[-36,103],[16,25],[2,111]],[[31379,30980],[-18,44],[12,45],[-19,83],[-74,167]],[[31280,31319],[41,48],[84,-34],[3,79],[82,37],[16,83],[64,7],[0,32],[38,53],[64,48],[24,70],[0,130],[-46,27],[0,94],[378,0],[9,99],[-33,34],[-125,11],[-13,51],[-60,59],[-62,-34],[-71,0],[0,34],[-66,0],[5,64],[-55,0],[0,-53],[-39,-25],[-44,0],[-12,48],[-90,-2],[0,51],[-74,-4],[-35,-21],[-68,42],[-20,57],[-386,1],[0,134],[22,103]],[[30811,32642],[180,-35],[267,-31],[12,33],[0,124],[39,57],[-1,182],[104,0],[0,31],[72,0],[10,149],[-41,0],[0,147],[-54,0],[0,72],[-181,0],[-2,310],[-116,0],[-1,350],[-308,0],[-1,55],[-90,0],[-1,183],[-286,0],[0,-242],[-181,0]],[[30232,34027],[-56,99],[-128,250],[-48,85],[-31,82],[-140,233],[-156,226],[-11,28],[-102,148],[-142,171],[-126,130]],[[29292,35479],[242,4]],[[29534,35483],[-19,-101],[46,-49],[26,107],[-7,65],[75,21],[-10,-152],[5,-76],[40,4],[14,-69],[82,77],[43,-21],[47,59],[43,-33],[46,9],[16,75]],[[29981,35399],[22,-31],[0,-714],[484,0],[0,587],[-139,0],[0,279],[115,0],[0,100]],[[30463,35620],[59,64],[47,33],[17,41],[49,17],[41,37],[-2,46],[38,59],[-1,28]],[[30711,35945],[81,-1],[0,-89],[441,0],[0,211],[223,0],[0,-826],[271,2],[1046,0]],[[32773,35242],[0,-299],[-168,0],[1,-389],[-24,0],[0,-457],[36,-41],[-185,0],[0,-180],[27,0],[0,-173],[-47,0],[0,-222],[47,0],[0,-91],[133,0],[0,-50],[174,-3],[0,-212],[-8,-51],[-122,0],[0,-255],[-17,-4],[0,-164],[62,0],[0,-83],[-60,1],[0,-133],[148,-3],[0,-397],[20,-44],[40,23],[100,0],[-18,-47],[-65,-56],[-1,-78],[-34,-62],[-88,-42],[-16,-94],[-24,-40]],[[32684,31596],[-131,-35],[9,-38],[-60,-45],[-72,48],[-29,-109],[-32,-15],[-15,-100],[-46,-10],[-27,-40],[-69,-42],[-23,-87],[27,-34],[0,-73],[-59,1],[0,-88],[23,-31],[73,0],[4,-96],[-31,0],[4,-89],[-29,-18]],[[32201,30695],[-1,-113],[87,0],[17,-18],[0,-173]],[[31592,30427],[-88,91],[-96,127],[-11,96]],[[31280,31319],[-67,125],[-54,76],[-100,104],[-60,137],[-116,148],[-24,56],[-75,39],[-69,51],[-19,41],[-104,152],[-51,281],[-57,202]],[[30484,32731],[18,9],[175,-68],[134,-30]],[[30484,32731],[-6,19],[38,166],[46,75],[15,64],[-18,111],[-40,129],[-44,177],[-152,364],[-91,191]],[[29292,35479],[-143,144],[-97,116],[22,24],[-28,62],[12,31],[-39,100],[-82,137],[-93,98],[34,12],[142,-41],[18,85],[6,139],[34,37],[15,-102],[5,-129],[-6,-123],[26,-149],[44,-34],[-7,106],[18,136],[32,20],[-7,97],[14,93],[70,-66],[31,-53],[7,-95],[20,-19],[5,-65],[31,-37],[-1,-81],[35,-55],[-25,-113],[29,-44],[-29,-40],[-16,-85],[41,-6],[16,154],[35,92],[-27,41],[10,110],[30,1],[6,-63],[28,-77],[-11,-60],[23,-45],[-1,-122],[-15,-15],[30,-112]],[[29981,35399],[72,57],[38,70],[6,55],[-11,115],[-21,38],[26,62],[-3,63],[-33,64],[-50,60],[-61,54],[-85,44],[-99,24],[-27,89],[-34,27],[-42,90],[-45,49],[-54,5],[-1,44],[-27,73],[13,61],[-25,22],[-2,107],[-73,56],[13,75],[-22,64],[-88,84],[28,58],[-21,98],[-52,-37],[-40,59],[7,92],[24,112],[30,31],[42,108],[46,65],[28,-59],[18,-108],[22,-37],[58,-25],[26,21],[22,-147],[28,-49],[71,-46],[33,-56],[55,-45],[32,2],[-4,-97],[8,-50],[66,-29],[-6,-54],[-47,-92],[5,-132],[-61,-65],[-1,-95],[15,-121],[36,-62],[-5,-50],[66,-18],[48,12],[37,54],[122,227],[11,56],[-37,186],[71,-12],[15,-50],[-36,-89],[27,-66],[-3,-112],[22,-39],[48,-20],[-23,-99],[15,-73],[27,-33],[-13,-54],[29,-55],[14,-110],[139,-148],[35,-57],[40,-21]],[[28552,37558],[-6,-85],[52,-155],[67,-279],[37,-42],[30,-102],[-8,-61],[20,-26],[61,-15],[-52,-71],[18,-113],[54,-5],[47,-45],[50,-106],[25,-79],[-22,-68],[-26,-24],[-51,33],[-43,140],[-78,120],[-88,101],[-54,105],[-14,69],[-87,137],[10,91],[-88,229],[-15,104],[14,49],[-2,74],[77,99],[72,-75]],[[30147,36852],[8,-51],[-24,-29],[-49,23],[-45,86],[2,71],[44,21],[51,-36],[13,-85]],[[34316,24568],[80,-59],[54,18]],[[34450,24527],[-21,-35],[0,-104],[122,-5]],[[34455,24593],[-5,-66]],[[34429,24672],[26,-79]],[[34516,24811],[5,-178],[-66,-40]],[[34556,24864],[102,-42]],[[34658,24822],[75,-123]],[[34658,24822],[71,32]],[[34398,25102],[71,26],[-41,78],[23,28],[-19,58],[64,21],[61,2],[-66,142],[43,22],[-28,76]],[[34506,25555],[98,-30],[17,-47],[126,70],[23,-75],[119,49]],[[34429,25668],[36,-58],[-10,-78],[51,23]],[[34429,25770],[38,-24],[90,46],[-3,169],[90,13],[145,69],[103,0]],[[34892,26043],[14,-76]],[[34414,26351],[110,-16],[249,5]],[[34773,26340],[56,0],[45,-62],[4,-98],[21,-70],[-27,-37],[20,-30]],[[34412,26491],[230,1]],[[34642,26492],[131,0],[0,-152]],[[34426,26784],[100,1],[0,47],[92,0]],[[34618,26832],[-15,-37],[-5,-211],[14,-59],[30,-33]],[[34236,27147],[20,27],[161,1],[56,43],[247,0]],[[34720,27218],[1,-133],[55,-2],[1,-152]],[[34777,26931],[0,-98],[-159,-1]],[[34706,27615],[0,-254],[14,-93]],[[34720,27268],[0,-50]],[[34369,27780],[126,0],[0,-41],[116,1],[30,25],[76,0],[0,-102],[-11,-48]],[[34777,26931],[65,-4],[0,38],[88,7],[44,25]],[[34974,26997],[11,-85],[-64,0],[0,-133],[110,-14],[9,-43],[80,0],[88,-49],[139,-5],[85,77]],[[34974,26997],[304,-1],[1,14],[326,1]],[[34720,27268],[33,9],[236,1],[72,6],[49,-21],[220,1],[56,40]],[[34706,27615],[272,-1],[22,38],[136,0],[73,18],[45,-13],[95,1],[74,20]],[[34473,27958],[-1,-34],[209,-5],[51,35],[125,-20],[0,67],[111,-8],[14,-82],[36,42],[357,0],[62,16],[79,43],[70,0]],[[35213,28546],[7,27],[80,82],[-34,6],[-50,97]],[[35216,28758],[-1,89],[47,0]],[[35262,28847],[66,0],[0,-62],[432,0],[-1,646],[2,37],[-128,0],[0,371],[219,0],[0,156],[-214,0],[0,90],[35,0],[23,43],[-23,45],[0,79],[-163,0],[-45,-19],[0,228]],[[35465,30461],[66,0],[-1,293],[43,33],[115,0],[0,97],[199,0],[0,169],[170,0],[0,69],[55,0],[-11,212],[110,0],[9,173],[62,0],[53,32],[0,62]],[[36335,31601],[76,0],[0,-118],[152,0],[0,-471],[359,0],[0,-191],[55,0],[0,60],[296,0],[0,132],[79,0],[0,73],[145,0],[0,-187],[-72,0],[-6,-303],[61,0],[0,-137],[217,0],[0,20],[148,0],[0,-114]],[[37845,30365],[0,-163],[-227,0],[0,-127],[-112,0],[0,55],[-257,0],[1,41],[-130,0],[0,-20],[-174,0],[0,-344],[183,0],[0,-59],[58,0],[30,-46],[8,-110],[0,-475]],[[34446,28251],[88,-16],[266,0],[64,13],[120,-10],[-1,70],[168,3],[103,15],[-48,122],[24,9],[-17,89]],[[34387,28472],[226,3],[99,9],[27,32],[146,-7],[250,0],[22,39],[56,-2]],[[34340,28655],[69,10],[32,45],[114,0],[88,-24],[153,1],[59,-14],[120,110],[113,0],[128,-25]],[[34106,28900],[146,2],[100,29],[92,0],[0,-47],[78,0],[0,34],[77,-7],[39,16],[154,0],[145,64],[34,-70],[54,25],[222,49],[-5,-111],[20,-37]],[[33762,29543],[0,22],[88,1],[0,-23],[236,1],[245,-3],[109,21],[0,-114],[74,-21],[75,72],[200,0],[0,113],[41,4],[0,80],[-41,33],[-113,0],[0,-57],[-116,17],[-18,56],[-47,0],[7,49],[-3,183],[186,2],[0,207],[-19,0]],[[34666,30186],[0,25],[117,0],[-1,358],[142,0],[-1,85],[374,2],[1,-196],[167,1]],[[33240,30329],[48,36],[25,43],[113,0],[0,25],[70,0],[0,56],[282,-1],[124,10],[14,23],[114,0],[79,114]],[[34109,30635],[28,-31],[55,0],[1,-64],[40,0],[0,-63],[196,0],[0,-131],[63,0],[1,-160],[173,0]],[[33674,29670],[2,40],[89,1],[-1,113],[-72,0],[1,436],[29,44],[-90,0],[-76,-23],[0,-74],[-40,-21],[-88,0],[0,28],[-82,0],[0,23]],[[33911,30943],[0,-62],[52,-4],[4,-80]],[[33967,30797],[7,-102],[121,0],[14,-60]],[[33152,30449],[26,59],[0,159]],[[33178,30667],[87,18],[221,0],[1,26],[128,0],[1,75],[71,1],[0,36],[58,0],[0,58],[59,0],[0,62],[107,0]],[[33178,30667],[-16,92],[-5,309],[68,1]],[[33225,31069],[37,0],[0,54],[149,0],[0,-54],[39,-16],[148,0],[0,-81],[147,0],[0,33],[166,1],[0,-63]],[[32201,30695],[177,-3],[0,258],[210,-4],[51,22],[0,-48],[75,0],[0,28],[121,0],[1,288],[17,70],[-31,0],[0,124],[-72,0],[-43,26],[0,113],[-23,27]],[[32773,35242],[0,749],[192,0],[0,149],[-21,0],[0,407],[-57,0],[0,162]],[[32887,36709],[0,129],[64,-10],[89,67],[100,22],[0,194],[158,0],[0,101],[272,0],[0,-11],[251,0],[0,12],[819,0],[0,121],[64,0],[0,86],[728,0],[0,-110],[586,1]],[[36018,37311],[0,-329],[-69,0]],[[35949,36982],[-120,0],[0,-51],[-177,0],[0,40],[-175,0],[0,-273],[-237,0],[0,40],[-86,0],[0,-225],[-49,-3],[0,-108],[246,0],[0,-250],[-354,1]],[[34997,36153],[-257,0],[0,-90],[-150,0],[0,-174],[-99,0],[0,-381],[122,0],[0,-187],[58,0],[0,-75],[108,0],[0,-184],[135,0],[0,-90],[-81,0],[0,-218],[-101,0],[0,-76],[-200,0],[0,-200],[-31,-12],[-139,0],[0,-126],[-61,0],[-1,-264],[8,-127],[-91,0],[0,-38],[-199,-6],[-1,-224],[-40,-31],[-96,3],[-139,28],[-52,37],[0,-117],[-14,-82],[79,0],[-1,-217],[-128,0],[0,-115],[164,0],[0,-376],[-85,0],[0,-242],[-76,0],[0,-113],[33,0],[0,-152],[-101,0],[0,90],[-80,0],[0,-837]],[[33481,31557],[-101,-20],[-99,0],[-1,-98],[-87,-25],[-102,-48],[0,-109],[29,-26],[66,-122],[39,-40]],[[33481,31557],[53,-12],[278,1],[0,150],[-113,0],[0,56],[46,0],[0,95],[157,0],[0,71],[216,0],[0,-162],[101,0],[0,-329],[58,0],[0,-215],[-52,-16],[-109,0],[0,-231],[109,0],[0,-167],[-258,-1]],[[34997,36153],[-1,-494],[27,0],[0,-150],[69,0],[0,-112],[-27,0],[-12,-68],[0,-102],[530,0],[0,-25],[119,0],[0,75],[179,0],[0,-150],[-179,0],[1,-166],[-122,0],[0,-65],[-102,0],[0,-118],[-129,0],[0,-65],[467,0],[0,-148],[307,0],[0,-464],[47,0],[0,-147],[-138,0],[0,-59],[-139,1],[0,-352],[-18,0],[0,-297],[307,0],[0,-162]],[[36183,33085],[-101,0],[0,-149],[151,0],[0,-105],[-261,0],[0,-49],[51,0],[0,-187],[-16,0],[0,-464],[44,0],[0,-202],[134,0],[0,-140],[145,0],[5,-188]],[[36183,33085],[79,0],[0,-150],[83,0],[0,150],[237,0],[0,231],[189,-7],[0,-133],[-98,0],[0,-299],[115,0],[0,180],[290,0],[0,-82],[205,0],[0,-176],[72,0],[0,129],[231,0],[0,-39],[115,0],[0,-35],[325,3],[0,37],[300,0],[0,38],[133,0],[0,-37]],[[38459,32895],[0,-217],[32,0],[0,-250],[109,0],[0,-266],[-340,0],[0,-55],[94,0],[0,-292],[-94,0],[0,-19],[-125,0],[0,-308],[147,0],[72,-22],[0,-149],[-51,0],[-167,-381],[0,-517],[-72,0],[0,-54],[-219,0]],[[38459,32895],[189,0],[0,186],[-101,0],[0,651],[285,0],[0,124]],[[38832,33856],[319,0],[0,33],[123,0],[0,46],[161,0],[27,90]],[[39462,34025],[232,-23],[445,0],[0,-99],[835,0]],[[35949,36982],[0,-315],[287,0],[0,-153],[-287,0],[0,-159],[114,0],[0,17],[135,0],[0,-365],[224,0],[0,-186],[255,0],[1,-858],[620,0],[7,-87],[39,-81],[0,-279],[279,6],[300,0],[0,-19],[317,0],[0,-34],[143,0],[0,-256],[-24,0],[0,-180],[398,1],[0,-178],[75,0]],[[36018,37311],[-1,60],[84,0],[0,49],[139,0],[-4,447],[540,-1],[0,-51],[141,0],[0,243],[-37,0],[0,123],[102,0],[0,741],[-129,0],[0,148],[265,0],[0,157],[-142,0],[0,26],[-304,0],[0,330],[106,0],[-23,38],[0,290],[271,0],[19,720],[0,110],[-38,0],[0,168],[-321,0],[0,202]],[[36686,41111],[0,109],[155,0],[0,126],[52,125],[0,176],[-151,0],[0,97],[-38,0],[0,99],[140,0],[0,122],[219,0],[0,-31],[267,0],[0,38],[154,0],[0,168],[156,0],[0,-45],[456,0],[0,-258]],[[38096,41837],[692,0],[0,44],[115,0],[0,-44],[915,-3],[638,-2],[767,1],[448,1],[595,3],[-23,-130],[-14,-176],[-16,-41],[-159,-245]],[[42054,41245],[-108,-174],[-120,-77],[-51,3],[-35,-37],[-100,-181],[-46,-131],[-80,-112],[-77,-76],[-140,-233],[-39,-50],[-12,-82],[-52,-93],[-44,-28],[-46,-54],[-37,-176],[-58,-41],[-2,-54],[27,-78],[-13,-27],[-75,-318],[24,-54],[-2,-230],[59,-146],[30,-50],[17,-118],[131,-298],[22,-103],[-44,-19],[-71,-64],[-91,-219],[6,-389],[19,-195],[14,-20],[9,-194],[11,-59],[-195,-562],[-83,-121],[-69,-210],[-48,-53],[-48,-90],[-111,-258],[1,-119],[-97,-59],[-21,-25],[-219,-148],[-53,-52],[-12,-57],[-85,-80],[-47,-75],[-29,-85],[-67,-97],[-64,-33],[-126,-162],[-14,-74],[-78,-225],[-25,-13],[-65,-98],[-62,-220],[-1,-127]],[[42054,41245],[588,0],[0,449]],[[42642,41694],[0,143],[882,0],[595,-1],[561,0],[570,2]],[[29811,43796],[78,-19],[-1,-33],[175,1],[0,-107],[-190,0],[0,-322],[175,0],[0,-140],[598,0],[0,-131],[451,0],[41,-94],[92,-128],[117,-101]],[[31347,42722],[0,-15],[-209,0],[0,-114],[116,0],[0,-115],[226,0],[0,-187],[-73,0],[0,-349],[186,0],[0,-129],[808,0],[0,124],[498,0]],[[32899,41937],[0,-191],[84,-4],[0,-183],[139,0],[0,-206]],[[33122,41353],[-63,0],[0,-213],[-174,0],[0,-43],[-93,-9],[20,-79],[-21,-109],[-19,-32],[-2,-196],[127,0],[7,-168],[0,-169],[-33,0],[0,-149],[-31,0],[0,-67],[-106,0],[1,102],[-308,1],[1,217],[-174,-8],[2,-237],[-209,-3],[0,-446],[-12,0],[0,-255],[284,3],[0,-145],[61,0],[0,-300],[-28,0],[0,-149],[-70,0],[0,-96],[-279,4],[-263,0],[0,-84],[-24,-32],[0,-495],[158,0],[0,-167],[-159,0],[0,-125],[243,0],[0,-466],[83,0],[0,-434],[488,0],[0,-213],[29,0],[0,-82],[329,0]],[[30711,35945],[-8,51],[-50,62],[2,42],[-24,42],[-1,73],[89,5],[22,22],[-36,104],[10,66],[-53,85],[-20,110],[83,-30],[24,20],[-20,57],[1,66],[27,82],[-53,16],[-106,141],[-93,105],[-1,58],[-50,66],[-81,56],[-43,84],[-30,20],[-24,59],[-7,72],[-73,142],[-7,64],[-63,87],[-25,82],[1,74],[-54,85],[-42,177],[-63,109],[-56,43],[-52,18],[-75,84],[-56,132],[-7,99],[28,103],[-59,124],[-49,15],[29,123],[-7,77],[-21,49],[-224,331],[-65,61],[-81,128],[-14,150],[14,125],[-3,117],[-25,138],[31,7],[61,86],[-5,104],[-37,87],[15,18],[-11,73],[46,29],[19,36],[21,97],[-10,91],[9,47],[47,54],[38,86],[4,73],[22,46],[60,45],[42,106],[10,77],[29,67],[64,62],[93,55],[33,50],[61,49],[43,114],[4,140],[17,245],[-49,216],[11,104],[75,94],[29,107],[-5,145],[-16,106],[-27,43],[-14,94],[-40,118],[-54,97],[-55,48],[-58,-16],[-10,45],[28,64],[-33,90],[10,61],[-35,27],[20,69],[56,26],[52,98]],[[28712,38269],[-21,-33],[-5,-108],[-34,5],[32,94],[13,146],[-12,106],[24,77],[28,3],[19,-60],[-31,-96],[-13,-134]],[[28752,38844],[4,100],[21,109],[45,35],[-12,-110],[-58,-134]],[[33122,41353],[174,0],[0,-139],[42,0],[-2,-206],[85,2],[5,-51],[167,-1],[0,-43],[190,0],[0,639],[170,0],[0,-51],[107,0],[0,-60],[95,0],[0,-49],[188,0],[0,115],[347,2],[2,183],[182,0],[-1,-133],[459,3],[0,-478],[329,0],[14,34],[1011,-9]],[[31055,44233],[223,0],[0,-467],[138,0],[0,-337],[206,0],[0,-77],[-92,-197],[-35,-115],[-18,-102],[67,0],[0,-55],[-85,0],[-29,-74],[-83,0],[0,-87]],[[29811,43796],[33,78],[7,90],[82,114],[66,162],[5,68],[19,34],[35,152],[103,297],[15,70],[55,75],[53,126],[148,123],[53,26],[50,1],[41,34],[54,-58],[-74,-107],[-18,-112],[3,-46],[-68,-270],[-38,-169],[8,-72],[50,-70],[35,-75],[-17,-41],[5,-67],[50,27],[40,-5],[9,-83],[-105,-143],[9,-59],[-11,-68],[48,-89],[58,-11],[64,53],[15,54],[62,63],[83,11],[24,-57],[-7,-54],[69,-11],[41,28],[19,49],[-19,23],[51,249],[39,97]],[[33035,46023],[69,0]],[[33104,46023],[4,0]],[[33108,46023],[74,0]],[[33182,46023],[0,-374],[59,0],[0,-306],[164,0],[0,-188],[-137,0],[0,-155],[306,2],[0,86],[138,0],[0,-76],[49,0],[0,55],[292,0],[0,-166],[63,0],[0,-204],[98,0],[0,-204],[-28,0],[0,-95],[182,0],[0,-173]],[[34368,44225],[0,-180],[59,0],[0,-51],[-253,0],[0,-23],[-250,0],[0,135],[-137,0],[0,187],[-171,0],[0,37],[-233,0],[0,-121],[-808,0],[0,-281],[-129,0],[0,-360],[395,3],[0,-152],[-121,0],[0,-247],[248,0],[0,-20],[101,0],[0,-88],[-19,0],[0,-915],[37,0],[0,-212],[-188,0]],[[31055,44233],[58,62],[-27,44],[10,40],[56,14],[-56,84],[43,10],[67,92],[31,91],[27,16],[5,64],[104,87],[5,77],[44,62],[6,141],[139,104],[83,7],[97,81],[31,10],[128,125],[37,-1],[59,33],[95,-28],[56,18],[97,99],[56,-23],[50,54],[113,57],[92,-14],[37,9],[122,83],[47,-4],[17,58],[43,-12],[35,46],[42,-51],[34,58],[-13,40],[67,100],[37,5],[6,52]],[[31181,44773],[12,46],[52,-27],[10,-78],[-29,-17],[-45,76]],[[32623,47262],[94,126],[82,140],[25,28],[56,-29],[-11,-53],[28,-58],[-11,-88],[-23,-35],[-18,-74],[-41,-19],[-14,-59],[-35,-38],[-40,-11],[-30,49],[-86,-4],[0,44],[24,81]],[[35032,47522],[48,64]],[[35080,47586],[19,-71],[-67,7]],[[34789,47681],[6,-32],[-90,-2],[-44,20],[0,35],[63,24],[65,-45]],[[34897,47705],[45,61],[15,-40],[-15,-48],[-45,27]],[[34895,47990],[-7,-73],[-53,15],[60,58]],[[34979,47704],[34,-12],[-18,-59],[-44,10],[28,61]],[[35444,48082],[-131,68],[6,27],[125,-95]],[[33035,46023],[40,46],[29,-46]],[[35806,47580],[-2,-107]],[[35804,47473],[0,-69],[-83,-67],[33,-30],[2,-66],[70,14],[159,3],[8,120],[54,49]],[[36047,47427],[37,16],[111,-31],[62,-31],[27,43],[78,-2],[149,34],[183,104],[28,-61],[60,55],[28,-44],[129,45],[73,-15]],[[37012,47540],[208,-2],[0,-247],[142,0],[0,-64],[109,0],[35,-27],[95,70],[71,0],[0,-102],[-44,0],[0,-44],[90,0],[0,-106]],[[37718,47018],[-13,0],[0,-317],[-332,0],[0,-327],[95,0],[0,-118]],[[37468,46256],[0,-728],[70,0],[0,-161],[-223,0],[0,506],[-104,0],[0,228],[-224,0]],[[36987,46101],[-168,0],[0,454],[-273,0],[0,-323],[-575,0],[0,114],[128,0],[0,141],[-256,0],[0,-141],[-105,0],[0,126],[44,0],[0,60],[-168,0],[0,-102],[-388,0],[0,-257],[-608,0],[0,40],[-491,0],[0,-154],[-110,0],[0,-287],[-183,0],[0,-101],[-84,0],[0,216],[-129,72],[0,64],[-439,0]],[[33108,46023],[-15,57],[42,59],[73,78],[46,2],[42,72],[28,-16],[76,32],[72,55],[32,-14],[23,98],[28,25],[52,137],[68,96],[35,9],[90,71],[136,45],[128,51],[46,51],[41,2],[5,164],[21,109],[59,-51],[96,-36],[67,20],[31,60],[24,-8],[76,27],[106,16],[93,95],[17,47],[114,26],[39,41],[38,12],[52,57],[43,10]],[[35080,47586],[51,23],[26,79],[55,89],[36,18],[-4,40],[97,16],[-72,-116],[-47,-141],[-4,-35],[61,-89],[74,-31],[46,-3],[89,44],[74,91],[73,17],[17,-33],[47,55],[33,8],[50,-41],[24,3]],[[37061,47110],[40,0],[0,88],[-103,0],[1,-88],[62,0]],[[34871,47508],[90,13],[-19,-36],[-64,-60],[-46,41],[39,42]],[[35272,47902],[47,100],[53,35],[-26,-130],[-52,-49],[-22,44]],[[36836,47603],[12,72],[46,-40],[-20,-55],[-38,23]],[[36987,46101],[0,-486],[-135,0],[0,113],[-369,0],[0,-797],[-30,-25],[-49,0],[0,-311],[75,0],[37,-67],[-32,-141],[1,-34],[-64,0],[0,-151],[-449,0],[0,125],[-214,0],[0,-304],[-12,1],[0,-233],[-468,0],[0,172],[-234,0],[0,75],[206,0],[0,113],[-206,0],[0,271],[-239,0],[0,-431],[67,0],[0,-165],[-127,0],[0,43],[-137,0],[0,176],[-129,0],[0,180],[-111,0]],[[35804,47473],[72,0],[88,-18]],[[35964,47455],[11,40],[48,-21],[24,-47]],[[35806,47580],[20,56],[47,48],[45,-16],[17,-44],[-49,-38],[49,-38],[29,-93]],[[37012,47540],[-58,34],[144,109],[24,94],[95,36],[28,89],[-7,33],[82,16],[70,42],[43,65],[36,13],[119,94],[62,39],[-12,-70],[104,37],[48,-5],[17,25],[63,12],[33,-26]],[[37903,48177],[-6,-154],[225,0],[32,-78],[0,-48],[34,-47],[12,-86],[0,-288],[99,0],[14,30],[82,0],[0,23],[178,0],[0,99],[284,0],[0,201],[32,15],[8,98],[-16,29],[0,160],[10,84],[165,3],[0,-42],[241,0],[0,-214],[136,0],[0,-235]],[[39433,47727],[0,-15],[-346,0],[10,-88],[-138,0],[0,-370],[-168,1],[14,-92],[0,-121],[-232,1],[0,-190],[-241,0],[-132,11],[-36,-31],[0,-119],[90,0],[-174,-141],[0,-58],[-137,0],[0,493],[-80,10],[-145,0]],[[38357,48216],[1,71],[71,10],[115,-47]],[[38544,48250],[12,-114],[-86,-20],[-69,10],[-44,27],[0,63]],[[37904,48221],[-1,-26]],[[37903,48195],[1,26]],[[40984,49081],[0,-298]],[[40984,48783],[0,-397]],[[40984,48386],[0,-140],[-726,0],[-41,-24],[0,-46],[-206,0]],[[40011,48176],[0,657]],[[40011,48833],[110,-61],[84,26],[88,63],[14,58],[38,18],[10,-62],[62,26],[5,96],[48,-10],[120,5],[109,41],[124,33],[66,-2],[95,17]],[[38553,48270],[2,-12]],[[38555,48258],[-2,12]],[[37903,48177],[0,18]],[[37904,48221],[46,25],[15,-56],[118,36],[118,-12],[42,14],[40,75],[56,-16],[18,-71]],[[38544,48250],[11,8]],[[38553,48270],[151,78],[89,-1],[36,104],[33,9],[63,122],[82,50],[29,34],[34,77],[30,113],[102,24],[46,38],[30,91],[39,-2],[87,-63],[10,71],[79,9],[70,-39],[109,-34],[40,5],[76,-26],[61,6],[42,-44],[45,13],[75,-72]],[[40011,48176],[-214,0],[0,-449],[-364,0]],[[44716,53103],[75,37],[-28,58]],[[44763,53198],[8,155],[-24,164],[2,182],[-28,36],[-15,123],[-53,98],[-5,147],[13,16],[0,259],[26,54],[15,135],[27,49],[25,-12],[42,122],[26,38],[66,45],[-47,38],[8,31],[84,108],[71,35],[45,73],[-11,15],[107,83],[42,14],[47,-48],[19,82],[-14,61],[74,-54],[56,-54],[70,10],[-37,53],[-1,54],[-57,107],[1,41],[59,18],[-32,36],[43,52],[6,34],[51,-4],[25,-67],[72,8],[51,35],[36,-18],[41,23],[35,59],[56,-36],[57,21],[-54,40],[-27,-3],[-59,107],[48,104],[19,112],[19,23],[94,38],[44,81],[49,20],[16,30],[-11,92],[45,106],[37,-26],[134,76],[15,-39],[-22,-51],[46,-106],[-59,16],[-61,-129],[43,-25],[-54,-71],[-20,-55],[46,-11],[17,-53],[38,15],[40,-19],[-11,-51],[32,-92],[54,3],[22,-40],[38,-11],[53,11],[-21,-59],[-53,-17],[13,-79],[83,-48],[6,-113],[-19,-53],[-4,-67],[36,-10],[118,-94],[11,-34],[64,-100],[22,-148],[95,-114],[31,-91],[31,-56]],[[46829,54628],[-618,2],[0,-85],[244,1],[13,-190],[27,1],[-1,-194],[-43,0],[0,-732],[142,1],[0,-362],[-172,0],[1,-581],[352,0],[-4,-466],[291,0],[25,-340],[-213,0],[0,-188],[257,0],[-3,-503],[31,-1025]],[[47158,49967],[0,-615],[-3296,8],[0,-129],[-342,0],[-2,54],[-138,-1],[0,67],[-545,0],[0,-231],[-577,0],[0,65],[-180,0],[-31,-402],[-313,0],[-78,3],[-672,-3]],[[40984,49081],[115,26],[117,-2],[224,79],[108,51],[90,34],[234,99],[111,34],[336,171],[247,113],[194,136],[135,108],[109,98],[84,93],[149,185],[170,266],[128,223],[45,137],[110,253],[6,73],[34,24],[42,120],[7,86],[-53,33],[11,67],[50,6],[27,-26],[44,27],[79,13],[18,44],[79,51],[-12,70],[-27,48],[-73,51],[60,38],[49,145],[55,74],[28,6],[57,-58],[64,22],[92,67],[39,49],[62,30],[50,68],[31,65],[130,50],[61,73],[20,55],[51,33],[4,40],[184,80],[77,76],[32,119],[-14,159],[-34,36],[-91,5],[-96,43],[-22,-40],[-73,-50],[-22,46]],[[46516,56369],[1,-50],[-30,-40],[-24,95],[53,-5]],[[44716,53103],[39,50],[8,45]],[[48947,57174],[94,0]],[[49041,57174],[7,0]],[[49048,57174],[466,0],[572,0],[799,0],[566,0],[0,-169]],[[51451,57005],[-21,0],[0,-757],[-48,0],[0,-565],[69,0],[-1,-575],[393,0],[0,-147],[199,0]],[[52042,54961],[45,0],[0,-189],[84,0],[0,-109],[651,0],[0,-180],[-382,0],[0,-267],[-237,0],[0,-109],[-230,0],[-13,68],[-61,-11],[-60,-93],[13,-31],[-57,-40],[-26,-40],[-67,-10],[-20,-35],[311,0],[0,-109],[147,0],[0,-301],[406,0],[0,-654],[-599,0],[0,-160],[74,0],[1,-163],[-17,-6],[0,-289],[-107,0],[-126,151],[-151,-55],[-87,61],[-22,-33],[-5,-320],[-74,-66],[-156,-186],[48,-14],[47,-112],[96,-70],[27,-46],[0,-51],[42,-19],[54,26],[72,-107],[-1,-396],[113,-17],[700,-12],[0,-485],[-136,0],[0,-367],[-494,1],[-393,0],[-1,-155]],[[51451,49961],[-881,0],[-882,0],[-881,0],[-882,0],[-767,6]],[[46829,54628],[25,-85],[-2,-84],[57,-19],[61,-52],[45,-99],[51,-41],[55,-106],[0,-54],[40,-25],[17,-40],[-9,-58],[37,-37],[-4,91],[15,31],[-33,57],[-1,134],[-22,16],[11,97],[36,20],[15,101],[23,85],[16,147],[37,24],[-63,86],[-40,102],[-7,123],[30,47],[76,26],[26,-22],[2,-64],[61,-35],[16,29],[102,-93],[24,-83],[57,-85],[77,-52],[20,-46],[47,-10],[-6,72],[-99,107],[-20,165],[-38,104],[53,94],[114,106],[20,40],[86,42],[-10,45],[-158,-97],[-42,-7],[-62,-33],[-45,42],[-23,48],[0,63],[-20,15],[-52,94],[-11,66],[-42,-6],[-76,83],[-17,41],[-84,55],[-112,6],[-13,50],[83,25],[-14,35],[42,38],[63,84],[-44,31],[-20,-24],[-85,5],[-20,-41],[-40,-26],[-10,70],[-34,9],[-9,51],[41,1],[20,62],[120,-62],[130,-28],[-37,79],[68,14],[-90,62],[-170,64],[58,48],[92,-11],[7,-31],[124,-29],[38,28],[-97,92],[23,20],[52,-17],[63,8],[-35,70],[-66,49],[-62,4],[-50,-13],[-56,41],[11,45],[48,46],[-56,111],[13,54],[70,28],[71,-13],[29,33],[77,-35],[39,32],[61,-38],[36,-62],[-2,-65],[-22,-40],[-48,-41],[59,-26],[83,-83],[48,9],[4,-39],[34,-28],[-49,-40],[-8,-72],[45,-37],[32,52],[27,133],[122,-90],[9,64],[-82,104],[68,50],[-37,23],[-25,64],[94,-57],[54,2],[40,-33],[78,2],[64,-16],[92,-66],[-3,-33],[35,-29],[22,-107],[46,-52],[63,9],[97,-7],[46,-83],[41,33],[49,-49],[0,85],[-22,21],[-85,-19],[15,72],[68,90],[28,-51],[85,-80],[190,4],[92,-10],[23,14],[139,8],[84,23],[75,-38],[36,-36],[43,-13],[87,9],[-18,38],[-114,-12],[-45,61],[-110,28],[-54,57],[-37,-12],[-93,30],[-88,14],[-113,-30],[-46,-26],[-88,-6],[-41,16],[-18,42],[14,62],[-20,40],[25,64],[-44,48],[30,53],[-19,35],[65,17],[19,27],[22,88],[-12,93],[57,0],[-2,-71],[62,-93],[35,-16],[62,89],[44,13],[-6,96],[3,113],[-11,27]],[[46801,55968],[-26,71],[14,18],[61,-86],[-49,-3]],[[46998,55873],[0,29],[91,-17],[-38,-34],[-53,22]],[[49185,53112],[0,-516],[0,-522],[134,-55],[9,-53],[58,31],[147,-41],[95,18],[68,-14],[42,44],[148,9],[83,-39],[58,41],[71,-28],[27,57],[60,-49],[101,70],[65,-22],[24,146],[29,-24],[78,42],[28,-11],[52,64],[56,124],[-9,53],[44,55],[7,90],[53,29],[22,84],[-37,19],[-69,0],[-26,-40],[-24,69],[21,26],[0,137],[-97,7],[-102,82],[-127,1],[-101,62],[-257,83],[-103,-28],[-173,3],[0,205],[-99,0],[0,394],[26,6],[-1,75],[109,2],[33,-14],[0,383],[-107,65],[-194,3],[-63,27],[-65,3],[-65,66],[-66,17],[-40,43],[-55,35],[-62,-9],[-99,-40],[-25,12],[-125,-19],[-106,22],[-39,-17],[-57,14],[-15,-35],[-44,-7],[-27,-32],[-43,-14],[0,-952],[663,1],[18,-32],[-17,-70],[-1,-136],[111,0]],[[47126,56966],[-43,43],[48,21],[-5,-64]],[[47511,56852],[-123,83],[17,18],[124,-40],[32,-31],[-50,-30]],[[48047,56948],[3,56],[50,-32],[-9,-39],[-44,15]],[[48947,57174],[29,46],[70,-16],[-5,-30]],[[54973,58165],[-7,-32],[-54,-66],[-64,-34],[-59,-51],[-45,-120],[-65,-119],[-48,-42],[-55,-17],[-98,-2],[0,888],[-776,0],[-387,0],[-64,64],[-82,-10],[-22,20],[-57,1],[-22,32],[-46,-1],[3,-59],[-42,-39],[-9,-51],[-42,-38],[-34,14],[-20,-41],[-76,-56],[-41,-62],[-56,-13],[-46,22],[-22,-60],[-27,-12],[-49,-77],[38,-135],[-13,-30],[11,-64],[-31,-18],[-106,3],[-41,-18],[0,-637],[-297,0],[0,-300],[-671,0]],[[49048,57174],[7,28],[-77,36],[-3,51],[43,53],[-28,40],[89,90],[35,-18],[28,42],[36,11],[6,52],[-28,65],[-56,7],[-60,-28],[-56,-56],[-51,-91],[-73,-197],[-38,-63],[-32,15],[8,72],[-30,43],[-4,127],[-57,23],[-10,-37],[-53,13],[2,120],[-18,54],[-13,103],[34,130],[59,-3],[-23,142],[-6,78],[62,107],[-21,30],[43,35],[72,19],[64,-69],[122,0],[-4,35],[21,96],[46,-82],[23,52],[-5,50],[25,76],[66,31],[11,33],[-56,12],[-54,-10],[-8,47],[57,8],[27,25],[-43,46],[30,42],[3,44],[108,-76],[9,-36],[48,30],[103,-112],[96,-21],[47,-46],[31,-6],[25,-63],[42,-18],[22,-47],[-33,-43],[23,-24],[50,-5],[63,45],[70,-1],[-56,56],[25,64],[13,101],[-28,81],[-42,28],[-44,4],[-187,-116],[-39,34],[-39,71],[20,53],[57,54],[35,60],[45,24],[53,-51],[53,45],[60,78],[-25,39],[-54,-35],[-36,-45],[-55,0],[-65,-57],[-33,-44],[-44,-27],[-29,49],[3,66],[-45,95],[45,57],[45,33],[67,1],[85,-41],[12,35],[56,35],[26,-19],[26,64],[-31,24],[-15,54],[-3,75],[56,23],[41,34],[13,-61],[-40,-47],[64,-82],[18,52],[35,-1],[-5,-101],[28,-22],[11,-65],[33,-34],[108,97],[62,1],[55,-81],[42,-24],[57,18],[28,-16],[35,21],[51,-29],[55,18],[67,-13],[0,38],[-47,13],[-101,-3],[-42,45],[47,43],[-41,37],[16,79],[-39,56],[-79,-1],[-63,23],[2,42],[-48,58],[-77,-47],[31,102],[40,25],[32,-49],[62,14],[-3,89],[-82,54],[-65,-6],[-41,43],[-17,108],[-67,20],[-15,47],[27,36],[42,-8],[2,64],[61,4],[-6,75],[25,13],[51,-31],[8,43],[31,37],[-54,40],[30,62],[82,33],[57,47],[61,-45],[42,9],[37,-66],[56,1],[-4,46],[21,59],[55,67],[91,14],[17,-43],[-6,-55],[71,44],[22,43],[-22,105],[12,63],[33,41],[-57,115],[22,28],[-33,58],[31,80],[-27,35],[64,53],[55,-33],[27,-51],[101,-73],[-38,-77],[-55,35],[6,-60],[-23,-82],[-4,-86],[31,-19],[21,-88],[-18,-109],[-49,-149],[33,20],[21,88],[58,174],[47,-7],[95,39],[28,-26],[44,-92],[-8,-106],[45,-79],[78,-37],[14,-47],[34,18],[12,60],[-27,67],[-31,30],[32,62],[89,35],[2,-47],[52,-18],[27,71],[46,-36],[6,133],[-27,5],[-11,80],[-37,63],[75,85],[41,-6],[33,66],[-9,55],[-45,98],[36,38],[88,9],[37,52],[15,60],[-10,110],[-32,15],[-13,44],[-44,45],[-23,-23],[-42,26],[-52,-45],[-73,56],[-21,74],[-1,53],[95,-51],[37,10],[-31,56],[48,23],[15,-87],[27,16],[13,49],[-60,115],[43,46],[83,-43],[2,47],[47,-12],[-36,-73],[31,-17],[-13,-86],[83,8],[47,-46],[-14,-30],[-51,-7],[2,-45],[55,-90],[-50,-37],[10,-97],[62,1],[5,-98],[38,-29],[169,109],[-93,90],[24,91],[54,3],[-6,104],[77,-4],[20,67],[44,7],[10,29],[55,-19],[49,24],[31,60],[49,51],[18,-43],[-61,-98],[-22,5],[-20,-83],[-51,-61],[2,-46],[64,1],[13,-65],[49,-53],[75,33],[-11,-57],[21,-126],[53,-9],[9,72],[61,27],[4,98],[23,52],[-16,81],[69,-72],[-2,-51],[55,36],[29,99],[32,52],[-95,41],[-13,45],[28,54],[23,-48],[39,2],[5,37],[87,12],[23,-36],[45,37],[35,1],[32,36],[-60,54],[-53,23],[-21,68],[-44,47],[-25,72],[3,37],[-30,34],[101,29],[99,-39],[-4,81],[49,16],[77,-53],[11,69],[45,0],[47,-51],[3,-35],[149,-108],[19,-39],[-21,-86],[59,25],[8,-122],[12,-38],[56,-36],[23,98],[55,-39],[61,15],[22,75],[47,11],[89,-120],[35,-7],[24,31],[-39,40],[38,46],[116,-113],[46,-22],[45,-47],[-29,-62],[2,-60],[71,-22],[85,-47],[105,-121],[28,7],[59,-75],[41,-25],[-2,-46],[29,-11],[8,-52],[38,-24],[67,-85],[24,-14],[29,-60],[15,-113],[72,-31],[-16,-78],[61,-94],[46,32],[36,-67],[50,1],[25,-40],[-21,-71],[55,-69],[66,42],[59,-28],[63,-77],[-4,-54],[35,2],[77,-37],[46,-84],[48,-20],[53,7],[-24,-55],[-29,-13],[-16,-94],[30,-98],[-60,-7],[-69,-43],[36,-19],[-55,-157],[10,-96],[-25,-40],[-8,-63],[14,-44],[-40,-48],[-9,-39],[17,-99],[25,-24],[-28,-197],[17,-36],[-47,-67],[3,-51],[33,-60],[5,-50],[-21,-90],[-51,-100],[-47,-26],[-40,-47]],[[48956,57272],[-65,-34],[-5,65],[81,42],[-11,-73]],[[49726,58566],[24,-11],[-36,-93],[-45,22],[57,82]],[[48811,58440],[-32,-3],[-22,63],[15,57],[32,17],[-12,47],[20,31],[59,24],[34,39],[20,-33],[-17,-81],[50,-26],[69,-115],[-6,-30],[56,-21],[-146,-87],[-64,-12],[-22,23],[57,88],[-14,43],[-77,-24]],[[48419,58627],[-6,-40],[-80,32],[77,37],[9,-29]],[[48589,58568],[-35,-5],[-14,60],[49,20],[38,-7],[46,67],[54,-24],[-11,-41],[23,-31],[-40,-34],[-53,43],[-57,-48]],[[49348,58742],[49,1],[37,-39],[-15,-38],[-60,-39],[-42,13],[31,102]],[[49923,59961],[-24,32],[-35,-4],[-9,167],[78,5],[-37,90],[9,38],[52,69],[43,3],[24,-52],[41,-41],[-35,-131],[13,-58],[-45,-86],[-15,24],[-60,-56]],[[49529,59189],[-24,33],[1,62],[71,41],[7,-70],[-19,-28],[48,-61],[-19,-24],[-65,47]],[[50621,60411],[43,-102],[-47,-25],[-30,73],[34,54]],[[50951,60310],[1,48],[23,94],[33,-79],[0,-42],[-57,-21]],[[52401,61504],[-47,-19],[-20,42],[14,35],[68,-4],[81,-55],[-96,1]],[[52107,61295],[5,51],[49,-30],[-17,-41],[-37,20]],[[51464,60712],[-8,-39],[43,-13],[-12,-86],[-50,28],[-12,94],[39,16]],[[51361,60599],[11,-77],[-42,-1],[31,78]],[[54693,60337],[23,57],[35,-5],[3,-41],[-40,-43],[-21,32]],[[50125,60011],[-46,-79],[-33,17],[49,60],[30,2]],[[49999,59129],[-4,-31],[92,0],[4,-39],[-24,-43],[-51,-38],[-29,8],[-2,80],[-32,35],[4,52],[42,-24]],[[55187,58404],[149,0],[0,-217],[216,4]],[[55552,58191],[26,10]],[[55578,58201],[17,33],[40,-25],[-13,-59],[27,-23],[0,-184],[-84,0],[0,-295],[-268,0],[-30,41],[-34,5],[-16,40],[-149,0],[0,198],[57,0],[13,56],[52,32],[5,54],[-20,20],[1,57],[-81,67]],[[55095,58218],[54,61],[38,125]],[[54973,58165],[34,33],[88,20]],[[55578,58201],[-78,90],[12,96],[-17,18],[-5,82],[15,87],[-40,84],[-68,64],[-34,91],[1,150],[-47,70],[17,78],[46,120],[106,53],[13,81],[44,9],[10,-88],[61,-191],[14,16],[-33,177],[8,180],[22,-9],[33,-65],[55,-59],[-6,74],[45,1],[51,-25],[13,30],[-67,123],[-39,38],[-66,35],[67,39],[35,-27],[118,60],[77,22],[97,-69],[20,32],[139,-23],[79,-81],[28,7],[79,-19],[61,-29],[46,-6],[89,11],[102,-45],[59,-2]],[[56738,55153],[-507,0],[-26,115],[-386,0],[0,-150],[-413,0],[0,-104],[-193,-4],[0,-172],[-486,0],[-1,-78],[-66,0],[0,-127],[-453,0],[0,31],[-419,1],[0,-34],[-753,-1],[-1,258],[-161,0],[0,370],[-828,0],[-3,-297]],[[55187,58404],[14,227],[-26,73],[-5,99],[28,51],[112,-98],[38,-61],[75,-85],[3,-30],[45,-60],[1,-104],[25,-81],[-3,-59],[58,-85]],[[55199,58909],[-21,91],[25,148],[46,-34],[14,-82],[66,-70],[-11,-65],[-40,-28],[-79,40]],[[37468,46256],[135,0],[0,-101],[-62,0],[0,-147],[-45,0],[0,-129],[124,0],[0,190],[87,0],[0,-212],[45,0],[0,-83],[-56,0],[0,-160],[96,0],[0,-158],[205,0],[0,55],[233,0],[0,-79],[87,0],[0,-150],[-34,0],[0,-84],[99,0],[0,-311],[192,1],[0,-156],[52,-30],[146,-11],[314,0],[0,-21],[251,0]],[[39337,44670],[179,0],[0,-225],[-91,0],[0,-66],[351,0],[33,-26],[0,-152],[51,0],[0,-148],[-146,0]],[[39714,44053],[-387,4],[0,-56],[-462,0],[0,56],[-183,0],[0,-141],[183,0],[0,-69],[265,0],[0,-166],[197,0],[0,-312],[-509,0],[-185,-394],[-268,-568],[-269,-570]],[[36704,42274],[41,-15],[129,0],[59,25],[4,47],[54,0],[0,66],[-58,0],[-18,40],[-182,-1],[0,-39],[-59,0],[0,-29],[-63,-1],[1,-57],[92,-36]],[[42998,43875],[-11,-72],[137,2],[0,-242],[-12,0],[0,-300],[-152,0],[0,-234],[206,0],[0,-340],[-408,0],[0,-192],[15,-89],[-263,0],[-85,-154],[-48,-140],[104,0],[0,-420],[161,0]],[[39714,44053],[7,-224],[511,0],[-22,35],[0,238],[500,0],[0,-120],[337,0],[0,-53],[166,0],[-2,-64],[315,-2],[0,-338],[365,0],[0,284],[204,0],[0,337],[107,0],[0,-210],[120,0],[0,-127],[183,0],[0,52],[107,0],[0,-120],[249,0],[0,217],[137,0],[0,-83]],[[43045,45315],[353,0],[-6,-140],[-12,-58],[54,0],[0,-59],[-67,0],[-17,-88],[10,-178],[60,0],[0,-60],[-55,0],[-40,-173],[-18,-148],[7,-223],[22,-40],[0,-51],[-54,0],[-71,-127],[-21,-87],[-41,-8],[-151,0]],[[39337,44670],[0,98],[255,0],[-4,236],[-232,0],[0,125],[232,0],[0,259],[14,0],[0,190],[-184,0],[0,128],[212,0],[0,191],[-109,0],[0,109],[58,0],[-4,145],[28,0],[5,111],[493,1],[0,-47],[69,1],[0,-102],[129,-5],[286,0],[0,27],[157,-15],[178,-105],[227,0],[0,-74],[400,0],[0,-19],[202,0],[32,-83],[-47,-58],[-34,-65],[-4,-210],[107,0],[0,-104],[270,0],[0,-494],[141,0],[0,139],[246,0],[0,68],[103,0],[0,198],[482,0]],[[40984,48386],[596,0],[0,-112],[-152,0],[0,-401],[30,0],[0,-103],[-49,0],[0,-125],[218,0],[0,-56],[309,0],[0,13],[472,0],[0,-264],[122,0],[33,-14],[0,-169],[-54,34],[11,-67],[-30,-8],[-22,-53],[4,-67],[29,-30],[5,-95],[33,-9],[112,-110],[42,-80],[53,-17],[0,-144],[49,0],[0,-143],[28,-75],[53,-83],[1,-29],[45,-51],[9,-47],[52,-28],[0,-46],[26,-67],[-16,-71],[57,-1],[-5,-102],[0,-451]],[[51451,49961],[0,-1030],[0,-2312]],[[15635,68679],[25,8],[17,-63],[-7,-37],[-55,-84],[-14,-137],[-45,7],[-20,94],[-68,17],[-71,38],[26,79],[69,-26],[85,40],[39,69],[19,-5]],[[0,65118],[16,-16],[0,-19],[-9,-28],[24,-26],[21,-38],[22,18],[6,-10],[-29,-10],[-9,4],[-24,36],[-13,9],[-3,19],[6,19],[-8,42]],[[89045,1751],[-6,-3]],[[89039,1748],[-58,16]],[[88981,1764],[54,60]],[[89035,1824],[26,-63]],[[89061,1761],[-16,-10]],[[89039,1748],[-42,-25]],[[88997,1723],[-46,-24],[-10,64]],[[88941,1763],[40,1]],[[89061,1761],[-1,-17]],[[89060,1744],[-15,7]],[[89107,1667],[-16,3]],[[89091,1670],[-91,47]],[[89000,1717],[-3,6]],[[89060,1744],[46,-44],[1,-33]],[[89091,1670],[-32,-1]],[[89059,1669],[-50,8]],[[89009,1677],[-9,40]],[[88941,1763],[-18,32]],[[88923,1795],[32,27]],[[88955,1822],[68,15]],[[89023,1837],[12,-13]],[[88955,1822],[37,57]],[[88992,1879],[31,-42]],[[88923,1795],[-49,75]],[[88874,1870],[6,21]],[[88880,1891],[45,15]],[[88925,1906],[67,-27]],[[88880,1891],[-62,44]],[[88818,1935],[-36,44]],[[88782,1979],[90,5],[38,23]],[[88910,2007],[31,-43],[-16,-58]],[[88684,1855],[134,80]],[[88874,1870],[-49,-45],[-55,-14],[-72,19],[-14,25]],[[89069,1907],[77,-13]],[[89146,1894],[12,-35]],[[89158,1859],[-29,-44],[-38,-7]],[[89091,1808],[-29,61]],[[89062,1869],[7,38]],[[89149,1958],[22,-17]],[[89171,1941],[-25,-47]],[[89069,1907],[40,47],[40,4]],[[88941,2030],[-2,35]],[[88939,2065],[-5,17]],[[88934,2082],[48,32],[5,75],[37,13],[17,101]],[[89041,2303],[75,2],[35,-44],[0,-85]],[[89151,2176],[11,-50],[-129,-112],[51,-29],[49,12],[16,-39]],[[89062,1869],[-89,62],[-32,99]],[[89203,1653],[4,63],[-25,50],[-90,16],[-1,26]],[[89158,1859],[38,-26],[11,-49]],[[89207,1784],[23,-32],[-27,-99]],[[89285,1734],[-6,-26]],[[89279,1708],[-37,7],[-39,-62]],[[89207,1784],[49,13],[29,-63]],[[89322,1467],[-22,6]],[[89300,1473],[16,83],[-50,47],[24,80],[48,-7]],[[89338,1676],[37,18]],[[89375,1694],[41,-60]],[[89416,1634],[-39,-11]],[[89377,1623],[-9,-25],[35,-86],[-81,-45]],[[89338,1676],[-59,32]],[[89285,1734],[69,14]],[[89354,1748],[21,-54]],[[89185,1509],[23,12]],[[89208,1521],[24,-53],[68,5]],[[89322,1467],[-101,-29],[-36,71]],[[89185,1509],[2,58],[22,-11],[-1,-35]],[[89416,1634],[-3,-21],[-36,10]],[[89151,2176],[169,-29],[-3,-16]],[[89317,2131],[-8,-57]],[[89309,2074],[23,-75],[-35,-3]],[[89297,1996],[-60,-8]],[[89237,1988],[-66,-47]],[[89015,2409],[63,-11],[43,17],[36,-45],[70,17],[-6,59],[48,12],[22,40],[45,-14]],[[89336,2484],[62,-30],[-4,-50]],[[89394,2404],[-28,-40],[40,-33],[-32,-134],[-39,-44]],[[89335,2153],[-18,-22]],[[89041,2303],[-45,14],[19,92]],[[89015,2409],[-42,16],[1,76],[-32,39],[15,71],[94,87]],[[89051,2698],[24,-24],[-28,-55],[86,-65],[120,-1],[82,-30],[1,-39]],[[88782,1979],[-51,-14],[-24,32]],[[88707,1997],[37,38],[77,26],[89,-54]],[[88941,2030],[-2,35]],[[88934,2082],[-17,-44],[-95,54],[-29,-34],[-89,-58]],[[88704,2000],[-43,73],[1,39],[-73,87],[-80,10],[32,70],[-92,56],[26,31],[-57,30],[31,91],[61,-16],[-9,95],[-81,53],[-88,14],[-32,84],[-35,-18],[-41,36],[-72,19],[-14,87],[-53,35],[-2,51],[36,34],[24,135],[-5,33],[-82,14],[-16,21],[-175,23],[33,151],[-60,21],[37,58],[18,88],[-59,58],[13,46],[-93,86],[-20,69]],[[87734,3764],[107,59],[95,0],[-30,-199],[57,-7],[76,20],[28,37],[112,-35],[64,22],[14,74],[91,58],[2,-63],[95,-33],[37,40],[9,51]],[[88491,3788],[30,-4],[94,-73],[103,1],[51,52]],[[88769,3764],[105,-115],[37,-68]],[[88911,3581],[4,-80],[26,-69],[-18,-43],[40,-47]],[[88963,3342],[-40,-6],[3,-86],[35,-66],[-14,-88],[-106,-20],[-48,-31],[49,-40],[31,-88],[180,-34],[51,-39]],[[89104,2844],[-59,-34],[62,-70]],[[89107,2740],[-56,-42]],[[89051,1545],[-48,-13]],[[89003,1532],[-32,-12]],[[88971,1520],[-69,67],[107,90]],[[89059,1669],[-16,-90]],[[89043,1579],[8,-34]],[[89058,1480],[-47,18]],[[89011,1498],[-8,34]],[[89051,1545],[7,-65]],[[89107,1667],[-39,-88],[-25,0]],[[89058,1480],[20,-54],[-53,-23],[-61,67],[-39,-88],[76,-31],[-11,-26]],[[88990,1325],[-59,-10],[-77,25],[-76,-19]],[[88778,1321],[-26,19]],[[88752,1340],[28,71],[67,61],[34,65],[-102,74]],[[88779,1611],[-66,96],[-63,-52],[-44,44],[-78,24],[-41,33],[-103,12]],[[88384,1768],[14,47],[82,-8],[48,-60],[36,-5],[9,65],[36,46],[75,2]],[[88971,1520],[40,-22]],[[88528,1409],[-37,48],[-99,-87],[-36,11]],[[88356,1381],[-104,-17],[-61,45],[-85,2],[-28,93],[-68,49],[-42,-15],[-39,29],[15,116],[-51,44],[6,62],[50,30]],[[87949,1819],[109,-34],[26,-50],[44,8],[72,-28],[16,-64],[145,22],[-20,69],[43,26]],[[88779,1611],[9,-54],[-124,-51],[-28,-77],[-24,4],[-49,-79],[29,-35]],[[88592,1319],[-51,-98],[-1,-51],[74,-4]],[[88614,1166],[10,-35],[-56,-59],[-79,62],[-37,1],[73,223],[3,51]],[[88263,318],[38,19]],[[88301,337],[-38,-19]],[[88249,314],[-109,-10],[-21,57],[79,45],[-62,82],[122,40],[-11,63],[-65,31],[-91,19],[46,85],[85,88],[-82,33],[31,62],[-57,63],[67,71],[55,34],[106,-73],[56,49]],[[88398,1053],[73,9],[36,-69]],[[88507,993],[-56,-9],[-58,-101],[34,-29]],[[88427,854],[10,-22],[91,-17],[36,-26],[-71,-131],[-64,-23],[-24,-34],[60,-28],[-93,-32],[-14,-26],[33,-84],[-113,-9],[-2,-93],[-27,-15]],[[88398,1053],[-17,59],[33,18]],[[88414,1130],[47,-29]],[[88461,1101],[-63,-48]],[[88592,1319],[47,29],[113,-8]],[[88778,1321],[24,-96]],[[88802,1225],[1,-75],[50,-26]],[[88853,1124],[-3,-107]],[[88850,1017],[-72,-2],[-12,-73]],[[88766,942],[-44,36],[3,33],[-77,7],[-16,54],[43,21],[-22,51],[-39,22]],[[88459,1261],[-100,48],[-3,72]],[[88528,1409],[-72,-128],[3,-20]],[[88459,1261],[-45,-131]],[[88249,314],[14,4]],[[88301,337],[32,-46],[-103,-68],[-106,61],[-101,-16],[-36,-36],[-48,7],[-22,57],[-58,1],[-137,149],[5,83],[-52,17],[7,-76],[-35,-38],[-46,12],[-32,-34],[-51,-2],[-124,25],[-76,32],[-97,-62],[-43,38],[11,56],[-40,19],[-72,0],[6,-75],[-51,-11],[-12,44],[-121,-34],[-2,-34],[-62,-23],[-62,7],[11,88],[-26,40],[7,43],[-58,75],[-11,54],[-39,74],[57,51],[117,-18],[57,16],[103,-37],[81,0],[31,72],[-47,23],[-98,-9],[-9,-48],[-40,-7],[-65,32],[-21,56],[-62,-74],[-78,39],[-44,59],[23,51],[3,70],[-51,12],[-84,-69],[-61,-20],[29,-34],[48,50],[23,-61],[-95,-54],[-70,83],[-46,130],[-34,63],[-40,-8],[-50,157],[-52,-10],[-65,51],[37,82],[-50,22],[-84,73],[-33,70],[-52,8],[-52,-25],[-56,9],[-10,83],[-38,66],[-25,3],[-51,113],[-19,100],[-69,91],[22,65],[-46,75],[1,66],[-60,10],[5,42],[-96,37],[34,32],[2,58],[-74,99],[2,39],[-44,68],[29,40],[-28,70],[2,47],[-25,82],[-48,58],[30,62],[-15,91],[-52,94],[69,-9],[67,-157],[48,13],[47,-30],[7,-51],[154,-112],[59,-14],[37,-49],[-9,-67],[79,33],[38,-26],[57,90],[-1,30],[-49,76],[-70,-18],[-25,51],[-54,19],[-11,43],[-56,47]],[[85641,3029],[40,-15],[60,31],[88,-20],[11,141],[63,25],[-41,62]],[[85862,3253],[74,45],[72,-15]],[[86008,3283],[57,-35],[59,97]],[[86124,3345],[37,60],[40,-31],[75,-8],[68,61],[47,75]],[[86391,3502],[81,-14],[72,31],[57,-30],[95,-17],[53,34],[56,-20],[55,-72],[10,-70],[54,-84],[30,14],[87,-168],[40,-34],[-50,-40],[86,-45],[25,-38],[104,-52],[178,-36],[60,15],[50,-90],[17,-67],[-85,-6],[-20,-43],[30,-54],[-89,-24],[52,-94],[-25,-64],[-34,-27],[37,-98],[46,-54],[-29,-103],[-88,-44],[-16,-87],[17,-101],[55,-9],[60,74],[49,33],[-51,58],[30,25],[64,-31],[21,-82],[-16,-25],[18,-85],[80,-63],[66,12],[56,35],[40,-29],[63,24],[67,-38]],[[88461,1101],[105,-86],[41,-48],[8,-43]],[[88615,924],[-68,15],[-40,54]],[[86971,2156],[-54,-3],[-36,-44],[-84,-11],[5,-109],[226,-77],[-16,45],[-60,87],[19,112]],[[88615,924],[-22,-66],[-48,24],[-118,-28]],[[89104,2844],[72,20],[58,-165],[-68,10],[-59,31]],[[89981,2909],[-57,-42],[-57,13],[-59,-32],[36,-44],[-52,-26],[-35,-119],[-47,-13],[-55,-46],[-1,-91],[-40,-27],[-24,-71],[-70,13],[-4,-44],[-122,24]],[[88963,3342],[13,62],[35,30],[41,-52],[29,35],[58,-9],[58,32],[66,-94],[107,-78],[-11,-27],[76,-27],[-6,-29],[44,-72],[185,-20],[38,-18],[12,69],[67,-27],[38,-75],[34,4],[46,-105],[88,-32]],[[86391,3502],[-32,37],[-87,23],[-95,3],[-1,112],[-40,112],[1,84],[38,32],[32,-32],[87,-1]],[[86294,3872],[17,49],[57,4],[138,-102],[113,15],[30,42],[118,-27],[119,12],[47,62],[36,-13]],[[86969,3914],[-66,-98],[47,-39],[14,-46],[-80,-5],[32,-54],[-12,-35],[19,-53],[96,-26],[-7,-50],[50,-46],[6,-34],[108,-4],[30,-36],[66,21],[98,11],[-13,53],[8,145],[112,74],[43,-63],[33,-10],[37,50],[78,-2],[41,-18],[25,115]],[[88704,2000],[3,-3]],[[88810,1241],[-8,-16]],[[88990,1325],[-41,-39]],[[88949,1286],[-61,13],[-73,-33],[-5,-25]],[[88850,1017],[55,0]],[[88905,1017],[-54,-71],[-85,-4]],[[88894,847],[5,42],[97,74],[63,-24],[38,48],[-16,84],[71,50],[-15,41],[-87,14],[-77,-3],[7,58],[73,3],[-33,48],[27,68],[62,1],[69,-87],[-12,-77],[34,-35],[-5,-39],[39,-49],[-142,-90],[-56,-88],[4,-78],[44,-42],[56,15],[-1,-59],[-53,-31],[-10,-55],[-40,-89],[12,-46],[-46,-27],[-37,12],[-66,77],[23,23],[-50,90],[-43,-12],[0,-62],[-39,-86],[-81,10],[1,56],[-77,79],[45,13],[63,-94],[38,44],[9,134],[96,17],[-21,50],[31,22]],[[88910,1237],[-100,4]],[[88949,1286],[-39,-49]],[[88917,1135],[-64,-11]],[[88910,1237],[-17,-76],[24,-26]],[[88917,1135],[13,-81],[-25,-37]],[[89237,1988],[23,-49],[132,-59],[86,-19],[-98,-36],[-26,-77]],[[89309,2074],[106,-22],[-1,-63]],[[89414,1989],[-86,-56],[-55,40],[24,23]],[[89535,1942],[-91,10],[-30,37]],[[89335,2153],[58,-9],[123,53],[113,-16],[39,10],[148,-33],[41,-37]],[[89857,2121],[-72,-135],[-33,-14]],[[89752,1972],[-71,-16],[-123,17],[-23,-31]],[[89752,1972],[12,-31]],[[89764,1941],[12,-52],[-45,-42],[82,-30]],[[89813,1817],[-55,-71]],[[89758,1746],[-88,-15],[-74,56],[-49,15],[19,48],[-45,75],[14,17]],[[89916,1929],[22,-68]],[[89938,1861],[-17,-34],[-63,10],[-45,-20]],[[89764,1941],[128,-21],[24,9]],[[89967,1847],[-29,14]],[[89916,1929],[20,54],[2,92],[17,39]],[[89955,2114],[134,-9],[34,-33]],[[90123,2072],[-65,-18],[-46,-78],[-9,-60],[-36,-69]],[[89857,2121],[98,-7]],[[89967,1847],[-59,-91],[-93,-28],[-57,18]],[[90186,1756],[8,-29],[-118,-46],[-156,35]],[[89920,1716],[56,37],[54,-10],[-19,65],[32,42],[55,-20],[4,-31],[84,-43]],[[90186,1756],[46,-54],[-21,-46],[0,-69]],[[90211,1587],[-75,8],[-73,-44],[-82,10]],[[89981,1561],[-15,82],[-53,34],[7,39]],[[90211,1587],[-61,-65],[-44,-25],[46,-54],[-13,-37]],[[90139,1406],[-90,45]],[[90049,1451],[-45,11]],[[90004,1462],[-53,55],[30,44]],[[90049,1451],[-43,-121],[-40,0]],[[89966,1330],[-11,74]],[[89955,1404],[-10,37],[59,21]],[[89918,1112],[-50,52]],[[89868,1164],[11,55]],[[89879,1219],[16,79]],[[89895,1298],[71,32]],[[90139,1406],[14,-10],[51,-150],[1,-42],[-33,-56],[41,-83],[-69,17],[-6,42],[-89,14],[-2,82],[-39,36],[-45,-50],[13,-54],[-58,-40]],[[89868,1164],[-70,28],[4,53],[77,-26]],[[89855,1367],[40,-69]],[[89918,1112],[-76,-28],[-118,50],[-37,107],[24,33],[48,-6],[18,59],[-96,-12],[-29,31],[-75,30],[-2,63]],[[89575,1439],[65,-8],[37,-44],[78,-4]],[[89755,1383],[100,-16]],[[89755,1383],[29,89]],[[89784,1472],[8,-36],[80,-15]],[[89872,1421],[-17,-54]],[[89575,1439],[-14,70],[16,21],[97,22],[-29,100],[23,9],[83,-31],[7,-44],[-39,-74],[65,-40]],[[89872,1421],[83,-17]],[[89981,2909],[54,0],[7,70],[60,67],[95,66],[9,72],[-69,39],[16,39]],[[90153,3262],[-43,92],[6,162],[53,9],[60,131]],[[90229,3656],[42,102],[67,32],[42,69],[67,2]],[[90447,3861],[95,-89],[38,1],[0,-62],[64,-91]],[[90644,3620],[-62,-76],[-42,24],[-51,-16],[36,-72],[-25,-47],[140,-34],[-180,-2],[-69,-17],[-30,-30],[12,-97],[-22,-62],[-93,-98],[24,-40],[-46,-103],[41,-69],[-77,-133],[52,-71],[-24,-72],[1,-52],[-68,-62],[-6,-40],[-118,12],[84,-120],[-5,-62],[39,-23],[14,-51],[-43,-67],[-3,-68]],[[90356,2196],[45,-63],[-2,-31],[-144,-18],[82,143],[-36,22],[-16,51],[29,29],[39,82],[39,-30],[54,0],[28,-79],[40,-55],[-54,-32],[-79,10],[-25,-29]],[[88911,3581],[65,59],[110,64],[87,-95],[139,39],[199,-34],[18,-58],[60,-55],[162,13],[77,-14],[17,-122],[47,-9],[0,-65],[33,-22],[228,-20]],[[88769,3764],[-13,46],[46,131],[33,-10],[32,68]],[[88867,3999],[23,-33],[107,0],[35,16],[201,-124],[157,43],[71,-13]],[[89461,3888],[127,-18],[62,2],[140,-91],[125,35],[30,-56],[100,-82],[60,-10],[99,30],[25,-42]],[[88925,4165],[43,-1],[59,47]],[[89027,4211],[62,-16],[0,-28],[136,-38],[-5,-45],[74,-14],[32,32],[29,102],[86,14],[44,76],[64,37]],[[89549,4331],[74,-88],[-96,-63],[-18,-59],[-48,-233]],[[88867,3999],[-67,35],[49,31],[32,-27],[57,38],[-13,89]],[[89605,4867],[14,-132],[47,-62],[4,-55],[59,-101],[70,-11],[48,-108]],[[89847,4398],[-37,-21],[-76,7],[-37,-41],[-62,-22],[-22,30],[-64,-20]],[[89027,4211],[-123,183],[-42,26],[-62,118]],[[88800,4538],[105,-10],[91,16],[86,48],[39,73],[-36,39]],[[89085,4704],[156,92],[110,29],[72,-5],[60,36],[122,11]],[[90373,4315],[34,9],[37,-44],[75,-24],[38,-76],[-5,-45],[-92,-11],[28,-145],[-12,-92],[-29,-26]],[[89847,4398],[23,-91],[-50,11],[-2,-51],[42,-62],[1,-57],[-44,-28],[35,-41],[41,19],[34,-36],[69,25],[141,6],[28,53],[128,-8],[46,84],[1,52],[33,41]],[[89959,4958],[90,-45],[110,-8],[137,38],[30,-6],[62,-70],[21,-52],[80,-32]],[[90489,4783],[37,-43],[-67,-72],[8,-67],[-46,-27],[-19,-45],[-38,-15],[-11,-99],[29,-5],[-9,-95]],[[89605,4867],[-37,36]],[[89568,4903],[53,30],[37,-15],[93,13],[66,29],[31,-26],[111,24]],[[90489,4783],[55,0],[49,90],[55,4],[16,-42],[82,-8]],[[90746,4827],[-39,-113],[-3,-73],[35,-132],[51,-40],[9,-102],[-47,-76],[2,-71],[-19,-53],[9,-69],[-43,-103],[5,-71],[99,-167],[-31,-29],[6,-61],[-28,-21],[-18,-130],[46,-47],[60,-137],[-42,-27],[-5,-68],[68,-49],[-17,-63],[-40,-32],[-15,-75],[-94,45],[6,53],[48,76],[-54,63],[63,43],[-5,32],[-77,20],[-16,48],[-58,29],[-89,4],[25,66],[74,17],[55,78],[-23,28]],[[90754,2900],[-75,10],[-29,45],[31,27],[112,-22],[-39,-60]],[[89959,4958],[48,205]],[[90007,5163],[67,-35],[49,15],[65,-16],[32,98],[31,13],[11,58],[-19,36],[205,67],[-22,-42],[-5,-68],[141,-18],[45,17],[22,72],[-13,42],[110,36]],[[90726,5438],[-15,-89],[25,-47],[-27,-31],[6,-46],[47,-93],[52,3],[8,-46],[-94,-20],[-37,-89],[25,-30],[95,66],[-23,-80],[-33,-53],[-9,-56]],[[88636,4854],[64,64]],[[88700,4918],[74,-55],[41,5]],[[88815,4868],[9,-38]],[[88824,4830],[-75,-42]],[[88749,4788],[-52,12],[-61,54]],[[88803,4666],[-39,-38]],[[88764,4628],[-39,41],[42,45],[36,-48]],[[88764,4628],[-52,-13]],[[88712,4615],[-84,-18]],[[88628,4597],[-22,32]],[[88606,4629],[-21,74],[-58,43],[-42,-16],[-63,35]],[[88422,4765],[81,76],[57,-43],[41,59]],[[88601,4857],[68,-36],[27,-75],[53,42]],[[88824,4830],[33,-12],[40,-75],[34,6],[78,-111]],[[89009,4638],[-56,-15],[-43,43],[-46,-35],[-61,35]],[[88708,5577],[-25,-32],[42,-49],[-22,-97],[24,-160]],[[88727,5239],[-75,8],[-41,-53],[23,-73],[-24,-91],[80,-103]],[[88690,4927],[10,-9]],[[88636,4854],[-38,111],[-50,22],[-78,9],[-36,36],[64,46],[-45,55],[-78,43],[-3,42],[38,38]],[[88410,5256],[40,39],[-44,20],[-18,138],[26,82],[-118,16],[8,41]],[[88304,5592],[80,5],[71,64],[56,26],[89,-39],[75,1],[65,-37],[-32,-35]],[[88410,5256],[-144,121],[-72,-15],[-44,31],[-22,124],[38,39],[97,51],[41,-15]],[[88987,5171],[-58,9],[-4,39],[-106,13],[-26,-22]],[[88793,5210],[-66,29]],[[88708,5577],[51,55],[72,-1]],[[88831,5631],[51,-50],[37,-9],[10,-120],[113,-40]],[[89042,5412],[16,-131],[-18,-60],[-53,-50]],[[90403,7983],[85,-106],[78,-61],[31,3],[107,-44],[35,6],[-13,-107],[13,-105],[-24,-41],[-61,-29],[28,-47],[69,28],[44,-148],[28,-55],[-89,-45],[-46,45],[-83,-3],[-38,-32],[-8,-49],[-113,-48],[-113,53],[-56,57],[31,25],[-41,73],[-19,137],[-92,52],[-30,88],[-82,9],[-51,32],[71,54],[-4,89],[-34,70],[-38,36],[-99,-39],[-15,28],[-63,26],[-21,32],[112,84],[69,22],[-16,33],[49,42],[16,52],[71,35],[39,47],[29,-13],[9,-72],[79,-34],[67,-87],[89,-93]],[[89032,8748],[-13,60],[20,30],[60,-19],[3,-41],[-70,-30]],[[82899,7918],[49,138],[-3,64],[-26,79],[-3,106],[78,29],[60,71],[13,49],[-14,95],[55,13],[165,-82],[101,-89],[-14,-139],[6,-84],[42,-92],[-39,-97],[10,-93],[42,-22],[-5,-111],[-52,-138],[-59,-14],[-73,-79],[-123,-39],[-102,-50],[-33,27],[-42,120],[56,17],[-1,141],[-18,38],[-60,55],[-10,87]],[[90293,6964],[45,4],[36,35],[84,10],[118,-33],[57,52],[58,-18],[153,69],[37,-67],[84,-77],[44,-10],[16,-56],[-3,-64],[-104,-88],[-74,-25],[-52,121],[-54,9],[-104,-78],[-37,51],[-110,-25],[-50,14],[-57,-17],[-65,13],[-49,71],[-51,-15],[-6,64],[84,60]],[[90439,6652],[26,22],[75,9],[61,-12],[48,-58],[-46,-45],[-55,-82],[-53,57],[-61,3],[5,106]],[[89009,4638],[71,9],[5,57]],[[88800,4538],[-49,10]],[[88751,4548],[-39,67]],[[89507,5019],[-1,-37],[47,-28],[15,-51]],[[88815,4868],[67,87],[41,-7],[54,64],[5,64]],[[88982,5076],[92,52],[81,-4],[25,-80],[46,5],[83,-29],[26,16],[172,-17]],[[89675,5271],[-17,-55],[-109,-66],[-78,-15],[-11,-26],[47,-90]],[[88982,5076],[19,35],[-14,60]],[[89042,5412],[5,37],[99,-16],[29,67],[150,-8],[44,95],[87,-15],[79,-37],[38,17],[-15,52],[38,31],[126,-6]],[[89722,5629],[76,-91]],[[89798,5538],[-111,-113],[14,-53],[-31,-49],[5,-52]],[[89798,5538],[33,-100]],[[89831,5438],[-57,-31],[3,-52],[122,-71]],[[89899,5284],[-58,-73],[-68,20],[-7,53],[-57,7],[-34,-20]],[[89912,5884],[84,-5],[-7,-73],[-70,-13],[12,-64]],[[89931,5729],[-85,14],[-27,-18],[-1,-71],[-96,-25]],[[88831,5631],[81,106],[53,31],[43,-33],[73,37],[24,-67],[46,-19],[19,-48],[79,4],[87,48],[61,59],[84,112],[54,102],[41,4],[61,41],[86,-75],[60,10],[70,-47],[59,-12]],[[89899,5284],[9,-75],[99,-46]],[[89831,5438],[66,-34],[96,-11],[32,133],[32,71],[-16,102],[-44,26],[-66,4]],[[89912,5884],[33,-3],[86,34],[62,78],[49,84],[44,103],[105,-19],[15,-46],[74,0],[62,-86],[-6,-33],[179,-31],[36,-81],[41,-12],[26,-61],[48,-43],[8,-48],[59,-60],[-73,-83],[-34,-139]],[[88793,5210],[18,-86],[-7,-47],[-49,-6],[-1,-100],[-64,-44]],[[88319,5198],[-42,-85],[-40,-8],[-44,43],[-37,-71],[-34,-21],[-41,55],[4,32],[-108,23]],[[87977,5166],[-36,82],[0,35],[-45,72],[39,19],[-55,45],[-6,31]],[[87874,5450],[23,-11],[79,64],[55,-30],[44,5],[63,-74],[20,-106],[39,-12],[59,53],[80,-41],[-40,-79],[23,-21]],[[88313,4869],[-112,3]],[[88201,4872],[-70,21],[-36,-60],[-49,0]],[[88046,4833],[-63,7],[-34,122],[-76,7]],[[87873,4969],[-50,101],[136,74],[18,22]],[[88319,5198],[66,-88],[40,-20]],[[88425,5090],[-36,-7],[16,-42]],[[88405,5041],[36,-49]],[[88441,4992],[-83,-50],[1,-64],[-46,-9]],[[88425,5090],[-20,-49]],[[88422,4765],[-67,41],[-42,63]],[[88441,4992],[39,-7],[43,-49],[55,21],[23,-100]],[[88592,4568],[-62,6]],[[88530,4574],[29,49],[47,6]],[[88628,4597],[-36,-29]],[[88405,4512],[5,88],[41,16],[79,-42]],[[88592,4568],[40,-39],[-110,-84],[-57,9]],[[88465,4454],[13,25],[-73,33]],[[88405,4512],[-62,14],[-21,-52],[-63,0],[-36,24],[22,40],[-17,90],[-43,64],[24,86],[-8,94]],[[88925,4165],[-64,83]],[[88861,4248],[-42,138],[-122,110],[54,52]],[[88861,4248],[-63,-4],[-55,-33],[-106,43],[-26,55],[-216,9],[18,77]],[[88413,4395],[52,59]],[[88215,3973],[-60,96],[45,75],[-42,57],[-77,-51],[-101,49],[37,72],[148,31]],[[88165,4302],[80,7]],[[88245,4309],[15,-35],[56,0],[17,-71],[102,-26],[9,-60],[-39,-40],[-81,12],[-20,-79],[-89,-37]],[[88245,4309],[-25,33],[42,29],[64,-11],[6,34],[81,1]],[[88491,3788],[-64,89],[2,30],[-214,66]],[[88165,4302],[-61,68],[-39,73],[-32,6],[-68,72],[14,77],[-15,33],[61,27],[32,-30],[53,-7],[11,79],[-46,6],[0,115],[-29,12]],[[86969,3914],[66,29],[-12,41],[-71,19],[-22,45],[-6,77],[30,67],[-42,80],[31,69],[-93,8],[13,87],[46,34],[88,-7],[36,71],[1,57],[59,5],[40,-25],[142,54],[166,-35],[76,119]],[[87517,4709],[17,103],[49,21],[26,49]],[[87609,4882],[127,38],[12,38],[125,11]],[[87517,4709],[-61,9],[19,60],[-7,44],[-87,50],[-15,57],[-45,61],[19,81]],[[87340,5071],[152,-37],[109,-126],[8,-26]],[[86294,3872],[-57,-1],[-89,43],[-21,38],[14,51],[72,-20],[36,-41],[116,77],[32,0],[49,72],[37,95],[-11,37],[-115,0],[-57,22],[-15,64],[95,36],[182,49],[20,53],[-116,7],[-17,55]],[[86449,4509],[0,179]],[[86449,4688],[66,14],[64,36],[105,5],[35,-106],[66,15]],[[86785,4652],[39,-42],[-36,-51],[14,-31],[89,-13],[33,19],[24,81],[-3,57],[27,49],[98,106],[29,50],[80,30],[-32,44],[-4,92],[39,52],[92,-8],[22,46],[48,-44]],[[87344,5089],[-4,-18]],[[87344,5089],[48,69]],[[87392,5158],[2,4]],[[87394,5162],[-22,50]],[[87372,5212],[32,13],[29,74]],[[87433,5299],[91,18],[144,69],[-5,-58],[92,-129],[-27,143],[97,49],[49,59]],[[86785,4652],[80,55],[7,102],[38,74],[70,28],[51,60],[31,82],[-23,43],[29,183],[75,14]],[[87143,5293],[11,-19]],[[87154,5274],[43,46]],[[87197,5320],[139,-6],[26,-134],[30,-22]],[[87392,5158],[2,4]],[[87372,5212],[-20,70],[81,17]],[[86449,4688],[-2,226]],[[86447,4914],[34,-15],[132,19],[26,114],[28,42],[82,43],[44,87],[-41,75],[74,18],[94,100]],[[86920,5397],[18,-29],[65,-31],[116,-18],[24,-26]],[[87154,5274],[43,46]],[[86447,4914],[-5,89],[33,16],[28,54],[92,63],[-14,87],[41,58],[14,57],[-26,34],[53,95]],[[86663,5467],[62,2],[120,-59],[75,-13]],[[86664,5502],[-2,-35]],[[86662,5467],[2,35]],[[86634,5517],[-6,-33],[-60,-2],[-17,-65],[-54,3],[-25,68],[6,58],[-55,9]],[[86423,5555],[68,14],[63,-46],[80,-6]],[[86386,5462],[33,68]],[[86419,5530],[4,25]],[[86634,5517],[30,-15]],[[86662,5467],[1,0]],[[86449,4509],[-389,0],[-79,-98],[-19,72],[-99,24],[13,71],[-94,1],[-91,47],[-86,-54],[-89,41],[-85,-3],[-33,-31],[-60,-17],[-26,-74],[-21,-105],[-27,-34],[-111,0],[-25,-28]],[[85128,4321],[-64,16]],[[85064,4337],[86,474],[92,-65],[42,19],[236,0],[97,32],[37,-15],[138,51],[44,0],[20,82],[-15,48],[-36,26],[39,89],[11,129]],[[85855,5207],[62,-16],[59,-98],[65,-20],[46,34],[23,79],[132,121],[66,78],[76,44],[2,33]],[[86020,4062],[-8,69],[-76,27],[-41,-39],[-50,-8]],[[85845,4111],[64,60],[41,-7],[160,47],[-17,-117],[-73,-32]],[[86127,5773],[-2,-30],[-88,-22],[-31,43],[-53,24],[-53,-6],[-8,-44],[-50,-39],[-124,-154],[-65,-129]],[[85653,5416],[-28,38],[-60,-25],[-123,68]],[[85442,5497],[-3,87],[35,84],[22,116],[-52,23],[29,49],[-21,99]],[[85452,5955],[44,11],[124,-8],[80,-37],[75,-6],[51,23],[42,-60],[66,-57],[161,-49],[32,1]],[[85471,5961],[-74,21],[1,54]],[[85398,6036],[21,9]],[[85419,6045],[78,-61],[-26,-23]],[[86386,5462],[-95,36],[-2,48],[67,49]],[[86356,5595],[67,-27],[-4,-38]],[[85855,5207],[-113,89],[-65,32],[-24,88]],[[86127,5773],[110,-18],[-14,-43],[32,-44],[45,-14],[56,-59]],[[85369,6032],[29,4]],[[85471,5961],[-19,-6]],[[85442,5497],[-75,-1],[-79,32],[-103,-51],[-32,-57],[-60,-31],[-130,31],[-22,-19],[-92,33],[-105,-33],[-68,37],[-85,26]],[[84591,5464],[-1,48],[-59,-6],[-36,28],[-88,16],[-62,-12],[-36,24],[-40,67],[25,18],[3,86],[-33,47],[127,62],[49,108],[-28,87],[15,32],[2,88],[-37,12],[-13,61],[33,60],[-9,51],[63,16],[24,-85],[171,-50],[16,-36],[59,-22],[98,-13],[103,1],[39,-67],[62,2],[28,-40],[111,-27],[70,32],[98,11],[24,-31]],[[84455,5538],[29,-47],[-74,-21],[65,-61],[-17,-55],[17,-56],[70,-57],[52,0],[10,-46],[-27,-43],[-65,-24],[-2,-66],[-57,-2]],[[84456,5060],[-68,103],[19,60],[-38,96],[6,115],[-29,94],[19,18],[90,-8]],[[84569,6883],[10,-161],[-5,-58],[-32,-54],[9,-88],[-34,-62],[-57,73],[15,42],[-39,138],[79,-5],[54,175]],[[84656,6793],[82,56],[0,55],[103,-15],[51,-59],[-72,-90],[-63,-27],[-63,30],[-38,50]],[[84713,6217],[8,96],[68,60],[108,-9],[74,-61],[24,-49],[-91,-4],[-68,-50],[-98,-7],[-25,24]],[[85369,6032],[32,17],[19,96],[-32,76],[79,-36],[-48,-140]],[[85988,3590],[51,-12],[22,-72],[37,-22],[-29,-51],[12,-62],[43,-26]],[[86008,3283],[2,102],[-34,51],[9,69],[-24,35],[27,50]],[[85862,3253],[-53,57]],[[85809,3310],[27,120],[-53,48],[104,109],[86,36],[15,-33]],[[85641,3029],[-50,48],[5,81],[-38,80],[-95,-20],[-45,-48],[0,-62],[-78,36],[51,60],[14,43],[4,118],[-30,158],[21,20]],[[85400,3543],[77,-18],[52,-31],[28,-55],[-24,-79],[94,-33],[82,-60],[99,9],[1,34]],[[85400,3543],[-23,-20],[-101,185],[-116,91],[-26,41],[-65,53],[-4,31],[-107,109],[-6,35],[-60,83],[-93,35],[-10,47],[24,42],[90,74],[53,26],[95,-22],[12,-47],[65,15]],[[85064,4337],[-57,39],[-52,1],[-124,-76],[-48,-6],[-33,137],[-96,162],[-88,136],[-65,47],[60,53],[-14,75],[-57,63],[-34,92]],[[84455,5538],[43,-6],[93,-68]],[[85845,4111],[19,-74],[-119,12],[1,-72],[30,-19],[19,-66],[45,-6],[108,46],[-16,41],[39,65],[49,24]]],"transform":{"scale":[0.0005672241141144969,0.00048521334717118727],"translate":[96.81703561900008,-43.740364591999935]},"objects":{"POA_2021_AUST_GDA2020":{"type":"GeometryCollection","geometries":[{"arcs":[[0,1]],"type":"Polygon","properties":{"POA_CODE21":"0800"}},{"arcs":[[2,3,4]],"type":"Polygon","properties":{"POA_CODE21":"0810"}},{"arcs":[[5,-5,6,7,8]],"type":"Polygon","properties":{"POA_CODE21":"0812"}},{"arcs":[[-2,9,-3,-6,10,11,12]],"type":"Polygon","properties":{"POA_CODE21":"0820"}},{"arcs":[[[13,-8,14,15]],[[16,17,18,19,-12]],[[20,21,22,23,24,25,26,27,28,29,30,31,32,33,34,35,36,37,38,39,40,41,42,43,44],[45,46],[47],[48],[49]],[[50]],[[51]],[[52]],[[53]],[[54]],[[55]],[[56]],[[57]],[[58]],[[59]],[[60]],[[61]],[[62]],[[63]],[[64]],[[65]],[[66]],[[67]],[[68]],[[69]],[[70]],[[71]],[[72]],[[73]],[[74]],[[75]],[[76]],[[77]],[[78]],[[79]],[[80]],[[81,82]]],"type":"MultiPolygon","properties":{"POA_CODE21":"0822"}},{"arcs":[[-14,83,84,-17,-11,-9]],"type":"Polygon","properties":{"POA_CODE21":"0828"}},{"arcs":[[85,86,-18,-85,87,88]],"type":"Polygon","properties":{"POA_CODE21":"0829"}},{"arcs":[[[-31,89,-19,-87,90]],[[-44,91,-88,-84,-16,92]]],"type":"MultiPolygon","properties":{"POA_CODE21":"0830"}},{"arcs":[[93,94,-32,-91,-86]],"type":"Polygon","properties":{"POA_CODE21":"0832"}},{"arcs":[[-95,95,96,-33]],"type":"Polygon","properties":{"POA_CODE21":"0834"}},{"arcs":[[-35,97,-96,-94,-89,-92,-43,98]],"type":"Polygon","properties":{"POA_CODE21":"0835"}},{"arcs":[[99,-36,-99,-42]],"type":"Polygon","properties":{"POA_CODE21":"0836"}},{"arcs":[[[100,-37,-100,-41]],[[-48]]],"type":"MultiPolygon","properties":{"POA_CODE21":"0837"}},{"arcs":[[-101,-40,101,-38]],"type":"Polygon","properties":{"POA_CODE21":"0838"}},{"arcs":[[-34,-97,-98]],"type":"Polygon","properties":{"POA_CODE21":"0839"}},{"arcs":[[-29,102]],"type":"Polygon","properties":{"POA_CODE21":"0840"}},{"arcs":[[-102,-39]],"type":"Polygon","properties":{"POA_CODE21":"0841"}},{"arcs":[[103,-46]],"type":"Polygon","properties":{"POA_CODE21":"0845"}},{"arcs":[[-47,-104]],"type":"Polygon","properties":{"POA_CODE21":"0846"}},{"arcs":[[104,-26]],"type":"Polygon","properties":{"POA_CODE21":"0847"}},{"arcs":[[105,106]],"type":"Polygon","properties":{"POA_CODE21":"0850"}},{"arcs":[[[107,108,109,-27,-105,-25,110,111,112],[113,-106],[114],[115]],[[116]],[[117]],[[118]],[[119]],[[120]],[[121]]],"type":"MultiPolygon","properties":{"POA_CODE21":"0852"}},{"arcs":[[-114,-107]],"type":"Polygon","properties":{"POA_CODE21":"0853"}},{"arcs":[[-115]],"type":"Polygon","properties":{"POA_CODE21":"0854"}},{"arcs":[[-116]],"type":"Polygon","properties":{"POA_CODE21":"0860"}},{"arcs":[[122,123,124,125,-112,126,127]],"type":"Polygon","properties":{"POA_CODE21":"0862"}},{"arcs":[[[128,129]],[[130,131,132]]],"type":"MultiPolygon","properties":{"POA_CODE21":"0870"}},{"arcs":[[133,134,135,136,-113,-126,137,138,139,140,141,142],[143,144,145,146,-129],[147],[148]],"type":"Polygon","properties":{"POA_CODE21":"0872"}},{"arcs":[[-130,-147,149,-131,150,-144]],"type":"Polygon","properties":{"POA_CODE21":"0873"}},{"arcs":[[-151,-133,151,-145]],"type":"Polygon","properties":{"POA_CODE21":"0874"}},{"arcs":[[-150,-146,-152,-132]],"type":"Polygon","properties":{"POA_CODE21":"0875"}},{"arcs":[[[-21,152]],[[-23,153]],[[-50]]],"type":"MultiPolygon","properties":{"POA_CODE21":"0880"}},{"arcs":[[154,-82]],"type":"Polygon","properties":{"POA_CODE21":"0885"}},{"arcs":[[-49]],"type":"Polygon","properties":{"POA_CODE21":"0886"}},{"arcs":[[155,156,157,158,159,160]],"type":"Polygon","properties":{"POA_CODE21":"2000"}},{"arcs":[[161,162,-157,163]],"type":"Polygon","properties":{"POA_CODE21":"2007"}},{"arcs":[[164,165,166,-164,-156,167,168]],"type":"Polygon","properties":{"POA_CODE21":"2008"}},{"arcs":[[-158,-163,169,170]],"type":"Polygon","properties":{"POA_CODE21":"2009"}},{"arcs":[[171,172,-168,-161,173]],"type":"Polygon","properties":{"POA_CODE21":"2010"}},{"arcs":[[174,-174,-160,175]],"type":"Polygon","properties":{"POA_CODE21":"2011"}},{"arcs":[[176,177,178,179,180,-165,181,182]],"type":"Polygon","properties":{"POA_CODE21":"2015"}},{"arcs":[[183,184,-182,-169,-173]],"type":"Polygon","properties":{"POA_CODE21":"2016"}},{"arcs":[[185,-183,-185,186,187]],"type":"Polygon","properties":{"POA_CODE21":"2017"}},{"arcs":[[188,189,190,-177,-186,191]],"type":"Polygon","properties":{"POA_CODE21":"2018"}},{"arcs":[[192,193,194,195]],"type":"Polygon","properties":{"POA_CODE21":"2019"}},{"arcs":[[-195,196,197,198,199,-178,-191,200]],"type":"Polygon","properties":{"POA_CODE21":"2020"}},{"arcs":[[201,202,203,204,205,-187,-184,-172]],"type":"Polygon","properties":{"POA_CODE21":"2021"}},{"arcs":[[206,-204,207,208,209,210]],"type":"Polygon","properties":{"POA_CODE21":"2022"}},{"arcs":[[-209,211,212,213,214,215]],"type":"Polygon","properties":{"POA_CODE21":"2023"}},{"arcs":[[216,217,-211,218]],"type":"Polygon","properties":{"POA_CODE21":"2024"}},{"arcs":[[219,-212,-208,-203,220]],"type":"Polygon","properties":{"POA_CODE21":"2025"}},{"arcs":[[221,222,-219,-210,-216,223]],"type":"Polygon","properties":{"POA_CODE21":"2026"}},{"arcs":[[[-221,-202,-175,224,225]],[[226,-214,227,228]]],"type":"MultiPolygon","properties":{"POA_CODE21":"2027"}},{"arcs":[[-228,-213,-220,-226,229]],"type":"Polygon","properties":{"POA_CODE21":"2028"}},{"arcs":[[-215,-227,230,231,-224]],"type":"Polygon","properties":{"POA_CODE21":"2029"}},{"arcs":[[-222,-232,232]],"type":"Polygon","properties":{"POA_CODE21":"2030"}},{"arcs":[[233,234,235,-205,-207,-218,236,237]],"type":"Polygon","properties":{"POA_CODE21":"2031"}},{"arcs":[[238,-189,239,-235]],"type":"Polygon","properties":{"POA_CODE21":"2032"}},{"arcs":[[-192,-188,-206,-236,-240]],"type":"Polygon","properties":{"POA_CODE21":"2033"}},{"arcs":[[240,-238,241]],"type":"Polygon","properties":{"POA_CODE21":"2034"}},{"arcs":[[242,-196,-201,-190,-239,-234,-241,243]],"type":"Polygon","properties":{"POA_CODE21":"2035"}},{"arcs":[[244,-193,-243]],"type":"Polygon","properties":{"POA_CODE21":"2036"}},{"arcs":[[-170,-162,245,246,247]],"type":"Polygon","properties":{"POA_CODE21":"2037"}},{"arcs":[[248,249,250,251,-247,252]],"type":"Polygon","properties":{"POA_CODE21":"2038"}},{"arcs":[[253,254,255,256,-251]],"type":"Polygon","properties":{"POA_CODE21":"2039"}},{"arcs":[[257,258,-254,-250,259,260]],"type":"Polygon","properties":{"POA_CODE21":"2040"}},{"arcs":[[-256,261]],"type":"Polygon","properties":{"POA_CODE21":"2041"}},{"arcs":[[262,263,264,265,-166,-181,266]],"type":"Polygon","properties":{"POA_CODE21":"2042"}},{"arcs":[[-267,-180]],"type":"Polygon","properties":{"POA_CODE21":"2043"}},{"arcs":[[267,268,-263,-179,-200]],"type":"Polygon","properties":{"POA_CODE21":"2044"}},{"arcs":[[269,270,271,272,-258]],"type":"Polygon","properties":{"POA_CODE21":"2045"}},{"arcs":[[273,274,275,276,277,-272]],"type":"Polygon","properties":{"POA_CODE21":"2046"}},{"arcs":[[-277,278]],"type":"Polygon","properties":{"POA_CODE21":"2047"}},{"arcs":[[279,280,-260,-249,281,-265]],"type":"Polygon","properties":{"POA_CODE21":"2048"}},{"arcs":[[282,283,-261,-281,284]],"type":"Polygon","properties":{"POA_CODE21":"2049"}},{"arcs":[[-282,-253,-246,-167,-266]],"type":"Polygon","properties":{"POA_CODE21":"2050"}},{"arcs":[[285,286,287,288,289,290]],"type":"Polygon","properties":{"POA_CODE21":"2060"}},{"arcs":[[291,-290]],"type":"Polygon","properties":{"POA_CODE21":"2061"}},{"arcs":[[-287,292,293,294,295,296]],"type":"Polygon","properties":{"POA_CODE21":"2062"}},{"arcs":[[-294,297,298,299]],"type":"Polygon","properties":{"POA_CODE21":"2063"}},{"arcs":[[300,301,302,303]],"type":"Polygon","properties":{"POA_CODE21":"2064"}},{"arcs":[[304,305,-304,306,-298,-293,-286]],"type":"Polygon","properties":{"POA_CODE21":"2065"}},{"arcs":[[307,308,-301,-306,309]],"type":"Polygon","properties":{"POA_CODE21":"2066"}},{"arcs":[[-309,310,311,312,313,-302]],"type":"Polygon","properties":{"POA_CODE21":"2067"}},{"arcs":[[314,315,-299,-307,-303,-314]],"type":"Polygon","properties":{"POA_CODE21":"2068"}},{"arcs":[[316,317,-315,-313,318]],"type":"Polygon","properties":{"POA_CODE21":"2069"}},{"arcs":[[-312,319,320,321,-319]],"type":"Polygon","properties":{"POA_CODE21":"2070"}},{"arcs":[[322,323,324,325,326,327,328,-321]],"type":"Polygon","properties":{"POA_CODE21":"2071"}},{"arcs":[[329,330,-325]],"type":"Polygon","properties":{"POA_CODE21":"2072"}},{"arcs":[[-330,-324,331,332,333]],"type":"Polygon","properties":{"POA_CODE21":"2073"}},{"arcs":[[334,335,336,337,338,339,340,341,342,343,-333]],"type":"Polygon","properties":{"POA_CODE21":"2074"}},{"arcs":[[344,345,-326,-331,-334,-344]],"type":"Polygon","properties":{"POA_CODE21":"2075"}},{"arcs":[[346,347,-339]],"type":"Polygon","properties":{"POA_CODE21":"2076"}},{"arcs":[[-340,-348,348,349,350,351,352]],"type":"Polygon","properties":{"POA_CODE21":"2077"}},{"arcs":[[353,-341,-353,354]],"type":"Polygon","properties":{"POA_CODE21":"2079"}},{"arcs":[[355,-355,-352,356,357,358]],"type":"Polygon","properties":{"POA_CODE21":"2080"}},{"arcs":[[359,-359,360,361,362,363,364,365,366]],"type":"Polygon","properties":{"POA_CODE21":"2081"}},{"arcs":[[-358,367,368,-361]],"type":"Polygon","properties":{"POA_CODE21":"2082"}},{"arcs":[[[-367,381]],[[382,383,384]],[[385,386,387]]],"type":"MultiPolygon","properties":{"POA_CODE21":"2083"}},{"arcs":[[-345,-343,390,391,392,393,394,395,396,397,398,399,400,401,402,403,404]],"type":"Polygon","properties":{"POA_CODE21":"2084"}},{"arcs":[[-327,-346,-405,405,406,407]],"type":"Polygon","properties":{"POA_CODE21":"2085"}},{"arcs":[[408,-328,-408,409,410]],"type":"Polygon","properties":{"POA_CODE21":"2086"}},{"arcs":[[-317,-322,-329,-409,411,412,413]],"type":"Polygon","properties":{"POA_CODE21":"2087"}},{"arcs":[[414,415]],"type":"Polygon","properties":{"POA_CODE21":"2088"}},{"arcs":[[416,-288,-297,417]],"type":"Polygon","properties":{"POA_CODE21":"2089"}},{"arcs":[[-415,418,-418,-296,419]],"type":"Polygon","properties":{"POA_CODE21":"2090"}},{"arcs":[[420,-413,421,422]],"type":"Polygon","properties":{"POA_CODE21":"2092"}},{"arcs":[[-423,423,424,425,426]],"type":"Polygon","properties":{"POA_CODE21":"2093"}},{"arcs":[[-426,427,428]],"type":"Polygon","properties":{"POA_CODE21":"2094"}},{"arcs":[[429,-428,-425,430,431]],"type":"Polygon","properties":{"POA_CODE21":"2095"}},{"arcs":[[432,-432,433,434]],"type":"Polygon","properties":{"POA_CODE21":"2096"}},{"arcs":[[435,436,437]],"type":"Polygon","properties":{"POA_CODE21":"2097"}},{"arcs":[[-435,438,-410,-407,439,440,-437,441]],"type":"Polygon","properties":{"POA_CODE21":"2099"}},{"arcs":[[-431,-424,-422,-412,-411,-439,-434]],"type":"Polygon","properties":{"POA_CODE21":"2100"}},{"arcs":[[-440,-406,-404,442,443,444]],"type":"Polygon","properties":{"POA_CODE21":"2101"}},{"arcs":[[446,-444,447,448]],"type":"Polygon","properties":{"POA_CODE21":"2102"}},{"arcs":[[449,450,-449,451,452]],"type":"Polygon","properties":{"POA_CODE21":"2103"}},{"arcs":[[-452,-448,-443,-403,455,456,-455]],"type":"Polygon","properties":{"POA_CODE21":"2104"}},{"arcs":[[-402,460,-456]],"type":"Polygon","properties":{"POA_CODE21":"2105"}},{"arcs":[[461,-450,462,463]],"type":"Polygon","properties":{"POA_CODE21":"2106"}},{"arcs":[[-464,464,465,466]],"type":"Polygon","properties":{"POA_CODE21":"2107"}},{"arcs":[[-466,469]],"type":"Polygon","properties":{"POA_CODE21":"2108"}},{"arcs":[[470,471,472]],"type":"Polygon","properties":{"POA_CODE21":"2110"}},{"arcs":[[473,-471,474,475]],"type":"Polygon","properties":{"POA_CODE21":"2111"}},{"arcs":[[476,-476,477,478,479]],"type":"Polygon","properties":{"POA_CODE21":"2112"}},{"arcs":[[-335,-332,-323,-320,-311,-308,480,-472,-474,-477,481]],"type":"Polygon","properties":{"POA_CODE21":"2113"}},{"arcs":[[482,483,484,-479]],"type":"Polygon","properties":{"POA_CODE21":"2114"}},{"arcs":[[485,-484,486,487,488]],"type":"Polygon","properties":{"POA_CODE21":"2115"}},{"arcs":[[-488,489,490,491,492]],"type":"Polygon","properties":{"POA_CODE21":"2116"}},{"arcs":[[493,494,495,496,-489,-493]],"type":"Polygon","properties":{"POA_CODE21":"2117"}},{"arcs":[[-496,497,498,499,500,501]],"type":"Polygon","properties":{"POA_CODE21":"2118"}},{"arcs":[[-500,502,503,504]],"type":"Polygon","properties":{"POA_CODE21":"2119"}},{"arcs":[[-349,-347,-338,505,-504,506,507,508]],"type":"Polygon","properties":{"POA_CODE21":"2120"}},{"arcs":[[-501,-505,-506,-337,509]],"type":"Polygon","properties":{"POA_CODE21":"2121"}},{"arcs":[[-480,-485,-486,-497,-502,-510,-336,-482]],"type":"Polygon","properties":{"POA_CODE21":"2122"}},{"arcs":[[-499,510,511,512,513,-507,-503]],"type":"Polygon","properties":{"POA_CODE21":"2125"}},{"arcs":[[-514,514,515,-508]],"type":"Polygon","properties":{"POA_CODE21":"2126"}},{"arcs":[[516,517,518,519,520]],"type":"Polygon","properties":{"POA_CODE21":"2127"}},{"arcs":[[521,522,523,-490,524,-520]],"type":"Polygon","properties":{"POA_CODE21":"2128"}},{"arcs":[[-284,525,526,-270]],"type":"Polygon","properties":{"POA_CODE21":"2130"}},{"arcs":[[527,528,529,530,-271,-527]],"type":"Polygon","properties":{"POA_CODE21":"2131"}},{"arcs":[[-531,531,532,533,-274]],"type":"Polygon","properties":{"POA_CODE21":"2132"}},{"arcs":[[534,535,536,-532,-530,537]],"type":"Polygon","properties":{"POA_CODE21":"2133"}},{"arcs":[[538,539,-534,540]],"type":"Polygon","properties":{"POA_CODE21":"2134"}},{"arcs":[[541,542,543,544,-539,545]],"type":"Polygon","properties":{"POA_CODE21":"2135"}},{"arcs":[[-533,-537,546,547,-546,-541]],"type":"Polygon","properties":{"POA_CODE21":"2136"}},{"arcs":[[-275,-540,-545,548,549,550]],"type":"Polygon","properties":{"POA_CODE21":"2137"}},{"arcs":[[551,-517,552,-550]],"type":"Polygon","properties":{"POA_CODE21":"2138"}},{"arcs":[[-544,553,-518,-552,-549]],"type":"Polygon","properties":{"POA_CODE21":"2140"}},{"arcs":[[554,555,-522,-519,-554,-543,556]],"type":"Polygon","properties":{"POA_CODE21":"2141"}},{"arcs":[[557,558,559,-491,-524,560,561]],"type":"Polygon","properties":{"POA_CODE21":"2142"}},{"arcs":[[-555,562,563,564,565]],"type":"Polygon","properties":{"POA_CODE21":"2143"}},{"arcs":[[-566,566,-561,-523,-556]],"type":"Polygon","properties":{"POA_CODE21":"2144"}},{"arcs":[[567,568,569,570,571,572,573]],"type":"Polygon","properties":{"POA_CODE21":"2145"}},{"arcs":[[574,-574,575,576,577]],"type":"Polygon","properties":{"POA_CODE21":"2146"}},{"arcs":[[578,579,580,-577]],"type":"Polygon","properties":{"POA_CODE21":"2147"}},{"arcs":[[-576,-573,581,582,583,584,585,586,-579]],"type":"Polygon","properties":{"POA_CODE21":"2148"}},{"arcs":[[-494,-492,-560,587,-570,588]],"type":"Polygon","properties":{"POA_CODE21":"2150"}},{"arcs":[[-589,-569,589,590,-511,-498,-495]],"type":"Polygon","properties":{"POA_CODE21":"2151"}},{"arcs":[[-568,-575,591,-590]],"type":"Polygon","properties":{"POA_CODE21":"2152"}},{"arcs":[[-578,-581,592,593,594,-512,-591,-592]],"type":"Polygon","properties":{"POA_CODE21":"2153"}},{"arcs":[[595,596,-515,-513,-595,597]],"type":"Polygon","properties":{"POA_CODE21":"2154"}},{"arcs":[[-594,598,599,600,601,602,-598]],"type":"Polygon","properties":{"POA_CODE21":"2155"}},{"arcs":[[-596,-603,603,604,605]],"type":"Polygon","properties":{"POA_CODE21":"2156"}},{"arcs":[[606,-605,607,608,609,610,-380,611,612]],"type":"Polygon","properties":{"POA_CODE21":"2157"}},{"arcs":[[-606,-607,613,-350,-509,-516,-597]],"type":"Polygon","properties":{"POA_CODE21":"2158"}},{"arcs":[[-614,-613,614,-376,615,-377,616,-373,617,-372,618,-368,-357,-351]],"type":"Polygon","properties":{"POA_CODE21":"2159"}},{"arcs":[[-559,619,620,-571,-588]],"type":"Polygon","properties":{"POA_CODE21":"2160"}},{"arcs":[[-558,621,622,623,-620]],"type":"Polygon","properties":{"POA_CODE21":"2161"}},{"arcs":[[-622,-562,-567,-565,624,625,626,627]],"type":"Polygon","properties":{"POA_CODE21":"2162"}},{"arcs":[[628,629,630,-627,631]],"type":"Polygon","properties":{"POA_CODE21":"2163"}},{"arcs":[[-621,-624,632,633,634,-582,-572]],"type":"Polygon","properties":{"POA_CODE21":"2164"}},{"arcs":[[-623,-628,-631,635,636,-633]],"type":"Polygon","properties":{"POA_CODE21":"2165"}},{"arcs":[[-630,637,638,639,640,-636]],"type":"Polygon","properties":{"POA_CODE21":"2166"}},{"arcs":[[641,642,643,644]],"type":"Polygon","properties":{"POA_CODE21":"2167"}},{"arcs":[[645,646,647]],"type":"Polygon","properties":{"POA_CODE21":"2168"}},{"arcs":[[-645,648,649,-646,650,-639,651,652,653,654,655]],"type":"Polygon","properties":{"POA_CODE21":"2170"}},{"arcs":[[-650,656,657,658,659,660,-647]],"type":"Polygon","properties":{"POA_CODE21":"2171"}},{"arcs":[[661,662,663,-655,664]],"type":"Polygon","properties":{"POA_CODE21":"2172"}},{"arcs":[[665,666,667,668,669,670,-642,-656,-664,671]],"type":"Polygon","properties":{"POA_CODE21":"2173"}},{"arcs":[[672,-657,-649,673]],"type":"Polygon","properties":{"POA_CODE21":"2174"}},{"arcs":[[-583,-635,674,675,676]],"type":"Polygon","properties":{"POA_CODE21":"2175"}},{"arcs":[[677,-660,678,-675,-634,-637,-641]],"type":"Polygon","properties":{"POA_CODE21":"2176"}},{"arcs":[[-640,-651,-648,-661,-678]],"type":"Polygon","properties":{"POA_CODE21":"2177"}},{"arcs":[[679,680,681,682,683,684,-676,-679,-659,685]],"type":"Polygon","properties":{"POA_CODE21":"2178"}},{"arcs":[[686,687,-686,-658,-673,688]],"type":"Polygon","properties":{"POA_CODE21":"2179"}},{"arcs":[[689,690,691,-563,-557,-542,-548,692,693,694]],"type":"Polygon","properties":{"POA_CODE21":"2190"}},{"arcs":[[-536,695,696,-693,-547]],"type":"Polygon","properties":{"POA_CODE21":"2191"}},{"arcs":[[-694,-697,697,698,699,700,701]],"type":"Polygon","properties":{"POA_CODE21":"2192"}},{"arcs":[[702,703,-538,-529,704]],"type":"Polygon","properties":{"POA_CODE21":"2193"}},{"arcs":[[-704,705,-698,-696,-535]],"type":"Polygon","properties":{"POA_CODE21":"2194"}},{"arcs":[[-695,-702,706]],"type":"Polygon","properties":{"POA_CODE21":"2195"}},{"arcs":[[707,708,709,-690,-707,-701,710,711]],"type":"Polygon","properties":{"POA_CODE21":"2196"}},{"arcs":[[712,713,-632,-626]],"type":"Polygon","properties":{"POA_CODE21":"2197"}},{"arcs":[[714,715,-652,-638,-629,-714]],"type":"Polygon","properties":{"POA_CODE21":"2198"}},{"arcs":[[-715,-713,-625,-564,-692,716]],"type":"Polygon","properties":{"POA_CODE21":"2199"}},{"arcs":[[717,718,719,-653,-716,-717,-691,-710]],"type":"Polygon","properties":{"POA_CODE21":"2200"}},{"arcs":[[720,-705,-528,-526,-283,721]],"type":"Polygon","properties":{"POA_CODE21":"2203"}},{"arcs":[[-269,722,723,-722,-285,-280,-264]],"type":"Polygon","properties":{"POA_CODE21":"2204"}},{"arcs":[[724,725,-723,-268,-199,726]],"type":"Polygon","properties":{"POA_CODE21":"2205"}},{"arcs":[[-726,727,728,-699,-706,-703,-721,-724]],"type":"Polygon","properties":{"POA_CODE21":"2206"}},{"arcs":[[729,730,-728,-725,731,732,733]],"type":"Polygon","properties":{"POA_CODE21":"2207"}},{"arcs":[[734,735,-711,-700,-729,-731]],"type":"Polygon","properties":{"POA_CODE21":"2208"}},{"arcs":[[736,-712,-736,737,738]],"type":"Polygon","properties":{"POA_CODE21":"2209"}},{"arcs":[[739,-708,-737,740,741,742]],"type":"Polygon","properties":{"POA_CODE21":"2210"}},{"arcs":[[-740,743,744,-718,-709]],"type":"Polygon","properties":{"POA_CODE21":"2211"}},{"arcs":[[745,-719,-745,746,747]],"type":"Polygon","properties":{"POA_CODE21":"2212"}},{"arcs":[[-748,748,749,-662,750]],"type":"Polygon","properties":{"POA_CODE21":"2213"}},{"arcs":[[-665,-654,-720,-746,-751]],"type":"Polygon","properties":{"POA_CODE21":"2214"}},{"arcs":[[-198,751,752,-732,-727]],"type":"Polygon","properties":{"POA_CODE21":"2216"}},{"arcs":[[753,754,755,756,-733,-753,757]],"type":"Polygon","properties":{"POA_CODE21":"2217"}},{"arcs":[[-757,758,759,-734]],"type":"Polygon","properties":{"POA_CODE21":"2218"}},{"arcs":[[-754,760]],"type":"Polygon","properties":{"POA_CODE21":"2219"}},{"arcs":[[761,762,763,764,-738,-735,-730,-760]],"type":"Polygon","properties":{"POA_CODE21":"2220"}},{"arcs":[[-759,-756,765,-762]],"type":"Polygon","properties":{"POA_CODE21":"2221"}},{"arcs":[[-765,766,-741,-739]],"type":"Polygon","properties":{"POA_CODE21":"2222"}},{"arcs":[[-742,-767,-764,767]],"type":"Polygon","properties":{"POA_CODE21":"2223"}},{"arcs":[[768,769,770,771,772]],"type":"Polygon","properties":{"POA_CODE21":"2224"}},{"arcs":[[773,774,775]],"type":"Polygon","properties":{"POA_CODE21":"2225"}},{"arcs":[[776,777,-775]],"type":"Polygon","properties":{"POA_CODE21":"2226"}},{"arcs":[[778,779,-771,780]],"type":"Polygon","properties":{"POA_CODE21":"2227"}},{"arcs":[[781,782,-781,-770]],"type":"Polygon","properties":{"POA_CODE21":"2228"}},{"arcs":[[-782,-769,783,784,785]],"type":"Polygon","properties":{"POA_CODE21":"2229"}},{"arcs":[[-785,786,787,788]],"type":"Polygon","properties":{"POA_CODE21":"2230"}},{"arcs":[[-788,793]],"type":"Polygon","properties":{"POA_CODE21":"2231"}},{"arcs":[[794,-790,795,-793,796,797,798,799,800,-777,-774,801,-772,-780]],"type":"Polygon","properties":{"POA_CODE21":"2232"}},{"arcs":[[802,-666,803,-799]],"type":"Polygon","properties":{"POA_CODE21":"2233"}},{"arcs":[[-800,-804,-672,-663,-750,804]],"type":"Polygon","properties":{"POA_CODE21":"2234"}},{"arcs":[[805,806,-387,807,-384,808,809,810,811,812,813,814,815,816]],"type":"Polygon","properties":{"POA_CODE21":"2250"}},{"arcs":[[817,818,-817,819,820]],"type":"Polygon","properties":{"POA_CODE21":"2251"}},{"arcs":[[821,-390,822,-388,-807,823,824]],"type":"Polygon","properties":{"POA_CODE21":"2256"}},{"arcs":[[[-818,825]],[[-825,826]]],"type":"MultiPolygon","properties":{"POA_CODE21":"2257"}},{"arcs":[[-814,827,828]],"type":"Polygon","properties":{"POA_CODE21":"2258"}},{"arcs":[[829,-828,-813,830,831,832,833,834,835,836,837,838,839,840]],"type":"Polygon","properties":{"POA_CODE21":"2259"}},{"arcs":[[-820,-816,841,842]],"type":"Polygon","properties":{"POA_CODE21":"2260"}},{"arcs":[[-842,-815,-829,-830,843]],"type":"Polygon","properties":{"POA_CODE21":"2261"}},{"arcs":[[[846,847,-837,848]],[[849,-839,850]]],"type":"MultiPolygon","properties":{"POA_CODE21":"2262"}},{"arcs":[[[-840,-850,851]],[[-847,852,-845,853]]],"type":"MultiPolygon","properties":{"POA_CODE21":"2263"}},{"arcs":[[-833,854,855,856,857]],"type":"Polygon","properties":{"POA_CODE21":"2264"}},{"arcs":[[-832,858,859,860,-855]],"type":"Polygon","properties":{"POA_CODE21":"2265"}},{"arcs":[[-857,861,862]],"type":"Polygon","properties":{"POA_CODE21":"2267"}},{"arcs":[[863,864,865,866,867]],"type":"Polygon","properties":{"POA_CODE21":"2278"}},{"arcs":[[868,869,870,871,872,873,874]],"type":"Polygon","properties":{"POA_CODE21":"2280"}},{"arcs":[[-835,875]],"type":"Polygon","properties":{"POA_CODE21":"2281"}},{"arcs":[[877,878,879,880,-870]],"type":"Polygon","properties":{"POA_CODE21":"2282"}},{"arcs":[[-862,-856,-861,881,-864,882,883]],"type":"Polygon","properties":{"POA_CODE21":"2283"}},{"arcs":[[-883,-868,884,-879,885]],"type":"Polygon","properties":{"POA_CODE21":"2284"}},{"arcs":[[886,887,888,-880,-885,-867,889,890,891]],"type":"Polygon","properties":{"POA_CODE21":"2285"}},{"arcs":[[-866,892,893,-890]],"type":"Polygon","properties":{"POA_CODE21":"2286"}},{"arcs":[[-892,894,895,896,897,898]],"type":"Polygon","properties":{"POA_CODE21":"2287"}},{"arcs":[[899,900,901,902,-888,903]],"type":"Polygon","properties":{"POA_CODE21":"2289"}},{"arcs":[[904,905,-873,906,-871,-881,-889,-903]],"type":"Polygon","properties":{"POA_CODE21":"2290"}},{"arcs":[[-905,-902,907,908,909]],"type":"Polygon","properties":{"POA_CODE21":"2291"}},{"arcs":[[910,911,912,-900,913,914]],"type":"Polygon","properties":{"POA_CODE21":"2292"}},{"arcs":[[915,916,917,918,919]],"type":"Polygon","properties":{"POA_CODE21":"2293"}},{"arcs":[[920,921,922]],"type":"Polygon","properties":{"POA_CODE21":"2294"}},{"arcs":[[923,924]],"type":"Polygon","properties":{"POA_CODE21":"2295"}},{"arcs":[[-918,925,-912,926,927]],"type":"Polygon","properties":{"POA_CODE21":"2296"}},{"arcs":[[-919,-928,928,-921]],"type":"Polygon","properties":{"POA_CODE21":"2297"}},{"arcs":[[-915,929,930,931]],"type":"Polygon","properties":{"POA_CODE21":"2298"}},{"arcs":[[932,-898,933,-930]],"type":"Polygon","properties":{"POA_CODE21":"2299"}},{"arcs":[[-909,934,935,-916,936]],"type":"Polygon","properties":{"POA_CODE21":"2300"}},{"arcs":[[937,-917,-936]],"type":"Polygon","properties":{"POA_CODE21":"2302"}},{"arcs":[[-935,-908,-901,-913,-926,-938]],"type":"Polygon","properties":{"POA_CODE21":"2303"}},{"arcs":[[938,939,940,-922,-929,-927,-911,-932,941]],"type":"Polygon","properties":{"POA_CODE21":"2304"}},{"arcs":[[-887,-899,-933,-914,-904]],"type":"Polygon","properties":{"POA_CODE21":"2305"}},{"arcs":[[-872,-907]],"type":"Polygon","properties":{"POA_CODE21":"2306"}},{"arcs":[[942,-939,943,-896]],"type":"Polygon","properties":{"POA_CODE21":"2307"}},{"arcs":[[-934,-897,-944,-942,-931]],"type":"Polygon","properties":{"POA_CODE21":"2308"}},{"arcs":[[944,945,946,947,948,949]],"type":"Polygon","properties":{"POA_CODE21":"2311"}},{"arcs":[[950,951,952,953]],"type":"Polygon","properties":{"POA_CODE21":"2312"}},{"arcs":[[954,955,956]],"type":"Polygon","properties":{"POA_CODE21":"2315"}},{"arcs":[[957,958,959,960,961,-955]],"type":"Polygon","properties":{"POA_CODE21":"2316"}},{"arcs":[[-956,-962,962]],"type":"Polygon","properties":{"POA_CODE21":"2317"}},{"arcs":[[-925,963,964,965,966,967,-959,968]],"type":"Polygon","properties":{"POA_CODE21":"2318"}},{"arcs":[[-960,-968,969]],"type":"Polygon","properties":{"POA_CODE21":"2319"}},{"arcs":[[[970,971,972,973]],[[974,975,976,977]],[[978,979,980,981,982,983,984,985,986]],[[987,988,989,990]]],"type":"MultiPolygon","properties":{"POA_CODE21":"2320"}},{"arcs":[[[991,-976,992,993,-985]],[[994,-991,995,-979,996]],[[997,998,999,-981]],[[1000,1001,1002,-983]],[[1003,1004,-989,1005]]],"type":"MultiPolygon","properties":{"POA_CODE21":"2321"}},{"arcs":[[-965,1006,-940,-943,-895,-891,-894,1007,-999,1008]],"type":"Polygon","properties":{"POA_CODE21":"2322"}},{"arcs":[[-893,-865,-882,-860,1009,1010,1011,-1001,-982,-1000,-1008]],"type":"Polygon","properties":{"POA_CODE21":"2323"}},{"arcs":[[-966,-1009,-998,-980,-996,-990,-1005,1012,1013,1014]],"type":"Polygon","properties":{"POA_CODE21":"2324"}},{"arcs":[[1015,1016,-978,1017,-1010,-859,-831,-812,1018,1019,1020,-971]],"type":"Polygon","properties":{"POA_CODE21":"2325"}},{"arcs":[[-1003,1021,-1011,-1018,-977,-992,-984]],"type":"Polygon","properties":{"POA_CODE21":"2326"}},{"arcs":[[-1002,-1012,-1022]],"type":"Polygon","properties":{"POA_CODE21":"2327"}},{"arcs":[[[1022,1023,1024,1025]],[[1026,1027,1028]]],"type":"MultiPolygon","properties":{"POA_CODE21":"2328"}},{"arcs":[[-1024,1029,1030,1031,1032,1033,1034,1035,1036,-1027,1037]],"type":"Polygon","properties":{"POA_CODE21":"2329"}},{"arcs":[[-1021,1038,1039,1040,1041,-1026,1042,1043,-946,1044,1045,1046,-972]],"type":"Polygon","properties":{"POA_CODE21":"2330"}},{"arcs":[[1047,-973,-1047]],"type":"Polygon","properties":{"POA_CODE21":"2331"}},{"arcs":[[-1025,-1038,-1029,1048,1049,-1043]],"type":"Polygon","properties":{"POA_CODE21":"2333"}},{"arcs":[[-993,-975,-1017,1050]],"type":"Polygon","properties":{"POA_CODE21":"2334"}},{"arcs":[[-1016,-974,-1048,-1046,1051,-986,-994,-1051]],"type":"Polygon","properties":{"POA_CODE21":"2335"}},{"arcs":[[[1052,-947,-1044,-1050]],[[1053,1054,1055]]],"type":"MultiPolygon","properties":{"POA_CODE21":"2336"}},{"arcs":[[-948,-1053,-1049,-1028,-1037,1056,-1056,1057,1058,1059,1060]],"type":"Polygon","properties":{"POA_CODE21":"2337"}},{"arcs":[[-1055,1061,1062,1063,-1058]],"type":"Polygon","properties":{"POA_CODE21":"2338"}},{"arcs":[[-1062,-1054,-1057,-1036,1064]],"type":"Polygon","properties":{"POA_CODE21":"2339"}},{"arcs":[[[1065,-1059,-1064,1066,1067,1068,1069,1070,1071,1072,1073,1074,1075,1076]],[[1077,1078]]],"type":"MultiPolygon","properties":{"POA_CODE21":"2340"}},{"arcs":[[1079,1080,-1068,1081]],"type":"Polygon","properties":{"POA_CODE21":"2341"}},{"arcs":[[-1069,-1081,1082,-1071,1083]],"type":"Polygon","properties":{"POA_CODE21":"2342"}},{"arcs":[[-1063,-1065,-1035,1084,1085,-1082,-1067]],"type":"Polygon","properties":{"POA_CODE21":"2343"}},{"arcs":[[-1084,-1070]],"type":"Polygon","properties":{"POA_CODE21":"2344"}},{"arcs":[[-1075,1086,1087]],"type":"Polygon","properties":{"POA_CODE21":"2345"}},{"arcs":[[1088,1089,1090,1091,-1087,-1074,1092,-1079,1093,1094]],"type":"Polygon","properties":{"POA_CODE21":"2346"}},{"arcs":[[1095,1096,1097,1098,1099,-1095]],"type":"Polygon","properties":{"POA_CODE21":"2347"}},{"arcs":[[1100,1101,1102,1103,1104,1105,1106,1107]],"type":"Polygon","properties":{"POA_CODE21":"2350"}},{"arcs":[[1108,1109,-1077,1110]],"type":"Polygon","properties":{"POA_CODE21":"2352"}},{"arcs":[[-1076,-1088,-1092,1111,-1111]],"type":"Polygon","properties":{"POA_CODE21":"2353"}},{"arcs":[[1112,1113,-1060,-1066,-1110,1114,1115,-1107,1116,1117]],"type":"Polygon","properties":{"POA_CODE21":"2354"}},{"arcs":[[-1109,-1112,-1091,1118,-1115]],"type":"Polygon","properties":{"POA_CODE21":"2355"}},{"arcs":[[1119,1120,1121]],"type":"Polygon","properties":{"POA_CODE21":"2356"}},{"arcs":[[1122,1123,1124,1125,1126,1127,1128,1129]],"type":"Polygon","properties":{"POA_CODE21":"2357"}},{"arcs":[[-1119,-1090,1130,-1108,-1116]],"type":"Polygon","properties":{"POA_CODE21":"2358"}},{"arcs":[[-1089,-1100,1131,1132,1133,-1101,-1131]],"type":"Polygon","properties":{"POA_CODE21":"2359"}},{"arcs":[[-1133,1134,1135,1136,1137,1138,1139,1140,1141]],"type":"Polygon","properties":{"POA_CODE21":"2360"}},{"arcs":[[1142,-1139,1143,1144,1145,1146]],"type":"Polygon","properties":{"POA_CODE21":"2361"}},{"arcs":[[[-1102,-1134,1147,-1141,1148]],[[1149,1150,-1104,1151]]],"type":"MultiPolygon","properties":{"POA_CODE21":"2365"}},{"arcs":[[-1142,-1148]],"type":"Polygon","properties":{"POA_CODE21":"2369"}},{"arcs":[[-1152,-1103,-1149,-1140,-1143,1152,1153,1154]],"type":"Polygon","properties":{"POA_CODE21":"2370"}},{"arcs":[[-1153,-1147,1155]],"type":"Polygon","properties":{"POA_CODE21":"2371"}},{"arcs":[[1156,-1154,-1156,-1146,1157,1158,1159,1160,1161,1162,1163,1164,1165,1166,1167],[1168]],"type":"Polygon","properties":{"POA_CODE21":"2372"}},{"arcs":[[-1124,1169,1170,1171,1172]],"type":"Polygon","properties":{"POA_CODE21":"2379"}},{"arcs":[[-1172,1173,-1096,-1094,-1078,-1093,-1073,1174]],"type":"Polygon","properties":{"POA_CODE21":"2380"}},{"arcs":[[-1086,1175,1176,-1125,-1173,-1175,-1072,-1083,-1080]],"type":"Polygon","properties":{"POA_CODE21":"2381"}},{"arcs":[[-1171,1177,1178,-1097,-1174]],"type":"Polygon","properties":{"POA_CODE21":"2382"}},{"arcs":[[1179,1180,1181]],"type":"Polygon","properties":{"POA_CODE21":"2386"}},{"arcs":[[1182,1183,1184,1185,1186,-1181]],"type":"Polygon","properties":{"POA_CODE21":"2387"}},{"arcs":[[-1178,-1170,-1123,1187,-1122,1188,1189,-1182,-1187,1190,1191]],"type":"Polygon","properties":{"POA_CODE21":"2388"}},{"arcs":[[-1192,1192,1193,1194,-1098,-1179]],"type":"Polygon","properties":{"POA_CODE21":"2390"}},{"arcs":[[1195,1196,1197,-1126,-1177]],"type":"Polygon","properties":{"POA_CODE21":"2395"}},{"arcs":[[1198,1199,-1120,-1188,-1130]],"type":"Polygon","properties":{"POA_CODE21":"2396"}},{"arcs":[[-1191,-1186,1200,1201,1202,-1193]],"type":"Polygon","properties":{"POA_CODE21":"2397"}},{"arcs":[[-1202,1203]],"type":"Polygon","properties":{"POA_CODE21":"2398"}},{"arcs":[[1204,1205,1206]],"type":"Polygon","properties":{"POA_CODE21":"2399"}},{"arcs":[[1207,1208,1209,1210,-1205,1211,1212,-1194,-1203,-1204,-1201,-1185,1213,1214,1215]],"type":"Polygon","properties":{"POA_CODE21":"2400"}},{"arcs":[[-1212,-1207,1216,1217]],"type":"Polygon","properties":{"POA_CODE21":"2401"}},{"arcs":[[1218,-1217,-1206,-1211,1219,1220,1221,-1137,1222]],"type":"Polygon","properties":{"POA_CODE21":"2402"}},{"arcs":[[1223,-1223,-1136]],"type":"Polygon","properties":{"POA_CODE21":"2403"}},{"arcs":[[-1099,-1195,-1213,-1218,-1219,-1224,-1135,-1132]],"type":"Polygon","properties":{"POA_CODE21":"2404"}},{"arcs":[[1224,1225,1226,1227,1228,-1216]],"type":"Polygon","properties":{"POA_CODE21":"2405"}},{"arcs":[[1229,1230,1231,1232,-1225,-1215]],"type":"Polygon","properties":{"POA_CODE21":"2406"}},{"arcs":[[-1221,1233,-1209,1234,1235]],"type":"Polygon","properties":{"POA_CODE21":"2408"}},{"arcs":[[1236,-1235,-1208,-1229,1237,1238,1239]],"type":"Polygon","properties":{"POA_CODE21":"2409"}},{"arcs":[[-1144,-1138,-1222,-1236,-1237,1240,1241]],"type":"Polygon","properties":{"POA_CODE21":"2410"}},{"arcs":[[-1220,-1210,-1234]],"type":"Polygon","properties":{"POA_CODE21":"2411"}},{"arcs":[[1242,1243,1244]],"type":"Polygon","properties":{"POA_CODE21":"2415"}},{"arcs":[[-988,-995,1245,-950,1246,-1244,1247,-1006]],"type":"Polygon","properties":{"POA_CODE21":"2420"}},{"arcs":[[-987,-1052,-1045,-945,-1246,-997]],"type":"Polygon","properties":{"POA_CODE21":"2421"}},{"arcs":[[1248,1249,1250,-1245,-1247,-949,-1061,-1114,1251,1252,1253]],"type":"Polygon","properties":{"POA_CODE21":"2422"}},{"arcs":[[-1014,1254,-1250,1255,-954,1256,1257]],"type":"Polygon","properties":{"POA_CODE21":"2423"}},{"arcs":[[-1254,1258,-1252,-1113,1259,1260]],"type":"Polygon","properties":{"POA_CODE21":"2424"}},{"arcs":[[-1251,-1255,-1013,-1004,-1248,-1243]],"type":"Polygon","properties":{"POA_CODE21":"2425"}},{"arcs":[[1261,1262,1263]],"type":"Polygon","properties":{"POA_CODE21":"2426"}},{"arcs":[[-1263,1264,1265,1266]],"type":"Polygon","properties":{"POA_CODE21":"2427"}},{"arcs":[[-1257,-953,1267,1268]],"type":"Polygon","properties":{"POA_CODE21":"2428"}},{"arcs":[[[-951,-1256,-1249,-1261,1269,1270,1271]],[[-1259,-1253]]],"type":"MultiPolygon","properties":{"POA_CODE21":"2429"}},{"arcs":[[-1268,-952,-1272,1272,1273,-1264,-1267,1274]],"type":"Polygon","properties":{"POA_CODE21":"2430"}},{"arcs":[[1275,1276,1277]],"type":"Polygon","properties":{"POA_CODE21":"2431"}},{"arcs":[[1278,-1273,-1271,1279,1280]],"type":"Polygon","properties":{"POA_CODE21":"2439"}},{"arcs":[[1281,-1276,1282,1283,1284,1285,-1117,-1106,1286,1287,1288,1289]],"type":"Polygon","properties":{"POA_CODE21":"2440"}},{"arcs":[[[1290,-1277,-1282,1291]],[[1292,1293,-1285]]],"type":"MultiPolygon","properties":{"POA_CODE21":"2441"}},{"arcs":[[-1265,-1262,-1274,-1279,1294,1295]],"type":"Polygon","properties":{"POA_CODE21":"2443"}},{"arcs":[[1296,-1293,-1284,1297]],"type":"Polygon","properties":{"POA_CODE21":"2444"}},{"arcs":[[-1295,-1281,1298,1299]],"type":"Polygon","properties":{"POA_CODE21":"2445"}},{"arcs":[[-1280,-1270,-1260,-1118,-1286,-1294,-1297,1300,-1299]],"type":"Polygon","properties":{"POA_CODE21":"2446"}},{"arcs":[[-1290,1301,1302,1303,-1292]],"type":"Polygon","properties":{"POA_CODE21":"2447"}},{"arcs":[[1304,-1303,1305,1306,1307]],"type":"Polygon","properties":{"POA_CODE21":"2448"}},{"arcs":[[-1289,1308,-1306,-1302]],"type":"Polygon","properties":{"POA_CODE21":"2449"}},{"arcs":[[1309,1310,1311,1312,1313,1314]],"type":"Polygon","properties":{"POA_CODE21":"2450"}},{"arcs":[[1315,1316,-1310]],"type":"Polygon","properties":{"POA_CODE21":"2452"}},{"arcs":[[-1287,-1105,-1151,1317,-1312,1318]],"type":"Polygon","properties":{"POA_CODE21":"2453"}},{"arcs":[[1319,-1307,-1309,-1288,-1319,-1311,-1317,1320]],"type":"Polygon","properties":{"POA_CODE21":"2454"}},{"arcs":[[-1320,1321,-1308]],"type":"Polygon","properties":{"POA_CODE21":"2455"}},{"arcs":[[-1314,1322,1323]],"type":"Polygon","properties":{"POA_CODE21":"2456"}},{"arcs":[[1324,1325,-1323,-1313,-1318,-1150,-1155,-1157,1326,1327,1328,1329]],"type":"Polygon","properties":{"POA_CODE21":"2460"}},{"arcs":[[[-1325,1330,1331]],[[1332,-1329]]],"type":"MultiPolygon","properties":{"POA_CODE21":"2462"}},{"arcs":[[[-1331,-1330,-1333,-1328,1333,1334,1335,1336,1337]],[[1338,1339]]],"type":"MultiPolygon","properties":{"POA_CODE21":"2463"}},{"arcs":[[-1337,1340,1341,1342]],"type":"Polygon","properties":{"POA_CODE21":"2464"}},{"arcs":[[1343,-1335]],"type":"Polygon","properties":{"POA_CODE21":"2465"}},{"arcs":[[1344,-1342,1345]],"type":"Polygon","properties":{"POA_CODE21":"2466"}},{"arcs":[[-1168,1346,1347,1348,1349,1350,1351,-1340,1352,1353,-1346,-1341,-1336,-1344,-1334,-1327]],"type":"Polygon","properties":{"POA_CODE21":"2469"}},{"arcs":[[-1350,1354,1355,1356]],"type":"Polygon","properties":{"POA_CODE21":"2470"}},{"arcs":[[-1357,1357,1358,1359,1360,-1351]],"type":"Polygon","properties":{"POA_CODE21":"2471"}},{"arcs":[[1361,1362,1363,1364,-1353,-1339,-1352,-1361,1365]],"type":"Polygon","properties":{"POA_CODE21":"2472"}},{"arcs":[[-1364,1366]],"type":"Polygon","properties":{"POA_CODE21":"2473"}},{"arcs":[[-1355,-1349,1367,1368,1369,1370,1371,1372]],"type":"Polygon","properties":{"POA_CODE21":"2474"}},{"arcs":[[-1167,1373,-1347]],"type":"Polygon","properties":{"POA_CODE21":"2475"}},{"arcs":[[-1374,-1166,1374,1375,1376,1377,-1368,-1348]],"type":"Polygon","properties":{"POA_CODE21":"2476"}},{"arcs":[[1378,-1362,1379,-1359,1380,1381,1382]],"type":"Polygon","properties":{"POA_CODE21":"2477"}},{"arcs":[[-1383,1383,1384,1385]],"type":"Polygon","properties":{"POA_CODE21":"2478"}},{"arcs":[[-1382,1386,1387,1388,-1384]],"type":"Polygon","properties":{"POA_CODE21":"2479"}},{"arcs":[[[1389,-1387,-1381,-1358,-1356,-1373,1390]],[[-1360,-1380,-1366]]],"type":"MultiPolygon","properties":{"POA_CODE21":"2480"}},{"arcs":[[-1385,-1389,1391,1392,1393]],"type":"Polygon","properties":{"POA_CODE21":"2481"}},{"arcs":[[-1392,-1388,-1390,1394,1395]],"type":"Polygon","properties":{"POA_CODE21":"2482"}},{"arcs":[[1396,-1393,-1396,1397,1398]],"type":"Polygon","properties":{"POA_CODE21":"2483"}},{"arcs":[[-1395,-1391,-1372,1399,1400,1401,1402,1403,1404,1405,1406,1407,1408,1409,-1398]],"type":"Polygon","properties":{"POA_CODE21":"2484"}},{"arcs":[[1410,1411,1412]],"type":"Polygon","properties":{"POA_CODE21":"2485"}},{"arcs":[[1413,1414,-1406,1415,1416,1417,-1412,1418]],"type":"Polygon","properties":{"POA_CODE21":"2486"}},{"arcs":[[1419,-1408,1420,-1414,1421]],"type":"Polygon","properties":{"POA_CODE21":"2487"}},{"arcs":[[-1420,1422,1423,-1409]],"type":"Polygon","properties":{"POA_CODE21":"2488"}},{"arcs":[[-1399,-1410,-1424,1424]],"type":"Polygon","properties":{"POA_CODE21":"2489"}},{"arcs":[[-1421,-1407,-1415]],"type":"Polygon","properties":{"POA_CODE21":"2490"}},{"arcs":[[1425,1426,1427,1428,1429,1430,1431,1432,1433]],"type":"Polygon","properties":{"POA_CODE21":"2500"}},{"arcs":[[1434,1435,-1426,1436,1437,1438,1439]],"type":"Polygon","properties":{"POA_CODE21":"2502"}},{"arcs":[[-1437,-1434,1440]],"type":"Polygon","properties":{"POA_CODE21":"2505"}},{"arcs":[[1441,1442,-1435,1443]],"type":"Polygon","properties":{"POA_CODE21":"2506"}},{"arcs":[[1444,1445,-667,-803,-798,1446]],"type":"Polygon","properties":{"POA_CODE21":"2508"}},{"arcs":[[1447,1448,-1445,1449]],"type":"Polygon","properties":{"POA_CODE21":"2515"}},{"arcs":[[1450,-1448,1451,1452]],"type":"Polygon","properties":{"POA_CODE21":"2516"}},{"arcs":[[1453,1454,1455,-1453]],"type":"Polygon","properties":{"POA_CODE21":"2517"}},{"arcs":[[1456,-1431,1457,-1455,1458]],"type":"Polygon","properties":{"POA_CODE21":"2518"}},{"arcs":[[1459,-1432,-1457]],"type":"Polygon","properties":{"POA_CODE21":"2519"}},{"arcs":[[1460,-1428]],"type":"Polygon","properties":{"POA_CODE21":"2525"}},{"arcs":[[1461,1462,1463,-1429,-1461,-1427,-1436,-1443]],"type":"Polygon","properties":{"POA_CODE21":"2526"}},{"arcs":[[1464,1465,1466,1467,1468]],"type":"Polygon","properties":{"POA_CODE21":"2527"}},{"arcs":[[1470,1471]],"type":"Polygon","properties":{"POA_CODE21":"2528"}},{"arcs":[[1472,-1468,1473,-1471,1474]],"type":"Polygon","properties":{"POA_CODE21":"2529"}},{"arcs":[[-1442,1475,-1466,1476,1477,-1462]],"type":"Polygon","properties":{"POA_CODE21":"2530"}},{"arcs":[[1478,1479,1480,1481,-1469,-1473,1482]],"type":"Polygon","properties":{"POA_CODE21":"2533"}},{"arcs":[[1483,1484,-1479,1485]],"type":"Polygon","properties":{"POA_CODE21":"2534"}},{"arcs":[[1486,-1481,1487,-1484,1488,1489]],"type":"Polygon","properties":{"POA_CODE21":"2535"}},{"arcs":[[1490,1491,1492,1493,1494,1495]],"type":"Polygon","properties":{"POA_CODE21":"2536"}},{"arcs":[[1496,1497,-1491,1498]],"type":"Polygon","properties":{"POA_CODE21":"2537"}},{"arcs":[[1499,1500,-1494,1501]],"type":"Polygon","properties":{"POA_CODE21":"2538"}},{"arcs":[[[-1493,1502,-1502]],[[-1495,-1501,1503,1504,1505]]],"type":"MultiPolygon","properties":{"POA_CODE21":"2539"}},{"arcs":[[-1505,1506,1507,1508,-1490,1509],[1510]],"type":"Polygon","properties":{"POA_CODE21":"2540"}},{"arcs":[[-1511]],"type":"Polygon","properties":{"POA_CODE21":"2541"}},{"arcs":[[1511,1512,1513,1514,-1497,1515,1516]],"type":"Polygon","properties":{"POA_CODE21":"2545"}},{"arcs":[[[1517,1518,1519,-1513]],[[1520,-1517,1521]]],"type":"MultiPolygon","properties":{"POA_CODE21":"2546"}},{"arcs":[[1522,1523,1524]],"type":"Polygon","properties":{"POA_CODE21":"2548"}},{"arcs":[[1525,-1523,1526,1527]],"type":"Polygon","properties":{"POA_CODE21":"2549"}},{"arcs":[[-1526,1528,1529,1530,1531,1532,-1518,-1512,-1521,1533,-1524]],"type":"Polygon","properties":{"POA_CODE21":"2550"}},{"arcs":[[[1534,1535,-1529,-1528,1536]],[[-1531,1537,1538,1539]]],"type":"MultiPolygon","properties":{"POA_CODE21":"2551"}},{"arcs":[[1540,1541,-682]],"type":"Polygon","properties":{"POA_CODE21":"2555"}},{"arcs":[[1542,1543,-1541,-681,1544]],"type":"Polygon","properties":{"POA_CODE21":"2556"}},{"arcs":[[1545,1546,1547,1548,1549,-1545,-680,-688]],"type":"Polygon","properties":{"POA_CODE21":"2557"}},{"arcs":[[-1547,1550,1551,1552]],"type":"Polygon","properties":{"POA_CODE21":"2558"}},{"arcs":[[1553,-1548,-1553,1554]],"type":"Polygon","properties":{"POA_CODE21":"2559"}},{"arcs":[[-1446,-1449,-1451,-1456,-1458,-1430,-1464,1555,1556,1557,1558,1559,1560,-1555,-1552,1561,-668]],"type":"Polygon","properties":{"POA_CODE21":"2560"}},{"arcs":[[-1560,1562,1563,1564]],"type":"Polygon","properties":{"POA_CODE21":"2563"}},{"arcs":[[-671,1565,-643]],"type":"Polygon","properties":{"POA_CODE21":"2564"}},{"arcs":[[-644,-1566,-670,1566,-689,-674]],"type":"Polygon","properties":{"POA_CODE21":"2565"}},{"arcs":[[-1551,-1546,-687,-1567,-669,-1562]],"type":"Polygon","properties":{"POA_CODE21":"2566"}},{"arcs":[[-1549,-1554,-1561,-1565,1567]],"type":"Polygon","properties":{"POA_CODE21":"2567"}},{"arcs":[[1568,1569,1570,-1563,-1559]],"type":"Polygon","properties":{"POA_CODE21":"2568"}},{"arcs":[[1571,-1569,-1558]],"type":"Polygon","properties":{"POA_CODE21":"2569"}},{"arcs":[[1572,1573,1574,1575,1576,-1543,-1550,-1568,-1564,-1571]],"type":"Polygon","properties":{"POA_CODE21":"2570"}},{"arcs":[[[1577,1578,1579,-1573,-1570,-1572,-1557]],[[1580,1581,1582,1583]]],"type":"MultiPolygon","properties":{"POA_CODE21":"2571"}},{"arcs":[[1584,-1584,1585,1586,-1574,-1580]],"type":"Polygon","properties":{"POA_CODE21":"2572"}},{"arcs":[[-1579,1587,-1581,-1585]],"type":"Polygon","properties":{"POA_CODE21":"2573"}},{"arcs":[[-1578,-1556,-1463,-1478,1588,1589,1590,-1582,-1588]],"type":"Polygon","properties":{"POA_CODE21":"2574"}},{"arcs":[[-1591,1591,1592,1593,1594,-1586,-1583]],"type":"Polygon","properties":{"POA_CODE21":"2575"}},{"arcs":[[-1590,1595,-1592]],"type":"Polygon","properties":{"POA_CODE21":"2576"}},{"arcs":[[[-1589,-1477,-1465,-1482,-1487,-1509,1596,1597,1598,1599,-1593,-1596]],[[-1488,-1480,-1485]]],"type":"MultiPolygon","properties":{"POA_CODE21":"2577"}},{"arcs":[[1600,-1598]],"type":"Polygon","properties":{"POA_CODE21":"2578"}},{"arcs":[[-1597,-1508,1601,1602,-1599,-1601]],"type":"Polygon","properties":{"POA_CODE21":"2579"}},{"arcs":[[-1594,-1600,-1603,1603,1604,1605,1606,1607,1608]],"type":"Polygon","properties":{"POA_CODE21":"2580"}},{"arcs":[[1609,1610,1611,-1606,1612,1613]],"type":"Polygon","properties":{"POA_CODE21":"2581"}},{"arcs":[[1614,1615,1616,1617,1618,1619,1620,1621,1622,-1610,1623,1624]],"type":"Polygon","properties":{"POA_CODE21":"2582"}},{"arcs":[[-1612,1625,1626,1627,1628,-1607]],"type":"Polygon","properties":{"POA_CODE21":"2583"}},{"arcs":[[1629,1630,-1622]],"type":"Polygon","properties":{"POA_CODE21":"2584"}},{"arcs":[[-1621,1631,1632,1633,-1630]],"type":"Polygon","properties":{"POA_CODE21":"2585"}},{"arcs":[[1634,1635,1636,-1626,-1611,-1623,-1631,-1634,1637,1638]],"type":"Polygon","properties":{"POA_CODE21":"2586"}},{"arcs":[[-1620,1639,1640,1641,1642,-1632]],"type":"Polygon","properties":{"POA_CODE21":"2587"}},{"arcs":[[1643,1644,-1642]],"type":"Polygon","properties":{"POA_CODE21":"2588"}},{"arcs":[[-1644,-1641,1645,1646,1647,1648,1649,1650,1651]],"type":"Polygon","properties":{"POA_CODE21":"2590"}},{"arcs":[[1652,1653,-1638,-1633,-1643,-1645,-1652,1654,1655,1656,1657]],"type":"Polygon","properties":{"POA_CODE21":"2594"}},{"arcs":[[[1658,1659,1660,1661,1662,1663,1664]],[[1665,1666,1667,1668]]],"type":"MultiPolygon","properties":{"POA_CODE21":"2600"}},{"arcs":[[1669,1670,1671,1672,1673,-1661]],"type":"Polygon","properties":{"POA_CODE21":"2601"}},{"arcs":[[1674,1675,1676,1677,-1673,1678]],"type":"Polygon","properties":{"POA_CODE21":"2602"}},{"arcs":[[1679,1680,1681,1682,-1665,1683]],"type":"Polygon","properties":{"POA_CODE21":"2603"}},{"arcs":[[[1684,-1684,-1664]],[[-1681,1685]]],"type":"MultiPolygon","properties":{"POA_CODE21":"2604"}},{"arcs":[[1686,1687,-1659,-1683]],"type":"Polygon","properties":{"POA_CODE21":"2605"}},{"arcs":[[1688,1689,1690,1691,-1687]],"type":"Polygon","properties":{"POA_CODE21":"2606"}},{"arcs":[[1692,1693,-1690]],"type":"Polygon","properties":{"POA_CODE21":"2607"}},{"arcs":[[-1677,1694,1695,-1668,1696,1697,-1693,-1689,-1682,-1686,-1680,-1685,-1663,1698]],"type":"Polygon","properties":{"POA_CODE21":"2609"}},{"arcs":[[1699,1700,1701,-1615,1702,1703,1704,-1670,-1660,-1688,-1692,1705]],"type":"Polygon","properties":{"POA_CODE21":"2611"}},{"arcs":[[-1678,-1699,-1662,-1674]],"type":"Polygon","properties":{"POA_CODE21":"2612"}},{"arcs":[[1706,-1671,-1705,1707]],"type":"Polygon","properties":{"POA_CODE21":"2614"}},{"arcs":[[-1708,-1704,1708,1709]],"type":"Polygon","properties":{"POA_CODE21":"2615"}},{"arcs":[[-1672,-1707,-1710,1710,1711,1712,1713,1714,-1679]],"type":"Polygon","properties":{"POA_CODE21":"2617"}},{"arcs":[[1715,1716,1717,-1711,-1709,-1703,-1625,1718]],"type":"Polygon","properties":{"POA_CODE21":"2618"}},{"arcs":[[-1666,1719]],"type":"Polygon","properties":{"POA_CODE21":"2619"}},{"arcs":[[1720,1721,1722,-1700,1723,-1697,-1667,-1720,-1669,-1696,1724,-1719,-1624,-1614,1725,1726,1727,1728,1729]],"type":"Polygon","properties":{"POA_CODE21":"2620"}},{"arcs":[[[1730,-1726,-1613,-1605,1731]],[[1732,-1729,1733]]],"type":"MultiPolygon","properties":{"POA_CODE21":"2621"}},{"arcs":[[-1602,-1507,-1504,-1500,-1503,-1492,-1498,-1515,1734,-1734,-1728,1735,-1732,-1604]],"type":"Polygon","properties":{"POA_CODE21":"2622"}},{"arcs":[[-1727,-1731,-1736]],"type":"Polygon","properties":{"POA_CODE21":"2623"}},{"arcs":[[1736,1737,1738]],"type":"Polygon","properties":{"POA_CODE21":"2624"}},{"arcs":[[1739]],"type":"Polygon","properties":{"POA_CODE21":"2625"}},{"arcs":[[-1721,1740]],"type":"Polygon","properties":{"POA_CODE21":"2626"}},{"arcs":[[1741,1742,1743,1744,-1739,1745],[-1740]],"type":"Polygon","properties":{"POA_CODE21":"2627"}},{"arcs":[[1746,1747,1748,1749,-1746,-1738,1750,1751,1752]],"type":"Polygon","properties":{"POA_CODE21":"2628"}},{"arcs":[[1753,1754,1755,-1701,-1723,1756,-1752]],"type":"Polygon","properties":{"POA_CODE21":"2629"}},{"arcs":[[-1514,-1520,1757,1758,-1753,-1757,-1722,-1741,-1730,-1733,-1735]],"type":"Polygon","properties":{"POA_CODE21":"2630"}},{"arcs":[[1759,-1758,-1519,-1533]],"type":"Polygon","properties":{"POA_CODE21":"2631"}},{"arcs":[[-1540,1760,1761,1762,-1747,-1759,-1760,-1532]],"type":"Polygon","properties":{"POA_CODE21":"2632"}},{"arcs":[[1763,-1748,-1763]],"type":"Polygon","properties":{"POA_CODE21":"2633"}},{"arcs":[[[1764,1765,1766,1767,1768,1769,1770,1771,1772,1773,1774]],[[1775,1776,1777,1778,1779,1780]],[[1781,1782,1783,1784,1785]]],"type":"MultiPolygon","properties":{"POA_CODE21":"2640"}},{"arcs":[[1786,-1775]],"type":"Polygon","properties":{"POA_CODE21":"2641"}},{"arcs":[[[1787,-1754,-1751,-1737,-1745,1788,1789,-1786,1790]],[[-1787,-1774,1791,1792,1793,1794,1795,1796,1797,-1765]],[[-1784,1798,-1776,1799,1800]],[[1801,1802,1803,1804]]],"type":"MultiPolygon","properties":{"POA_CODE21":"2642"}},{"arcs":[[-1773,1805,1806,1807,-1792]],"type":"Polygon","properties":{"POA_CODE21":"2643"}},{"arcs":[[1808,1809,-1800,-1781,1810,-1766,-1798,1811,1812]],"type":"Polygon","properties":{"POA_CODE21":"2644"}},{"arcs":[[1813,1814,1815,1816,1817,-1794]],"type":"Polygon","properties":{"POA_CODE21":"2645"}},{"arcs":[[1818,1819,1820,1821,1822,1823,1824,-1814,-1793,-1808,1825,1826]],"type":"Polygon","properties":{"POA_CODE21":"2646"}},{"arcs":[[1827,1828,-1823]],"type":"Polygon","properties":{"POA_CODE21":"2647"}},{"arcs":[[1829,1830,1831,1832,1833,1834,1835,1836,1837,1838,1839,1840,1841]],"type":"Polygon","properties":{"POA_CODE21":"2648"}},{"arcs":[[[-1755,-1788,1842,1843]],[[1844,1845]]],"type":"MultiPolygon","properties":{"POA_CODE21":"2649"}},{"arcs":[[[1846,1847,1848,1849,1850,1851,1852,1853,1854,1855,1856,1857,1858,1859,1860,1861,1862,1863,1864,1865,1866,1867,-1813,1868],[1869]],[[1870,1871,1872,1873]]],"type":"MultiPolygon","properties":{"POA_CODE21":"2650"}},{"arcs":[[-1867,1874,-1865,1875]],"type":"Polygon","properties":{"POA_CODE21":"2651"}},{"arcs":[[[1876,-1802,1877,-1848]],[[-1876,-1864,1878,1879,1880,-1872,1881,-1809,-1868]],[[-1855,1882,-1817,1883]],[[1884,-1850,1885,-1852]],[[1886,1887,-1857,1888,1889]],[[1890,1891,1892,-1860,1893,1894]],[[-1866,-1875]],[[1895,1896,1897,1898,1899]]],"type":"MultiPolygon","properties":{"POA_CODE21":"2652"}},{"arcs":[[-1791,-1785,-1801,-1810,-1882,-1871,1900,-1846,1901,1902,-1843]],"type":"Polygon","properties":{"POA_CODE21":"2653"}},{"arcs":[[-1849,-1878,-1805,1903,-1853,-1886]],"type":"Polygon","properties":{"POA_CODE21":"2655"}},{"arcs":[[1904,-1795,-1818,-1883,-1854,-1904,-1804,1905]],"type":"Polygon","properties":{"POA_CODE21":"2656"}},{"arcs":[[1906,-1906,-1803,-1877,-1847,1907]],"type":"Polygon","properties":{"POA_CODE21":"2658"}},{"arcs":[[-1905,-1907,1908,-1796]],"type":"Polygon","properties":{"POA_CODE21":"2659"}},{"arcs":[[-1797,-1909,-1908,-1869,-1812]],"type":"Polygon","properties":{"POA_CODE21":"2660"}},{"arcs":[[-1885,-1851]],"type":"Polygon","properties":{"POA_CODE21":"2661"}},{"arcs":[[[1909,-1861,-1893,1910,-1649]],[[1911,-1891]]],"type":"MultiPolygon","properties":{"POA_CODE21":"2663"}},{"arcs":[[1912,-1890,1913,1914,1915,1916,1917,1918,1919]],"type":"Polygon","properties":{"POA_CODE21":"2665"}},{"arcs":[[1920,-1650,-1911,-1892,-1912,-1895,1921,-1920,1922,1923,-1656]],"type":"Polygon","properties":{"POA_CODE21":"2666"}},{"arcs":[[-1919,1924,1925,-1923]],"type":"Polygon","properties":{"POA_CODE21":"2668"}},{"arcs":[[1926,1927,-1917,1928,-1900,1929,1930]],"type":"Polygon","properties":{"POA_CODE21":"2669"}},{"arcs":[[-1918,-1928,1931,1932,1933,1934,-1925]],"type":"Polygon","properties":{"POA_CODE21":"2671"}},{"arcs":[[1935,1936,-1931]],"type":"Polygon","properties":{"POA_CODE21":"2672"}},{"arcs":[[-1930,-1899,1937,1938,1939,1940,-1936]],"type":"Polygon","properties":{"POA_CODE21":"2675"}},{"arcs":[[-1870]],"type":"Polygon","properties":{"POA_CODE21":"2678"}},{"arcs":[[1941,1942,-1897,1943,1944]],"type":"Polygon","properties":{"POA_CODE21":"2680"}},{"arcs":[[1945,-1944,-1896,-1929,-1916]],"type":"Polygon","properties":{"POA_CODE21":"2681"}},{"arcs":[[-1914,-1889,-1856,-1884,-1816,1946,1947,1948,1949,1950,1951]],"type":"Polygon","properties":{"POA_CODE21":"2700"}},{"arcs":[[-1922,-1894,-1859,1952,-1887,-1913]],"type":"Polygon","properties":{"POA_CODE21":"2701"}},{"arcs":[[-1858,-1888,-1953]],"type":"Polygon","properties":{"POA_CODE21":"2702"}},{"arcs":[[-1951,1953]],"type":"Polygon","properties":{"POA_CODE21":"2703"}},{"arcs":[[-1952,-1954,-1950,1954,-1945,-1946,-1915]],"type":"Polygon","properties":{"POA_CODE21":"2705"}},{"arcs":[[-1955,-1949,1955,1956,-1942]],"type":"Polygon","properties":{"POA_CODE21":"2706"}},{"arcs":[[1957,-1956,-1948,1958]],"type":"Polygon","properties":{"POA_CODE21":"2707"}},{"arcs":[[1959,1960,1961,1962,1963,1964,1965,1966,1967,1968]],"type":"Polygon","properties":{"POA_CODE21":"2710"}},{"arcs":[[-1958,1969,-1963,1970,1971,1972,1973,-1938,-1898,-1943,-1957]],"type":"Polygon","properties":{"POA_CODE21":"2711"}},{"arcs":[[1974,1975,1976,-1824,-1829,1977,1978]],"type":"Polygon","properties":{"POA_CODE21":"2712"}},{"arcs":[[-1965,1979,-1976,1980]],"type":"Polygon","properties":{"POA_CODE21":"2713"}},{"arcs":[[1981,1982,-1966,-1981,-1975,1983]],"type":"Polygon","properties":{"POA_CODE21":"2714"}},{"arcs":[[1984,1985,1986,1987,1988,1989,1990,-1841,1991,-1973]],"type":"Polygon","properties":{"POA_CODE21":"2715"}},{"arcs":[[-1947,-1815,-1825,-1977,-1980,-1964,-1970,-1959]],"type":"Polygon","properties":{"POA_CODE21":"2716"}},{"arcs":[[1992,1993,-1831]],"type":"Polygon","properties":{"POA_CODE21":"2717"}},{"arcs":[[1994,1995,1996,1997,-1616,-1702,-1756,-1844,-1903]],"type":"Polygon","properties":{"POA_CODE21":"2720"}},{"arcs":[[-1924,-1926,-1935,1998,-1657]],"type":"Polygon","properties":{"POA_CODE21":"2721"}},{"arcs":[[[1999,-1862,-1910,-1648,2000,2001,-1618,2002,-1997]],[[-1880,2003]]],"type":"MultiPolygon","properties":{"POA_CODE21":"2722"}},{"arcs":[[-1921,-1655,-1651]],"type":"Polygon","properties":{"POA_CODE21":"2725"}},{"arcs":[[-2002,2004,-1646,-1640,-1619]],"type":"Polygon","properties":{"POA_CODE21":"2726"}},{"arcs":[[[-1617,-1998,-2003]],[[-1647,-2005,-2001]]],"type":"MultiPolygon","properties":{"POA_CODE21":"2727"}},{"arcs":[[-1873,-1881,-2004,-1879,-1863,-2000,-1996,2005]],"type":"Polygon","properties":{"POA_CODE21":"2729"}},{"arcs":[[-1901,-1874,-2006,-1995,-1902,-1845]],"type":"Polygon","properties":{"POA_CODE21":"2730"}},{"arcs":[[2006,2007,2008,2009,2010,2011,-1960,2012,2013]],"type":"Polygon","properties":{"POA_CODE21":"2731"}},{"arcs":[[2014,2015,2016,-1961,-2012,2017,2018]],"type":"Polygon","properties":{"POA_CODE21":"2732"}},{"arcs":[[-1962,-2017,2019,-1971]],"type":"Polygon","properties":{"POA_CODE21":"2733"}},{"arcs":[[-2016,2020,2021,2022,2023,2024,2025,-1985,-1972,-2020]],"type":"Polygon","properties":{"POA_CODE21":"2734"}},{"arcs":[[2026,2027,2028,2029,-2025,2030,2031,2032]],"type":"Polygon","properties":{"POA_CODE21":"2735"}},{"arcs":[[-1986,-2026,-2030,2033]],"type":"Polygon","properties":{"POA_CODE21":"2736"}},{"arcs":[[2034,2035,-1990,2036,2037]],"type":"Polygon","properties":{"POA_CODE21":"2737"}},{"arcs":[[-1842,-1991,-2036,2038,2039,2040,2041,2042,2043,2044]],"type":"Polygon","properties":{"POA_CODE21":"2738"}},{"arcs":[[2045,-1993,-1830,-2045,2046]],"type":"Polygon","properties":{"POA_CODE21":"2739"}},{"arcs":[[-1577,2047,2048,2049,2050,-683,-1542,-1544]],"type":"Polygon","properties":{"POA_CODE21":"2745"}},{"arcs":[[2051,2052,2053,2054,2055,2056,2057]],"type":"Polygon","properties":{"POA_CODE21":"2747"}},{"arcs":[[2058,-2052,2059,2060,-684,-2051]],"type":"Polygon","properties":{"POA_CODE21":"2748"}},{"arcs":[[2061,2062,2063,-2054]],"type":"Polygon","properties":{"POA_CODE21":"2749"}},{"arcs":[[-2059,-2050,2064,2065,2066,2067,-2062,-2053]],"type":"Polygon","properties":{"POA_CODE21":"2750"}},{"arcs":[[-1576,2068,-2048]],"type":"Polygon","properties":{"POA_CODE21":"2752"}},{"arcs":[[2069,-2055,-2064,2070,2071,2072,2073,2074]],"type":"Polygon","properties":{"POA_CODE21":"2753"}},{"arcs":[[2075,2076,2077,2078,-2074]],"type":"Polygon","properties":{"POA_CODE21":"2754"}},{"arcs":[[-609,2079,-2075,-2079,2080,2081,2082,-1039,-1020,2083]],"type":"Polygon","properties":{"POA_CODE21":"2756"}},{"arcs":[[2084,-2077]],"type":"Polygon","properties":{"POA_CODE21":"2757"}},{"arcs":[[2085,2086,2087,2088,-2081,-2078,-2085,-2076,-2073]],"type":"Polygon","properties":{"POA_CODE21":"2758"}},{"arcs":[[-685,-2061,2089,2090]],"type":"Polygon","properties":{"POA_CODE21":"2759"}},{"arcs":[[2091,-2090,-2060,-2058,2092]],"type":"Polygon","properties":{"POA_CODE21":"2760"}},{"arcs":[[2093,2094,2095,2096,2097,2098]],"type":"Polygon","properties":{"POA_CODE21":"2761"}},{"arcs":[[-2099,2099,-601,2100,2101]],"type":"Polygon","properties":{"POA_CODE21":"2762"}},{"arcs":[[2102,-2094,-2102,2103,2104,-586]],"type":"Polygon","properties":{"POA_CODE21":"2763"}},{"arcs":[[-602,-2100,-2098,2105,-2056,-2070,-2080,-608,-604]],"type":"Polygon","properties":{"POA_CODE21":"2765"}},{"arcs":[[-2092,2106,-2096,2107,-584,-677,-2091]],"type":"Polygon","properties":{"POA_CODE21":"2766"}},{"arcs":[[-2108,-2095,-2103,-585]],"type":"Polygon","properties":{"POA_CODE21":"2767"}},{"arcs":[[-593,-580,-587,-2105,2108,-599]],"type":"Polygon","properties":{"POA_CODE21":"2768"}},{"arcs":[[-2104,-2101,-600,-2109]],"type":"Polygon","properties":{"POA_CODE21":"2769"}},{"arcs":[[-2057,-2106,-2097,-2107,-2093]],"type":"Polygon","properties":{"POA_CODE21":"2770"}},{"arcs":[[-2066,2109,2110]],"type":"Polygon","properties":{"POA_CODE21":"2773"}},{"arcs":[[2111,2112,-2067,-2111]],"type":"Polygon","properties":{"POA_CODE21":"2774"}},{"arcs":[[[-383,2113,-809]],[[-610,-2084,-1019,-811,2114]]],"type":"MultiPolygon","properties":{"POA_CODE21":"2775"}},{"arcs":[[2115,2116,2117,2118]],"type":"Polygon","properties":{"POA_CODE21":"2776"}},{"arcs":[[-2063,-2068,-2113,2119,-2119,2120,-2071]],"type":"Polygon","properties":{"POA_CODE21":"2777"}},{"arcs":[[2121,-2117,2122,2123]],"type":"Polygon","properties":{"POA_CODE21":"2778"}},{"arcs":[[2124,2125,2126,-2124,2127]],"type":"Polygon","properties":{"POA_CODE21":"2779"}},{"arcs":[[2128,2129,2130,2131]],"type":"Polygon","properties":{"POA_CODE21":"2780"}},{"arcs":[[2132,2133,-2131,2134]],"type":"Polygon","properties":{"POA_CODE21":"2782"}},{"arcs":[[-2126,2135,2136]],"type":"Polygon","properties":{"POA_CODE21":"2783"}},{"arcs":[[-2125,2137,-2133,2138,-2136]],"type":"Polygon","properties":{"POA_CODE21":"2784"}},{"arcs":[[-2129,2139,2140,2141,2142]],"type":"Polygon","properties":{"POA_CODE21":"2785"}},{"arcs":[[[2143,-2087]],[[-2142,2144,2145]]],"type":"MultiPolygon","properties":{"POA_CODE21":"2786"}},{"arcs":[[[2146,-2140,-2132,-2134,-2138,-2128,-2123,-2116,-2120,-2112,-2110,-2065,-2049,-2069,-1575,-1587,-1595,-1609,2147]],[[-2072,-2121,-2118,-2122,-2127,-2137,-2139,-2135,-2130,-2143,-2146,2148,-2088,-2144,-2086]]],"type":"MultiPolygon","properties":{"POA_CODE21":"2787"}},{"arcs":[[-2147,2149,2150,2151,2152,2153,2154,-2082,-2089,-2149,-2145,-2141]],"type":"Polygon","properties":{"POA_CODE21":"2790"}},{"arcs":[[2155,2156,2157,2158]],"type":"Polygon","properties":{"POA_CODE21":"2791"}},{"arcs":[[-2156,2159,2160,2161,2162,2163,2164]],"type":"Polygon","properties":{"POA_CODE21":"2792"}},{"arcs":[[2165,2166,-2163,2167,-2161,2168,2169,-1628,2170]],"type":"Polygon","properties":{"POA_CODE21":"2793"}},{"arcs":[[-2166,2171,-1636,2172,2173,2174,2175,2176]],"type":"Polygon","properties":{"POA_CODE21":"2794"}},{"arcs":[[2177,-2150,-2148,-1608,-1629,-2170,2178,2179,2180,2181,2182,-2153,2183]],"type":"Polygon","properties":{"POA_CODE21":"2795"}},{"arcs":[[-2168,-2162]],"type":"Polygon","properties":{"POA_CODE21":"2797"}},{"arcs":[[-2180,2184,-2158,2185]],"type":"Polygon","properties":{"POA_CODE21":"2798"}},{"arcs":[[-2169,-2160,-2159,-2185,-2179]],"type":"Polygon","properties":{"POA_CODE21":"2799"}},{"arcs":[[-2157,-2165,2186,2187,2188,2189,2190,-2181,-2186]],"type":"Polygon","properties":{"POA_CODE21":"2800"}},{"arcs":[[-1639,-1654,2191,2192]],"type":"Polygon","properties":{"POA_CODE21":"2803"}},{"arcs":[[2193,2194,2195,-2187,-2164,-2167,-2177]],"type":"Polygon","properties":{"POA_CODE21":"2804"}},{"arcs":[[2196,2197,2198,-2194,-2176]],"type":"Polygon","properties":{"POA_CODE21":"2805"}},{"arcs":[[-2199,2199,2200,2201,-2195]],"type":"Polygon","properties":{"POA_CODE21":"2806"}},{"arcs":[[-1635,-2193,2202,-2173]],"type":"Polygon","properties":{"POA_CODE21":"2807"}},{"arcs":[[-1627,-1637,-2172,-2171]],"type":"Polygon","properties":{"POA_CODE21":"2808"}},{"arcs":[[-2203,-2192,-1653,2203,-2174]],"type":"Polygon","properties":{"POA_CODE21":"2809"}},{"arcs":[[-1999,-1934,2204,-2197,-2175,-2204,-1658]],"type":"Polygon","properties":{"POA_CODE21":"2810"}},{"arcs":[[2205,2206,2207,-1128]],"type":"Polygon","properties":{"POA_CODE21":"2817"}},{"arcs":[[2208,2209,2210,2211,2212]],"type":"Polygon","properties":{"POA_CODE21":"2818"}},{"arcs":[[2213,2214,-2213,2215,2216,2217,2218,2219]],"type":"Polygon","properties":{"POA_CODE21":"2820"}},{"arcs":[[2220,2221,2222,2223]],"type":"Polygon","properties":{"POA_CODE21":"2821"}},{"arcs":[[2224,2225]],"type":"Polygon","properties":{"POA_CODE21":"2822"}},{"arcs":[[2226,2227,2228,2229,2230,2231,-2222]],"type":"Polygon","properties":{"POA_CODE21":"2823"}},{"arcs":[[2232,-2230,2233,2234,2235,2236]],"type":"Polygon","properties":{"POA_CODE21":"2824"}},{"arcs":[[2237,2238,2239,2240,2241,-2235,2242]],"type":"Polygon","properties":{"POA_CODE21":"2825"}},{"arcs":[[-2229,2243,-2243,-2234]],"type":"Polygon","properties":{"POA_CODE21":"2826"}},{"arcs":[[2244,-2231,-2233,2245,-2207,2246,2247,-2225]],"type":"Polygon","properties":{"POA_CODE21":"2827"}},{"arcs":[[-2237,2248,2249,-1199,-1129,-2208,-2246]],"type":"Polygon","properties":{"POA_CODE21":"2828"}},{"arcs":[[2250,2251,-1189,-1121,-1200,-2250]],"type":"Polygon","properties":{"POA_CODE21":"2829"}},{"arcs":[[2252,2253,-2223,-2232,-2245,-2226,-2248,2254,2255,2256,-2216,-2212,2257,-2210]],"type":"Polygon","properties":{"POA_CODE21":"2830"}},{"arcs":[[[2258,2259,2260,-1197]],[[-2211,-2258]],[[2261,2262,-2217,-2257]],[[-2249,-2236,-2242,2263,2264,2265,2266,-2251]],[[2267,2268,-2240]]],"type":"MultiPolygon","properties":{"POA_CODE21":"2831"}},{"arcs":[[2269,-1183,-1180,-1190,-2252,-2267,2270,2271,2272]],"type":"Polygon","properties":{"POA_CODE21":"2832"}},{"arcs":[[-2270,2273,2274,-1230,-1214,-1184]],"type":"Polygon","properties":{"POA_CODE21":"2833"}},{"arcs":[[-2273,2275,2276,-2274]],"type":"Polygon","properties":{"POA_CODE21":"2834"}},{"arcs":[[2277,-1940,2278,2279,2280,-2264,-2241,-2269]],"type":"Polygon","properties":{"POA_CODE21":"2835"}},{"arcs":[[-2280,2281,2282,2283,2284]],"type":"Polygon","properties":{"POA_CODE21":"2836"}},{"arcs":[[-2276,-2272,2285,2286]],"type":"Polygon","properties":{"POA_CODE21":"2838"}},{"arcs":[[2287,2288,2289,-2286,-2271,-2266]],"type":"Polygon","properties":{"POA_CODE21":"2839"}},{"arcs":[[-2281,-2285,2290,2291,2292,2293,-2288,-2265]],"type":"Polygon","properties":{"POA_CODE21":"2840"}},{"arcs":[[2294,-2255,-2247,-2206,-1127,-1198,-2261]],"type":"Polygon","properties":{"POA_CODE21":"2842"}},{"arcs":[[-1176,-1085,-1034,2295,-2259,-1196]],"type":"Polygon","properties":{"POA_CODE21":"2843"}},{"arcs":[[-2262,-2256,-2295,-2260,-2296,-1033,2296]],"type":"Polygon","properties":{"POA_CODE21":"2844"}},{"arcs":[[-2178,2297,-2151]],"type":"Polygon","properties":{"POA_CODE21":"2845"}},{"arcs":[[-1041,2298,-2154,-2183,2299,2300]],"type":"Polygon","properties":{"POA_CODE21":"2846"}},{"arcs":[[-2184,-2152,-2298]],"type":"Polygon","properties":{"POA_CODE21":"2847"}},{"arcs":[[2301,2302]],"type":"Polygon","properties":{"POA_CODE21":"2848"}},{"arcs":[[[2303,-1030,-1023,-1042,-2301,2304,-2303]],[[-2155,-2299,-1040,-2083]]],"type":"MultiPolygon","properties":{"POA_CODE21":"2849"}},{"arcs":[[-2304,-2302,-2305,-2300,-2182,-2191,2305,-2219,2306,-1031]],"type":"Polygon","properties":{"POA_CODE21":"2850"}},{"arcs":[[-2218,-2263,-2297,-1032,-2307]],"type":"Polygon","properties":{"POA_CODE21":"2852"}},{"arcs":[[-2196,-2202,2307,2308,-2188]],"type":"Polygon","properties":{"POA_CODE21":"2864"}},{"arcs":[[-2309,2309,2310,2311,-2189]],"type":"Polygon","properties":{"POA_CODE21":"2865"}},{"arcs":[[-2312,2312,-2220,-2306,-2190]],"type":"Polygon","properties":{"POA_CODE21":"2866"}},{"arcs":[[-2311,2313,2314,2315,-2214,-2313]],"type":"Polygon","properties":{"POA_CODE21":"2867"}},{"arcs":[[2316,-2253,-2209,-2215,-2316]],"type":"Polygon","properties":{"POA_CODE21":"2868"}},{"arcs":[[2317,2318,-2224,-2254,-2317,-2315,2319]],"type":"Polygon","properties":{"POA_CODE21":"2869"}},{"arcs":[[-2314,-2310,-2308,-2201,2320,2321,2322,-2320]],"type":"Polygon","properties":{"POA_CODE21":"2870"}},{"arcs":[[-1933,2323,2324,2325,-2321,-2200,-2198,-2205]],"type":"Polygon","properties":{"POA_CODE21":"2871"}},{"arcs":[[2326,-2238,-2244,-2228,2327]],"type":"Polygon","properties":{"POA_CODE21":"2873"}},{"arcs":[[-2319,2328,2329,-2328,-2227,-2221]],"type":"Polygon","properties":{"POA_CODE21":"2874"}},{"arcs":[[-2325,2330,-2329,-2318,-2323,2331]],"type":"Polygon","properties":{"POA_CODE21":"2875"}},{"arcs":[[-2326,-2332,-2322]],"type":"Polygon","properties":{"POA_CODE21":"2876"}},{"arcs":[[-1927,-1937,-1941,-2278,-2268,-2239,-2327,-2330,-2331,-2324,-1932]],"type":"Polygon","properties":{"POA_CODE21":"2877"}},{"arcs":[[-1974,-1992,-1840,2332,-2282,-2279,-1939]],"type":"Polygon","properties":{"POA_CODE21":"2878"}},{"arcs":[[-1839,2333,-2283,-2333]],"type":"Polygon","properties":{"POA_CODE21":"2879"}},{"arcs":[[2334,2335,2336,2337,-2291,-2284,-2334,-1838]],"type":"Polygon","properties":{"POA_CODE21":"2880"}},{"arcs":[[2338]],"type":"Polygon","properties":{"POA_CODE21":"2898"}},{"arcs":[[2339]],"type":"Polygon","properties":{"POA_CODE21":"2899"}},{"arcs":[[-1698,-1724,-1706,-1691,-1694],[2340,2341,2342,2343,2344,2345,2346,2347]],"type":"Polygon","properties":{"POA_CODE21":"2900"}},{"arcs":[[2348,-2342]],"type":"Polygon","properties":{"POA_CODE21":"2902"}},{"arcs":[[-2343,-2349,-2341,2349]],"type":"Polygon","properties":{"POA_CODE21":"2903"}},{"arcs":[[-2344,-2350,-2348,2350]],"type":"Polygon","properties":{"POA_CODE21":"2904"}},{"arcs":[[-2347,2351,-2345,-2351]],"type":"Polygon","properties":{"POA_CODE21":"2905"}},{"arcs":[[-2346,-2352]],"type":"Polygon","properties":{"POA_CODE21":"2906"}},{"arcs":[[[2352,-1675,-1715,2353,2354]],[[2355,-1713,2356]]],"type":"MultiPolygon","properties":{"POA_CODE21":"2911"}},{"arcs":[[-1716,-1725,-1695,-1676,-2353,2357,2358,-2354,-1714,-2356,2359,2360]],"type":"Polygon","properties":{"POA_CODE21":"2912"}},{"arcs":[[[-2357,-1712,-1718,2361,-2360]],[[2362,-2355,-2359]]],"type":"MultiPolygon","properties":{"POA_CODE21":"2913"}},{"arcs":[[-2362,-1717,-2361]],"type":"Polygon","properties":{"POA_CODE21":"2914"}},{"arcs":[[2363,2364,2365,2366,2367,2368,2369,2370]],"type":"Polygon","properties":{"POA_CODE21":"3000"}},{"arcs":[[2371,-2369,2372,2373,2374,2375]],"type":"Polygon","properties":{"POA_CODE21":"3002"}},{"arcs":[[2376,2377,2378,2379,2380,2381,-2365]],"type":"Polygon","properties":{"POA_CODE21":"3003"}},{"arcs":[[2382,2383,2384,2385,2386,-2370,-2372,2387,2388]],"type":"Polygon","properties":{"POA_CODE21":"3004"}},{"arcs":[[-2387,2389,2390,-2371]],"type":"Polygon","properties":{"POA_CODE21":"3006"}},{"arcs":[[2391,2392,-2377,-2364,-2391]],"type":"Polygon","properties":{"POA_CODE21":"3008"}},{"arcs":[[2393,-2380,2394,2395,2396]],"type":"Polygon","properties":{"POA_CODE21":"3011"}},{"arcs":[[2397,2398,2399,2400,2401,2402,2403,-2396]],"type":"Polygon","properties":{"POA_CODE21":"3012"}},{"arcs":[[-2379,2404,2405,-2398,-2395]],"type":"Polygon","properties":{"POA_CODE21":"3013"}},{"arcs":[[2406,2407,-2405,2408,2409]],"type":"Polygon","properties":{"POA_CODE21":"3015"}},{"arcs":[[2410,2411,-2407,2412]],"type":"Polygon","properties":{"POA_CODE21":"3016"}},{"arcs":[[2413,2414,2415,-2411,2416]],"type":"Polygon","properties":{"POA_CODE21":"3018"}},{"arcs":[[2417,-2402,2418]],"type":"Polygon","properties":{"POA_CODE21":"3019"}},{"arcs":[[2419,2420,2421,2422,2423,2424,-2419,-2401]],"type":"Polygon","properties":{"POA_CODE21":"3020"}},{"arcs":[[2425,2426,2427,2428,2429,-2423]],"type":"Polygon","properties":{"POA_CODE21":"3021"}},{"arcs":[[2430,-2422]],"type":"Polygon","properties":{"POA_CODE21":"3022"}},{"arcs":[[2431,2432,2433,-2426,-2431,-2421,2434]],"type":"Polygon","properties":{"POA_CODE21":"3023"}},{"arcs":[[2435,2436,2437,2438,2439,2440]],"type":"Polygon","properties":{"POA_CODE21":"3024"}},{"arcs":[[-2412,-2416,2441,-2399,-2406,-2408]],"type":"Polygon","properties":{"POA_CODE21":"3025"}},{"arcs":[[-2420,-2400,-2442,-2415,2442,2443,2444,-2435]],"type":"Polygon","properties":{"POA_CODE21":"3026"}},{"arcs":[[2445,-2444,2446,2447]],"type":"Polygon","properties":{"POA_CODE21":"3027"}},{"arcs":[[2448,2449,-2447,-2443,-2414]],"type":"Polygon","properties":{"POA_CODE21":"3028"}},{"arcs":[[-2440,2450,2451,-2432,-2445,-2446,2452]],"type":"Polygon","properties":{"POA_CODE21":"3029"}},{"arcs":[[[2453,2454,2455,-2437]],[[2456,2457,-2441,-2453,-2448,-2450,2458]]],"type":"MultiPolygon","properties":{"POA_CODE21":"3030"}},{"arcs":[[-2381,-2394,2459,2460,2461]],"type":"Polygon","properties":{"POA_CODE21":"3031"}},{"arcs":[[-2397,-2404,2462,2463,2464,2465,2466,-2460]],"type":"Polygon","properties":{"POA_CODE21":"3032"}},{"arcs":[[2467,2468,-2424,-2430,2469,2470]],"type":"Polygon","properties":{"POA_CODE21":"3033"}},{"arcs":[[-2403,-2418,-2425,-2469,2471,-2463]],"type":"Polygon","properties":{"POA_CODE21":"3034"}},{"arcs":[[2472,-2470,-2429,2473,2474,2475,2476,2477]],"type":"Polygon","properties":{"POA_CODE21":"3036"}},{"arcs":[[2478,-2475,2479,-2427,-2434,2480]],"type":"Polygon","properties":{"POA_CODE21":"3037"}},{"arcs":[[-2428,-2480,-2474]],"type":"Polygon","properties":{"POA_CODE21":"3038"}},{"arcs":[[2481,-2465,2482]],"type":"Polygon","properties":{"POA_CODE21":"3039"}},{"arcs":[[-2464,-2472,-2468,2483,2484,2485,2486,-2483]],"type":"Polygon","properties":{"POA_CODE21":"3040"}},{"arcs":[[2487,2488,2489,-2485,2490]],"type":"Polygon","properties":{"POA_CODE21":"3041"}},{"arcs":[[-2473,2491,2492,-2491,-2484,-2471]],"type":"Polygon","properties":{"POA_CODE21":"3042"}},{"arcs":[[2493,2494,-2488,-2493,2495,2496]],"type":"Polygon","properties":{"POA_CODE21":"3043"}},{"arcs":[[2497,2498,-2486,-2490,2499]],"type":"Polygon","properties":{"POA_CODE21":"3044"}},{"arcs":[[-2492,-2478,2500,2501,2502,-2496]],"type":"Polygon","properties":{"POA_CODE21":"3045"}},{"arcs":[[-2489,-2495,2503,2504,2505,-2500]],"type":"Polygon","properties":{"POA_CODE21":"3046"}},{"arcs":[[2506,2507,-2504,-2494,2508,2509]],"type":"Polygon","properties":{"POA_CODE21":"3047"}},{"arcs":[[-2510,2510,2511,2512,2513]],"type":"Polygon","properties":{"POA_CODE21":"3048"}},{"arcs":[[-2497,-2503,2514,-2511,-2509]],"type":"Polygon","properties":{"POA_CODE21":"3049"}},{"arcs":[[-2366,-2382,-2462,2515]],"type":"Polygon","properties":{"POA_CODE21":"3051"}},{"arcs":[[2516,-2367,-2516,-2461,-2467,2517,2518,2519]],"type":"Polygon","properties":{"POA_CODE21":"3052"}},{"arcs":[[2520,-2373,-2368,-2517,2521]],"type":"Polygon","properties":{"POA_CODE21":"3053"}},{"arcs":[[2522,-2522,-2520,2523,2524]],"type":"Polygon","properties":{"POA_CODE21":"3054"}},{"arcs":[[-2466,-2482,-2487,-2499,2525,2526,-2518]],"type":"Polygon","properties":{"POA_CODE21":"3055"}},{"arcs":[[-2524,-2519,-2527,2527,2528]],"type":"Polygon","properties":{"POA_CODE21":"3056"}},{"arcs":[[2529,-2525,-2529,2530,2531,2532]],"type":"Polygon","properties":{"POA_CODE21":"3057"}},{"arcs":[[2533,2534,2535,2536,-2531,-2528,-2526,-2498,-2506]],"type":"Polygon","properties":{"POA_CODE21":"3058"}},{"arcs":[[-2512,-2515,-2502,2537,2538,2539]],"type":"Polygon","properties":{"POA_CODE21":"3059"}},{"arcs":[[-2534,-2505,-2508,2540,2541]],"type":"Polygon","properties":{"POA_CODE21":"3060"}},{"arcs":[[2542,2543,-2541,-2507,-2514,2544]],"type":"Polygon","properties":{"POA_CODE21":"3061"}},{"arcs":[[-2545,2545,2546]],"type":"Polygon","properties":{"POA_CODE21":"3062"}},{"arcs":[[2547,2548,2549,2550,-2539]],"type":"Polygon","properties":{"POA_CODE21":"3063"}},{"arcs":[[2551,2552,2553,-2546,-2513,-2540,-2551,2554,2555]],"type":"Polygon","properties":{"POA_CODE21":"3064"}},{"arcs":[[2556,-2374,-2521,2557]],"type":"Polygon","properties":{"POA_CODE21":"3065"}},{"arcs":[[2558,2559,-2375,-2557]],"type":"Polygon","properties":{"POA_CODE21":"3066"}},{"arcs":[[2560,2561,2562,-2560,2563]],"type":"Polygon","properties":{"POA_CODE21":"3067"}},{"arcs":[[-2559,-2558,-2523,-2530,2564,2565,-2564]],"type":"Polygon","properties":{"POA_CODE21":"3068"}},{"arcs":[[-2533,2566,2567,-2565]],"type":"Polygon","properties":{"POA_CODE21":"3070"}},{"arcs":[[2568,2569,-2567,-2532,-2537,2570]],"type":"Polygon","properties":{"POA_CODE21":"3071"}},{"arcs":[[2571,2572,-2571,-2536,2573]],"type":"Polygon","properties":{"POA_CODE21":"3072"}},{"arcs":[[2574,-2574,-2535,-2542,2575,2576]],"type":"Polygon","properties":{"POA_CODE21":"3073"}},{"arcs":[[2577,-2576,-2544,2578,2579]],"type":"Polygon","properties":{"POA_CODE21":"3074"}},{"arcs":[[2580,2581,-2580,2582]],"type":"Polygon","properties":{"POA_CODE21":"3075"}},{"arcs":[[-2579,-2543,-2547,-2554,2583,2584,2585,-2583]],"type":"Polygon","properties":{"POA_CODE21":"3076"}},{"arcs":[[2586,2587,-2561,-2566,-2568,-2570,2588]],"type":"Polygon","properties":{"POA_CODE21":"3078"}},{"arcs":[[2589,2590,2591,-2589,-2569,-2573,2592,2593]],"type":"Polygon","properties":{"POA_CODE21":"3079"}},{"arcs":[[-2572,-2575,2594,2595,2596,-2593]],"type":"Polygon","properties":{"POA_CODE21":"3081"}},{"arcs":[[2597,-2581,-2586,2598,2599]],"type":"Polygon","properties":{"POA_CODE21":"3082"}},{"arcs":[[2600,-2595,-2577,-2578,-2582,-2598,2601,2602,2603]],"type":"Polygon","properties":{"POA_CODE21":"3083"}},{"arcs":[[-2594,-2597,2604,2605,2606,2607]],"type":"Polygon","properties":{"POA_CODE21":"3084"}},{"arcs":[[-2605,-2596,-2601,2608,2609,2610,2611]],"type":"Polygon","properties":{"POA_CODE21":"3085"}},{"arcs":[[-2609,-2604,2612]],"type":"Polygon","properties":{"POA_CODE21":"3087"}},{"arcs":[[2613,2614,2615,-2610,-2613,-2603,2616]],"type":"Polygon","properties":{"POA_CODE21":"3088"}},{"arcs":[[2617,-2614,2618,2619,2620,2621]],"type":"Polygon","properties":{"POA_CODE21":"3089"}},{"arcs":[[-2617,-2602,-2600,2622,2623,-2619]],"type":"Polygon","properties":{"POA_CODE21":"3090"}},{"arcs":[[2624,-2620,-2624,2625,2626]],"type":"Polygon","properties":{"POA_CODE21":"3091"}},{"arcs":[[2627,2628,-2606,-2612,2629,2630]],"type":"Polygon","properties":{"POA_CODE21":"3093"}},{"arcs":[[2631,-2630,-2611,-2616]],"type":"Polygon","properties":{"POA_CODE21":"3094"}},{"arcs":[[-2631,-2632,-2615,-2618,2632,2633,2634,2635]],"type":"Polygon","properties":{"POA_CODE21":"3095"}},{"arcs":[[-2633,-2622,2636,2637]],"type":"Polygon","properties":{"POA_CODE21":"3096"}},{"arcs":[[2638,2639,2640,-2634,-2638,2641,2642]],"type":"Polygon","properties":{"POA_CODE21":"3097"}},{"arcs":[[2643,2644,2645,-2642,-2637,-2621,-2625,2646,2647,2648]],"type":"Polygon","properties":{"POA_CODE21":"3099"}},{"arcs":[[2649,2650,2651,2652,-2562,-2588,2653]],"type":"Polygon","properties":{"POA_CODE21":"3101"}},{"arcs":[[-2587,-2592,2654,-2654]],"type":"Polygon","properties":{"POA_CODE21":"3102"}},{"arcs":[[2655,2656,2657,-2650,2658]],"type":"Polygon","properties":{"POA_CODE21":"3103"}},{"arcs":[[2659,2660,-2659,-2655,-2591,2661]],"type":"Polygon","properties":{"POA_CODE21":"3104"}},{"arcs":[[2662,-2662,-2590,-2608,2663]],"type":"Polygon","properties":{"POA_CODE21":"3105"}},{"arcs":[[2664,2665,-2628,-2636,2666,2667]],"type":"Polygon","properties":{"POA_CODE21":"3106"}},{"arcs":[[-2664,-2607,-2629,-2666,2668]],"type":"Polygon","properties":{"POA_CODE21":"3107"}},{"arcs":[[-2660,-2663,-2669,-2665,2669,2670]],"type":"Polygon","properties":{"POA_CODE21":"3108"}},{"arcs":[[2671,2672,2673,-2670,-2668]],"type":"Polygon","properties":{"POA_CODE21":"3109"}},{"arcs":[[2674,2675,2676,-2673,2677,2678,2679]],"type":"Polygon","properties":{"POA_CODE21":"3111"}},{"arcs":[[-2678,-2672,-2667,-2635,-2641,2680,2681,2682]],"type":"Polygon","properties":{"POA_CODE21":"3113"}},{"arcs":[[2683,-2679,-2683]],"type":"Polygon","properties":{"POA_CODE21":"3114"}},{"arcs":[[2684,-2681,-2640,2685,2686,2687]],"type":"Polygon","properties":{"POA_CODE21":"3115"}},{"arcs":[[2688,2689,-2687,2690,2691,2692]],"type":"Polygon","properties":{"POA_CODE21":"3116"}},{"arcs":[[2693,2694,-2388,-2376,-2563,2695]],"type":"Polygon","properties":{"POA_CODE21":"3121"}},{"arcs":[[2696,2697,-2696,-2653,2698]],"type":"Polygon","properties":{"POA_CODE21":"3122"}},{"arcs":[[2699,2700,-2699,-2652,2701,2702]],"type":"Polygon","properties":{"POA_CODE21":"3123"}},{"arcs":[[2703,-2703,2704,2705,2706]],"type":"Polygon","properties":{"POA_CODE21":"3124"}},{"arcs":[[2707,-2707,2708,2709,2710,2711,2712,2713]],"type":"Polygon","properties":{"POA_CODE21":"3125"}},{"arcs":[[-2702,-2651,-2658,2714,-2705]],"type":"Polygon","properties":{"POA_CODE21":"3126"}},{"arcs":[[2715,2716,-2709,-2706,-2715,-2657]],"type":"Polygon","properties":{"POA_CODE21":"3127"}},{"arcs":[[2717,-2710,-2717,2718]],"type":"Polygon","properties":{"POA_CODE21":"3128"}},{"arcs":[[-2671,2719,-2719,-2716,-2656,-2661]],"type":"Polygon","properties":{"POA_CODE21":"3129"}},{"arcs":[[-2677,2720,2721,-2711,-2718,-2720,-2674]],"type":"Polygon","properties":{"POA_CODE21":"3130"}},{"arcs":[[2722,-2721,-2676,2723,2724]],"type":"Polygon","properties":{"POA_CODE21":"3131"}},{"arcs":[[-2724,-2675,2725,2726]],"type":"Polygon","properties":{"POA_CODE21":"3132"}},{"arcs":[[-2727,2727,2728,2729,2730,-2725]],"type":"Polygon","properties":{"POA_CODE21":"3133"}},{"arcs":[[2731,-2728,-2726,-2680,-2684,-2682,-2685,2732,2733]],"type":"Polygon","properties":{"POA_CODE21":"3134"}},{"arcs":[[2734,-2734,2735,2736]],"type":"Polygon","properties":{"POA_CODE21":"3135"}},{"arcs":[[2737,-2736,-2733,-2688,-2690,2738,2739]],"type":"Polygon","properties":{"POA_CODE21":"3136"}},{"arcs":[[2740,2741,2742,-2740,2743,2744]],"type":"Polygon","properties":{"POA_CODE21":"3137"}},{"arcs":[[2745,2746,-2744,-2739,-2689]],"type":"Polygon","properties":{"POA_CODE21":"3138"}},{"arcs":[[2747,2748,2749,2750,2751,2752,2753,2754,2755,2756]],"type":"Polygon","properties":{"POA_CODE21":"3139"}},{"arcs":[[-2753,2757,2758,-2746,-2693,2759]],"type":"Polygon","properties":{"POA_CODE21":"3140"}},{"arcs":[[2760,2761,-2389,-2695]],"type":"Polygon","properties":{"POA_CODE21":"3141"}},{"arcs":[[-2698,2762,2763,2764,-2761,-2694]],"type":"Polygon","properties":{"POA_CODE21":"3142"}},{"arcs":[[2765,2766,2767,-2764,2768]],"type":"Polygon","properties":{"POA_CODE21":"3143"}},{"arcs":[[-2697,-2701,2769,2770,2771,-2769,-2763]],"type":"Polygon","properties":{"POA_CODE21":"3144"}},{"arcs":[[2772,2773,2774,2775,-2771,2776,2777,2778]],"type":"Polygon","properties":{"POA_CODE21":"3145"}},{"arcs":[[2779,-2777,-2770,-2700,-2704,-2708]],"type":"Polygon","properties":{"POA_CODE21":"3146"}},{"arcs":[[2780,2781,-2778,-2780,-2714]],"type":"Polygon","properties":{"POA_CODE21":"3147"}},{"arcs":[[2782,2783,-2779,-2782]],"type":"Polygon","properties":{"POA_CODE21":"3148"}},{"arcs":[[2784,2785,2786,-2783,-2781,-2713,2787]],"type":"Polygon","properties":{"POA_CODE21":"3149"}},{"arcs":[[2788,2789,2790,2791,2792,-2785,2793,-2730]],"type":"Polygon","properties":{"POA_CODE21":"3150"}},{"arcs":[[-2723,-2731,-2794,-2788,-2712,-2722]],"type":"Polygon","properties":{"POA_CODE21":"3151"}},{"arcs":[[2794,2795,2796,-2789,-2729,-2732,-2735,2797]],"type":"Polygon","properties":{"POA_CODE21":"3152"}},{"arcs":[[-2798,-2737,-2738,-2743,2798]],"type":"Polygon","properties":{"POA_CODE21":"3153"}},{"arcs":[[-2741,2799,2800,2801,2802,2803,2804]],"type":"Polygon","properties":{"POA_CODE21":"3154"}},{"arcs":[[2805,2806,2807,-2795,-2799,-2742,-2805]],"type":"Polygon","properties":{"POA_CODE21":"3155"}},{"arcs":[[2808,-2807,2809,2810,2811,2812,2813,2814]],"type":"Polygon","properties":{"POA_CODE21":"3156"}},{"arcs":[[-2811,2815,2816,2817]],"type":"Polygon","properties":{"POA_CODE21":"3158"}},{"arcs":[[2818,2819,2820,2821]],"type":"Polygon","properties":{"POA_CODE21":"3159"}},{"arcs":[[-2819,2822,2823,-2812,-2818,2824,2825]],"type":"Polygon","properties":{"POA_CODE21":"3160"}},{"arcs":[[-2766,-2772,-2776,2826,2827,2828]],"type":"Polygon","properties":{"POA_CODE21":"3161"}},{"arcs":[[-2827,-2775,2829,2830,2831,2832]],"type":"Polygon","properties":{"POA_CODE21":"3162"}},{"arcs":[[2833,2834,2835,-2830,-2774]],"type":"Polygon","properties":{"POA_CODE21":"3163"}},{"arcs":[[2836,2837,-2835,2838,2839]],"type":"Polygon","properties":{"POA_CODE21":"3165"}},{"arcs":[[-2784,-2787,2840,2841,-2839,-2834,-2773]],"type":"Polygon","properties":{"POA_CODE21":"3166"}},{"arcs":[[-2842,2842,2843,2844,-2840]],"type":"Polygon","properties":{"POA_CODE21":"3167"}},{"arcs":[[-2793,2845,2846,2847,-2843,-2841,-2786]],"type":"Polygon","properties":{"POA_CODE21":"3168"}},{"arcs":[[-2848,2848,2849,2850,-2844]],"type":"Polygon","properties":{"POA_CODE21":"3169"}},{"arcs":[[2851,2852,2853,2854,-2846,-2792]],"type":"Polygon","properties":{"POA_CODE21":"3170"}},{"arcs":[[2855,2856,-2849,-2847,-2855]],"type":"Polygon","properties":{"POA_CODE21":"3171"}},{"arcs":[[2857,2858,2859,2860,2861,-2850,-2857]],"type":"Polygon","properties":{"POA_CODE21":"3172"}},{"arcs":[[2862,2863,-2859,2864]],"type":"Polygon","properties":{"POA_CODE21":"3173"}},{"arcs":[[-2854,2865,-2865,-2858,-2856]],"type":"Polygon","properties":{"POA_CODE21":"3174"}},{"arcs":[[2866,2867,2868,2869,-2863,-2866,-2853,2870,2871,2872,2873,2874,2875]],"type":"Polygon","properties":{"POA_CODE21":"3175"}},{"arcs":[[2876,-2873,2877]],"type":"Polygon","properties":{"POA_CODE21":"3177"}},{"arcs":[[2878,-2871,-2852,-2791,2879,2880,-2815]],"type":"Polygon","properties":{"POA_CODE21":"3178"}},{"arcs":[[-2790,-2797,2881,-2880]],"type":"Polygon","properties":{"POA_CODE21":"3179"}},{"arcs":[[-2882,-2796,-2808,-2809,-2881]],"type":"Polygon","properties":{"POA_CODE21":"3180"}},{"arcs":[[2882,2883,-2383,-2762,-2765,-2768]],"type":"Polygon","properties":{"POA_CODE21":"3181"}},{"arcs":[[2884,2885,2886,2887,-2384,-2884]],"type":"Polygon","properties":{"POA_CODE21":"3182"}},{"arcs":[[2888,2889,-2885,-2883,-2767,-2829]],"type":"Polygon","properties":{"POA_CODE21":"3183"}},{"arcs":[[-2890,2890,2891,2892,-2886]],"type":"Polygon","properties":{"POA_CODE21":"3184"}},{"arcs":[[-2828,-2833,2893,2894,-2891,-2889]],"type":"Polygon","properties":{"POA_CODE21":"3185"}},{"arcs":[[2895,-2892,-2895,2896,2897]],"type":"Polygon","properties":{"POA_CODE21":"3186"}},{"arcs":[[2898,-2897,-2894,-2832,2899]],"type":"Polygon","properties":{"POA_CODE21":"3187"}},{"arcs":[[2900,2901,2902,2903,-2898,-2899]],"type":"Polygon","properties":{"POA_CODE21":"3188"}},{"arcs":[[2904,2905,2906,-2901,2907,-2837]],"type":"Polygon","properties":{"POA_CODE21":"3189"}},{"arcs":[[-2907,2908,2909,-2902]],"type":"Polygon","properties":{"POA_CODE21":"3190"}},{"arcs":[[2910,-2903,-2910,2911,2912]],"type":"Polygon","properties":{"POA_CODE21":"3191"}},{"arcs":[[-2906,2913,2914,2915,-2912,-2909]],"type":"Polygon","properties":{"POA_CODE21":"3192"}},{"arcs":[[-2913,-2916,2916,2917]],"type":"Polygon","properties":{"POA_CODE21":"3193"}},{"arcs":[[2918,-2917,-2915,2919,-2861,2920]],"type":"Polygon","properties":{"POA_CODE21":"3194"}},{"arcs":[[2921,-2921,-2860,-2864,-2870,2922]],"type":"Polygon","properties":{"POA_CODE21":"3195"}},{"arcs":[[2923,-2923,-2869,2924]],"type":"Polygon","properties":{"POA_CODE21":"3196"}},{"arcs":[[2925,2926,2927,-2925,-2868]],"type":"Polygon","properties":{"POA_CODE21":"3197"}},{"arcs":[[2928,-2927,2929,2930,2931]],"type":"Polygon","properties":{"POA_CODE21":"3198"}},{"arcs":[[2932,2933,-2932,2934,2935,2936]],"type":"Polygon","properties":{"POA_CODE21":"3199"}},{"arcs":[[-2931,2937,2938,-2935]],"type":"Polygon","properties":{"POA_CODE21":"3200"}},{"arcs":[[2939,-2938,-2930,-2926,-2867,2940,2941]],"type":"Polygon","properties":{"POA_CODE21":"3201"}},{"arcs":[[-2905,-2845,-2851,-2862,-2920,-2914]],"type":"Polygon","properties":{"POA_CODE21":"3202"}},{"arcs":[[-2838,-2908,-2900,-2831,-2836]],"type":"Polygon","properties":{"POA_CODE21":"3204"}},{"arcs":[[2942,-2392,-2390,-2386,2943]],"type":"Polygon","properties":{"POA_CODE21":"3205"}},{"arcs":[[-2385,-2888,2944,2945,-2944]],"type":"Polygon","properties":{"POA_CODE21":"3206"}},{"arcs":[[-2943,-2946,2946,-2409,-2378,-2393]],"type":"Polygon","properties":{"POA_CODE21":"3207"}},{"arcs":[[2947,2948,-2454,-2436,-2458,2949]],"type":"Polygon","properties":{"POA_CODE21":"3211"}},{"arcs":[[-2457,2950,2951,2952,-2950]],"type":"Polygon","properties":{"POA_CODE21":"3212"}},{"arcs":[[2953,2954,2955,2956,-2948,-2953,2957]],"type":"Polygon","properties":{"POA_CODE21":"3213"}},{"arcs":[[2958,2959,-2958,-2952]],"type":"Polygon","properties":{"POA_CODE21":"3214"}},{"arcs":[[2960,2961,-2954,-2960,2962]],"type":"Polygon","properties":{"POA_CODE21":"3215"}},{"arcs":[[2963,2964,2965,2966,2967,2968]],"type":"Polygon","properties":{"POA_CODE21":"3216"}},{"arcs":[[2969,2970,2971,2972,-2969,2973]],"type":"Polygon","properties":{"POA_CODE21":"3217"}},{"arcs":[[2974,-2966,2975,2976,2977,-2955,-2962]],"type":"Polygon","properties":{"POA_CODE21":"3218"}},{"arcs":[[-2974,-2968,2978,2979,2980]],"type":"Polygon","properties":{"POA_CODE21":"3219"}},{"arcs":[[-2961,2981,-2979,-2967,-2975]],"type":"Polygon","properties":{"POA_CODE21":"3220"}},{"arcs":[[2982,2983,-2976,-2965]],"type":"Polygon","properties":{"POA_CODE21":"3221"}},{"arcs":[[2984,2985,2986,2987,2988,2989]],"type":"Polygon","properties":{"POA_CODE21":"3222"}},{"arcs":[[2990,-2990,2991]],"type":"Polygon","properties":{"POA_CODE21":"3223"}},{"arcs":[[2992,-2970,-2981,2993,-2988]],"type":"Polygon","properties":{"POA_CODE21":"3224"}},{"arcs":[[2994,-2985,-2991,2995]],"type":"Polygon","properties":{"POA_CODE21":"3225"}},{"arcs":[[2996,-2986,-2995,2997]],"type":"Polygon","properties":{"POA_CODE21":"3226"}},{"arcs":[[2998,-2971,-2993,-2987,-2997,2999]],"type":"Polygon","properties":{"POA_CODE21":"3227"}},{"arcs":[[3000,3001,-2972,-2999,3002]],"type":"Polygon","properties":{"POA_CODE21":"3228"}},{"arcs":[[3003,3004,3005,-3001,3006]],"type":"Polygon","properties":{"POA_CODE21":"3230"}},{"arcs":[[3007,3008,3009,-3004,3010]],"type":"Polygon","properties":{"POA_CODE21":"3231"}},{"arcs":[[3011,3012,3013,-3008,3014]],"type":"Polygon","properties":{"POA_CODE21":"3232"}},{"arcs":[[3015,3016,3017,3018,3019]],"type":"Polygon","properties":{"POA_CODE21":"3233"}},{"arcs":[[-3019,3020,3021,3022,3023,-3012,3024]],"type":"Polygon","properties":{"POA_CODE21":"3234"}},{"arcs":[[3025,3026,3027,-3009,-3014]],"type":"Polygon","properties":{"POA_CODE21":"3235"}},{"arcs":[[3029,3030]],"type":"Polygon","properties":{"POA_CODE21":"3236"}},{"arcs":[[[3031,3032,-3017,3033]],[[3034,3035,3036,3037]]],"type":"MultiPolygon","properties":{"POA_CODE21":"3237"}},{"arcs":[[-3035,3038,-3034,-3016,3039]],"type":"Polygon","properties":{"POA_CODE21":"3238"}},{"arcs":[[-3032,-3039,-3038,3040,3041,3042,3043]],"type":"Polygon","properties":{"POA_CODE21":"3239"}},{"arcs":[[-2964,-2973,-3002,-3006,3044,3045,-2983]],"type":"Polygon","properties":{"POA_CODE21":"3240"}},{"arcs":[[-3045,-3005,-3010,-3028,3046,3047,3048,3049,3050]],"type":"Polygon","properties":{"POA_CODE21":"3241"}},{"arcs":[[3051,3052,-3047,-3027,3053]],"type":"Polygon","properties":{"POA_CODE21":"3242"}},{"arcs":[[[-3024,3054,-3030,3055,-3054,-3026,-3013]],[[3056,-3048,-3053]]],"type":"MultiPolygon","properties":{"POA_CODE21":"3243"}},{"arcs":[[-3055,-3023,-3029,-3021,-3018,-3033,-3044,3057,3058,3059,-3049,-3057,-3052,-3056,-3031],[3060,3061]],"type":"Polygon","properties":{"POA_CODE21":"3249"}},{"arcs":[[3062,-3061]],"type":"Polygon","properties":{"POA_CODE21":"3250"}},{"arcs":[[3063,3064,3065,3066,-3050,-3060]],"type":"Polygon","properties":{"POA_CODE21":"3251"}},{"arcs":[[-3063,-3062]],"type":"Polygon","properties":{"POA_CODE21":"3254"}},{"arcs":[[3067,3068,-3059,3069,3070,3071,3072]],"type":"Polygon","properties":{"POA_CODE21":"3260"}},{"arcs":[[3073]],"type":"Polygon","properties":{"POA_CODE21":"3264"}},{"arcs":[[3074,3075,3076,3077,3078,3079,3080,-3071,3081,3082,3083],[-3074]],"type":"Polygon","properties":{"POA_CODE21":"3265"}},{"arcs":[[-3058,-3043,3084,3085,3086,-3082,-3070]],"type":"Polygon","properties":{"POA_CODE21":"3266"}},{"arcs":[[3087,-3086]],"type":"Polygon","properties":{"POA_CODE21":"3267"}},{"arcs":[[-3088,-3085,-3042,3088,3089,3090,3091,-3083,-3087]],"type":"Polygon","properties":{"POA_CODE21":"3268"}},{"arcs":[[3092,-3089,-3041,-3037,3093]],"type":"Polygon","properties":{"POA_CODE21":"3269"}},{"arcs":[[-3093,3094,-3090]],"type":"Polygon","properties":{"POA_CODE21":"3270"}},{"arcs":[[-3081,3095,3096,3097,3098,-3072]],"type":"Polygon","properties":{"POA_CODE21":"3271"}},{"arcs":[[3099,3100,3101,-3096,-3080]],"type":"Polygon","properties":{"POA_CODE21":"3272"}},{"arcs":[[-3100,-3079,3102,3103,3104]],"type":"Polygon","properties":{"POA_CODE21":"3273"}},{"arcs":[[3105,3106,3107,3108,3109,-3104]],"type":"Polygon","properties":{"POA_CODE21":"3274"}},{"arcs":[[3110,3111]],"type":"Polygon","properties":{"POA_CODE21":"3275"}},{"arcs":[[-3078,3112,3113,3114,3115,3116,-3106,-3103]],"type":"Polygon","properties":{"POA_CODE21":"3276"}},{"arcs":[[-3092,3117,3118,3119,-3084]],"type":"Polygon","properties":{"POA_CODE21":"3277"}},{"arcs":[[3120,3121,-3076,3122]],"type":"Polygon","properties":{"POA_CODE21":"3278"}},{"arcs":[[[-3075,-3120,3123,3124,-3123]],[[-3122,3125,-3113,-3077]]],"type":"MultiPolygon","properties":{"POA_CODE21":"3279"}},{"arcs":[[-3124,-3119,3126,3127,3128,3129]],"type":"Polygon","properties":{"POA_CODE21":"3280"}},{"arcs":[[3130,-3114,-3126,-3121,-3125,-3130,3131,-3111,3132]],"type":"Polygon","properties":{"POA_CODE21":"3281"}},{"arcs":[[3133,3134,-3115,-3131,3135,-3128]],"type":"Polygon","properties":{"POA_CODE21":"3282"}},{"arcs":[[[-3132,-3129,-3136,-3133,-3112]],[[3136,3137,3138,3139,3140,-3116,-3135]]],"type":"MultiPolygon","properties":{"POA_CODE21":"3283"}},{"arcs":[[3141,3142,3143,3144,-3140,3145,-3138,3146]],"type":"Polygon","properties":{"POA_CODE21":"3284"}},{"arcs":[[[-3139,-3146]],[[3147,3148,3149,-3142]]],"type":"MultiPolygon","properties":{"POA_CODE21":"3285"}},{"arcs":[[3150,3151,3152,3153,3154,3155]],"type":"Polygon","properties":{"POA_CODE21":"3286"}},{"arcs":[[-3117,-3141,-3145,3156,-3152,3157,-3107]],"type":"Polygon","properties":{"POA_CODE21":"3287"}},{"arcs":[[-3158,-3151,3158,3159,-3108]],"type":"Polygon","properties":{"POA_CODE21":"3289"}},{"arcs":[[3160,3161,3162,3163]],"type":"Polygon","properties":{"POA_CODE21":"3292"}},{"arcs":[[-3109,3164,3165]],"type":"Polygon","properties":{"POA_CODE21":"3293"}},{"arcs":[[-3165,-3160,3166,3167,3168]],"type":"Polygon","properties":{"POA_CODE21":"3294"}},{"arcs":[[3169,3170]],"type":"Polygon","properties":{"POA_CODE21":"3300"}},{"arcs":[[[-3157,-3144,3171,-3153]],[[3172,3173,3174,-3167,-3159,-3156,3175,3176,-3171,3177]]],"type":"MultiPolygon","properties":{"POA_CODE21":"3301"}},{"arcs":[[3178,3179,-3178,-3170,-3177,3180]],"type":"Polygon","properties":{"POA_CODE21":"3302"}},{"arcs":[[-3155,3181,3182,-3181,-3176]],"type":"Polygon","properties":{"POA_CODE21":"3303"}},{"arcs":[[-3154,-3172,-3143,-3150,3183,-3163,3184,3185,3186,-3182]],"type":"Polygon","properties":{"POA_CODE21":"3304"}},{"arcs":[[-3164,-3184,-3149,3187]],"type":"Polygon","properties":{"POA_CODE21":"3305"}},{"arcs":[[3188,-3179,-3183,-3187,3189]],"type":"Polygon","properties":{"POA_CODE21":"3309"}},{"arcs":[[-3180,-3189,3190,3191,-3173]],"type":"Polygon","properties":{"POA_CODE21":"3310"}},{"arcs":[[3192,3193]],"type":"Polygon","properties":{"POA_CODE21":"3311"}},{"arcs":[[-3191,-3190,-3186,3194,3195,3196,3197,3198,3199,3200,-3194,3201]],"type":"Polygon","properties":{"POA_CODE21":"3312"}},{"arcs":[[3202,3203,3204,3205,3206,-3168,-3175]],"type":"Polygon","properties":{"POA_CODE21":"3314"}},{"arcs":[[-3203,-3174,-3192,-3202,-3193,-3201,3207,3208,3209]],"type":"Polygon","properties":{"POA_CODE21":"3315"}},{"arcs":[[3210,3211,-3209,3212,3213]],"type":"Polygon","properties":{"POA_CODE21":"3317"}},{"arcs":[[3214,3215,3216,3217,3218,-3213,-3208,-3200]],"type":"Polygon","properties":{"POA_CODE21":"3318"}},{"arcs":[[-3216,3219,3220,3221]],"type":"Polygon","properties":{"POA_CODE21":"3319"}},{"arcs":[[-3046,-3051,-3067,3222,3223,3224,-2977,-2984]],"type":"Polygon","properties":{"POA_CODE21":"3321"}},{"arcs":[[3225,3226,-3065,3227,3228]],"type":"Polygon","properties":{"POA_CODE21":"3322"}},{"arcs":[[-3228,-3064,-3069,3229,3230,3231,3232]],"type":"Polygon","properties":{"POA_CODE21":"3323"}},{"arcs":[[-3068,3233,3234,3235,-3230]],"type":"Polygon","properties":{"POA_CODE21":"3324"}},{"arcs":[[3236,-3234,-3073,-3099]],"type":"Polygon","properties":{"POA_CODE21":"3325"}},{"arcs":[[-3224,3237,3238,3239]],"type":"Polygon","properties":{"POA_CODE21":"3328"}},{"arcs":[[3240,-3238,-3223,-3066,-3227,3241,3242,3243]],"type":"Polygon","properties":{"POA_CODE21":"3329"}},{"arcs":[[3244,3245,3246,-3242,-3226]],"type":"Polygon","properties":{"POA_CODE21":"3330"}},{"arcs":[[3247,3248,-2956,-2978,-3225,-3240,3249,3250]],"type":"Polygon","properties":{"POA_CODE21":"3331"}},{"arcs":[[-3239,-3241,3251,-3250]],"type":"Polygon","properties":{"POA_CODE21":"3332"}},{"arcs":[[-3244,3252,3253,3254,-3251,-3252]],"type":"Polygon","properties":{"POA_CODE21":"3333"}},{"arcs":[[-3254,3255,3256]],"type":"Polygon","properties":{"POA_CODE21":"3334"}},{"arcs":[[-2451,-2439,3257,3258,3259,3260]],"type":"Polygon","properties":{"POA_CODE21":"3335"}},{"arcs":[[-2452,-3261,3261,-2481,-2433]],"type":"Polygon","properties":{"POA_CODE21":"3336"}},{"arcs":[[3262,-3259,3263,3264,3265]],"type":"Polygon","properties":{"POA_CODE21":"3337"}},{"arcs":[[-2456,3266,-3264,-3258,-2438]],"type":"Polygon","properties":{"POA_CODE21":"3338"}},{"arcs":[[-2949,-2957,-3249,3267,3268,3269,3270,-3265,-3267,-2455]],"type":"Polygon","properties":{"POA_CODE21":"3340"}},{"arcs":[[-3269,3271,3272]],"type":"Polygon","properties":{"POA_CODE21":"3341"}},{"arcs":[[3273,-3272,-3268,-3248,-3255,-3257,3274,3275,3276,3277]],"type":"Polygon","properties":{"POA_CODE21":"3342"}},{"arcs":[[3278,-3276]],"type":"Polygon","properties":{"POA_CODE21":"3345"}},{"arcs":[[3279,3280,3281,3282,3283,3284,3285]],"type":"Polygon","properties":{"POA_CODE21":"3350"}},{"arcs":[[[-3097,-3102,3286,3287,3288,3289,3290]],[[-3246,3291,-3232,3292,3293,3294,3295,3296,3297,3298,3299]]],"type":"MultiPolygon","properties":{"POA_CODE21":"3351"}},{"arcs":[[[-3292,-3245,-3229,-3233]],[[3300,-3285,3301,-3296,3302,3303,3304,3305,3306,3307,3308,3309,3310,3311,3312,3313,-3277,-3279,-3275,-3256,-3253,-3243,-3247,-3300,3314,-3282,3315,-3280]]],"type":"MultiPolygon","properties":{"POA_CODE21":"3352"}},{"arcs":[[-3301,-3286]],"type":"Polygon","properties":{"POA_CODE21":"3355"}},{"arcs":[[-3317,-3298,3317,-3283,-3315]],"type":"Polygon","properties":{"POA_CODE21":"3356"}},{"arcs":[[-3316,-3281]],"type":"Polygon","properties":{"POA_CODE21":"3357"}},{"arcs":[[-3302,-3284,-3318,-3297]],"type":"Polygon","properties":{"POA_CODE21":"3358"}},{"arcs":[[-3231,-3236,3318,-3293]],"type":"Polygon","properties":{"POA_CODE21":"3360"}},{"arcs":[[-3235,-3237,-3098,-3291,3319,-3294,-3319]],"type":"Polygon","properties":{"POA_CODE21":"3361"}},{"arcs":[[[3320,-3308,3321,3322]],[[-3312,3323,-3310,3324,3325,3326]],[[3327,3328]]],"type":"MultiPolygon","properties":{"POA_CODE21":"3363"}},{"arcs":[[[3329,-3325,-3309,-3321]],[[-3324,-3311]],[[3330,-3313,-3327,3331,3332,3333,3334,3335,3336,3337,-3329]]],"type":"MultiPolygon","properties":{"POA_CODE21":"3364"}},{"arcs":[[3338,-3332,-3326,-3330,-3323,3339]],"type":"Polygon","properties":{"POA_CODE21":"3370"}},{"arcs":[[-3322,-3307,3340,-3340]],"type":"Polygon","properties":{"POA_CODE21":"3371"}},{"arcs":[[-3303,-3295,-3320,-3290,3341,3342,3343,3344,3345]],"type":"Polygon","properties":{"POA_CODE21":"3373"}},{"arcs":[[3346,3347,3348,3349]],"type":"Polygon","properties":{"POA_CODE21":"3374"}},{"arcs":[[3350,3351,-3343]],"type":"Polygon","properties":{"POA_CODE21":"3375"}},{"arcs":[[3352,-3288,3353,3354,-3350,3355,3356,-3344,-3352]],"type":"Polygon","properties":{"POA_CODE21":"3377"}},{"arcs":[[-3353,-3351,-3342,-3289]],"type":"Polygon","properties":{"POA_CODE21":"3378"}},{"arcs":[[-3287,-3101,-3105,-3110,-3166,-3169,-3207,3357,-3354]],"type":"Polygon","properties":{"POA_CODE21":"3379"}},{"arcs":[[-3348,3358,3359,3360,3361]],"type":"Polygon","properties":{"POA_CODE21":"3380"}},{"arcs":[[-3359,-3347,-3355,-3358,-3206,3362,3363]],"type":"Polygon","properties":{"POA_CODE21":"3381"}},{"arcs":[[-3349,-3362,3364,3365,3366,3367,-3356]],"type":"Polygon","properties":{"POA_CODE21":"3384"}},{"arcs":[[-3364,3368,3369,3370,3371,-3360]],"type":"Polygon","properties":{"POA_CODE21":"3385"}},{"arcs":[[3372,-3365,-3361,-3372,3373]],"type":"Polygon","properties":{"POA_CODE21":"3387"}},{"arcs":[[3374,3375,3376,3377,-3374,-3371]],"type":"Polygon","properties":{"POA_CODE21":"3388"}},{"arcs":[[3378,3379,-3375,-3370,3380]],"type":"Polygon","properties":{"POA_CODE21":"3390"}},{"arcs":[[3381,3382]],"type":"Polygon","properties":{"POA_CODE21":"3391"}},{"arcs":[[-3376,-3380,3383,3384]],"type":"Polygon","properties":{"POA_CODE21":"3392"}},{"arcs":[[-3379,3385,3386,3387,3388,3389,-3382,3390,3391,3392,3393,-3384]],"type":"Polygon","properties":{"POA_CODE21":"3393"}},{"arcs":[[-3390,3394,3395,3396,3397,-3391,-3383]],"type":"Polygon","properties":{"POA_CODE21":"3395"}},{"arcs":[[3398,3399,3400,-3396,3401]],"type":"Polygon","properties":{"POA_CODE21":"3396"}},{"arcs":[[3402]],"type":"Polygon","properties":{"POA_CODE21":"3400"}},{"arcs":[[[-3386,-3381,-3369,-3363,-3205,3403,-3211,3404,3405,3406],[-3403]],[[-3218,3407,3408,3409,3410]]],"type":"MultiPolygon","properties":{"POA_CODE21":"3401"}},{"arcs":[[-3204,-3210,-3212,-3404]],"type":"Polygon","properties":{"POA_CODE21":"3407"}},{"arcs":[[-3214,-3219,-3411,3411,-3405]],"type":"Polygon","properties":{"POA_CODE21":"3409"}},{"arcs":[[3412,-3409,3413]],"type":"Polygon","properties":{"POA_CODE21":"3412"}},{"arcs":[[-3408,-3217,-3222,3414,3415,3416,3417,3418,-3414]],"type":"Polygon","properties":{"POA_CODE21":"3413"}},{"arcs":[[3419,3420,-3387,-3407]],"type":"Polygon","properties":{"POA_CODE21":"3414"}},{"arcs":[[3421,3422]],"type":"Polygon","properties":{"POA_CODE21":"3415"}},{"arcs":[[3423,-3420,-3406,-3412,-3410,-3413,-3419,3424,-3423,3425,3426,3427,3428]],"type":"Polygon","properties":{"POA_CODE21":"3418"}},{"arcs":[[-3425,-3418,3429,-3426,-3422]],"type":"Polygon","properties":{"POA_CODE21":"3419"}},{"arcs":[[-3430,-3417,3430,3431,3432,3433,3434,-3427]],"type":"Polygon","properties":{"POA_CODE21":"3420"}},{"arcs":[[-3424,3435,-3388,-3421]],"type":"Polygon","properties":{"POA_CODE21":"3423"}},{"arcs":[[-3429,3436,3437,-3402,-3395,-3389,-3436]],"type":"Polygon","properties":{"POA_CODE21":"3424"}},{"arcs":[[3438,-2476,-2479,-3262,-3260,-3263,3439,3440]],"type":"Polygon","properties":{"POA_CODE21":"3427"}},{"arcs":[[-2477,-3439,3441,-2548,-2538,-2501]],"type":"Polygon","properties":{"POA_CODE21":"3428"}},{"arcs":[[3442,-2549,-3442,-3441,3443,3444]],"type":"Polygon","properties":{"POA_CODE21":"3429"}},{"arcs":[[3445,3446,3447,3448,-2555,-2550,-3443]],"type":"Polygon","properties":{"POA_CODE21":"3430"}},{"arcs":[[3449,3450,3451,3452,3453,3454,-3446,-3445]],"type":"Polygon","properties":{"POA_CODE21":"3431"}},{"arcs":[[-3447,-3455,3455,3456]],"type":"Polygon","properties":{"POA_CODE21":"3432"}},{"arcs":[[-3454,3457,3458,-3456]],"type":"Polygon","properties":{"POA_CODE21":"3433"}},{"arcs":[[-3453,3459,3460,3461,3462,3463,3464,-3458]],"type":"Polygon","properties":{"POA_CODE21":"3434"}},{"arcs":[[3465,3466,3467,3468,3469,-3462]],"type":"Polygon","properties":{"POA_CODE21":"3435"}},{"arcs":[[-3450,-3444,-3440,-3266,-3271,3470,3471,3472,3473]],"type":"Polygon","properties":{"POA_CODE21":"3437"}},{"arcs":[[3474,-3451,-3474,3475]],"type":"Polygon","properties":{"POA_CODE21":"3438"}},{"arcs":[[-3476,-3473,3476,3477]],"type":"Polygon","properties":{"POA_CODE21":"3440"}},{"arcs":[[-3452,-3475,-3478,3478,-3460]],"type":"Polygon","properties":{"POA_CODE21":"3441"}},{"arcs":[[-3472,3479,3480,-3466,-3461,-3479,-3477]],"type":"Polygon","properties":{"POA_CODE21":"3442"}},{"arcs":[[3481,3482,3483,3484,3485,3486,3487,-3467,-3481]],"type":"Polygon","properties":{"POA_CODE21":"3444"}},{"arcs":[[3488,3489,3490,3491,-3484]],"type":"Polygon","properties":{"POA_CODE21":"3446"}},{"arcs":[[3492,3493,-3491]],"type":"Polygon","properties":{"POA_CODE21":"3447"}},{"arcs":[[-3492,-3494,3494,3495,3496,-3485]],"type":"Polygon","properties":{"POA_CODE21":"3448"}},{"arcs":[[3497]],"type":"Polygon","properties":{"POA_CODE21":"3450"}},{"arcs":[[3498,3499,3500,3501,-3495,-3493,-3490],[-3498]],"type":"Polygon","properties":{"POA_CODE21":"3451"}},{"arcs":[[3502,3503,-3496,-3502,3504,3505]],"type":"Polygon","properties":{"POA_CODE21":"3453"}},{"arcs":[[-3480,-3471,-3270,-3273,-3274,3506,-3482]],"type":"Polygon","properties":{"POA_CODE21":"3458"}},{"arcs":[[3507,-3337]],"type":"Polygon","properties":{"POA_CODE21":"3460"}},{"arcs":[[-3336,3508,-3499,-3489,-3483,-3507,-3278,-3314,-3331,-3328,-3338,-3508]],"type":"Polygon","properties":{"POA_CODE21":"3461"}},{"arcs":[[-3335,3509,-3500,-3509]],"type":"Polygon","properties":{"POA_CODE21":"3462"}},{"arcs":[[3510,3511,-3505,-3501,-3510,-3334,3512,3513,3514,3515]],"type":"Polygon","properties":{"POA_CODE21":"3463"}},{"arcs":[[3516,-3514,3517]],"type":"Polygon","properties":{"POA_CODE21":"3464"}},{"arcs":[[-3518,-3513,-3333,-3339,-3341,-3306,3518,3519,3520,3521,3522]],"type":"Polygon","properties":{"POA_CODE21":"3465"}},{"arcs":[[3523,3524,-3519,-3305]],"type":"Polygon","properties":{"POA_CODE21":"3467"}},{"arcs":[[3525,3526,-3524,-3304,-3346]],"type":"Polygon","properties":{"POA_CODE21":"3468"}},{"arcs":[[-3526,-3345,-3357,-3368,3527]],"type":"Polygon","properties":{"POA_CODE21":"3469"}},{"arcs":[[-3517,-3523,3528,3529,3530,3531,-3515]],"type":"Polygon","properties":{"POA_CODE21":"3472"}},{"arcs":[[-3522,3532,3533,-3529]],"type":"Polygon","properties":{"POA_CODE21":"3475"}},{"arcs":[[3534,3535,-3533,-3521,3536,-3366,-3373,-3378,3537,3538,3539],[3540]],"type":"Polygon","properties":{"POA_CODE21":"3477"}},{"arcs":[[[-3527,-3528,-3367,-3537,-3520,-3525]],[[-3535,3541,3542]],[[3543,-3539,3544]],[[-3541]]],"type":"MultiPolygon","properties":{"POA_CODE21":"3478"}},{"arcs":[[-3377,-3385,-3394,3545,3546,3547,-3545,-3538]],"type":"Polygon","properties":{"POA_CODE21":"3480"}},{"arcs":[[3548,-3546,-3393,3549]],"type":"Polygon","properties":{"POA_CODE21":"3482"}},{"arcs":[[3550,3551,-3550,-3392,-3398,3552,3553]],"type":"Polygon","properties":{"POA_CODE21":"3483"}},{"arcs":[[3554,3555,-3553,-3397,-3401,3556,3557]],"type":"Polygon","properties":{"POA_CODE21":"3485"}},{"arcs":[[-3400,3558,3559,3560,-3557]],"type":"Polygon","properties":{"POA_CODE21":"3487"}},{"arcs":[[3561,-3560,3562,3563]],"type":"Polygon","properties":{"POA_CODE21":"3488"}},{"arcs":[[3564,-3564,3565,3566]],"type":"Polygon","properties":{"POA_CODE21":"3489"}},{"arcs":[[3567,-3437,-3428,-3435,3568,3569,3570,3571,3572,3573,3574,3575,3576,3577,-1834,3578,3579,3580,3581,3582,3583,-3567,3584,3585],[3586]],"type":"Polygon","properties":{"POA_CODE21":"3490"}},{"arcs":[[-3563,-3559,-3399,-3438,-3568,3587,-3585,-3566]],"type":"Polygon","properties":{"POA_CODE21":"3491"}},{"arcs":[[3588,-3580,3589,3590,3591,-2040]],"type":"Polygon","properties":{"POA_CODE21":"3494"}},{"arcs":[[[3592,3593,-3590,-3579,-1833]],[[-3578,3594,3595,-1835]],[[-2041,-3592,3596,3597]]],"type":"MultiPolygon","properties":{"POA_CODE21":"3496"}},{"arcs":[[3598,3599,3600,-2042,-3598]],"type":"Polygon","properties":{"POA_CODE21":"3498"}},{"arcs":[[-2044,3601,-3600,3602,3603,-2047]],"type":"Polygon","properties":{"POA_CODE21":"3500"}},{"arcs":[[[-3581,-3589,-2039,-2035,3604]],[[-3602,-2043,-3601]],[[-3603,-3599,-3597,-3591,-3594,3605]]],"type":"MultiPolygon","properties":{"POA_CODE21":"3501"}},{"arcs":[[-3606,-3593,-1832,-1994,-2046,-3604]],"type":"Polygon","properties":{"POA_CODE21":"3505"}},{"arcs":[[3606,-3573]],"type":"Polygon","properties":{"POA_CODE21":"3506"}},{"arcs":[[-3588,-3586]],"type":"Polygon","properties":{"POA_CODE21":"3507"}},{"arcs":[[-3587]],"type":"Polygon","properties":{"POA_CODE21":"3509"}},{"arcs":[[3607,-3574,-3607,-3572]],"type":"Polygon","properties":{"POA_CODE21":"3512"}},{"arcs":[[-3511,3608,3609,3610,3611]],"type":"Polygon","properties":{"POA_CODE21":"3515"}},{"arcs":[[3612,-3610,3613,3614,3615]],"type":"Polygon","properties":{"POA_CODE21":"3516"}},{"arcs":[[3616,-3531,3617,3618,3619,3620,3621,3622,3623,3624,-3615]],"type":"Polygon","properties":{"POA_CODE21":"3517"}},{"arcs":[[-3530,-3534,-3536,-3543,3625,3626,3627,-3620,3628,-3618]],"type":"Polygon","properties":{"POA_CODE21":"3518"}},{"arcs":[[-3619,-3629]],"type":"Polygon","properties":{"POA_CODE21":"3520"}},{"arcs":[[-3469,3629,3630]],"type":"Polygon","properties":{"POA_CODE21":"3521"}},{"arcs":[[-3468,-3488,3631,3632,3633,-3630]],"type":"Polygon","properties":{"POA_CODE21":"3522"}},{"arcs":[[-3632,-3487,3634,3635,3636,3637,3638]],"type":"Polygon","properties":{"POA_CODE21":"3523"}},{"arcs":[[-3542,-3540,-3544,-3548,3639,3640,-3626]],"type":"Polygon","properties":{"POA_CODE21":"3525"}},{"arcs":[[-3547,-3549,-3552,3641,3642,3643,3644,3645,-3640]],"type":"Polygon","properties":{"POA_CODE21":"3527"}},{"arcs":[[-3642,-3551,3646]],"type":"Polygon","properties":{"POA_CODE21":"3529"}},{"arcs":[[-3556,3647,3648,3649,-3643,-3647,-3554]],"type":"Polygon","properties":{"POA_CODE21":"3530"}},{"arcs":[[-3648,-3555,3650,3651]],"type":"Polygon","properties":{"POA_CODE21":"3531"}},{"arcs":[[-3651,-3558,-3561,-3562,-3565,-3584,3652,3653,3654]],"type":"Polygon","properties":{"POA_CODE21":"3533"}},{"arcs":[[3655,3656,-3627,-3641,-3646,3657,3658]],"type":"Polygon","properties":{"POA_CODE21":"3537"}},{"arcs":[[-3658,-3645,3659,3660]],"type":"Polygon","properties":{"POA_CODE21":"3540"}},{"arcs":[[3661,3662,3663,-3660,-3644,-3650]],"type":"Polygon","properties":{"POA_CODE21":"3542"}},{"arcs":[[-3662,-3649,-3652,-3655,3664]],"type":"Polygon","properties":{"POA_CODE21":"3544"}},{"arcs":[[3665,3666,3667,-3653,-3583,3668]],"type":"Polygon","properties":{"POA_CODE21":"3546"}},{"arcs":[[3669,-3669,-3582,-3605,-2038]],"type":"Polygon","properties":{"POA_CODE21":"3549"}},{"arcs":[[3670,3671,3672,3673]],"type":"Polygon","properties":{"POA_CODE21":"3550"}},{"arcs":[[[3674,3675,3676,3677,3678,-3635,-3486,-3497,-3504,3679,-3674]],[[-3672,3680,-3506,-3512,-3612,3681]],[[-3609,-3516,-3532,-3617,-3614]]],"type":"MultiPolygon","properties":{"POA_CODE21":"3551"}},{"arcs":[[-3680,-3503,-3681,-3671]],"type":"Polygon","properties":{"POA_CODE21":"3555"}},{"arcs":[[-3682,-3611,-3613,3682,-3675,-3673]],"type":"Polygon","properties":{"POA_CODE21":"3556"}},{"arcs":[[3683,3684,-3677]],"type":"Polygon","properties":{"POA_CODE21":"3557"}},{"arcs":[[-3678,-3685,3685,3686,3687,3688,3689]],"type":"Polygon","properties":{"POA_CODE21":"3558"}},{"arcs":[[[3690,3691,-3636,-3679,-3690,3692,3693]],[[-3686,-3684,3694]]],"type":"MultiPolygon","properties":{"POA_CODE21":"3559"}},{"arcs":[[-3689,3695,3696,3697,3698,3699,3700,3701,-3693]],"type":"Polygon","properties":{"POA_CODE21":"3561"}},{"arcs":[[3702,3703,3704,-2007]],"type":"Polygon","properties":{"POA_CODE21":"3562"}},{"arcs":[[3705,3706,3707,-3697]],"type":"Polygon","properties":{"POA_CODE21":"3563"}},{"arcs":[[[-3705,3708,3709,3710,-2008]],[[3711,3712,3713,-3698,3714,3715,-3703,-2014]]],"type":"MultiPolygon","properties":{"POA_CODE21":"3564"}},{"arcs":[[-3708,3716,-3715]],"type":"Polygon","properties":{"POA_CODE21":"3565"}},{"arcs":[[3717,3718,-2009,-3711]],"type":"Polygon","properties":{"POA_CODE21":"3566"}},{"arcs":[[3719,3720,-2010,-3719]],"type":"Polygon","properties":{"POA_CODE21":"3567"}},{"arcs":[[-2011,-3721,3721,3722,3723,-2018]],"type":"Polygon","properties":{"POA_CODE21":"3568"}},{"arcs":[[3724,-3687,-3695,-3676,-3683,-3616,-3625,3725]],"type":"Polygon","properties":{"POA_CODE21":"3570"}},{"arcs":[[-3624,3726,3727,-3726]],"type":"Polygon","properties":{"POA_CODE21":"3571"}},{"arcs":[[3728,-3706,-3696,-3688,-3725,-3728]],"type":"Polygon","properties":{"POA_CODE21":"3572"}},{"arcs":[[-3729,-3727,-3623,3729,-3709,-3704,-3716,-3717,-3707]],"type":"Polygon","properties":{"POA_CODE21":"3573"}},{"arcs":[[-3622,3730,-3656,3731,-3722,-3720,-3718,-3710,-3730]],"type":"Polygon","properties":{"POA_CODE21":"3575"}},{"arcs":[[-3731,-3621,-3628,-3657]],"type":"Polygon","properties":{"POA_CODE21":"3576"}},{"arcs":[[-3732,-3659,-3661,-3664,3732,3733,3734,3735,3736,-2021,-2015,3737,-3723],[3738]],"type":"Polygon","properties":{"POA_CODE21":"3579"}},{"arcs":[[-3724,-3738,-2019]],"type":"Polygon","properties":{"POA_CODE21":"3580"}},{"arcs":[[-3739]],"type":"Polygon","properties":{"POA_CODE21":"3581"}},{"arcs":[[3739,-3735,3740]],"type":"Polygon","properties":{"POA_CODE21":"3583"}},{"arcs":[[3741,-3741,-3734,3742,3743]],"type":"Polygon","properties":{"POA_CODE21":"3584"}},{"arcs":[[[-3733,-3663,-3665,-3654,-3668,3744,3745,3746,3747,3748,3749,3750,3751,-2023,3752,-3743]],[[-3736,-3740,-3742,3753]]],"type":"MultiPolygon","properties":{"POA_CODE21":"3585"}},{"arcs":[[[-3737,-3754,-3744,-3753,-2022]],[[3754,3755,3756,-2031,-2024,-3752]],[[3757,-3750]]],"type":"MultiPolygon","properties":{"POA_CODE21":"3586"}},{"arcs":[[-3755,-3751,-3758,-3749,3758]],"type":"Polygon","properties":{"POA_CODE21":"3588"}},{"arcs":[[-3759,-3748,3759,3760,-3756]],"type":"Polygon","properties":{"POA_CODE21":"3589"}},{"arcs":[[-3757,-3761,3761,-2032]],"type":"Polygon","properties":{"POA_CODE21":"3590"}},{"arcs":[[3762,3763,-2033,-3762,-3760,-3747]],"type":"Polygon","properties":{"POA_CODE21":"3591"}},{"arcs":[[3764,3765,-2027,-3764]],"type":"Polygon","properties":{"POA_CODE21":"3594"}},{"arcs":[[3766,-3765,-3763,-3746]],"type":"Polygon","properties":{"POA_CODE21":"3595"}},{"arcs":[[-3767,-3745,-3667,3767,-2028,-3766]],"type":"Polygon","properties":{"POA_CODE21":"3596"}},{"arcs":[[-2029,-3768,-3666,-3670,-2037,-1989,3768,-1987,-2034]],"type":"Polygon","properties":{"POA_CODE21":"3597"}},{"arcs":[[-1988,-3769]],"type":"Polygon","properties":{"POA_CODE21":"3599"}},{"arcs":[[3769,3770,3771,3772,3773]],"type":"Polygon","properties":{"POA_CODE21":"3607"}},{"arcs":[[3774,3775,-3638,3776,3777,3778,3779,-3774]],"type":"Polygon","properties":{"POA_CODE21":"3608"}},{"arcs":[[3780,3781,3782,3783,3784,-3778]],"type":"Polygon","properties":{"POA_CODE21":"3610"}},{"arcs":[[-3777,-3637,-3692,3785,3786,-3781]],"type":"Polygon","properties":{"POA_CODE21":"3612"}},{"arcs":[[-3783,3787,3788,3789]],"type":"Polygon","properties":{"POA_CODE21":"3614"}},{"arcs":[[-3788,-3782,-3787,3790,3791,3792,3793,3794,3795,3796,3797]],"type":"Polygon","properties":{"POA_CODE21":"3616"}},{"arcs":[[3798,-3795]],"type":"Polygon","properties":{"POA_CODE21":"3617"}},{"arcs":[[-3794,3799,-3796,-3799]],"type":"Polygon","properties":{"POA_CODE21":"3618"}},{"arcs":[[3800,3801,-3797,-3800,-3793,3802,-3701,3803]],"type":"Polygon","properties":{"POA_CODE21":"3620"}},{"arcs":[[-3700,3804,-3713,3805,3806,-3804]],"type":"Polygon","properties":{"POA_CODE21":"3621"}},{"arcs":[[-3805,-3699,-3714]],"type":"Polygon","properties":{"POA_CODE21":"3622"}},{"arcs":[[-3786,-3691,3807,-3791]],"type":"Polygon","properties":{"POA_CODE21":"3623"}},{"arcs":[[-3694,-3702,-3803,-3792,-3808]],"type":"Polygon","properties":{"POA_CODE21":"3624"}},{"arcs":[[-3789,-3798,-3802,3808,3809,3810,3811,3812,3813]],"type":"Polygon","properties":{"POA_CODE21":"3629"}},{"arcs":[[[-3813,3814]],[[3815,3816]]],"type":"MultiPolygon","properties":{"POA_CODE21":"3630"}},{"arcs":[[3817,3818,-3784,-3790,-3814,-3815,-3812,3819,3820,3821,3822,3823,3824,3825,-3817]],"type":"Polygon","properties":{"POA_CODE21":"3631"}},{"arcs":[[3826,-3821]],"type":"Polygon","properties":{"POA_CODE21":"3633"}},{"arcs":[[3827,-3822,-3827,-3820,-3811,3828,3829]],"type":"Polygon","properties":{"POA_CODE21":"3634"}},{"arcs":[[-3810,3830,3831,3832,-3829]],"type":"Polygon","properties":{"POA_CODE21":"3635"}},{"arcs":[[3833,-3830,-3833,3834,3835,3836,3837]],"type":"Polygon","properties":{"POA_CODE21":"3636"}},{"arcs":[[-1983,3838,3839,-3835,-3832,3840,-1967]],"type":"Polygon","properties":{"POA_CODE21":"3637"}},{"arcs":[[-3809,-3801,-3807,3841,-1968,-3841,-3831]],"type":"Polygon","properties":{"POA_CODE21":"3638"}},{"arcs":[[-3806,-3712,-2013,-1969,-3842]],"type":"Polygon","properties":{"POA_CODE21":"3639"}},{"arcs":[[-3836,-3840,3842,3843]],"type":"Polygon","properties":{"POA_CODE21":"3640"}},{"arcs":[[3844,-3843,-3839,-1982]],"type":"Polygon","properties":{"POA_CODE21":"3641"}},{"arcs":[[3845,3846,-3837,-3844,-3845,-1984,-1979]],"type":"Polygon","properties":{"POA_CODE21":"3644"}},{"arcs":[[[3847,3848,3849,-3823,-3828,-3834,3850,3851]],[[3852,-3825,3853,3854]]],"type":"MultiPolygon","properties":{"POA_CODE21":"3646"}},{"arcs":[[-3850,3855,-3854,-3824]],"type":"Polygon","properties":{"POA_CODE21":"3647"}},{"arcs":[[3856,-3851,-3838,-3847,3857]],"type":"Polygon","properties":{"POA_CODE21":"3649"}},{"arcs":[[3858,3859,3860,3861,3862,3863,3864,3865]],"type":"Polygon","properties":{"POA_CODE21":"3658"}},{"arcs":[[-3860,3866]],"type":"Polygon","properties":{"POA_CODE21":"3659"}},{"arcs":[[3867,-3861,-3867,-3859,3868,3869,-3775,-3773,3870,3871,3872,3873,3874]],"type":"Polygon","properties":{"POA_CODE21":"3660"}},{"arcs":[[-3776,-3870,3875,-3633,-3639]],"type":"Polygon","properties":{"POA_CODE21":"3662"}},{"arcs":[[-3871,-3772,3876]],"type":"Polygon","properties":{"POA_CODE21":"3663"}},{"arcs":[[-3872,-3877,-3771,3877,3878]],"type":"Polygon","properties":{"POA_CODE21":"3664"}},{"arcs":[[-3770,-3780,3879,-3878]],"type":"Polygon","properties":{"POA_CODE21":"3665"}},{"arcs":[[3880,3881,3882,-3873,-3879,-3880,-3779,-3785,-3819,3883]],"type":"Polygon","properties":{"POA_CODE21":"3666"}},{"arcs":[[3884,3885,3886,-3884,-3818,-3816,-3826,-3853,3887,3888,3889]],"type":"Polygon","properties":{"POA_CODE21":"3669"}},{"arcs":[[3890,3891,3892,-3890]],"type":"Polygon","properties":{"POA_CODE21":"3670"}},{"arcs":[[-3892,3893,3894,3895]],"type":"Polygon","properties":{"POA_CODE21":"3672"}},{"arcs":[[[3896,3897,-3885,-3893,-3896,3898,3899]],[[-3894,-3891,-3889,3900]]],"type":"MultiPolygon","properties":{"POA_CODE21":"3673"}},{"arcs":[[3901,3902,3903,3904,3905,3906,-3900]],"type":"Polygon","properties":{"POA_CODE21":"3675"}},{"arcs":[[3907]],"type":"Polygon","properties":{"POA_CODE21":"3677"}},{"arcs":[[3908,3909,3910,-3906,3911,3912,3913,3914,3915,3916,3917,3918,3919,3920,3921,3922],[-3908]],"type":"Polygon","properties":{"POA_CODE21":"3678"}},{"arcs":[[3923,-1820,3924,3925,-3915]],"type":"Polygon","properties":{"POA_CODE21":"3682"}},{"arcs":[[3926,-3916,-3926,3927,3928]],"type":"Polygon","properties":{"POA_CODE21":"3683"}},{"arcs":[[[-3925,-1819,3929,-1826,-1807,3930,-3928]],[[-3924,-3914,3931,-1821]]],"type":"MultiPolygon","properties":{"POA_CODE21":"3685"}},{"arcs":[[-1827,-3930]],"type":"Polygon","properties":{"POA_CODE21":"3687"}},{"arcs":[[3932,3933,3934,-3929,-3931,-1806,-1772,3935,3936]],"type":"Polygon","properties":{"POA_CODE21":"3688"}},{"arcs":[[-3937,3937,-1770,3938,-1768,3939]],"type":"Polygon","properties":{"POA_CODE21":"3690"}},{"arcs":[[[3940,3941,3942,3943,3944,3945,3946,3947,-3933,-3940,-1767,-1811,-1780,3948]],[[-3938,-3936,-1771]],[[3949,3950,3951,3952,-1778]],[[3953,3954,3955,3956]]],"type":"MultiPolygon","properties":{"POA_CODE21":"3691"}},{"arcs":[[3957,3958,-3942]],"type":"Polygon","properties":{"POA_CODE21":"3695"}},{"arcs":[[3959,3960,3961,3962,-3944]],"type":"Polygon","properties":{"POA_CODE21":"3697"}},{"arcs":[[3963,-3962,3964]],"type":"Polygon","properties":{"POA_CODE21":"3698"}},{"arcs":[[3965,3966,3967,-3965,-3961]],"type":"Polygon","properties":{"POA_CODE21":"3699"}},{"arcs":[[-3958,-3941,3968,-3952,3969,3970]],"type":"Polygon","properties":{"POA_CODE21":"3700"}},{"arcs":[[[-1779,-3953,-3969,-3949]],[[3971,3972,-3955,3973,3974,3975,-3966,-3960,-3943,-3959,-3971]]],"type":"MultiPolygon","properties":{"POA_CODE21":"3701"}},{"arcs":[[-3972,-3970,-3951,3976]],"type":"Polygon","properties":{"POA_CODE21":"3704"}},{"arcs":[[-3957,3977,3978,3979]],"type":"Polygon","properties":{"POA_CODE21":"3705"}},{"arcs":[[3980,-1789,-1744,3981,-3974,-3954,-3980]],"type":"Polygon","properties":{"POA_CODE21":"3707"}},{"arcs":[[3982,-1782,-1790,-3981,-3979]],"type":"Polygon","properties":{"POA_CODE21":"3708"}},{"arcs":[[-1799,-1783,-3983,-3978,-3956,-3973,-3977,-3950,-1777]],"type":"Polygon","properties":{"POA_CODE21":"3709"}},{"arcs":[[3983,3984,3985,3986,3987]],"type":"Polygon","properties":{"POA_CODE21":"3711"}},{"arcs":[[3988,3989,-3987,3990]],"type":"Polygon","properties":{"POA_CODE21":"3712"}},{"arcs":[[3991,-3989,3992,3993,3994]],"type":"Polygon","properties":{"POA_CODE21":"3713"}},{"arcs":[[-3986,3995,3996,3997,3998,3999,-3993,-3991]],"type":"Polygon","properties":{"POA_CODE21":"3714"}},{"arcs":[[4000,-3999,4001,-3882]],"type":"Polygon","properties":{"POA_CODE21":"3715"}},{"arcs":[[-3985,4002,4003,4004,4005,-3862,-3868,4006,-3996]],"type":"Polygon","properties":{"POA_CODE21":"3717"}},{"arcs":[[-4007,-3875,4007,-3997]],"type":"Polygon","properties":{"POA_CODE21":"3718"}},{"arcs":[[-4008,-3874,-3883,-4002,-3998]],"type":"Polygon","properties":{"POA_CODE21":"3719"}},{"arcs":[[-3881,-3887,4008,-3994,-4000,-4001]],"type":"Polygon","properties":{"POA_CODE21":"3720"}},{"arcs":[[4009]],"type":"Polygon","properties":{"POA_CODE21":"3722"}},{"arcs":[[4010,4011,4012,-3995,-4009,-3886,-3898,4013,-3923],[-4010]],"type":"Polygon","properties":{"POA_CODE21":"3723"}},{"arcs":[[4014,-3902,-3899,-3895,-3901,-3888,-3855,-3856,-3849,4015]],"type":"Polygon","properties":{"POA_CODE21":"3725"}},{"arcs":[[-3903,-4015,4016]],"type":"Polygon","properties":{"POA_CODE21":"3726"}},{"arcs":[[-3904,-4017,-4016,-3848,4017]],"type":"Polygon","properties":{"POA_CODE21":"3727"}},{"arcs":[[-3852,-3857,4018,-3912,-3905,-4018]],"type":"Polygon","properties":{"POA_CODE21":"3728"}},{"arcs":[[-3858,-3846,-1978,-1828,-1822,-3932,-3913,-4019]],"type":"Polygon","properties":{"POA_CODE21":"3730"}},{"arcs":[[4019,-3909,-4014,-3897,-3907,-3911]],"type":"Polygon","properties":{"POA_CODE21":"3732"}},{"arcs":[[-4020,-3910]],"type":"Polygon","properties":{"POA_CODE21":"3733"}},{"arcs":[[4020,4021,-3920]],"type":"Polygon","properties":{"POA_CODE21":"3735"}},{"arcs":[[4022,4023,4024,4025,4026,4027,4028,4029,-3921,-4022,4030,4031,-3947]],"type":"Polygon","properties":{"POA_CODE21":"3737"}},{"arcs":[[4032,-4025]],"type":"Polygon","properties":{"POA_CODE21":"3738"}},{"arcs":[[4033,-4026,-4033,-4024]],"type":"Polygon","properties":{"POA_CODE21":"3739"}},{"arcs":[[-4027,-4034,-4023,-3946,4034,4035,4036]],"type":"Polygon","properties":{"POA_CODE21":"3740"}},{"arcs":[[-3945,-3963,-3964,-3968,4037,4038,-4028,-4037,4039,-4035]],"type":"Polygon","properties":{"POA_CODE21":"3741"}},{"arcs":[[-4036,-4040]],"type":"Polygon","properties":{"POA_CODE21":"3744"}},{"arcs":[[4040,-3918]],"type":"Polygon","properties":{"POA_CODE21":"3746"}},{"arcs":[[-4021,-3919,-4041,-3917,-3927,-3935,4041,-4031]],"type":"Polygon","properties":{"POA_CODE21":"3747"}},{"arcs":[[-4032,-4042,-3934,-3948]],"type":"Polygon","properties":{"POA_CODE21":"3749"}},{"arcs":[[4042,4043,4044,-2584,-2553]],"type":"Polygon","properties":{"POA_CODE21":"3750"}},{"arcs":[[4045,4046,-4043,-2552,4047,4048]],"type":"Polygon","properties":{"POA_CODE21":"3751"}},{"arcs":[[-2585,-4045,4049,-2626,-2623,-2599]],"type":"Polygon","properties":{"POA_CODE21":"3752"}},{"arcs":[[4050,-4048,-2556,-3449,4051]],"type":"Polygon","properties":{"POA_CODE21":"3753"}},{"arcs":[[-2647,-2627,-4050,-4044,-4047,4052]],"type":"Polygon","properties":{"POA_CODE21":"3754"}},{"arcs":[[-4053,-4046,4053,-2648]],"type":"Polygon","properties":{"POA_CODE21":"3755"}},{"arcs":[[4054,-4052,-3448,-3457,-3459,-3465,4055,4056,-3864]],"type":"Polygon","properties":{"POA_CODE21":"3756"}},{"arcs":[[-4054,-4049,-4051,-4055,-3863,-4006,4057,-2649]],"type":"Polygon","properties":{"POA_CODE21":"3757"}},{"arcs":[[-3865,-4057,4058,4059]],"type":"Polygon","properties":{"POA_CODE21":"3758"}},{"arcs":[[-2646,4060,4061,4062,-2643]],"type":"Polygon","properties":{"POA_CODE21":"3759"}},{"arcs":[[4063,-4062,4064]],"type":"Polygon","properties":{"POA_CODE21":"3760"}},{"arcs":[[4065,-4065,-4061,-2645,4066]],"type":"Polygon","properties":{"POA_CODE21":"3761"}},{"arcs":[[-4059,-4056,-3464,4067]],"type":"Polygon","properties":{"POA_CODE21":"3762"}},{"arcs":[[-4005,4068,4069,-4067,-2644,-4058]],"type":"Polygon","properties":{"POA_CODE21":"3763"}},{"arcs":[[-3463,-3470,-3631,-3634,-3876,-3869,-3866,-4060,-4068]],"type":"Polygon","properties":{"POA_CODE21":"3764"}},{"arcs":[[-2800,-2745,-2747,-2759,4070,4071,4072]],"type":"Polygon","properties":{"POA_CODE21":"3765"}},{"arcs":[[4073,-4072,4074,4075,4076]],"type":"Polygon","properties":{"POA_CODE21":"3766"}},{"arcs":[[4077,-2801,-4073,-4074,4078]],"type":"Polygon","properties":{"POA_CODE21":"3767"}},{"arcs":[[-2760,-2692,4079,4080,-2754]],"type":"Polygon","properties":{"POA_CODE21":"3770"}},{"arcs":[[-2691,-2686,-2639,-4063,-4064,-4066,-4070,4081,-4080]],"type":"Polygon","properties":{"POA_CODE21":"3775"}},{"arcs":[[4082,-2755,-4081,-4082,-4069,-4004,4083]],"type":"Polygon","properties":{"POA_CODE21":"3777"}},{"arcs":[[4084,4085,-4084,-4003,-3984]],"type":"Polygon","properties":{"POA_CODE21":"3778"}},{"arcs":[[-3990,-3992,-4013,4086,4087,4088,-4085,-3988]],"type":"Polygon","properties":{"POA_CODE21":"3779"}},{"arcs":[[-2749,4089,4090,4091,4092]],"type":"Polygon","properties":{"POA_CODE21":"3781"}},{"arcs":[[4093,4094,-2823,-2822,4095,4096,4097,-2750,-4093]],"type":"Polygon","properties":{"POA_CODE21":"3782"}},{"arcs":[[4098,-4090,-2748,4099,4100,4101,4102,4103,4104]],"type":"Polygon","properties":{"POA_CODE21":"3783"}},{"arcs":[[-2810,-2806,-2804,4105,-2816]],"type":"Polygon","properties":{"POA_CODE21":"3785"}},{"arcs":[[-4106,-2803,4106,4107,-2825,-2817]],"type":"Polygon","properties":{"POA_CODE21":"3786"}},{"arcs":[[4108,-4107,-2802,-4078,4109]],"type":"Polygon","properties":{"POA_CODE21":"3787"}},{"arcs":[[-4077,4110,4111,4112,4113,-4110,-4079]],"type":"Polygon","properties":{"POA_CODE21":"3788"}},{"arcs":[[-2820,-2826,-4108,-4109,-4114,4114]],"type":"Polygon","properties":{"POA_CODE21":"3789"}},{"arcs":[[-4115,-4113,4115,4116,4117,-4096,-2821]],"type":"Polygon","properties":{"POA_CODE21":"3791"}},{"arcs":[[-4117,4118]],"type":"Polygon","properties":{"POA_CODE21":"3792"}},{"arcs":[[-4097,-4118,-4119,-4116,-4112,4119]],"type":"Polygon","properties":{"POA_CODE21":"3793"}},{"arcs":[[-4111,-4076,4120,-2751,-4098,-4120]],"type":"Polygon","properties":{"POA_CODE21":"3795"}},{"arcs":[[-2752,-4121,-4075,-4071,-2758]],"type":"Polygon","properties":{"POA_CODE21":"3796"}},{"arcs":[[4121,-4100,-2757,4122]],"type":"Polygon","properties":{"POA_CODE21":"3797"}},{"arcs":[[-4089,4123,-4123,-2756,-4083,-4086]],"type":"Polygon","properties":{"POA_CODE21":"3799"}},{"arcs":[[-2878,-2872,-2879,-2814,4124,4125]],"type":"Polygon","properties":{"POA_CODE21":"3802"}},{"arcs":[[4126,-2874,-2877,-4126,4127,4128]],"type":"Polygon","properties":{"POA_CODE21":"3803"}},{"arcs":[[4129,-4128,-4125,-2813,-2824,-4095,4130,4131]],"type":"Polygon","properties":{"POA_CODE21":"3804"}},{"arcs":[[4132,4133,-4129,-4130,4134]],"type":"Polygon","properties":{"POA_CODE21":"3805"}},{"arcs":[[-4132,4135,4136,4137,4138,-4135]],"type":"Polygon","properties":{"POA_CODE21":"3806"}},{"arcs":[[-4137,4139,4140]],"type":"Polygon","properties":{"POA_CODE21":"3807"}},{"arcs":[[4141,-4140,-4136,-4131,-4094,-4092,4142]],"type":"Polygon","properties":{"POA_CODE21":"3808"}},{"arcs":[[4143,-4138,-4141,-4142,4144]],"type":"Polygon","properties":{"POA_CODE21":"3809"}},{"arcs":[[-4145,-4143,-4091,-4099,4145,4146,4147]],"type":"Polygon","properties":{"POA_CODE21":"3810"}},{"arcs":[[-4146,-4105,4148,4149,4150]],"type":"Polygon","properties":{"POA_CODE21":"3812"}},{"arcs":[[-4149,-4104,4151,4152]],"type":"Polygon","properties":{"POA_CODE21":"3813"}},{"arcs":[[4153,-4150,-4153,4154]],"type":"Polygon","properties":{"POA_CODE21":"3814"}},{"arcs":[[-4103,4155,4156,-4155,-4152]],"type":"Polygon","properties":{"POA_CODE21":"3815"}},{"arcs":[[4157,-4156,-4102,4158,4159]],"type":"Polygon","properties":{"POA_CODE21":"3816"}},{"arcs":[[4160,4161,4162,-4160,4163,4164,4165,4166]],"type":"Polygon","properties":{"POA_CODE21":"3818"}},{"arcs":[[4167,4168,-4167,4169]],"type":"Polygon","properties":{"POA_CODE21":"3820"}},{"arcs":[[[4170,4171,-4161,-4169,4172,4173,4174]],[[4175,4176,4177,4178,4179,-4170,-4166]]],"type":"MultiPolygon","properties":{"POA_CODE21":"3821"}},{"arcs":[[-4173,-4168,-4180,4180]],"type":"Polygon","properties":{"POA_CODE21":"3822"}},{"arcs":[[4181,-4174,-4181,-4179,4182,4183]],"type":"Polygon","properties":{"POA_CODE21":"3823"}},{"arcs":[[4184,-4183,-4178,4185,4186,4187,4188]],"type":"Polygon","properties":{"POA_CODE21":"3824"}},{"arcs":[[4189,4190,-4087,-4012,4191,4192,4193,4194,4195,4196,-4186,-4177,4197]],"type":"Polygon","properties":{"POA_CODE21":"3825"}},{"arcs":[[-4198,-4176,-4165,4198,4199]],"type":"Polygon","properties":{"POA_CODE21":"3831"}},{"arcs":[[-4190,-4200,4200]],"type":"Polygon","properties":{"POA_CODE21":"3832"}},{"arcs":[[-4201,-4199,-4164,-4159,-4101,-4122,-4124,-4088,-4191]],"type":"Polygon","properties":{"POA_CODE21":"3833"}},{"arcs":[[4201,-4189]],"type":"Polygon","properties":{"POA_CODE21":"3835"}},{"arcs":[[4202,4203,4204,-4187,-4197,4205,4206,4207,4208]],"type":"Polygon","properties":{"POA_CODE21":"3840"}},{"arcs":[[4209,-4203]],"type":"Polygon","properties":{"POA_CODE21":"3842"}},{"arcs":[[-4196,4210,4211,4212,4213,4214,4215,4216,-4206]],"type":"Polygon","properties":{"POA_CODE21":"3844"}},{"arcs":[[-4214,4217,-4212,4218,4219,4220]],"type":"Polygon","properties":{"POA_CODE21":"3847"}},{"arcs":[[4221,4222]],"type":"Polygon","properties":{"POA_CODE21":"3850"}},{"arcs":[[4223,4224,-4215,-4221,4225,4226,4227,4228,4229],[4230,-4223]],"type":"Polygon","properties":{"POA_CODE21":"3851"}},{"arcs":[[-4231,-4222]],"type":"Polygon","properties":{"POA_CODE21":"3852"}},{"arcs":[[-4195,4231,4232,-4219,-4211]],"type":"Polygon","properties":{"POA_CODE21":"3854"}},{"arcs":[[4233,-4232,-4194,4234]],"type":"Polygon","properties":{"POA_CODE21":"3856"}},{"arcs":[[-4235,-4193,4235]],"type":"Polygon","properties":{"POA_CODE21":"3857"}},{"arcs":[[4236,-4226,-4220,-4233,-4234,-4236,-4192,-4011,-3922,-4030,4237,4238,4239]],"type":"Polygon","properties":{"POA_CODE21":"3858"}},{"arcs":[[-4240,4240]],"type":"Polygon","properties":{"POA_CODE21":"3859"}},{"arcs":[[-4237,-4241,-4239,4241,-4227]],"type":"Polygon","properties":{"POA_CODE21":"3860"}},{"arcs":[[-4238,-4029,-4039,4242,4243,4244,4245,-4228,-4242]],"type":"Polygon","properties":{"POA_CODE21":"3862"}},{"arcs":[[4246,-4245]],"type":"Polygon","properties":{"POA_CODE21":"3864"}},{"arcs":[[4247]],"type":"Polygon","properties":{"POA_CODE21":"3865"}},{"arcs":[[4248,-4204,-4210,-4209,4249]],"type":"Polygon","properties":{"POA_CODE21":"3869"}},{"arcs":[[-4250,-4208,4250,4251,4252,4253]],"type":"Polygon","properties":{"POA_CODE21":"3870"}},{"arcs":[[4254,4255,4256,4257,-4184,-4185,-4202,-4188,-4205,-4249,-4254]],"type":"Polygon","properties":{"POA_CODE21":"3871"}},{"arcs":[[-4213,-4218]],"type":"Polygon","properties":{"POA_CODE21":"3873"}},{"arcs":[[4258,-4216,-4225,4259]],"type":"Polygon","properties":{"POA_CODE21":"3874"}},{"arcs":[[-4229,-4246,-4247,-4244,4264,4265,4266,4267,4268,4269,4270,4271],[-4248]],"type":"Polygon","properties":{"POA_CODE21":"3875"}},{"arcs":[[-4271,4272]],"type":"Polygon","properties":{"POA_CODE21":"3878"}},{"arcs":[[-4230,-4272,-4273,-4270,4273,4274,4275,4276,4277]],"type":"Polygon","properties":{"POA_CODE21":"3880"}},{"arcs":[[-4269,4278,4279,-4274]],"type":"Polygon","properties":{"POA_CODE21":"3882"}},{"arcs":[[[4280,4281,4282,4283,-1742,-1750,4284,4285]],[[4286,4287,4288,-4279,-4268,4289,4290]]],"type":"MultiPolygon","properties":{"POA_CODE21":"3885"}},{"arcs":[[4291]],"type":"Polygon","properties":{"POA_CODE21":"3886"}},{"arcs":[[[4292,-4291,4293,-4286,4294]],[[4295,4296]]],"type":"MultiPolygon","properties":{"POA_CODE21":"3887"}},{"arcs":[[4297,-4295,-4285,-1749,-1764,-1762,4298,4299,4300],[-4292]],"type":"Polygon","properties":{"POA_CODE21":"3888"}},{"arcs":[[-4300,4301,4302]],"type":"Polygon","properties":{"POA_CODE21":"3889"}},{"arcs":[[-4302,-4299,-1761,-1539,4303,4304]],"type":"Polygon","properties":{"POA_CODE21":"3890"}},{"arcs":[[4305,-4304,-1538,-1530,-1536,4306]],"type":"Polygon","properties":{"POA_CODE21":"3891"}},{"arcs":[[-4307,-1535,4307]],"type":"Polygon","properties":{"POA_CODE21":"3892"}},{"arcs":[[-4267,4308,4309,-4281,-4294,-4290]],"type":"Polygon","properties":{"POA_CODE21":"3893"}},{"arcs":[[-4282,-4310,4310]],"type":"Polygon","properties":{"POA_CODE21":"3895"}},{"arcs":[[-4309,-4266,4311,4312,-4283,-4311]],"type":"Polygon","properties":{"POA_CODE21":"3896"}},{"arcs":[[-4265,-4243,-4038,-3967,-3976,4313,-4312]],"type":"Polygon","properties":{"POA_CODE21":"3898"}},{"arcs":[[-4313,-4314,-3975,-3982,-1743,-4284]],"type":"Polygon","properties":{"POA_CODE21":"3900"}},{"arcs":[[4314,-4275,-4280,-4289,4315]],"type":"Polygon","properties":{"POA_CODE21":"3902"}},{"arcs":[[4316,-4316,-4288,4317]],"type":"Polygon","properties":{"POA_CODE21":"3903"}},{"arcs":[[-4315,-4317,4318,-4276]],"type":"Polygon","properties":{"POA_CODE21":"3904"}},{"arcs":[[-4277,-4319,-4318,-4287,-4293,-4298,4319,-4297,4320]],"type":"Polygon","properties":{"POA_CODE21":"3909"}},{"arcs":[[4321,4322,-2936,-2939,-2940,4323]],"type":"Polygon","properties":{"POA_CODE21":"3910"}},{"arcs":[[4324,4325,-2937,-4323,4326]],"type":"Polygon","properties":{"POA_CODE21":"3911"}},{"arcs":[[4327,4328,-4327,-4322,4329,4330]],"type":"Polygon","properties":{"POA_CODE21":"3912"}},{"arcs":[[4331,-4328,4332,4333]],"type":"Polygon","properties":{"POA_CODE21":"3913"}},{"arcs":[[4334,4335,4336,4337,-4334,4338,4339]],"type":"Polygon","properties":{"POA_CODE21":"3915"}},{"arcs":[[4340,4341,4342,4343,4344]],"type":"Polygon","properties":{"POA_CODE21":"3916"}},{"arcs":[[4345,4346,4347,-4340,4348,4349]],"type":"Polygon","properties":{"POA_CODE21":"3918"}},{"arcs":[[4350,4351,-4350]],"type":"Polygon","properties":{"POA_CODE21":"3919"}},{"arcs":[[4352,-4346,-4352,4353]],"type":"Polygon","properties":{"POA_CODE21":"3920"}},{"arcs":[[4354]],"type":"Polygon","properties":{"POA_CODE21":"3921"}},{"arcs":[[[4355,4356]],[[4357,4358,4359]]],"type":"MultiPolygon","properties":{"POA_CODE21":"3922"}},{"arcs":[[4360,-4360,4361,-4357,4362]],"type":"Polygon","properties":{"POA_CODE21":"3923"}},{"arcs":[[[-4358,-4361,4363]],[[4364,4365,4366]]],"type":"MultiPolygon","properties":{"POA_CODE21":"3925"}},{"arcs":[[-4344,4367,4368,-4335,-4348,4369,4370]],"type":"Polygon","properties":{"POA_CODE21":"3926"}},{"arcs":[[4371,-4370,-4347,-4353]],"type":"Polygon","properties":{"POA_CODE21":"3927"}},{"arcs":[[4372,-4342,4373,4374,4375]],"type":"Polygon","properties":{"POA_CODE21":"3928"}},{"arcs":[[4376,-4374,-4341,4377]],"type":"Polygon","properties":{"POA_CODE21":"3929"}},{"arcs":[[-2933,-4326,4378,4379,4380]],"type":"Polygon","properties":{"POA_CODE21":"3930"}},{"arcs":[[-4380,4381,4382,4383]],"type":"Polygon","properties":{"POA_CODE21":"3931"}},{"arcs":[[4384,-4382,-4379,-4325,-4329,-4332,-4338]],"type":"Polygon","properties":{"POA_CODE21":"3933"}},{"arcs":[[4385,-4383,-4385,-4337,4386]],"type":"Polygon","properties":{"POA_CODE21":"3934"}},{"arcs":[[-4376,4387,4388,4389,-4387,-4336,-4369,4390]],"type":"Polygon","properties":{"POA_CODE21":"3936"}},{"arcs":[[-4368,-4343,-4373,-4391]],"type":"Polygon","properties":{"POA_CODE21":"3937"}},{"arcs":[[-4389,4391,4392]],"type":"Polygon","properties":{"POA_CODE21":"3938"}},{"arcs":[[-4377,4393,4394,4395,4396,-4392,-4388,-4375]],"type":"Polygon","properties":{"POA_CODE21":"3939"}},{"arcs":[[4397,4398,-4396]],"type":"Polygon","properties":{"POA_CODE21":"3940"}},{"arcs":[[-4398,-4395,4399,4400,4401]],"type":"Polygon","properties":{"POA_CODE21":"3941"}},{"arcs":[[-4401,4402,4403,4404]],"type":"Polygon","properties":{"POA_CODE21":"3942"}},{"arcs":[[-4404,4405,4406,4407]],"type":"Polygon","properties":{"POA_CODE21":"3943"}},{"arcs":[[-4407,4408]],"type":"Polygon","properties":{"POA_CODE21":"3944"}},{"arcs":[[4409,4410,4411,4412,4413,4414,4415]],"type":"Polygon","properties":{"POA_CODE21":"3945"}},{"arcs":[[4416,4417,-4416]],"type":"Polygon","properties":{"POA_CODE21":"3946"}},{"arcs":[[[4418,4419,4420,-4171]],[[4421,4422,-4417,-4415,4423,4424]]],"type":"MultiPolygon","properties":{"POA_CODE21":"3950"}},{"arcs":[[[4425,4426,4427,4428,-4410,-4418,-4423]],[[4429,-4420,4430,-4425]]],"type":"MultiPolygon","properties":{"POA_CODE21":"3951"}},{"arcs":[[-4175,-4182,-4258,4431,4432,4433,4434,-4426,-4422,-4431,-4419]],"type":"Polygon","properties":{"POA_CODE21":"3953"}},{"arcs":[[-4433,4435]],"type":"Polygon","properties":{"POA_CODE21":"3954"}},{"arcs":[[-4434,-4436,-4432,-4257,4436,4437,4438,4439,4440]],"type":"Polygon","properties":{"POA_CODE21":"3956"}},{"arcs":[[-4256,4441,4442,-4437]],"type":"Polygon","properties":{"POA_CODE21":"3957"}},{"arcs":[[-4438,-4443,4443,4444]],"type":"Polygon","properties":{"POA_CODE21":"3958"}},{"arcs":[[4445,-4439,-4445,4446]],"type":"Polygon","properties":{"POA_CODE21":"3959"}},{"arcs":[[4447,4448,-4447,-4444,-4442,-4255,-4253,4449]],"type":"Polygon","properties":{"POA_CODE21":"3960"}},{"arcs":[[4450,4451,-4450,-4252,4452,4453]],"type":"Polygon","properties":{"POA_CODE21":"3962"}},{"arcs":[[4454,-4448,-4452]],"type":"Polygon","properties":{"POA_CODE21":"3964"}},{"arcs":[[4455,4456,4457]],"type":"Polygon","properties":{"POA_CODE21":"3965"}},{"arcs":[[-4456,4458,-4454,4459,4460]],"type":"Polygon","properties":{"POA_CODE21":"3966"}},{"arcs":[[-4457,-4461,4461,4462]],"type":"Polygon","properties":{"POA_CODE21":"3967"}},{"arcs":[[[-4462,-4460,-4453,-4251,-4207,-4217,-4259,4463]],[[4464,-4261]],[[4466]],[[4467]]],"type":"MultiPolygon","properties":{"POA_CODE21":"3971"}},{"arcs":[[-2941,-2876,4468,4469]],"type":"Polygon","properties":{"POA_CODE21":"3975"}},{"arcs":[[-2875,-4127,-4134,4470,-4469]],"type":"Polygon","properties":{"POA_CODE21":"3976"}},{"arcs":[[-4133,4471,4472,4473,-4330,-4324,-2942,-4470,-4471]],"type":"Polygon","properties":{"POA_CODE21":"3977"}},{"arcs":[[-4144,-4148,4474,4475,-4472,-4139]],"type":"Polygon","properties":{"POA_CODE21":"3978"}},{"arcs":[[-4411,-4429,4476,4477,4478,4479]],"type":"Polygon","properties":{"POA_CODE21":"3979"}},{"arcs":[[-4473,-4476,4480,4481]],"type":"Polygon","properties":{"POA_CODE21":"3980"}},{"arcs":[[-4151,-4154,-4157,-4158,-4163,4482,4483,4484,4485,-4481,-4475,-4147]],"type":"Polygon","properties":{"POA_CODE21":"3981"}},{"arcs":[[4486,4487,-4485,4488,-4412,-4480,4489]],"type":"Polygon","properties":{"POA_CODE21":"3984"}},{"arcs":[[-4484,4490,-4413,-4489]],"type":"Polygon","properties":{"POA_CODE21":"3987"}},{"arcs":[[-4172,-4421,-4430,-4424,-4414,-4491,-4483,-4162]],"type":"Polygon","properties":{"POA_CODE21":"3988"}},{"arcs":[[-4479,4491,4492,4493,-4490]],"type":"Polygon","properties":{"POA_CODE21":"3990"}},{"arcs":[[4494,-4365,4495,-4487,-4494]],"type":"Polygon","properties":{"POA_CODE21":"3991"}},{"arcs":[[-4492,-4478,4496,4497,4498]],"type":"Polygon","properties":{"POA_CODE21":"3992"}},{"arcs":[[[4499,-4366,-4495,-4493,-4499]],[[-4477,-4428,4500,4501,-4497]]],"type":"MultiPolygon","properties":{"POA_CODE21":"3995"}},{"arcs":[[-4501,-4427,-4435,-4441,4502]],"type":"Polygon","properties":{"POA_CODE21":"3996"}},{"arcs":[[4503,4504,4505,4506]],"type":"Polygon","properties":{"POA_CODE21":"4000"}},{"arcs":[[4507,4508]],"type":"Polygon","properties":{"POA_CODE21":"4005"}},{"arcs":[[-4508,4509,-4507,4510,4511,4512,4513,4514]],"type":"Polygon","properties":{"POA_CODE21":"4006"}},{"arcs":[[4515,4516,4517,4518]],"type":"Polygon","properties":{"POA_CODE21":"4007"}},{"arcs":[[4519,4520,4521,4522,4523,4524]],"type":"Polygon","properties":{"POA_CODE21":"4008"}},{"arcs":[[4525,-4516,4526,-4524]],"type":"Polygon","properties":{"POA_CODE21":"4009"}},{"arcs":[[-4518,4527,-4514,4528,4529]],"type":"Polygon","properties":{"POA_CODE21":"4010"}},{"arcs":[[-4530,4530,4531,-4525,-4527,-4519]],"type":"Polygon","properties":{"POA_CODE21":"4011"}},{"arcs":[[4532,-4520,-4532,4533,4534,4535,4536,4537]],"type":"Polygon","properties":{"POA_CODE21":"4012"}},{"arcs":[[-4533,4538,-4521]],"type":"Polygon","properties":{"POA_CODE21":"4013"}},{"arcs":[[4539,4540,-4522,-4539,-4538,4541]],"type":"Polygon","properties":{"POA_CODE21":"4014"}},{"arcs":[[4542,4543,-4540,4544,4545,4546]],"type":"Polygon","properties":{"POA_CODE21":"4017"}},{"arcs":[[4547,-4546,4548]],"type":"Polygon","properties":{"POA_CODE21":"4018"}},{"arcs":[[4549,4550,4551]],"type":"Polygon","properties":{"POA_CODE21":"4019"}},{"arcs":[[-4551,4552,4553,4554]],"type":"Polygon","properties":{"POA_CODE21":"4020"}},{"arcs":[[-4550,4555,4556,-4553]],"type":"Polygon","properties":{"POA_CODE21":"4021"}},{"arcs":[[-4554,-4557,4557,4558,4559,4560]],"type":"Polygon","properties":{"POA_CODE21":"4022"}},{"arcs":[[4561]],"type":"Polygon","properties":{"POA_CODE21":"4025"}},{"arcs":[[4562,4563,-4534,-4531,-4529,-4513]],"type":"Polygon","properties":{"POA_CODE21":"4030"}},{"arcs":[[4564,4565,4566,-4535,-4564]],"type":"Polygon","properties":{"POA_CODE21":"4031"}},{"arcs":[[-4536,-4567,4567,4568]],"type":"Polygon","properties":{"POA_CODE21":"4032"}},{"arcs":[[-4549,-4545,-4542,-4537,-4569,4569,4570,4571]],"type":"Polygon","properties":{"POA_CODE21":"4034"}},{"arcs":[[4572,4573,4574,4575,4576,-4571]],"type":"Polygon","properties":{"POA_CODE21":"4035"}},{"arcs":[[-4548,-4572,-4577,4577,4578,4579,-4547]],"type":"Polygon","properties":{"POA_CODE21":"4036"}},{"arcs":[[-4575,4580,4581,4582]],"type":"Polygon","properties":{"POA_CODE21":"4037"}},{"arcs":[[4583,4584,4585,-4565,-4563,-4512,4586,4587]],"type":"Polygon","properties":{"POA_CODE21":"4051"}},{"arcs":[[4588,4589,-4573,-4570,-4568,-4566,-4586]],"type":"Polygon","properties":{"POA_CODE21":"4053"}},{"arcs":[[-4585,4590,4591,-4589]],"type":"Polygon","properties":{"POA_CODE21":"4054"}},{"arcs":[[-4574,-4590,-4592,4592,4593,-4581]],"type":"Polygon","properties":{"POA_CODE21":"4055"}},{"arcs":[[-4506,4594,4595,4596,-4587,-4511]],"type":"Polygon","properties":{"POA_CODE21":"4059"}},{"arcs":[[4597,4598,-4588,-4597]],"type":"Polygon","properties":{"POA_CODE21":"4060"}},{"arcs":[[4599,4600,4601,4602,-4593,-4591,-4584,-4599]],"type":"Polygon","properties":{"POA_CODE21":"4061"}},{"arcs":[[4603,4604,4605,-4595,-4505]],"type":"Polygon","properties":{"POA_CODE21":"4064"}},{"arcs":[[4606,-4600,-4598,-4596,-4606]],"type":"Polygon","properties":{"POA_CODE21":"4065"}},{"arcs":[[4607,4608,4609,-4601,-4607,-4605,4610]],"type":"Polygon","properties":{"POA_CODE21":"4066"}},{"arcs":[[4611,-4608,4612]],"type":"Polygon","properties":{"POA_CODE21":"4067"}},{"arcs":[[-4612,4613,4614,-4609]],"type":"Polygon","properties":{"POA_CODE21":"4068"}},{"arcs":[[4617,4618,4619,-4602,-4610,-4615,4620]],"type":"Polygon","properties":{"POA_CODE21":"4069"}},{"arcs":[[4621,4622,4623,4624,4625,-4618]],"type":"Polygon","properties":{"POA_CODE21":"4070"}},{"arcs":[[4626,4627,4628,4629]],"type":"Polygon","properties":{"POA_CODE21":"4073"}},{"arcs":[[4630,4631,-4628]],"type":"Polygon","properties":{"POA_CODE21":"4074"}},{"arcs":[[4632,4633,4634,-4630,4635,-4617,4636,4637,4638]],"type":"Polygon","properties":{"POA_CODE21":"4075"}},{"arcs":[[4639,4640,4641,-4631,-4627,-4635,4642]],"type":"Polygon","properties":{"POA_CODE21":"4076"}},{"arcs":[[4643,-4643,-4634,4644]],"type":"Polygon","properties":{"POA_CODE21":"4077"}},{"arcs":[[4645,4646,4647,-4640,-4644]],"type":"Polygon","properties":{"POA_CODE21":"4078"}},{"arcs":[[4648,4649,4650]],"type":"Polygon","properties":{"POA_CODE21":"4101"}},{"arcs":[[4651,4652,4653,4654,4655,-4650]],"type":"Polygon","properties":{"POA_CODE21":"4102"}},{"arcs":[[4656,4657,4658,4659,4660,-4655]],"type":"Polygon","properties":{"POA_CODE21":"4103"}},{"arcs":[[4661,-4660,4662]],"type":"Polygon","properties":{"POA_CODE21":"4104"}},{"arcs":[[4663,-4638,4664,-4663,-4659,4665,4666]],"type":"Polygon","properties":{"POA_CODE21":"4105"}},{"arcs":[[4667,4668,4669,-4639,-4664]],"type":"Polygon","properties":{"POA_CODE21":"4106"}},{"arcs":[[-4668,-4667,4670,4671,4672]],"type":"Polygon","properties":{"POA_CODE21":"4107"}},{"arcs":[[4673,-4669,-4673,4674,4675]],"type":"Polygon","properties":{"POA_CODE21":"4108"}},{"arcs":[[4676,4677,4678,-4676,4679,4680,4681]],"type":"Polygon","properties":{"POA_CODE21":"4109"}},{"arcs":[[-4679,4682,4683,4684,-4646,-4645,-4633,-4670,-4674]],"type":"Polygon","properties":{"POA_CODE21":"4110"}},{"arcs":[[4685,-4680,-4675,-4672,4686]],"type":"Polygon","properties":{"POA_CODE21":"4111"}},{"arcs":[[4687,4688,4689,4690,4691]],"type":"Polygon","properties":{"POA_CODE21":"4112"}},{"arcs":[[4692,-4682,4693,4694,4695,-4691]],"type":"Polygon","properties":{"POA_CODE21":"4113"}},{"arcs":[[4696,4697,4698,4699,-4688,4700,4701]],"type":"Polygon","properties":{"POA_CODE21":"4114"}},{"arcs":[[4702,-4683,-4678,4703]],"type":"Polygon","properties":{"POA_CODE21":"4115"}},{"arcs":[[-4693,-4690,4704,4705,-4704,-4677]],"type":"Polygon","properties":{"POA_CODE21":"4116"}},{"arcs":[[4706,-4705,-4689,-4700,4707]],"type":"Polygon","properties":{"POA_CODE21":"4117"}},{"arcs":[[-4706,-4707,4708,4709,4710,-4684,-4703]],"type":"Polygon","properties":{"POA_CODE21":"4118"}},{"arcs":[[4711,-4701,-4692,-4696,4712]],"type":"Polygon","properties":{"POA_CODE21":"4119"}},{"arcs":[[-4657,-4654,4713,4714]],"type":"Polygon","properties":{"POA_CODE21":"4120"}},{"arcs":[[4715,4716,4717,-4687,-4671,-4666,-4658,-4715]],"type":"Polygon","properties":{"POA_CODE21":"4121"}},{"arcs":[[4718,4719,-4694,-4681,-4686,-4718,4720]],"type":"Polygon","properties":{"POA_CODE21":"4122"}},{"arcs":[[4721,4722,-4713,-4695,-4720]],"type":"Polygon","properties":{"POA_CODE21":"4123"}},{"arcs":[[4723,4724,4725,4726,-4647,-4685,-4711,4727]],"type":"Polygon","properties":{"POA_CODE21":"4124"}},{"arcs":[[-4710,4728,4729,4730,-4728]],"type":"Polygon","properties":{"POA_CODE21":"4125"}},{"arcs":[[4731,4732,4733,4734,4735,-4702,-4712,-4723]],"type":"Polygon","properties":{"POA_CODE21":"4127"}},{"arcs":[[4736,4737,-4735,4738,4739,4740]],"type":"Polygon","properties":{"POA_CODE21":"4128"}},{"arcs":[[4741,-4741,4742,4743]],"type":"Polygon","properties":{"POA_CODE21":"4129"}},{"arcs":[[4744,4745,-4743,-4740]],"type":"Polygon","properties":{"POA_CODE21":"4130"}},{"arcs":[[-4736,-4738,4746,4747,-4697]],"type":"Polygon","properties":{"POA_CODE21":"4131"}},{"arcs":[[4748,-4729,-4709,-4708,-4699]],"type":"Polygon","properties":{"POA_CODE21":"4132"}},{"arcs":[[4749,4750,-4730,-4749,-4698,-4748,4751]],"type":"Polygon","properties":{"POA_CODE21":"4133"}},{"arcs":[[4752,-4716,-4714,-4653,4753,4754]],"type":"Polygon","properties":{"POA_CODE21":"4151"}},{"arcs":[[4755,4756,4757,-4721,-4717,-4753,4758]],"type":"Polygon","properties":{"POA_CODE21":"4152"}},{"arcs":[[4759,4760,4761,4762,-4757]],"type":"Polygon","properties":{"POA_CODE21":"4153"}},{"arcs":[[4763,4764,4765,4766,-4761,4767,4768]],"type":"Polygon","properties":{"POA_CODE21":"4154"}},{"arcs":[[4769,-4762,-4767,4770,4771]],"type":"Polygon","properties":{"POA_CODE21":"4155"}},{"arcs":[[-4758,-4763,-4770,4772,-4732,-4722,-4719]],"type":"Polygon","properties":{"POA_CODE21":"4156"}},{"arcs":[[4773,-4733,-4773,-4772,4774,4775,4776]],"type":"Polygon","properties":{"POA_CODE21":"4157"}},{"arcs":[[4777,-4765,4778]],"type":"Polygon","properties":{"POA_CODE21":"4158"}},{"arcs":[[-4775,-4771,-4766,-4778,4779,4780,4781]],"type":"Polygon","properties":{"POA_CODE21":"4159"}},{"arcs":[[4782,4783,-4781,4784]],"type":"Polygon","properties":{"POA_CODE21":"4160"}},{"arcs":[[-4784,4785,4786,-4776,-4782]],"type":"Polygon","properties":{"POA_CODE21":"4161"}},{"arcs":[[4787,4788,-4786,-4783]],"type":"Polygon","properties":{"POA_CODE21":"4163"}},{"arcs":[[-4777,-4787,-4789,4789,4790]],"type":"Polygon","properties":{"POA_CODE21":"4164"}},{"arcs":[[4791,-4745,-4739,-4734,-4774,-4791,4792]],"type":"Polygon","properties":{"POA_CODE21":"4165"}},{"arcs":[[-4649,4793,4794,-4754,-4652]],"type":"Polygon","properties":{"POA_CODE21":"4169"}},{"arcs":[[-4755,-4795,4795,4796,4797,4798,4799,-4759]],"type":"Polygon","properties":{"POA_CODE21":"4170"}},{"arcs":[[4800,-4797]],"type":"Polygon","properties":{"POA_CODE21":"4171"}},{"arcs":[[-4799,4801,4802,4803]],"type":"Polygon","properties":{"POA_CODE21":"4172"}},{"arcs":[[4804,-4768,-4760,-4756,-4800,-4804,4805,4806]],"type":"Polygon","properties":{"POA_CODE21":"4173"}},{"arcs":[[4807,4808,-4806,-4803]],"type":"Polygon","properties":{"POA_CODE21":"4174"}},{"arcs":[[4809,-4807,-4809,4810]],"type":"Polygon","properties":{"POA_CODE21":"4178"}},{"arcs":[[-4769,-4805,-4810,4811]],"type":"Polygon","properties":{"POA_CODE21":"4179"}},{"arcs":[[4812]],"type":"Polygon","properties":{"POA_CODE21":"4183"}},{"arcs":[[4813]],"type":"Polygon","properties":{"POA_CODE21":"4184"}},{"arcs":[[-4737,-4742,4814,-4752,-4747]],"type":"Polygon","properties":{"POA_CODE21":"4205"}},{"arcs":[[-4746,-4792,4815,4816,4817,4818,4819,4820,-4750,-4815,-4744]],"type":"Polygon","properties":{"POA_CODE21":"4207"}},{"arcs":[[4821,-4817,4822,4823]],"type":"Polygon","properties":{"POA_CODE21":"4208"}},{"arcs":[[[4824,-4824,4825,4826]],[[4827]]],"type":"MultiPolygon","properties":{"POA_CODE21":"4209"}},{"arcs":[[4828,-4818,-4822,-4825,4829,4830]],"type":"Polygon","properties":{"POA_CODE21":"4210"}},{"arcs":[[[-1371,4831,4832,-1400]],[[-1402,4833,4834,-4831,4835,4836,4837,4838,4839,4840]]],"type":"MultiPolygon","properties":{"POA_CODE21":"4211"}},{"arcs":[[-4836,-4830,-4827,4841,4842,4843]],"type":"Polygon","properties":{"POA_CODE21":"4212"}},{"arcs":[[-1403,-4841,4844,4845,4846]],"type":"Polygon","properties":{"POA_CODE21":"4213"}},{"arcs":[[4847,-4837,-4844,4848,4849]],"type":"Polygon","properties":{"POA_CODE21":"4214"}},{"arcs":[[4850,4851,-4850,4852]],"type":"Polygon","properties":{"POA_CODE21":"4215"}},{"arcs":[[[-4853,-4849,-4843,4853]],[[4854]]],"type":"MultiPolygon","properties":{"POA_CODE21":"4216"}},{"arcs":[[-4838,-4848,-4852,4855,4856]],"type":"Polygon","properties":{"POA_CODE21":"4217"}},{"arcs":[[4857,-4839,-4857,4858,4859]],"type":"Polygon","properties":{"POA_CODE21":"4218"}},{"arcs":[[4860,4861,4862,-4860,4863,4864]],"type":"Polygon","properties":{"POA_CODE21":"4220"}},{"arcs":[[4865,-4865,4866,4867]],"type":"Polygon","properties":{"POA_CODE21":"4221"}},{"arcs":[[-1416,-1405,4868,-4868,4869,4870]],"type":"Polygon","properties":{"POA_CODE21":"4223"}},{"arcs":[[-1417,-4871,4871,4872]],"type":"Polygon","properties":{"POA_CODE21":"4224"}},{"arcs":[[-1418,-4873,4873,-1413]],"type":"Polygon","properties":{"POA_CODE21":"4225"}},{"arcs":[[-4845,-4840,-4858,-4863,4874]],"type":"Polygon","properties":{"POA_CODE21":"4226"}},{"arcs":[[-4846,-4875,-4862,4875]],"type":"Polygon","properties":{"POA_CODE21":"4227"}},{"arcs":[[-1404,-4847,-4876,-4861,-4866,-4869]],"type":"Polygon","properties":{"POA_CODE21":"4228"}},{"arcs":[[4876,4877,4878,4879,-4820]],"type":"Polygon","properties":{"POA_CODE21":"4270"}},{"arcs":[[-4835,4880,-4877,-4819,-4829]],"type":"Polygon","properties":{"POA_CODE21":"4272"}},{"arcs":[[-4834,-1401,-4833,4881,-4878,-4881]],"type":"Polygon","properties":{"POA_CODE21":"4275"}},{"arcs":[[-4724,-4731,-4751,-4821,-4880,4882]],"type":"Polygon","properties":{"POA_CODE21":"4280"}},{"arcs":[[-4832,-1370,4883,4884,4885,-4725,-4883,-4879,-4882]],"type":"Polygon","properties":{"POA_CODE21":"4285"}},{"arcs":[[-1378,4886,-4884,-1369]],"type":"Polygon","properties":{"POA_CODE21":"4287"}},{"arcs":[[4887,4888,-4623,4889,-4641,-4648,-4727]],"type":"Polygon","properties":{"POA_CODE21":"4300"}},{"arcs":[[4890,4891,-4624,-4889]],"type":"Polygon","properties":{"POA_CODE21":"4301"}},{"arcs":[[4892,4893,4894,-4625,-4892]],"type":"Polygon","properties":{"POA_CODE21":"4303"}},{"arcs":[[4895,4896,4897,-4894]],"type":"Polygon","properties":{"POA_CODE21":"4304"}},{"arcs":[[[-4897,4898]],[[4899,4900,4901,4902]]],"type":"MultiPolygon","properties":{"POA_CODE21":"4305"}},{"arcs":[[-4888,-4726,-4886,4903,-4901,4904,4905,4906,4907,4908,4909,4910,-4619,-4626,-4895,-4898,-4899,-4896,-4893,-4891]],"type":"Polygon","properties":{"POA_CODE21":"4306"}},{"arcs":[[4911,-4905,-4900,4912]],"type":"Polygon","properties":{"POA_CODE21":"4307"}},{"arcs":[[4913,4914,4915,4916,4917,-4913,-4903,4918]],"type":"Polygon","properties":{"POA_CODE21":"4309"}},{"arcs":[[-4902,-4904,-4885,-4887,-1377,4919,4920,4921,-4919]],"type":"Polygon","properties":{"POA_CODE21":"4310"}},{"arcs":[[4922,4923,4924,4925,4926,4927,4928,4929,4930,4931,4932,-4908]],"type":"Polygon","properties":{"POA_CODE21":"4311"}},{"arcs":[[[4933,4934,4935,4936,-4909,-4933]],[[4937,4938,-4931]],[[4939,4940,4941]]],"type":"MultiPolygon","properties":{"POA_CODE21":"4312"}},{"arcs":[[-4939,4942,4943,-4941,4944,4945,-4934,-4932]],"type":"Polygon","properties":{"POA_CODE21":"4313"}},{"arcs":[[-4945,-4940,4946,4947,4948,4949,4950,4951,4952,4953]],"type":"Polygon","properties":{"POA_CODE21":"4314"}},{"arcs":[[-4918,4954,-4924,4955,-4906,-4912]],"type":"Polygon","properties":{"POA_CODE21":"4340"}},{"arcs":[[[-4955,-4917,4956,4957,4958,-4925]],[[4959,4960,-4927]]],"type":"MultiPolygon","properties":{"POA_CODE21":"4341"}},{"arcs":[[-4959,4961,-4960,-4926]],"type":"Polygon","properties":{"POA_CODE21":"4342"}},{"arcs":[[[4962,4963,4964,4965,4966,-4928,-4961,-4962,-4958]],[[4967,4968,4969,4970]]],"type":"MultiPolygon","properties":{"POA_CODE21":"4343"}},{"arcs":[[-4969,4971,4972,4973,4974,-4929,-4967,4975]],"type":"Polygon","properties":{"POA_CODE21":"4344"}},{"arcs":[[-4956,-4923,-4907]],"type":"Polygon","properties":{"POA_CODE21":"4346"}},{"arcs":[[4976,-4970,-4976,-4966]],"type":"Polygon","properties":{"POA_CODE21":"4347"}},{"arcs":[[4977,4978,4979,4980,-4974,4981]],"type":"Polygon","properties":{"POA_CODE21":"4350"}},{"arcs":[[[-4981,4982,4983,4984,4985,-4943,-4938,-4930,-4975]],[[-4948,4986,4987,4988,4989,4990,4991,4992,4993,4994]],[[-4973,4995,4996,-4982]],[[4997,4998,4999,5000,5001,5002]],[[5003,5004,5005,5006,5007,5008,5009]],[[5010,5011,5012,5013,5014]]],"type":"MultiPolygon","properties":{"POA_CODE21":"4352"}},{"arcs":[[[-4995,5015,-4949]],[[5016,5017,-4988]]],"type":"MultiPolygon","properties":{"POA_CODE21":"4353"}},{"arcs":[[5018,-4989,-5018,5019,-4985]],"type":"Polygon","properties":{"POA_CODE21":"4354"}},{"arcs":[[-4942,-4944,-4986,-5020,-5017,-4987,-4947]],"type":"Polygon","properties":{"POA_CODE21":"4355"}},{"arcs":[[5020,-5004,5021,-5009,5022,5023,5024,5025,5026]],"type":"Polygon","properties":{"POA_CODE21":"4356"}},{"arcs":[[5027,5028,5029,-5007,5030,-5001,5031]],"type":"Polygon","properties":{"POA_CODE21":"4357"}},{"arcs":[[5032,5033,-5027,5034,-4996,-4972,-4968,5035]],"type":"Polygon","properties":{"POA_CODE21":"4358"}},{"arcs":[[-4971,-4977,-4965,5036,5037,-5036]],"type":"Polygon","properties":{"POA_CODE21":"4359"}},{"arcs":[[5038,-5033,-5038]],"type":"Polygon","properties":{"POA_CODE21":"4360"}},{"arcs":[[5039,5040,-5005,-5021,-5034,-5039,-5037,-4964,5041]],"type":"Polygon","properties":{"POA_CODE21":"4361"}},{"arcs":[[-5042,-4963,-4957,-4916,5042]],"type":"Polygon","properties":{"POA_CODE21":"4362"}},{"arcs":[[-4997,-5035,-5026,5043,-4978]],"type":"Polygon","properties":{"POA_CODE21":"4363"}},{"arcs":[[-5010,-5022]],"type":"Polygon","properties":{"POA_CODE21":"4364"}},{"arcs":[[5044,-5002,-5031,-5006,-5041]],"type":"Polygon","properties":{"POA_CODE21":"4365"}},{"arcs":[[[5045,5046,-1375,-1165,5047,5048,-5003,-5045,-5040,-5043,-4915,5049]],[[-4921,5050,5051,5052]]],"type":"MultiPolygon","properties":{"POA_CODE21":"4370"}},{"arcs":[[5053,-5050,-4914,-4922,-5053]],"type":"Polygon","properties":{"POA_CODE21":"4371"}},{"arcs":[[5054,-5046,-5054,-5052]],"type":"Polygon","properties":{"POA_CODE21":"4372"}},{"arcs":[[-4920,-1376,-5047,-5055,-5051]],"type":"Polygon","properties":{"POA_CODE21":"4373"}},{"arcs":[[-5049,5055,5056,-5014,5057,-4998]],"type":"Polygon","properties":{"POA_CODE21":"4374"}},{"arcs":[[5058,5059,-5015,-5057]],"type":"Polygon","properties":{"POA_CODE21":"4375"}},{"arcs":[[-5011,-5060,5060]],"type":"Polygon","properties":{"POA_CODE21":"4376"}},{"arcs":[[5061,5062,5063,-5012,-5061,-5059,-5056,-5048,-1164]],"type":"Polygon","properties":{"POA_CODE21":"4377"}},{"arcs":[[5064,-5063]],"type":"Polygon","properties":{"POA_CODE21":"4378"}},{"arcs":[[[5065,5066,5067,-1159,5068,5069,-4999,-5058,-5013,-5064,-5065,-5062,-1163]],[[-1169]]],"type":"MultiPolygon","properties":{"POA_CODE21":"4380"}},{"arcs":[[5070,-5067]],"type":"Polygon","properties":{"POA_CODE21":"4381"}},{"arcs":[[-1160,-5068,-5071,-5066,-1162,5071]],"type":"Polygon","properties":{"POA_CODE21":"4382"}},{"arcs":[[-1161,-5072]],"type":"Polygon","properties":{"POA_CODE21":"4383"}},{"arcs":[[5072,5073]],"type":"Polygon","properties":{"POA_CODE21":"4384"}},{"arcs":[[5074,5075,-5074,5076,-5069,-1158,-1145,-1242]],"type":"Polygon","properties":{"POA_CODE21":"4385"}},{"arcs":[[-5070,-5077,-5073,-5076,5077,5078,-5032,-5000]],"type":"Polygon","properties":{"POA_CODE21":"4387"}},{"arcs":[[-5075,-1241,-1240,5079,-5078]],"type":"Polygon","properties":{"POA_CODE21":"4388"}},{"arcs":[[5080,5081,5082,-5028,-5079,-5080,-1239]],"type":"Polygon","properties":{"POA_CODE21":"4390"}},{"arcs":[[-4980,5083,-4983]],"type":"Polygon","properties":{"POA_CODE21":"4400"}},{"arcs":[[-5084,-4979,-5044,-5025,5084,-4990,-5019,-4984]],"type":"Polygon","properties":{"POA_CODE21":"4401"}},{"arcs":[[-5016,-4994,5085,5086,5087,-4950]],"type":"Polygon","properties":{"POA_CODE21":"4402"}},{"arcs":[[-5085,-5024,5088,5089,5090,5091,-4991]],"type":"Polygon","properties":{"POA_CODE21":"4403"}},{"arcs":[[5092,5093,-5091]],"type":"Polygon","properties":{"POA_CODE21":"4404"}},{"arcs":[[[5094,5095,-5086,-4993,5096,5097]],[[-5090,5098,5099,5100,5101,5102,5103,-5093]]],"type":"MultiPolygon","properties":{"POA_CODE21":"4405"}},{"arcs":[[[5104,5105,5106,5107,5108,-5097,-4992,-5092,-5094,-5104,5109]],[[-5102,5110,-5029,-5083,5111,5112,5113,5114]],[[5115,-5100]]],"type":"MultiPolygon","properties":{"POA_CODE21":"4406"}},{"arcs":[[-5030,-5111,-5101,-5116,-5099,-5089,-5023,-5008]],"type":"Polygon","properties":{"POA_CODE21":"4407"}},{"arcs":[[5116,-5098,-5109,5117]],"type":"Polygon","properties":{"POA_CODE21":"4408"}},{"arcs":[[5118,-5118,-5108,5119,5120]],"type":"Polygon","properties":{"POA_CODE21":"4410"}},{"arcs":[[5121,-5120,-5107,5122]],"type":"Polygon","properties":{"POA_CODE21":"4411"}},{"arcs":[[-5123,-5106,5123]],"type":"Polygon","properties":{"POA_CODE21":"4412"}},{"arcs":[[5124,-5114,5125,5126,5127,5128,5129,5130,5131,-5121,-5122,-5124,-5105]],"type":"Polygon","properties":{"POA_CODE21":"4413"}},{"arcs":[[5132,5133,5134,5135,5136,-5127]],"type":"Polygon","properties":{"POA_CODE21":"4415"}},{"arcs":[[-5113,5137,5138,5139,5140,5141,5142,-5133,-5126]],"type":"Polygon","properties":{"POA_CODE21":"4416"}},{"arcs":[[5143,5144,-5140,5145,5146,5147,5148]],"type":"Polygon","properties":{"POA_CODE21":"4417"}},{"arcs":[[-5136,5149]],"type":"Polygon","properties":{"POA_CODE21":"4418"}},{"arcs":[[-5135,5150,5151,5152,5153,5154,5155,5156,-5128,-5137,-5150]],"type":"Polygon","properties":{"POA_CODE21":"4419"}},{"arcs":[[5157,5158,5159,5160,5161,5162,-5155]],"type":"Polygon","properties":{"POA_CODE21":"4420"}},{"arcs":[[-5115,-5125,-5110,-5103]],"type":"Polygon","properties":{"POA_CODE21":"4421"}},{"arcs":[[5163,5164,5165,-5138,-5112]],"type":"Polygon","properties":{"POA_CODE21":"4422"}},{"arcs":[[5166,-5146,-5139,-5166]],"type":"Polygon","properties":{"POA_CODE21":"4423"}},{"arcs":[[-5143,5167,-5151,-5134]],"type":"Polygon","properties":{"POA_CODE21":"4424"}},{"arcs":[[-5152,-5168,-5142,5168]],"type":"Polygon","properties":{"POA_CODE21":"4425"}},{"arcs":[[-5169,-5141,-5145,5169,5170,5171,-5153]],"type":"Polygon","properties":{"POA_CODE21":"4426"}},{"arcs":[[[-5144,5172,-5170]],[[5173,-5158,-5154,-5172]]],"type":"MultiPolygon","properties":{"POA_CODE21":"4427"}},{"arcs":[[-5149,5174,5175,-5159,-5174,-5171,-5173]],"type":"Polygon","properties":{"POA_CODE21":"4428"}},{"arcs":[[-5160,-5176,5176,5177,5178,5179]],"type":"Polygon","properties":{"POA_CODE21":"4454"}},{"arcs":[[5180,5181,5182,5183,5184,5185,-5177,-5175,-5148]],"type":"Polygon","properties":{"POA_CODE21":"4455"}},{"arcs":[[5186,-5184]],"type":"Polygon","properties":{"POA_CODE21":"4461"}},{"arcs":[[-5187,-5183,5187,-5185]],"type":"Polygon","properties":{"POA_CODE21":"4462"}},{"arcs":[[-5182,5188,5189,5190,5191,-5178,-5186,-5188]],"type":"Polygon","properties":{"POA_CODE21":"4465"}},{"arcs":[[5192,-5191,5193,5194]],"type":"Polygon","properties":{"POA_CODE21":"4467"}},{"arcs":[[5195,5196,5197,5198,5199,-5195]],"type":"Polygon","properties":{"POA_CODE21":"4468"}},{"arcs":[[5200,5201,5202,5203,5204,-5199]],"type":"Polygon","properties":{"POA_CODE21":"4470"}},{"arcs":[[5205,5206,5207,5208,5209,5210,5211]],"type":"Polygon","properties":{"POA_CODE21":"4472"}},{"arcs":[[-5206,-5203,5212,5213,5214,5215,5216]],"type":"Polygon","properties":{"POA_CODE21":"4474"}},{"arcs":[[5217,-5179,-5192,-5193,-5200,-5205,5218]],"type":"Polygon","properties":{"POA_CODE21":"4477"}},{"arcs":[[-5204,-5212,5219,5220,5221,-5219]],"type":"Polygon","properties":{"POA_CODE21":"4478"}},{"arcs":[[5222,-5213,-5202,5223]],"type":"Polygon","properties":{"POA_CODE21":"4479"}},{"arcs":[[5224,5225,5226,-5215,5227]],"type":"Polygon","properties":{"POA_CODE21":"4480"}},{"arcs":[[5228,5229,5230,5231,5232,5233,5234,-5226]],"type":"Polygon","properties":{"POA_CODE21":"4481"}},{"arcs":[[5235,5236,-140,5237,-5231,5238]],"type":"Polygon","properties":{"POA_CODE21":"4482"}},{"arcs":[[-2287,-2290,5239,5240,5241,5242,-1231,-2275,-2277]],"type":"Polygon","properties":{"POA_CODE21":"4486"}},{"arcs":[[-5242,5243,-5189,-5181,-5147,-5167,-5165,5244,5245,5246]],"type":"Polygon","properties":{"POA_CODE21":"4487"}},{"arcs":[[-5244,-5241,5247,-5196,-5194,-5190]],"type":"Polygon","properties":{"POA_CODE21":"4488"}},{"arcs":[[-5198,5248,-5224,-5201]],"type":"Polygon","properties":{"POA_CODE21":"4489"}},{"arcs":[[-5249,-5197,-5248,-5240,-2289,-2294,5249,5250,5251,-5228,-5214,-5223]],"type":"Polygon","properties":{"POA_CODE21":"4490"}},{"arcs":[[5252,-5251,5253]],"type":"Polygon","properties":{"POA_CODE21":"4491"}},{"arcs":[[-5253,5254,-2292,-2338,5255,-5229,-5225,-5252]],"type":"Polygon","properties":{"POA_CODE21":"4492"}},{"arcs":[[-5250,-2293,-5255,-5254]],"type":"Polygon","properties":{"POA_CODE21":"4493"}},{"arcs":[[-5082,5256,-1227,5257,-5245,-5164]],"type":"Polygon","properties":{"POA_CODE21":"4494"}},{"arcs":[[-1226,-1233,5258,-5246,-5258]],"type":"Polygon","properties":{"POA_CODE21":"4496"}},{"arcs":[[-1232,-5243,-5247,-5259]],"type":"Polygon","properties":{"POA_CODE21":"4497"}},{"arcs":[[-5081,-1238,-1228,-5257]],"type":"Polygon","properties":{"POA_CODE21":"4498"}},{"arcs":[[-4578,-4576,-4583,5259,5260,5261,5262]],"type":"Polygon","properties":{"POA_CODE21":"4500"}},{"arcs":[[5263,5264,-4579,-5263]],"type":"Polygon","properties":{"POA_CODE21":"4501"}},{"arcs":[[-5264,-5262,5265]],"type":"Polygon","properties":{"POA_CODE21":"4502"}},{"arcs":[[5266,-4543,-4580,-5265,-5266,-5261,5267,5268,5269,5270]],"type":"Polygon","properties":{"POA_CODE21":"4503"}},{"arcs":[[5271,5272,5273,-5270,5274,5275]],"type":"Polygon","properties":{"POA_CODE21":"4504"}},{"arcs":[[-5272,5276,5277,5278,5279]],"type":"Polygon","properties":{"POA_CODE21":"4505"}},{"arcs":[[-5276,5280,5281,-5277]],"type":"Polygon","properties":{"POA_CODE21":"4506"}},{"arcs":[[5282]],"type":"Polygon","properties":{"POA_CODE21":"4507"}},{"arcs":[[-4560,5283,-5273,-5280,5284]],"type":"Polygon","properties":{"POA_CODE21":"4508"}},{"arcs":[[-4559,5285,-5271,-5274,-5284]],"type":"Polygon","properties":{"POA_CODE21":"4509"}},{"arcs":[[5286,5287,5288,-5278,-5282,5289,5290,5291]],"type":"Polygon","properties":{"POA_CODE21":"4510"}},{"arcs":[[-5288,5292]],"type":"Polygon","properties":{"POA_CODE21":"4511"}},{"arcs":[[5293,5294,5295,-5291]],"type":"Polygon","properties":{"POA_CODE21":"4512"}},{"arcs":[[5296,-4936,5297,5298,5299,5300,5301,5302,-5295]],"type":"Polygon","properties":{"POA_CODE21":"4514"}},{"arcs":[[-4935,-4946,-4954,5303,5304,5305,5306,-5298]],"type":"Polygon","properties":{"POA_CODE21":"4515"}},{"arcs":[[-5296,-5303,5307,-5292]],"type":"Polygon","properties":{"POA_CODE21":"4516"}},{"arcs":[[5308,5309,5310,-5308,-5302]],"type":"Polygon","properties":{"POA_CODE21":"4517"}},{"arcs":[[-5309,-5301,5311]],"type":"Polygon","properties":{"POA_CODE21":"4518"}},{"arcs":[[-5310,-5312,-5300,5312,5313,5314,5315]],"type":"Polygon","properties":{"POA_CODE21":"4519"}},{"arcs":[[-4603,-4620,-4911,5316,-5268,-5260,-4582,-4594]],"type":"Polygon","properties":{"POA_CODE21":"4520"}},{"arcs":[[-5269,-5317,-4910,-4937,-5297,-5294,-5290,-5281,-5275]],"type":"Polygon","properties":{"POA_CODE21":"4521"}},{"arcs":[[5317,-5314,5318,5319]],"type":"Polygon","properties":{"POA_CODE21":"4550"}},{"arcs":[[-5315,-5318,5320,5321,5322,5323]],"type":"Polygon","properties":{"POA_CODE21":"4551"}},{"arcs":[[-5299,-5307,5324,5325,5326,5327,-5319,-5313]],"type":"Polygon","properties":{"POA_CODE21":"4552"}},{"arcs":[[5328,-5321,-5320,-5328,5329]],"type":"Polygon","properties":{"POA_CODE21":"4553"}},{"arcs":[[-5327,5330,5331,5332,-5330]],"type":"Polygon","properties":{"POA_CODE21":"4554"}},{"arcs":[[5333,5334,5335,-5332]],"type":"Polygon","properties":{"POA_CODE21":"4555"}},{"arcs":[[5336,5337,5338,-5322,-5329,-5333,-5336,5339,5340]],"type":"Polygon","properties":{"POA_CODE21":"4556"}},{"arcs":[[5341,5342,5343,-5338]],"type":"Polygon","properties":{"POA_CODE21":"4557"}},{"arcs":[[5344,-5341,5345,5346,5347,5348]],"type":"Polygon","properties":{"POA_CODE21":"4558"}},{"arcs":[[-5335,5349,-5346,-5340]],"type":"Polygon","properties":{"POA_CODE21":"4559"}},{"arcs":[[-5334,-5331,-5326,5350,5351,5352,5353,-5347,-5350]],"type":"Polygon","properties":{"POA_CODE21":"4560"}},{"arcs":[[5354,5355,-5353,5356]],"type":"Polygon","properties":{"POA_CODE21":"4561"}},{"arcs":[[5357,5358,-5357,-5352,5359,5360,5361,5362]],"type":"Polygon","properties":{"POA_CODE21":"4562"}},{"arcs":[[-5362,5363,5364,5365]],"type":"Polygon","properties":{"POA_CODE21":"4563"}},{"arcs":[[-5354,-5356,5366,5367,-5348]],"type":"Polygon","properties":{"POA_CODE21":"4564"}},{"arcs":[[5368,5369,5370,5371,5372,5373,-5363,-5366]],"type":"Polygon","properties":{"POA_CODE21":"4565"}},{"arcs":[[5374,-5358,-5374,5375]],"type":"Polygon","properties":{"POA_CODE21":"4566"}},{"arcs":[[5376,-5376,-5373,5377]],"type":"Polygon","properties":{"POA_CODE21":"4567"}},{"arcs":[[5378,-5369,-5365,5379,5380]],"type":"Polygon","properties":{"POA_CODE21":"4568"}},{"arcs":[[5381,5382,-5381]],"type":"Polygon","properties":{"POA_CODE21":"4569"}},{"arcs":[[-5305,5383,5384,5385,5386,5387,5388,5389,-5382,-5380,-5364,-5361,5390]],"type":"Polygon","properties":{"POA_CODE21":"4570"}},{"arcs":[[-5379,-5383,-5390,5391,-5370]],"type":"Polygon","properties":{"POA_CODE21":"4571"}},{"arcs":[[-5342,-5337,-5345,5392]],"type":"Polygon","properties":{"POA_CODE21":"4572"}},{"arcs":[[5393,-5367,-5355,-5359,-5375,-5377]],"type":"Polygon","properties":{"POA_CODE21":"4573"}},{"arcs":[[-5351,-5325,-5306,-5391,-5360]],"type":"Polygon","properties":{"POA_CODE21":"4574"}},{"arcs":[[-5323,-5339,-5344,5394]],"type":"Polygon","properties":{"POA_CODE21":"4575"}},{"arcs":[[5395,5396,-5371,-5392,-5389,5397,5398]],"type":"Polygon","properties":{"POA_CODE21":"4580"}},{"arcs":[[[5399,-5396]],[[5400]]],"type":"MultiPolygon","properties":{"POA_CODE21":"4581"}},{"arcs":[[-5385,5401]],"type":"Polygon","properties":{"POA_CODE21":"4600"}},{"arcs":[[-5386,-5402,-5384,-5304,-4953,5402,5403,5404,5405,5406,5407,5408]],"type":"Polygon","properties":{"POA_CODE21":"4601"}},{"arcs":[[5409,5410,5411,5412,-5405]],"type":"Polygon","properties":{"POA_CODE21":"4605"}},{"arcs":[[5413,5414,5415,-5411,5416]],"type":"Polygon","properties":{"POA_CODE21":"4606"}},{"arcs":[[-5410,-5404,5417,5418,5419,-5417]],"type":"Polygon","properties":{"POA_CODE21":"4608"}},{"arcs":[[-5095,-5117,-5119,-5132,5420,-5419,5421]],"type":"Polygon","properties":{"POA_CODE21":"4610"}},{"arcs":[[-5416,5422,-5412]],"type":"Polygon","properties":{"POA_CODE21":"4611"}},{"arcs":[[5423,-5406,-5413,-5423,-5415,5424,5425,5426]],"type":"Polygon","properties":{"POA_CODE21":"4612"}},{"arcs":[[-5414,-5420,-5421,-5131,5427,5428,-5425]],"type":"Polygon","properties":{"POA_CODE21":"4613"}},{"arcs":[[-5088,5429,-4951]],"type":"Polygon","properties":{"POA_CODE21":"4614"}},{"arcs":[[-5430,-5087,-5096,-5422,-5418,-5403,-4952]],"type":"Polygon","properties":{"POA_CODE21":"4615"}},{"arcs":[[-5387,-5409,5430,5431,5432]],"type":"Polygon","properties":{"POA_CODE21":"4620"}},{"arcs":[[5433,-5431,-5408,5434,5435]],"type":"Polygon","properties":{"POA_CODE21":"4621"}},{"arcs":[[[5436,5437,-5435,-5407,-5424,5438]],[[-5426,-5429,5439]]],"type":"MultiPolygon","properties":{"POA_CODE21":"4625"}},{"arcs":[[-5427,-5440,-5428,-5130,5440,-5439]],"type":"Polygon","properties":{"POA_CODE21":"4626"}},{"arcs":[[-5129,-5157,5441,5442,5443,-5437,-5441]],"type":"Polygon","properties":{"POA_CODE21":"4627"}},{"arcs":[[-5443,5444,5445,5446,5447,5448,5449]],"type":"Polygon","properties":{"POA_CODE21":"4630"}},{"arcs":[[-5433,5450,5451,5452,5453,5454,5455,5456,5457,5458,-5398,-5388]],"type":"Polygon","properties":{"POA_CODE21":"4650"}},{"arcs":[[[-5455,5459,5460]],[[-5457,5461]],[[5462]]],"type":"MultiPolygon","properties":{"POA_CODE21":"4655"}},{"arcs":[[-5452,5463,5464,-5460,-5454,5465]],"type":"Polygon","properties":{"POA_CODE21":"4659"}},{"arcs":[[-5464,-5451,-5432,-5434,5466,5467,5468]],"type":"Polygon","properties":{"POA_CODE21":"4660"}},{"arcs":[[-5453,-5466]],"type":"Polygon","properties":{"POA_CODE21":"4662"}},{"arcs":[[[-5468,5469,5470,5471]],[[5472,5473,5474]]],"type":"MultiPolygon","properties":{"POA_CODE21":"4670"}},{"arcs":[[-5444,-5450,5475,5476,5477,-5470,-5467,-5436,-5438]],"type":"Polygon","properties":{"POA_CODE21":"4671"}},{"arcs":[[-5478,5478,-5475,5479,-5471]],"type":"Polygon","properties":{"POA_CODE21":"4673"}},{"arcs":[[5480,5481,5482,-5473,-5479,-5477]],"type":"Polygon","properties":{"POA_CODE21":"4674"}},{"arcs":[[-5481,-5476,-5449,5483,5484]],"type":"Polygon","properties":{"POA_CODE21":"4676"}},{"arcs":[[-5482,-5485,5485,5486,5487]],"type":"Polygon","properties":{"POA_CODE21":"4677"}},{"arcs":[[-5487,5488,5489]],"type":"Polygon","properties":{"POA_CODE21":"4678"}},{"arcs":[[[5490,5491,5492,5493,5494,5495,-5489,-5486,-5484,-5448]],[[5496]],[[5497]]],"type":"MultiPolygon","properties":{"POA_CODE21":"4680"}},{"arcs":[[5498,5499,-5495]],"type":"Polygon","properties":{"POA_CODE21":"4694"}},{"arcs":[[-5499,-5494,5500,5501,5502,5503]],"type":"Polygon","properties":{"POA_CODE21":"4695"}},{"arcs":[[5504,5505,-5501,-5493,5506]],"type":"Polygon","properties":{"POA_CODE21":"4697"}},{"arcs":[[5507,5508,5509,5510,5511,5512,-5503,5513,-5505]],"type":"Polygon","properties":{"POA_CODE21":"4699"}},{"arcs":[[[5514,5515]],[[5516]]],"type":"MultiPolygon","properties":{"POA_CODE21":"4700"}},{"arcs":[[5517,5518,5519,-5511,5520,-5516,5521,5522]],"type":"Polygon","properties":{"POA_CODE21":"4701"}},{"arcs":[[[5523,5524,-5161,-5180,-5218,-5222,5525,5526,5527,5528,5529,5530,5531,5532,5533,5534,-5518,5535,-5522,-5515,-5521,-5510,5536,-5508,-5507,-5492,5537],[5541],[5542],[5543]],[[-5502,-5506,-5514]],[[5538,5539,-5512,-5520,5540]],[[5544,5545,5546,5547]],[[5548]],[[5549]],[[5550]],[[5551]]],"type":"MultiPolygon","properties":{"POA_CODE21":"4702"}},{"arcs":[[5552,-5541,-5519,-5535,5553,-5533,5554]],"type":"Polygon","properties":{"POA_CODE21":"4703"}},{"arcs":[[[-5554,-5534]],[[-5544]]],"type":"MultiPolygon","properties":{"POA_CODE21":"4704"}},{"arcs":[[5555,-5531,5556,-5529,5557,5558,5559,5560,5561,5562]],"type":"Polygon","properties":{"POA_CODE21":"4705"}},{"arcs":[[5563,5564,-5563]],"type":"Polygon","properties":{"POA_CODE21":"4706"}},{"arcs":[[[5565,5566,-5564,-5562,5567,5568,5569]],[[5570]],[[5571]]],"type":"MultiPolygon","properties":{"POA_CODE21":"4707"}},{"arcs":[[5572]],"type":"Polygon","properties":{"POA_CODE21":"4709"}},{"arcs":[[-5539,-5553,5573]],"type":"Polygon","properties":{"POA_CODE21":"4710"}},{"arcs":[[-5523,-5536]],"type":"Polygon","properties":{"POA_CODE21":"4711"}},{"arcs":[[-5543]],"type":"Polygon","properties":{"POA_CODE21":"4712"}},{"arcs":[[-5542]],"type":"Polygon","properties":{"POA_CODE21":"4713"}},{"arcs":[[-5537,-5509]],"type":"Polygon","properties":{"POA_CODE21":"4714"}},{"arcs":[[5574,-5538,-5491,-5447,5575]],"type":"Polygon","properties":{"POA_CODE21":"4715"}},{"arcs":[[5576,-5576,-5446]],"type":"Polygon","properties":{"POA_CODE21":"4716"}},{"arcs":[[-5557,-5530]],"type":"Polygon","properties":{"POA_CODE21":"4717"}},{"arcs":[[-5162,-5525,5577]],"type":"Polygon","properties":{"POA_CODE21":"4718"}},{"arcs":[[-5442,-5156,-5163,-5578,-5524,-5575,-5577,-5445]],"type":"Polygon","properties":{"POA_CODE21":"4719"}},{"arcs":[[5578,5579,-5548,5580,5581,-5527]],"type":"Polygon","properties":{"POA_CODE21":"4720"}},{"arcs":[[-5546,5582,5583,5584,5585,5586,5587,5588,5589,5590,5591,5592]],"type":"Polygon","properties":{"POA_CODE21":"4721"}},{"arcs":[[-5221,5593,-5579,-5526]],"type":"Polygon","properties":{"POA_CODE21":"4722"}},{"arcs":[[5594,-5581,-5547,-5593,5595,5596,-5559],[-5573]],"type":"Polygon","properties":{"POA_CODE21":"4723"}},{"arcs":[[-5594,-5220,-5211,5597,-5583,-5545,-5580]],"type":"Polygon","properties":{"POA_CODE21":"4724"}},{"arcs":[[5598,-5209,5599,5600]],"type":"Polygon","properties":{"POA_CODE21":"4725"}},{"arcs":[[-5601,5601,5602,5603,5604,-5585,5605]],"type":"Polygon","properties":{"POA_CODE21":"4726"}},{"arcs":[[-5208,5606,5607,5608,-5602,-5600]],"type":"Polygon","properties":{"POA_CODE21":"4727"}},{"arcs":[[-5210,-5599,-5606,-5584,-5598]],"type":"Polygon","properties":{"POA_CODE21":"4728"}},{"arcs":[[5609,5610,-5234,5611,5612,5613,-5608]],"type":"Polygon","properties":{"POA_CODE21":"4730"}},{"arcs":[[5614,-5610,-5607,-5207,-5217]],"type":"Polygon","properties":{"POA_CODE21":"4731"}},{"arcs":[[-5603,-5609,-5614,5615,5616]],"type":"Polygon","properties":{"POA_CODE21":"4732"}},{"arcs":[[5617,5618,5619,-5616,-5613,5620]],"type":"Polygon","properties":{"POA_CODE21":"4733"}},{"arcs":[[-5612,-5233,5621,5622,-5621]],"type":"Polygon","properties":{"POA_CODE21":"4735"}},{"arcs":[[-5615,-5216,-5227,-5235,-5611]],"type":"Polygon","properties":{"POA_CODE21":"4736"}},{"arcs":[[5623,5624,5625,5626,5627]],"type":"Polygon","properties":{"POA_CODE21":"4737"}},{"arcs":[[-5569,5628,-5628,5629,5630]],"type":"Polygon","properties":{"POA_CODE21":"4738"}},{"arcs":[[-5570,-5631,5631,5632]],"type":"Polygon","properties":{"POA_CODE21":"4739"}},{"arcs":[[[5633,5634,5635,5636,5637,5638,5639,5640,-5626],[5641]],[[5644,5645]]],"type":"MultiPolygon","properties":{"POA_CODE21":"4740"}},{"arcs":[[[-5633,5646,-5566]],[[5647,-5591,5648,5649]],[[-5634,-5625,5650,5651,5652,5653]],[[5654,5655,-5636]],[[5656,5657,5658,5659,5660,5661,5662,5663,5664,5665,-5644,5666,-5645,5667,-5638,5668]],[[-5642]]],"type":"MultiPolygon","properties":{"POA_CODE21":"4741"}},{"arcs":[[5669,-5651,-5624,-5629,-5568,-5561,5670,5671,-5650,5672,-5589,5673,5674,5675]],"type":"Polygon","properties":{"POA_CODE21":"4742"}},{"arcs":[[5676,-5661,5677,-5675]],"type":"Polygon","properties":{"POA_CODE21":"4743"}},{"arcs":[[-5590,-5673,-5649]],"type":"Polygon","properties":{"POA_CODE21":"4744"}},{"arcs":[[-5596,-5592,-5648,-5672,5678]],"type":"Polygon","properties":{"POA_CODE21":"4745"}},{"arcs":[[-5560,-5597,-5679,-5671]],"type":"Polygon","properties":{"POA_CODE21":"4746"}},{"arcs":[[-5640,5679]],"type":"Polygon","properties":{"POA_CODE21":"4750"}},{"arcs":[[-5654,5680,-5655,-5635]],"type":"Polygon","properties":{"POA_CODE21":"4751"}},{"arcs":[[-5656,-5681,-5653,5681,-5669,-5637]],"type":"Polygon","properties":{"POA_CODE21":"4753"}},{"arcs":[[-5652,-5670,5682,-5657,-5682]],"type":"Polygon","properties":{"POA_CODE21":"4754"}},{"arcs":[[5683,-5659]],"type":"Polygon","properties":{"POA_CODE21":"4756"}},{"arcs":[[-5658,-5683,-5676,-5678,-5660,-5684]],"type":"Polygon","properties":{"POA_CODE21":"4757"}},{"arcs":[[-5665,5684,5685]],"type":"Polygon","properties":{"POA_CODE21":"4798"}},{"arcs":[[-5664,5686,5687,5688,5689,5690,-5685]],"type":"Polygon","properties":{"POA_CODE21":"4799"}},{"arcs":[[[-5688,5691,5692,5693,5694]],[[-5690,5695]],[[5696]]],"type":"MultiPolygon","properties":{"POA_CODE21":"4800"}},{"arcs":[[[-5694,5697]],[[5698]],[[5699]],[[5700]]],"type":"MultiPolygon","properties":{"POA_CODE21":"4802"}},{"arcs":[[-5674,-5588,5701,5702,5703,5704,-5662,-5677]],"type":"Polygon","properties":{"POA_CODE21":"4804"}},{"arcs":[[-5692,-5687,-5663,-5705,5705,5706,5707]],"type":"Polygon","properties":{"POA_CODE21":"4805"}},{"arcs":[[-5707,5708,5709]],"type":"Polygon","properties":{"POA_CODE21":"4806"}},{"arcs":[[5710,-5709,-5706,-5704,5711,5712,5713]],"type":"Polygon","properties":{"POA_CODE21":"4807"}},{"arcs":[[5714,5715,-5714]],"type":"Polygon","properties":{"POA_CODE21":"4808"}},{"arcs":[[5716,-5715,-5713,5717,5718]],"type":"Polygon","properties":{"POA_CODE21":"4809"}},{"arcs":[[[5719,5720,-5719,5721,5722,5723]],[[5724,5725,5726,5727,5728]]],"type":"MultiPolygon","properties":{"POA_CODE21":"4810"}},{"arcs":[[5729,-5728,5730,-5723,5731,5732,5733]],"type":"Polygon","properties":{"POA_CODE21":"4811"}},{"arcs":[[-5729,-5730,5734]],"type":"Polygon","properties":{"POA_CODE21":"4812"}},{"arcs":[[5735,-5725,-5735,-5734,5736,5737]],"type":"Polygon","properties":{"POA_CODE21":"4814"}},{"arcs":[[5738,5739,-5737,-5733,5740]],"type":"Polygon","properties":{"POA_CODE21":"4815"}},{"arcs":[[[-5586,-5605,5741,5742]],[[-5722,-5718,-5712,-5703,5743,-5741,-5732]],[[5745,5746,5747,5748]],[[5749,5750,5751,5752]],[[5753,5754,5755,5756,5757]],[[5758,5759,5760]],[[5761]]],"type":"MultiPolygon","properties":{"POA_CODE21":"4816"}},{"arcs":[[5762,-5756,5763,-5738,-5740]],"type":"Polygon","properties":{"POA_CODE21":"4817"}},{"arcs":[[-5764,-5755,5764,-5726,-5736]],"type":"Polygon","properties":{"POA_CODE21":"4818"}},{"arcs":[[5765]],"type":"Polygon","properties":{"POA_CODE21":"4819"}},{"arcs":[[-5702,-5587,-5743,5766,5767,-5752,5768,-5757,-5763,-5739,-5744]],"type":"Polygon","properties":{"POA_CODE21":"4820"}},{"arcs":[[5769,-5767,-5742,-5604,-5617,-5620,5770]],"type":"Polygon","properties":{"POA_CODE21":"4821"}},{"arcs":[[-5619,5771,-5747,5772,-5771]],"type":"Polygon","properties":{"POA_CODE21":"4822"}},{"arcs":[[5773,5774,5775,5776,5777,5778,5779,5780,-5748,-5772,-5618,-5623]],"type":"Polygon","properties":{"POA_CODE21":"4823"}},{"arcs":[[5781,5782,-5776]],"type":"Polygon","properties":{"POA_CODE21":"4824"}},{"arcs":[[[5783,-138,-125,5784,-123,5785,-5782,-5775]],[[-149]],[[5786,-5749,-5781]]],"type":"MultiPolygon","properties":{"POA_CODE21":"4825"}},{"arcs":[[-124,-5785]],"type":"Polygon","properties":{"POA_CODE21":"4828"}},{"arcs":[[-5774,-5622,-5232,-5238,-139,-5784]],"type":"Polygon","properties":{"POA_CODE21":"4829"}},{"arcs":[[-5783,-5786,-128,5787,-5777]],"type":"Polygon","properties":{"POA_CODE21":"4830"}},{"arcs":[[[5788,5789,5790,-5760,5791]],[[5792]],[[5793]]],"type":"MultiPolygon","properties":{"POA_CODE21":"4849"}},{"arcs":[[-5769,-5751,5794,-5789,5795,-5758]],"type":"Polygon","properties":{"POA_CODE21":"4850"}},{"arcs":[[5796,5797,5798,5799]],"type":"Polygon","properties":{"POA_CODE21":"4852"}},{"arcs":[[5800,-5761,-5791,5801,5802,-5797]],"type":"Polygon","properties":{"POA_CODE21":"4854"}},{"arcs":[[5803,5804,-5798,-5803,5805,5806,5807]],"type":"Polygon","properties":{"POA_CODE21":"4855"}},{"arcs":[[-5804,5808]],"type":"Polygon","properties":{"POA_CODE21":"4856"}},{"arcs":[[5809,5810,5811]],"type":"Polygon","properties":{"POA_CODE21":"4858"}},{"arcs":[[5812,5813]],"type":"Polygon","properties":{"POA_CODE21":"4859"}},{"arcs":[[-5810,5814,-5813,5815,-5807,5816,5817,5818,5819,5820,5821,5822,5823,5824,5825,5826,5827,5828,5829,5830]],"type":"Polygon","properties":{"POA_CODE21":"4860"}},{"arcs":[[[5831,5832,-5829,5833,-5823,5834]],[[-5827,5835,-5825,5836]]],"type":"MultiPolygon","properties":{"POA_CODE21":"4861"}},{"arcs":[[5837,5838,5839,5840,-5821]],"type":"Polygon","properties":{"POA_CODE21":"4865"}},{"arcs":[[5841,5842]],"type":"Polygon","properties":{"POA_CODE21":"4868"}},{"arcs":[[5843,5844,-5840,5845,-5843]],"type":"Polygon","properties":{"POA_CODE21":"4869"}},{"arcs":[[5846,5847,5848,5849,5850,5851,5852,5853,-5844,-5842,-5846,-5839]],"type":"Polygon","properties":{"POA_CODE21":"4870"}},{"arcs":[[[-5595,-5558,-5528,-5582]],[[-5753,-5768,-5770,-5773,-5746,-5787,-5780,5854,5855,5856,5857,5858,5859,5860,5861,5862,5863]],[[-5799,-5805,-5809,-5808,-5816,-5814,-5815,-5812,5864]],[[-5841,-5845,-5854,5865,-5835,-5822]],[[-5828,-5837,-5824,-5834]],[[-5836,-5826]],[[5866,-5830,-5833]],[[5867,5868,5869,5870,-5851,5871,5872,5873]]],"type":"MultiPolygon","properties":{"POA_CODE21":"4871"}},{"arcs":[[[5874,-5817,-5806,-5802,-5790,-5795,-5750,-5864,5875,5876]],[[-5848,5877,5878,5879,5880]],[[5881,-5862,5882,5883]]],"type":"MultiPolygon","properties":{"POA_CODE21":"4872"}},{"arcs":[[5884,-5858,5885,5886]],"type":"Polygon","properties":{"POA_CODE21":"4873"}},{"arcs":[[5887,5888,5889,5890,5891,5892],[5893]],"type":"Polygon","properties":{"POA_CODE21":"4874"}},{"arcs":[[[5894]],[[5895]],[[5896]],[[5897]],[[5898]],[[5899]],[[5900]],[[5901]]],"type":"MultiPolygon","properties":{"POA_CODE21":"4875"}},{"arcs":[[-5891,5902]],"type":"Polygon","properties":{"POA_CODE21":"4876"}},{"arcs":[[-5873,5903,-5859,-5885,5904]],"type":"Polygon","properties":{"POA_CODE21":"4877"}},{"arcs":[[-5852,-5871,5905,5906]],"type":"Polygon","properties":{"POA_CODE21":"4878"}},{"arcs":[[-5870,5908,-5906]],"type":"Polygon","properties":{"POA_CODE21":"4879"}},{"arcs":[[-5849,-5881,5909,-5883,-5861,5910]],"type":"Polygon","properties":{"POA_CODE21":"4880"}},{"arcs":[[-5911,-5860,-5904,-5872,-5850]],"type":"Polygon","properties":{"POA_CODE21":"4881"}},{"arcs":[[5911,-5884,-5910,-5880,5912]],"type":"Polygon","properties":{"POA_CODE21":"4882"}},{"arcs":[[5913,5914,5915,5916,-5913,-5879,5917]],"type":"Polygon","properties":{"POA_CODE21":"4883"}},{"arcs":[[-5918,-5878,-5847,-5838,-5820,5918]],"type":"Polygon","properties":{"POA_CODE21":"4884"}},{"arcs":[[-5914,-5919,-5819,5919]],"type":"Polygon","properties":{"POA_CODE21":"4885"}},{"arcs":[[-5875,5920,-5915,-5920,-5818]],"type":"Polygon","properties":{"POA_CODE21":"4886"}},{"arcs":[[5921,-5876,-5863,-5882,-5912,-5917]],"type":"Polygon","properties":{"POA_CODE21":"4887"}},{"arcs":[[-5922,-5916,-5921,-5877]],"type":"Polygon","properties":{"POA_CODE21":"4888"}},{"arcs":[[-5855,-5779,5922,5923,5924,5925]],"type":"Polygon","properties":{"POA_CODE21":"4890"}},{"arcs":[[5926,-5924]],"type":"Polygon","properties":{"POA_CODE21":"4891"}},{"arcs":[[[5927,-5856,-5926,5928,-5893,5929]],[[5930,-5889]],[[-5894]],[[5931]],[[5932]],[[5933]],[[5934]],[[5935]],[[5936]]],"type":"MultiPolygon","properties":{"POA_CODE21":"4892"}},{"arcs":[[-5857,-5928,5937,-5886]],"type":"Polygon","properties":{"POA_CODE21":"4895"}},{"arcs":[[5938,5939,5940,5941,5942,5943,5944,5945,5946]],"type":"Polygon","properties":{"POA_CODE21":"5000"}},{"arcs":[[5947,5948,5949,-5943]],"type":"Polygon","properties":{"POA_CODE21":"5006"}},{"arcs":[[5950,5951,5952,5953,-5948]],"type":"Polygon","properties":{"POA_CODE21":"5007"}},{"arcs":[[5954,5955,5956,-5953]],"type":"Polygon","properties":{"POA_CODE21":"5008"}},{"arcs":[[5957,5958,-5955,-5952,5959,5960,5961,5962]],"type":"Polygon","properties":{"POA_CODE21":"5009"}},{"arcs":[[-5959,5963,5964,5965,5966,-5956]],"type":"Polygon","properties":{"POA_CODE21":"5010"}},{"arcs":[[5967,5968,5969,5970,-5963]],"type":"Polygon","properties":{"POA_CODE21":"5011"}},{"arcs":[[-5971,5971,-5964,-5958]],"type":"Polygon","properties":{"POA_CODE21":"5012"}},{"arcs":[[-5970,5972,5973,5974,5975,-5965,-5972]],"type":"Polygon","properties":{"POA_CODE21":"5013"}},{"arcs":[[5976,5977,5978,-5973,-5969]],"type":"Polygon","properties":{"POA_CODE21":"5014"}},{"arcs":[[[5979,5980,5981,5982,-5974,-5979]],[[5983]]],"type":"MultiPolygon","properties":{"POA_CODE21":"5015"}},{"arcs":[[5984,5985,5986,5987,-5982]],"type":"Polygon","properties":{"POA_CODE21":"5016"}},{"arcs":[[5988,5989,5990,-5987]],"type":"Polygon","properties":{"POA_CODE21":"5017"}},{"arcs":[[5991,-5990]],"type":"Polygon","properties":{"POA_CODE21":"5018"}},{"arcs":[[5992,-5985,-5981,5993,5994]],"type":"Polygon","properties":{"POA_CODE21":"5019"}},{"arcs":[[5995,5996,5997,-5995]],"type":"Polygon","properties":{"POA_CODE21":"5020"}},{"arcs":[[-5996,-5994,-5980,-5978,5998,5999]],"type":"Polygon","properties":{"POA_CODE21":"5021"}},{"arcs":[[6000,6001,6002,-5997,-6000]],"type":"Polygon","properties":{"POA_CODE21":"5022"}},{"arcs":[[6003,-6001,-5999,-5977,-5968,-5962,6004]],"type":"Polygon","properties":{"POA_CODE21":"5023"}},{"arcs":[[-6004,6005,6006,6007,6008,6009,-6002]],"type":"Polygon","properties":{"POA_CODE21":"5024"}},{"arcs":[[-6006,-6005,-5961,6010,6011]],"type":"Polygon","properties":{"POA_CODE21":"5025"}},{"arcs":[[6012,6013,6014,-6011,-5960,-5951,-5942]],"type":"Polygon","properties":{"POA_CODE21":"5031"}},{"arcs":[[-6015,6015,6016,-6007,-6012]],"type":"Polygon","properties":{"POA_CODE21":"5032"}},{"arcs":[[6017,-6016,-6014,6018,6019]],"type":"Polygon","properties":{"POA_CODE21":"5033"}},{"arcs":[[6020,6021,-5940,6022,6023]],"type":"Polygon","properties":{"POA_CODE21":"5034"}},{"arcs":[[6024,-6019,-6013,-5941,-6022]],"type":"Polygon","properties":{"POA_CODE21":"5035"}},{"arcs":[[6025,6026,-6020,-6025,6027,6028]],"type":"Polygon","properties":{"POA_CODE21":"5037"}},{"arcs":[[6029,6030,6031,6032,-6029]],"type":"Polygon","properties":{"POA_CODE21":"5038"}},{"arcs":[[6033,6034,-6030,-6028,-6021,6035]],"type":"Polygon","properties":{"POA_CODE21":"5039"}},{"arcs":[[6036,6037,-6026,-6033]],"type":"Polygon","properties":{"POA_CODE21":"5040"}},{"arcs":[[6038,6039,6040,-6036,-6024,6041]],"type":"Polygon","properties":{"POA_CODE21":"5041"}},{"arcs":[[6042,6043,6044,-6034,-6041,6045]],"type":"Polygon","properties":{"POA_CODE21":"5042"}},{"arcs":[[6046,6047,-6031,-6035,-6045,6048]],"type":"Polygon","properties":{"POA_CODE21":"5043"}},{"arcs":[[6049,6050,6051,-6048,6052]],"type":"Polygon","properties":{"POA_CODE21":"5044"}},{"arcs":[[6053,-6009,6054,-6037,-6032,-6052]],"type":"Polygon","properties":{"POA_CODE21":"5045"}},{"arcs":[[6055,6056,-6053,-6047]],"type":"Polygon","properties":{"POA_CODE21":"5046"}},{"arcs":[[-6044,6057,6058,6059,6060,-6056,-6049]],"type":"Polygon","properties":{"POA_CODE21":"5047"}},{"arcs":[[-6057,-6061,6061,6062,-6050]],"type":"Polygon","properties":{"POA_CODE21":"5048"}},{"arcs":[[6063,-6062,-6060,6064]],"type":"Polygon","properties":{"POA_CODE21":"5049"}},{"arcs":[[6065,-6046,-6040,6066,6067]],"type":"Polygon","properties":{"POA_CODE21":"5050"}},{"arcs":[[6068,6069,6070,-6068,6071]],"type":"Polygon","properties":{"POA_CODE21":"5051"}},{"arcs":[[-6067,-6039,6072,6073,6074,-6072]],"type":"Polygon","properties":{"POA_CODE21":"5052"}},{"arcs":[[6075,-6023,-5939,6076]],"type":"Polygon","properties":{"POA_CODE21":"5061"}},{"arcs":[[-6042,-6076,6077,6078,6079,6080,-6073]],"type":"Polygon","properties":{"POA_CODE21":"5062"}},{"arcs":[[-6077,-5947,6081,6082,-6078]],"type":"Polygon","properties":{"POA_CODE21":"5063"}},{"arcs":[[6083,6084,-6079,-6083,6085]],"type":"Polygon","properties":{"POA_CODE21":"5064"}},{"arcs":[[6086,6087,-6086,-6082,-5946,6088]],"type":"Polygon","properties":{"POA_CODE21":"5065"}},{"arcs":[[6089,6090,-6084,-6088,6091,6092,6093,6094]],"type":"Polygon","properties":{"POA_CODE21":"5066"}},{"arcs":[[-6089,-5945,6095,6096]],"type":"Polygon","properties":{"POA_CODE21":"5067"}},{"arcs":[[6097,6098,-6092,-6087,-6097,6099,6100]],"type":"Polygon","properties":{"POA_CODE21":"5068"}},{"arcs":[[-5944,6101,6102,-6100,-6096]],"type":"Polygon","properties":{"POA_CODE21":"5069"}},{"arcs":[[6103,6104,-6101,-6103,6105,6106]],"type":"Polygon","properties":{"POA_CODE21":"5070"}},{"arcs":[[-6093,-6099,6107,6108,6109,6110]],"type":"Polygon","properties":{"POA_CODE21":"5072"}},{"arcs":[[-6098,-6105,6111,6112,6113,-6108]],"type":"Polygon","properties":{"POA_CODE21":"5073"}},{"arcs":[[-6104,6114,6115,6116,-6112]],"type":"Polygon","properties":{"POA_CODE21":"5074"}},{"arcs":[[6117,-6116,6118,6119,6120,6121]],"type":"Polygon","properties":{"POA_CODE21":"5075"}},{"arcs":[[[6122,-6113,-6117,-6118,6123]],[[6124,6125,6126]]],"type":"MultiPolygon","properties":{"POA_CODE21":"5076"}},{"arcs":[[-5950,6127,6128,6129,6130,-6106,-6102]],"type":"Polygon","properties":{"POA_CODE21":"5081"}},{"arcs":[[-5954,-5957,-5967,6131,6132,6133,-6128,-5949]],"type":"Polygon","properties":{"POA_CODE21":"5082"}},{"arcs":[[-6129,-6134,6134,6135]],"type":"Polygon","properties":{"POA_CODE21":"5083"}},{"arcs":[[-5966,6136,6137,-6132]],"type":"Polygon","properties":{"POA_CODE21":"5084"}},{"arcs":[[-6135,-6133,-6138,6138,6139,6140]],"type":"Polygon","properties":{"POA_CODE21":"5085"}},{"arcs":[[-6130,-6136,-6141,6141,6142,6143,6144]],"type":"Polygon","properties":{"POA_CODE21":"5086"}},{"arcs":[[-6131,-6145,6145,-6119,-6115,-6107]],"type":"Polygon","properties":{"POA_CODE21":"5087"}},{"arcs":[[-6120,-6146,-6144,6146,6147]],"type":"Polygon","properties":{"POA_CODE21":"5088"}},{"arcs":[[6148,6149,6150,-6124,-6122,6151]],"type":"Polygon","properties":{"POA_CODE21":"5089"}},{"arcs":[[-6121,-6148,6152,6153,6154,-6152]],"type":"Polygon","properties":{"POA_CODE21":"5090"}},{"arcs":[[6155,6156,-6149,-6155,6157,6158]],"type":"Polygon","properties":{"POA_CODE21":"5091"}},{"arcs":[[-6153,-6147,6159,6160,6161,6162]],"type":"Polygon","properties":{"POA_CODE21":"5092"}},{"arcs":[[-6143,6163,6164,-6160]],"type":"Polygon","properties":{"POA_CODE21":"5093"}},{"arcs":[[-5976,6165,6166,6167,-6139,-6137]],"type":"Polygon","properties":{"POA_CODE21":"5094"}},{"arcs":[[-6168,6168,6169,6170,6171,6172]],"type":"Polygon","properties":{"POA_CODE21":"5095"}},{"arcs":[[6173,6174,-6161,-6165,6175,-6172,6176,6177]],"type":"Polygon","properties":{"POA_CODE21":"5096"}},{"arcs":[[-6154,-6163,6178,6179,-6158]],"type":"Polygon","properties":{"POA_CODE21":"5097"}},{"arcs":[[-6164,-6142,-6140,-6173,-6176]],"type":"Polygon","properties":{"POA_CODE21":"5098"}},{"arcs":[[-6177,-6171,6180,6181,6182]],"type":"Polygon","properties":{"POA_CODE21":"5106"}},{"arcs":[[-6170,6183,6184,-6181]],"type":"Polygon","properties":{"POA_CODE21":"5107"}},{"arcs":[[-6185,6185,6186,6187,6188,-6182]],"type":"Polygon","properties":{"POA_CODE21":"5108"}},{"arcs":[[-6178,-6183,-6189,6189,6190,6191]],"type":"Polygon","properties":{"POA_CODE21":"5109"}},{"arcs":[[-6184,-6169,-6167,6192,6193,6194,6195,-6186]],"type":"Polygon","properties":{"POA_CODE21":"5110"}},{"arcs":[[-6187,-6196,6196,6197,6198]],"type":"Polygon","properties":{"POA_CODE21":"5111"}},{"arcs":[[-6190,-6188,-6199,6199,6200]],"type":"Polygon","properties":{"POA_CODE21":"5112"}},{"arcs":[[-6200,-6198,6201,6202]],"type":"Polygon","properties":{"POA_CODE21":"5113"}},{"arcs":[[-6203,6203,6204,6205,6206,6207,6208,6209,6210,6211,-6191,-6201]],"type":"Polygon","properties":{"POA_CODE21":"5114"}},{"arcs":[[6212,6213,-6205]],"type":"Polygon","properties":{"POA_CODE21":"5115"}},{"arcs":[[-6206,-6214,6214,6215]],"type":"Polygon","properties":{"POA_CODE21":"5116"}},{"arcs":[[-6213,6216,6217,6218,-6215]],"type":"Polygon","properties":{"POA_CODE21":"5117"}},{"arcs":[[6219,6220,-6207,-6216,-6219,6221,6222,6223,6224]],"type":"Polygon","properties":{"POA_CODE21":"5118"}},{"arcs":[[6225,6226,6227,-6194]],"type":"Polygon","properties":{"POA_CODE21":"5120"}},{"arcs":[[-6197,-6195,-6228,6228,-6217,-6204,-6202]],"type":"Polygon","properties":{"POA_CODE21":"5121"}},{"arcs":[[6229,-6174,-6192,-6212,6230,6231]],"type":"Polygon","properties":{"POA_CODE21":"5125"}},{"arcs":[[-6180,6232,-6232,6233,-6159]],"type":"Polygon","properties":{"POA_CODE21":"5126"}},{"arcs":[[-6179,-6162,-6175,-6230,-6233]],"type":"Polygon","properties":{"POA_CODE21":"5127"}},{"arcs":[[6234,-6156,-6234,-6231,-6211,6235]],"type":"Polygon","properties":{"POA_CODE21":"5131"}},{"arcs":[[6236,-6125,6237,-6150,-6157,-6235,6238,6239]],"type":"Polygon","properties":{"POA_CODE21":"5132"}},{"arcs":[[-6239,-6236,-6210,6240]],"type":"Polygon","properties":{"POA_CODE21":"5133"}},{"arcs":[[6241,6242,6243,6244,6245,6246,-6109,-6114,-6123,-6151,-6238,-6127]],"type":"Polygon","properties":{"POA_CODE21":"5134"}},{"arcs":[[6247,-6110,-6247,6248]],"type":"Polygon","properties":{"POA_CODE21":"5136"}},{"arcs":[[-6246,6249,6250,6251,6252,6253,-6249]],"type":"Polygon","properties":{"POA_CODE21":"5137"}},{"arcs":[[6254,6255,6256,-6250,-6245]],"type":"Polygon","properties":{"POA_CODE21":"5138"}},{"arcs":[[6257,6258,-6255,-6244,6259]],"type":"Polygon","properties":{"POA_CODE21":"5139"}},{"arcs":[[6260,-6253,6261,6262,-6095]],"type":"Polygon","properties":{"POA_CODE21":"5140"}},{"arcs":[[[-6261,-6094,-6111,-6248,-6254]],[[-6252,6263,6264,6265,-6262]]],"type":"MultiPolygon","properties":{"POA_CODE21":"5141"}},{"arcs":[[6266,6267,-6264,-6251,-6257]],"type":"Polygon","properties":{"POA_CODE21":"5142"}},{"arcs":[[6268,-6267,-6256,-6259,6269,6270]],"type":"Polygon","properties":{"POA_CODE21":"5144"}},{"arcs":[[6271,-6080,-6085,-6091]],"type":"Polygon","properties":{"POA_CODE21":"5150"}},{"arcs":[[-6265,-6268,-6269,6272,6273]],"type":"Polygon","properties":{"POA_CODE21":"5151"}},{"arcs":[[6274,6275,6276,6277,-6074,-6081,-6272,-6090,-6263,-6266,-6274]],"type":"Polygon","properties":{"POA_CODE21":"5152"}},{"arcs":[[6278,6279,6280,6281,6282,6283,6284,-6277,6285]],"type":"Polygon","properties":{"POA_CODE21":"5153"}},{"arcs":[[-6286,-6276,6286]],"type":"Polygon","properties":{"POA_CODE21":"5154"}},{"arcs":[[-6287,-6275,-6273,-6271,6287,6288,-6279]],"type":"Polygon","properties":{"POA_CODE21":"5155"}},{"arcs":[[-6278,-6285,6289,-6069,-6075]],"type":"Polygon","properties":{"POA_CODE21":"5156"}},{"arcs":[[[-6290,-6284,6290,6291,6292,6293,-6070]],[[6294,6295,6296,6297]]],"type":"MultiPolygon","properties":{"POA_CODE21":"5157"}},{"arcs":[[6298,6299,-6065,-6059,6300,6301]],"type":"Polygon","properties":{"POA_CODE21":"5158"}},{"arcs":[[-6058,-6043,-6066,-6071,-6294,6302,6303,6304,-6301]],"type":"Polygon","properties":{"POA_CODE21":"5159"}},{"arcs":[[6305,6306,6307,6308,6309,-6299,6310]],"type":"Polygon","properties":{"POA_CODE21":"5160"}},{"arcs":[[-6311,-6302,-6305,6311]],"type":"Polygon","properties":{"POA_CODE21":"5161"}},{"arcs":[[6312,6313,-6306,-6312,-6304]],"type":"Polygon","properties":{"POA_CODE21":"5162"}},{"arcs":[[-6303,-6293,6314,6315,-6313]],"type":"Polygon","properties":{"POA_CODE21":"5163"}},{"arcs":[[6316,-6307,-6314,6317]],"type":"Polygon","properties":{"POA_CODE21":"5164"}},{"arcs":[[6318,6319,6320,6321,-6308,-6317]],"type":"Polygon","properties":{"POA_CODE21":"5165"}},{"arcs":[[6322,-6309,-6322]],"type":"Polygon","properties":{"POA_CODE21":"5166"}},{"arcs":[[6323,-6320,6324,6325]],"type":"Polygon","properties":{"POA_CODE21":"5167"}},{"arcs":[[6326,6327,-6325,-6319,-6318,-6316]],"type":"Polygon","properties":{"POA_CODE21":"5168"}},{"arcs":[[6328,-6326,-6328,6329,6330]],"type":"Polygon","properties":{"POA_CODE21":"5169"}},{"arcs":[[6331,-6331,6332,6333]],"type":"Polygon","properties":{"POA_CODE21":"5170"}},{"arcs":[[6334,-6333,-6330,-6327,-6315,-6292,6335,6336]],"type":"Polygon","properties":{"POA_CODE21":"5171"}},{"arcs":[[6337,6338,6339,-6337,6340,-6297,6341]],"type":"Polygon","properties":{"POA_CODE21":"5172"}},{"arcs":[[6342,-6334,-6335,-6340,6343]],"type":"Polygon","properties":{"POA_CODE21":"5173"}},{"arcs":[[-6339,6344,6345,-6344]],"type":"Polygon","properties":{"POA_CODE21":"5174"}},{"arcs":[[-6341,-6336,-6291,-6283,6346,-6298]],"type":"Polygon","properties":{"POA_CODE21":"5201"}},{"arcs":[[6347,6348,6349,6350,-6345,-6338,6351]],"type":"Polygon","properties":{"POA_CODE21":"5202"}},{"arcs":[[-6349,6352,6353,6354]],"type":"Polygon","properties":{"POA_CODE21":"5203"}},{"arcs":[[6355,-6350,-6355]],"type":"Polygon","properties":{"POA_CODE21":"5204"}},{"arcs":[[-6352,-6342,-6296,6356,6357]],"type":"Polygon","properties":{"POA_CODE21":"5210"}},{"arcs":[[-6353,-6348,-6358,6358,6359,6360,6361,6362]],"type":"Polygon","properties":{"POA_CODE21":"5211"}},{"arcs":[[6363,-6362,6364]],"type":"Polygon","properties":{"POA_CODE21":"5212"}},{"arcs":[[-6365,-6361,6365,6366]],"type":"Polygon","properties":{"POA_CODE21":"5213"}},{"arcs":[[6367,6368,6369,6370,-6366,-6360,6371]],"type":"Polygon","properties":{"POA_CODE21":"5214"}},{"arcs":[[6372]],"type":"Polygon","properties":{"POA_CODE21":"5220"}},{"arcs":[[6373,6374,6375]],"type":"Polygon","properties":{"POA_CODE21":"5221"}},{"arcs":[[6376,-6374,6377]],"type":"Polygon","properties":{"POA_CODE21":"5222"}},{"arcs":[[-6375,-6377,6378],[-6373]],"type":"Polygon","properties":{"POA_CODE21":"5223"}},{"arcs":[[6379,6380,6381,-6240,-6241,-6209]],"type":"Polygon","properties":{"POA_CODE21":"5231"}},{"arcs":[[-6382,6382,6383,6384,-6242,-6126,-6237]],"type":"Polygon","properties":{"POA_CODE21":"5232"}},{"arcs":[[6385,-6383,-6381,6386,6387,6388,6389]],"type":"Polygon","properties":{"POA_CODE21":"5233"}},{"arcs":[[6390,6391,-6389,6392]],"type":"Polygon","properties":{"POA_CODE21":"5234"}},{"arcs":[[6393,6394,-6393,-6388,6395,6396,6397]],"type":"Polygon","properties":{"POA_CODE21":"5235"}},{"arcs":[[6398,-6391,-6395,6399,6400]],"type":"Polygon","properties":{"POA_CODE21":"5236"}},{"arcs":[[6401,-6400,-6394,6402,6403]],"type":"Polygon","properties":{"POA_CODE21":"5237"}},{"arcs":[[-6404,6404,6405,6406,6407,6408,6409,6410]],"type":"Polygon","properties":{"POA_CODE21":"5238"}},{"arcs":[[-6243,-6385,6413,6414,6415,6416,-6260]],"type":"Polygon","properties":{"POA_CODE21":"5240"}},{"arcs":[[-6414,-6384,-6386,6417]],"type":"Polygon","properties":{"POA_CODE21":"5241"}},{"arcs":[[6418,6419,6420,6421,6422,-6288,-6270,-6258,-6417,6423]],"type":"Polygon","properties":{"POA_CODE21":"5242"}},{"arcs":[[-6416,6424,6425,-6424]],"type":"Polygon","properties":{"POA_CODE21":"5243"}},{"arcs":[[-6390,-6392,-6399,6426,6427,-6425,-6415,-6418]],"type":"Polygon","properties":{"POA_CODE21":"5244"}},{"arcs":[[6428,6429,-6280,-6289,-6423]],"type":"Polygon","properties":{"POA_CODE21":"5245"}},{"arcs":[[-6429,-6422,6430,-6420,6431,6432]],"type":"Polygon","properties":{"POA_CODE21":"5250"}},{"arcs":[[6433,6434,6435,-6281,-6430,-6433]],"type":"Polygon","properties":{"POA_CODE21":"5251"}},{"arcs":[[6436,6437,6438,-6434,-6432,-6419,-6426,-6428]],"type":"Polygon","properties":{"POA_CODE21":"5252"}},{"arcs":[[6439,6440,-6410,6441,6442,6443,6444]],"type":"Polygon","properties":{"POA_CODE21":"5253"}},{"arcs":[[[-6441,6445,-6437,-6427,-6401,-6402,-6411]],[[6446,-6435,-6439]]],"type":"MultiPolygon","properties":{"POA_CODE21":"5254"}},{"arcs":[[6447,6448,6449,-6372,-6359,-6357,-6295,-6347,-6282,-6436,-6447,-6438,-6446,-6440,6450]],"type":"Polygon","properties":{"POA_CODE21":"5255"}},{"arcs":[[[6451,-6368,-6450]],[[-6448,6452]]],"type":"MultiPolygon","properties":{"POA_CODE21":"5256"}},{"arcs":[[[6453,6454,-6369,-6452,-6449,-6453,-6451,-6445,6455]],[[6456,6457,6458,-6443]]],"type":"MultiPolygon","properties":{"POA_CODE21":"5259"}},{"arcs":[[6459,6460,-6456,-6444,-6459]],"type":"Polygon","properties":{"POA_CODE21":"5260"}},{"arcs":[[[-6461,6461,6462,6463,-6454]],[[6464,6465]]],"type":"MultiPolygon","properties":{"POA_CODE21":"5261"}},{"arcs":[[6466,6467,-3415,-3221]],"type":"Polygon","properties":{"POA_CODE21":"5262"}},{"arcs":[[-3197,6468]],"type":"Polygon","properties":{"POA_CODE21":"5263"}},{"arcs":[[-6464,6469,6470,6471,6472,-6370,-6455]],"type":"Polygon","properties":{"POA_CODE21":"5264"}},{"arcs":[[6473,-6470,-6463,6474,6475,-6466]],"type":"Polygon","properties":{"POA_CODE21":"5265"}},{"arcs":[[6476,-6471,-6474,-6465,-6476,6477,6478,6479]],"type":"Polygon","properties":{"POA_CODE21":"5266"}},{"arcs":[[6480,6481,6482,-6480,6483,-3569,-3434,6484]],"type":"Polygon","properties":{"POA_CODE21":"5267"}},{"arcs":[[-3431,-3416,-6468,6485,6486,-6485,-3433,6487]],"type":"Polygon","properties":{"POA_CODE21":"5268"}},{"arcs":[[-3432,-6488]],"type":"Polygon","properties":{"POA_CODE21":"5269"}},{"arcs":[[6488,-6481,-6487]],"type":"Polygon","properties":{"POA_CODE21":"5270"}},{"arcs":[[6489,6490,-6482,-6489,-6486,-6467,-3220,-3215,-3199,6491]],"type":"Polygon","properties":{"POA_CODE21":"5271"}},{"arcs":[[6492,6493,6494,6495,6496,6497,6498,-6490]],"type":"Polygon","properties":{"POA_CODE21":"5272"}},{"arcs":[[6499,-6498]],"type":"Polygon","properties":{"POA_CODE21":"5273"}},{"arcs":[[-6472,-6477,-6483,-6491,-6499,-6500,-6497,6500,6501]],"type":"Polygon","properties":{"POA_CODE21":"5275"}},{"arcs":[[-6501,-6496,6502,6503]],"type":"Polygon","properties":{"POA_CODE21":"5276"}},{"arcs":[[6504,-6493,-6492,-3198,-6469,-3196,6505,6506]],"type":"Polygon","properties":{"POA_CODE21":"5277"}},{"arcs":[[-6507,6507,6508,6509]],"type":"Polygon","properties":{"POA_CODE21":"5278"}},{"arcs":[[[-6505,-6510,6510,-6494]],[[6511,6512,-6509]]],"type":"MultiPolygon","properties":{"POA_CODE21":"5279"}},{"arcs":[[-6513,6513,6514,-6503,-6495,-6511]],"type":"Polygon","properties":{"POA_CODE21":"5280"}},{"arcs":[[6515]],"type":"Polygon","properties":{"POA_CODE21":"5290"}},{"arcs":[[-6514,-6512,-6508,-6506,-3195,-3185,-3162,6516],[-6516]],"type":"Polygon","properties":{"POA_CODE21":"5291"}},{"arcs":[[6517,-6478,-6475,-6462,-6460,-6458,6518,6519]],"type":"Polygon","properties":{"POA_CODE21":"5301"}},{"arcs":[[-6484,-6479,-6518,6520,6521,6522,6523,6524,6525,-3570]],"type":"Polygon","properties":{"POA_CODE21":"5302"}},{"arcs":[[6526,-6525]],"type":"Polygon","properties":{"POA_CODE21":"5303"}},{"arcs":[[-3575,-3608,-3571,-6526,-6527,-6524,6527]],"type":"Polygon","properties":{"POA_CODE21":"5304"}},{"arcs":[[-6457,-6442,-6409,6528,-6519]],"type":"Polygon","properties":{"POA_CODE21":"5306"}},{"arcs":[[-6521,-6520,-6529,-6408,6529,6530]],"type":"Polygon","properties":{"POA_CODE21":"5307"}},{"arcs":[[6531,-6530,-6407,6532,6533,6534]],"type":"Polygon","properties":{"POA_CODE21":"5308"}},{"arcs":[[-6532,6535,6536,-6522,-6531]],"type":"Polygon","properties":{"POA_CODE21":"5309"}},{"arcs":[[6537,-6536,-6535,6538,6539]],"type":"Polygon","properties":{"POA_CODE21":"5310"}},{"arcs":[[[-6523,-6537,-6538,6540,6541,-3576,-6528]],[[-6534,6542,6543,6544,6545,6546,-6539]]],"type":"MultiPolygon","properties":{"POA_CODE21":"5311"}},{"arcs":[[6547,6548,6549,6550,6551,6552,6553]],"type":"Polygon","properties":{"POA_CODE21":"5320"}},{"arcs":[[6554,6555,6556,-6554]],"type":"Polygon","properties":{"POA_CODE21":"5321"}},{"arcs":[[-6556,6557]],"type":"Polygon","properties":{"POA_CODE21":"5322"}},{"arcs":[[6558,-6545,6559,-6548,-6557,-6558,-6555,-6553,6560,6561,6562,6563,6564]],"type":"Polygon","properties":{"POA_CODE21":"5330"}},{"arcs":[[-6565,6565,6566]],"type":"Polygon","properties":{"POA_CODE21":"5331"}},{"arcs":[[6567,-6546,-6559,-6567,6568,6569]],"type":"Polygon","properties":{"POA_CODE21":"5332"}},{"arcs":[[-6540,-6547,-6568,6570,6571,6572,-6541]],"type":"Polygon","properties":{"POA_CODE21":"5333"}},{"arcs":[[-3577,-6542,-6573,6573,6574,-3595]],"type":"Polygon","properties":{"POA_CODE21":"5340"}},{"arcs":[[6575,6576,6577,-1836,-3596,-6575]],"type":"Polygon","properties":{"POA_CODE21":"5341"}},{"arcs":[[6578,6579,6580,-6562,6581,-6577]],"type":"Polygon","properties":{"POA_CODE21":"5342"}},{"arcs":[[-6576,-6574,-6572,6582,6583,-6579]],"type":"Polygon","properties":{"POA_CODE21":"5343"}},{"arcs":[[6584,-6580,-6584]],"type":"Polygon","properties":{"POA_CODE21":"5344"}},{"arcs":[[-6571,-6570,6585,-6563,-6581,-6585,-6583]],"type":"Polygon","properties":{"POA_CODE21":"5345"}},{"arcs":[[-6569,-6566,-6564,-6586]],"type":"Polygon","properties":{"POA_CODE21":"5346"}},{"arcs":[[6586,-6220,6587,6588]],"type":"Polygon","properties":{"POA_CODE21":"5350"}},{"arcs":[[-6396,-6387,-6380,-6208,-6221,-6587,6589]],"type":"Polygon","properties":{"POA_CODE21":"5351"}},{"arcs":[[-6589,6590,6591,6592,-6397,-6590]],"type":"Polygon","properties":{"POA_CODE21":"5352"}},{"arcs":[[6593,6594,-6413,6595,-6405,-6403,-6398,-6593,6596]],"type":"Polygon","properties":{"POA_CODE21":"5353"}},{"arcs":[[-6406,-6596,-6412,-6595,6597,-6543,-6533]],"type":"Polygon","properties":{"POA_CODE21":"5354"}},{"arcs":[[6598,6599,6600,6601,6602,-6597,-6592]],"type":"Polygon","properties":{"POA_CODE21":"5355"}},{"arcs":[[-6594,-6603,6603,6604,6605]],"type":"Polygon","properties":{"POA_CODE21":"5356"}},{"arcs":[[-6606,6606,-6549,-6560,-6544,-6598]],"type":"Polygon","properties":{"POA_CODE21":"5357"}},{"arcs":[[6607,6608,-6601]],"type":"Polygon","properties":{"POA_CODE21":"5360"}},{"arcs":[[-6599,-6591,-6588,-6225,6609,6610,6611]],"type":"Polygon","properties":{"POA_CODE21":"5371"}},{"arcs":[[6612,6613,-6608,-6600,-6612]],"type":"Polygon","properties":{"POA_CODE21":"5372"}},{"arcs":[[-6609,-6614,6614,6615,6616,6617,6618,-6604,-6602]],"type":"Polygon","properties":{"POA_CODE21":"5373"}},{"arcs":[[-6605,-6619,6619,6620,-6550,-6607]],"type":"Polygon","properties":{"POA_CODE21":"5374"}},{"arcs":[[-6551,-6621,6621,6622]],"type":"Polygon","properties":{"POA_CODE21":"5381"}},{"arcs":[[6623,6624,6625,6626,-6610,-6224]],"type":"Polygon","properties":{"POA_CODE21":"5400"}},{"arcs":[[-6626,6627,6628,6629,6630,6631]],"type":"Polygon","properties":{"POA_CODE21":"5401"}},{"arcs":[[6632,-6615,-6613,-6611,-6627,-6632]],"type":"Polygon","properties":{"POA_CODE21":"5410"}},{"arcs":[[6633,-6616,-6633,-6631]],"type":"Polygon","properties":{"POA_CODE21":"5411"}},{"arcs":[[6634,-6617,-6634,-6630,6635,6636]],"type":"Polygon","properties":{"POA_CODE21":"5412"}},{"arcs":[[-6618,-6635,6637,6638,6639,6640,6641,-6622,-6620]],"type":"Polygon","properties":{"POA_CODE21":"5413"}},{"arcs":[[-6639,6642,6643]],"type":"Polygon","properties":{"POA_CODE21":"5414"}},{"arcs":[[-6644,6644,6645,6646,6647,-6640]],"type":"Polygon","properties":{"POA_CODE21":"5415"}},{"arcs":[[-6641,-6648,6648,6649]],"type":"Polygon","properties":{"POA_CODE21":"5416"}},{"arcs":[[-6582,-6561,-6552,-6623,-6642,-6650,6650,6651,6652,6653,6654,6655,6656,6657,6658,6659,-2335,-1837,-6578]],"type":"Polygon","properties":{"POA_CODE21":"5417"}},{"arcs":[[[-6655,6660]],[[-6657,6661]]],"type":"MultiPolygon","properties":{"POA_CODE21":"5418"}},{"arcs":[[6662,6663,-6658,-6662,-6656,-6661,-6654,6664,6665,6666]],"type":"Polygon","properties":{"POA_CODE21":"5419"}},{"arcs":[[6667,6668,-6667,6669]],"type":"Polygon","properties":{"POA_CODE21":"5420"}},{"arcs":[[-6669,6670,-6663]],"type":"Polygon","properties":{"POA_CODE21":"5421"}},{"arcs":[[-6668,6671,6672,6673,-6659,-6664,-6671],[6674]],"type":"Polygon","properties":{"POA_CODE21":"5422"}},{"arcs":[[6675,6676,6677,6678,6679,6680,6681,-6673]],"type":"Polygon","properties":{"POA_CODE21":"5431"}},{"arcs":[[6682,6683,-6681,6684,6685]],"type":"Polygon","properties":{"POA_CODE21":"5432"}},{"arcs":[[-6680,6686,6687,6688,6689,6690,6691,-6685]],"type":"Polygon","properties":{"POA_CODE21":"5433"}},{"arcs":[[-6692,6692,6693,6694,-6686]],"type":"Polygon","properties":{"POA_CODE21":"5434"}},{"arcs":[[-6660,-6674,-6682,-6684,6695,6696,-2336]],"type":"Polygon","properties":{"POA_CODE21":"5440"}},{"arcs":[[-6637,6697,6698,6699,-6645,-6643,-6638]],"type":"Polygon","properties":{"POA_CODE21":"5451"}},{"arcs":[[6700,-6646,-6700]],"type":"Polygon","properties":{"POA_CODE21":"5452"}},{"arcs":[[-6699,6701,6702,6703,6704,-6651,-6649,-6647,-6701]],"type":"Polygon","properties":{"POA_CODE21":"5453"}},{"arcs":[[6705,6706,6707,6708,6709,-6665,-6653,6710]],"type":"Polygon","properties":{"POA_CODE21":"5454"}},{"arcs":[[6711,-6711,-6652,-6705]],"type":"Polygon","properties":{"POA_CODE21":"5455"}},{"arcs":[[-6625,6712,6713,6714,-6628]],"type":"Polygon","properties":{"POA_CODE21":"5460"}},{"arcs":[[6715,6716,6717,-6702,-6698,-6636,-6629,-6715,6718,6719]],"type":"Polygon","properties":{"POA_CODE21":"5461"}},{"arcs":[[-6718,6720,-6703]],"type":"Polygon","properties":{"POA_CODE21":"5462"}},{"arcs":[[-6717,6721,6722,6723,6724,6725,6726,-6706,-6712,-6704,-6721]],"type":"Polygon","properties":{"POA_CODE21":"5464"}},{"arcs":[[6727,-6707,-6727]],"type":"Polygon","properties":{"POA_CODE21":"5470"}},{"arcs":[[-6726,6728,6729,-6708,-6728]],"type":"Polygon","properties":{"POA_CODE21":"5471"}},{"arcs":[[6730,6731,-6709,-6730,6732]],"type":"Polygon","properties":{"POA_CODE21":"5472"}},{"arcs":[[6733,6734,-6731,6735,6736]],"type":"Polygon","properties":{"POA_CODE21":"5473"}},{"arcs":[[6737,6738,6739,6740,6741,-6737]],"type":"Polygon","properties":{"POA_CODE21":"5480"}},{"arcs":[[6742,6743,6744,6745,6746,-6739]],"type":"Polygon","properties":{"POA_CODE21":"5481"}},{"arcs":[[-6747,6747,-6677,-6740]],"type":"Polygon","properties":{"POA_CODE21":"5482"}},{"arcs":[[6748,6749,-6678,-6748,-6746]],"type":"Polygon","properties":{"POA_CODE21":"5483"}},{"arcs":[[6750,6751,-6687,-6679,-6750]],"type":"Polygon","properties":{"POA_CODE21":"5485"}},{"arcs":[[-6734,-6742,6752]],"type":"Polygon","properties":{"POA_CODE21":"5490"}},{"arcs":[[-6670,-6666,-6710,-6732,-6735,-6753,-6741,-6676,-6672]],"type":"Polygon","properties":{"POA_CODE21":"5491"}},{"arcs":[[-6675]],"type":"Polygon","properties":{"POA_CODE21":"5493"}},{"arcs":[[6753,6754,-6751,-6749,-6745,6755,6756]],"type":"Polygon","properties":{"POA_CODE21":"5495"}},{"arcs":[[6757,6758,-6719,-6714,6759,-6222,-6218,-6229,-6227]],"type":"Polygon","properties":{"POA_CODE21":"5501"}},{"arcs":[[-6624,-6223,-6760,-6713]],"type":"Polygon","properties":{"POA_CODE21":"5502"}},{"arcs":[[6760,6761,6762]],"type":"Polygon","properties":{"POA_CODE21":"5510"}},{"arcs":[[6763,6764,6765,-6722,-6716,6766,-6763]],"type":"Polygon","properties":{"POA_CODE21":"5520"}},{"arcs":[[-6724,6767,6768]],"type":"Polygon","properties":{"POA_CODE21":"5521"}},{"arcs":[[6769,6770,6771,6772,6773,-6765]],"type":"Polygon","properties":{"POA_CODE21":"5522"}},{"arcs":[[6774,-6773,6775,6776,-6743,-6738,-6736,-6733,-6729,-6725,-6769]],"type":"Polygon","properties":{"POA_CODE21":"5523"}},{"arcs":[[6777,-6756,-6744,-6777]],"type":"Polygon","properties":{"POA_CODE21":"5540"}},{"arcs":[[-6767,-6720,-6759,6778,6779,6780,-6761]],"type":"Polygon","properties":{"POA_CODE21":"5550"}},{"arcs":[[6781,6782,6783,6784,6785,-6780,6786]],"type":"Polygon","properties":{"POA_CODE21":"5552"}},{"arcs":[[6787,6788,6789,6790,-6785]],"type":"Polygon","properties":{"POA_CODE21":"5554"}},{"arcs":[[[-6775,-6768,-6723,-6766,-6774]],[[-6771,6791,-6790,6792,6793]]],"type":"MultiPolygon","properties":{"POA_CODE21":"5555"}},{"arcs":[[6794,6795,-6793,-6789]],"type":"Polygon","properties":{"POA_CODE21":"5556"}},{"arcs":[[-6784,6796,6797,6798,-6795,-6788]],"type":"Polygon","properties":{"POA_CODE21":"5558"}},{"arcs":[[-6762,-6781,-6786,-6791,-6792,-6770,-6764]],"type":"Polygon","properties":{"POA_CODE21":"5560"}},{"arcs":[[6799,6800,6801,-6782,6802]],"type":"Polygon","properties":{"POA_CODE21":"5570"}},{"arcs":[[6803,6804,-6800,6805]],"type":"Polygon","properties":{"POA_CODE21":"5571"}},{"arcs":[[6806,-6797,-6783,-6802]],"type":"Polygon","properties":{"POA_CODE21":"5572"}},{"arcs":[[[6807,6808,6809,-6798,-6807,-6801,-6805]],[[6810]]],"type":"MultiPolygon","properties":{"POA_CODE21":"5573"}},{"arcs":[[[-6809,6811,6812,6813,6814,6815,6816]],[[6817,6818,6819,6820]],[[6821,6822]],[[6823,6824,6825,6826]]],"type":"MultiPolygon","properties":{"POA_CODE21":"5575"}},{"arcs":[[6827,6828,-6815,6829,-6825,6830]],"type":"Polygon","properties":{"POA_CODE21":"5576"}},{"arcs":[[[-6822,6831,-6816,-6829,6832,-6818,6833]],[[6834,-6820]]],"type":"MultiPolygon","properties":{"POA_CODE21":"5577"}},{"arcs":[[6835,-6812,-6808,-6804,6836]],"type":"Polygon","properties":{"POA_CODE21":"5580"}},{"arcs":[[6837,-6813,-6836,6838]],"type":"Polygon","properties":{"POA_CODE21":"5581"}},{"arcs":[[-6826,-6830,-6814,-6838,6839]],"type":"Polygon","properties":{"POA_CODE21":"5582"}},{"arcs":[[-6831,-6824,6840]],"type":"Polygon","properties":{"POA_CODE21":"5583"}},{"arcs":[[6841,6842,6843]],"type":"Polygon","properties":{"POA_CODE21":"5600"}},{"arcs":[[6844,6845,6846,6847,6848,6849,6850,6851,-6843]],"type":"Polygon","properties":{"POA_CODE21":"5601"}},{"arcs":[[6852,6853,6854,6855,-6849,6856]],"type":"Polygon","properties":{"POA_CODE21":"5602"}},{"arcs":[[6857,6858,-6853,6859,6860,6861,6862]],"type":"Polygon","properties":{"POA_CODE21":"5603"}},{"arcs":[[6863,6864,-6861,6865]],"type":"Polygon","properties":{"POA_CODE21":"5604"}},{"arcs":[[[-6865,6866,-6862]],[[6867,6868]]],"type":"MultiPolygon","properties":{"POA_CODE21":"5605"}},{"arcs":[[[6869,6870]],[[6871]]],"type":"MultiPolygon","properties":{"POA_CODE21":"5606"}},{"arcs":[[[-6870,6872,6873,6874,6875,-6863,-6867,-6864,6876,-6868,6877],[6878,6879,6880,6881]],[[6882,6883,6884,6885]],[[6886]]],"type":"MultiPolygon","properties":{"POA_CODE21":"5607"}},{"arcs":[[6887,-6845,-6842,6888,-6847]],"type":"Polygon","properties":{"POA_CODE21":"5608"}},{"arcs":[[-6846,-6888]],"type":"Polygon","properties":{"POA_CODE21":"5609"}},{"arcs":[[6889,6890,-6850,-6856,6891,6892]],"type":"Polygon","properties":{"POA_CODE21":"5611"}},{"arcs":[[6893,-6881]],"type":"Polygon","properties":{"POA_CODE21":"5630"}},{"arcs":[[-6894,-6880,6894,-6882]],"type":"Polygon","properties":{"POA_CODE21":"5631"}},{"arcs":[[-6879,-6895]],"type":"Polygon","properties":{"POA_CODE21":"5632"}},{"arcs":[[-6875,6895,6896,6897]],"type":"Polygon","properties":{"POA_CODE21":"5633"}},{"arcs":[[-6854,-6859,6898,6899]],"type":"Polygon","properties":{"POA_CODE21":"5640"}},{"arcs":[[-6855,-6900,6900,6901,6902,6903,6904,6905,-6892]],"type":"Polygon","properties":{"POA_CODE21":"5641"}},{"arcs":[[-6858,-6876,-6898,6906,-6901,-6899]],"type":"Polygon","properties":{"POA_CODE21":"5642"}},{"arcs":[[-6907,-6897,6907,6908,6909,6910,-6902]],"type":"Polygon","properties":{"POA_CODE21":"5650"}},{"arcs":[[6911,-6903,-6911]],"type":"Polygon","properties":{"POA_CODE21":"5651"}},{"arcs":[[-6910,6912,6913,6914,-6904,-6912]],"type":"Polygon","properties":{"POA_CODE21":"5652"}},{"arcs":[[6915,-6914,6916]],"type":"Polygon","properties":{"POA_CODE21":"5653"}},{"arcs":[[-6909,6917,-6884,6918,6919,6920,-6917,-6913]],"type":"Polygon","properties":{"POA_CODE21":"5654"}},{"arcs":[[6921,6922,-6905,-6915,-6916,-6921,6923,6924]],"type":"Polygon","properties":{"POA_CODE21":"5655"}},{"arcs":[[6925,-6925,6926]],"type":"Polygon","properties":{"POA_CODE21":"5660"}},{"arcs":[[6927,-6922,-6926,6928]],"type":"Polygon","properties":{"POA_CODE21":"5661"}},{"arcs":[[[-6885,-6918,-6908,-6896,-6874,6929]],[[6930]]],"type":"MultiPolygon","properties":{"POA_CODE21":"5670"}},{"arcs":[[6931,-6919,-6883,6932]],"type":"Polygon","properties":{"POA_CODE21":"5671"}},{"arcs":[[6933,6934,6935,-6929,-6927,-6924,-6920,-6932,6936]],"type":"Polygon","properties":{"POA_CODE21":"5680"}},{"arcs":[[[6937,6938,6939,6940,-143,6941,6942,6943,-6934,6944]],[[6945]]],"type":"MultiPolygon","properties":{"POA_CODE21":"5690"}},{"arcs":[[-6851,-6891,6946,6947,-6690,6948,6949,-6754,6950]],"type":"Polygon","properties":{"POA_CODE21":"5700"}},{"arcs":[[[6951,-6688,-6752,-6755,-6950]],[[6952]]],"type":"MultiPolygon","properties":{"POA_CODE21":"5701"}},{"arcs":[[-6689,-6952,-6949]],"type":"Polygon","properties":{"POA_CODE21":"5710"}},{"arcs":[[6953,6954,6955,6956,6957,6958,-6693,-6691,-6948,6959,6960]],"type":"Polygon","properties":{"POA_CODE21":"5713"}},{"arcs":[[-6947,-6890,6961,-6960]],"type":"Polygon","properties":{"POA_CODE21":"5715"}},{"arcs":[[-6962,-6893,-6906,-6923,-6928,-6936,6962,-6961]],"type":"Polygon","properties":{"POA_CODE21":"5717"}},{"arcs":[[-6954,-6963,-6935,-6944,6963,6964,-6956,6965],[-6953],[6966],[6967]],"type":"Polygon","properties":{"POA_CODE21":"5719"}},{"arcs":[[[-6955,-6966]],[[-6957,-6965,6968,6969]]],"type":"MultiPolygon","properties":{"POA_CODE21":"5720"}},{"arcs":[[-6967]],"type":"Polygon","properties":{"POA_CODE21":"5722"}},{"arcs":[[6970,6971,6972,-6969,-6964,-6943]],"type":"Polygon","properties":{"POA_CODE21":"5723"}},{"arcs":[[-6942,-142,6973,-6971]],"type":"Polygon","properties":{"POA_CODE21":"5724"}},{"arcs":[[-6968]],"type":"Polygon","properties":{"POA_CODE21":"5725"}},{"arcs":[[-6959,6974,6975,6976,6977,6978,-6694]],"type":"Polygon","properties":{"POA_CODE21":"5730"}},{"arcs":[[[-2337,-6697,6979,-6978,6980,6981,-5239,-5230,-5256]],[[6982,6983,-6976]]],"type":"MultiPolygon","properties":{"POA_CODE21":"5731"}},{"arcs":[[[-6696,-6683,-6695,-6979,-6980]],[[-6977,-6984,6984,-6981]]],"type":"MultiPolygon","properties":{"POA_CODE21":"5732"}},{"arcs":[[-5236,-6982,-6985,-6983,-6975,-6958,-6970,-6973,6985]],"type":"Polygon","properties":{"POA_CODE21":"5733"}},{"arcs":[[-6986,-6972,-6974,-141,-5237]],"type":"Polygon","properties":{"POA_CODE21":"5734"}},{"arcs":[[-6027,-6038,-6055,-6008,-6017,-6018]],"type":"Polygon","properties":{"POA_CODE21":"5950"}},{"arcs":[[6988,6989,6990,6991,6992,6993,6994,6995,6996]],"type":"Polygon","properties":{"POA_CODE21":"6000"}},{"arcs":[[6997,-6993]],"type":"Polygon","properties":{"POA_CODE21":"6003"}},{"arcs":[[-6990,6999,7000]],"type":"Polygon","properties":{"POA_CODE21":"6004"}},{"arcs":[[7001,-6987,7002,7003,7004,7005,7006,-6994,-6998,-6992]],"type":"Polygon","properties":{"POA_CODE21":"6005"}},{"arcs":[[7007,-6995,-7007,7008,7009,7010]],"type":"Polygon","properties":{"POA_CODE21":"6006"}},{"arcs":[[-7009,-7006,7011,7012,7013]],"type":"Polygon","properties":{"POA_CODE21":"6007"}},{"arcs":[[-7012,-7005,7014,7015,7016]],"type":"Polygon","properties":{"POA_CODE21":"6008"}},{"arcs":[[7017,7018,-7015,-7004]],"type":"Polygon","properties":{"POA_CODE21":"6009"}},{"arcs":[[7019,7020,7021,7022,7023,-7016,-7019]],"type":"Polygon","properties":{"POA_CODE21":"6010"}},{"arcs":[[7024,7025,-7021,7026]],"type":"Polygon","properties":{"POA_CODE21":"6011"}},{"arcs":[[7027,7028,7029,-7025]],"type":"Polygon","properties":{"POA_CODE21":"6012"}},{"arcs":[[7030,7031,7032,7033,-7013,-7017,-7024,7034]],"type":"Polygon","properties":{"POA_CODE21":"6014"}},{"arcs":[[-7035,-7023,7035,7036]],"type":"Polygon","properties":{"POA_CODE21":"6015"}},{"arcs":[[-7034,7037,7038,-7010,-7014]],"type":"Polygon","properties":{"POA_CODE21":"6016"}},{"arcs":[[-7038,-7033,7039,7040,7041]],"type":"Polygon","properties":{"POA_CODE21":"6017"}},{"arcs":[[7042,-7040,-7032,7043,7044,7045]],"type":"Polygon","properties":{"POA_CODE21":"6018"}},{"arcs":[[7046,7047,-7044,-7031,-7037]],"type":"Polygon","properties":{"POA_CODE21":"6019"}},{"arcs":[[7048,7049,7050,7051,7052,7053,7054,-7046]],"type":"Polygon","properties":{"POA_CODE21":"6020"}},{"arcs":[[7055,7056,-7041,-7043,-7055,7057]],"type":"Polygon","properties":{"POA_CODE21":"6021"}},{"arcs":[[-7058,-7054,7058,7059]],"type":"Polygon","properties":{"POA_CODE21":"6022"}},{"arcs":[[7060,-7052,7061]],"type":"Polygon","properties":{"POA_CODE21":"6023"}},{"arcs":[[7062,-7059,-7053,-7061,7063,7064]],"type":"Polygon","properties":{"POA_CODE21":"6024"}},{"arcs":[[-7062,-7051,7065,7066,7067]],"type":"Polygon","properties":{"POA_CODE21":"6025"}},{"arcs":[[-7068,7068,7069,-7064]],"type":"Polygon","properties":{"POA_CODE21":"6026"}},{"arcs":[[-7069,-7067,7070,7071,7072,7073]],"type":"Polygon","properties":{"POA_CODE21":"6027"}},{"arcs":[[-7072,7074,7075,7076]],"type":"Polygon","properties":{"POA_CODE21":"6028"}},{"arcs":[[7077,-7049,-7045,-7048]],"type":"Polygon","properties":{"POA_CODE21":"6029"}},{"arcs":[[-7076,7078,7079,7080,7081]],"type":"Polygon","properties":{"POA_CODE21":"6030"}},{"arcs":[[-7073,-7077,-7082,7082,7083,7084]],"type":"Polygon","properties":{"POA_CODE21":"6031"}},{"arcs":[[-7083,-7081,7085,7086,7087,7088,7089]],"type":"Polygon","properties":{"POA_CODE21":"6032"}},{"arcs":[[-7088,7090,7091,7092]],"type":"Polygon","properties":{"POA_CODE21":"6033"}},{"arcs":[[7093,7094,-7092,7095]],"type":"Polygon","properties":{"POA_CODE21":"6034"}},{"arcs":[[7096,7097,7098,7099,7100,-7089,-7093,-7095,7101]],"type":"Polygon","properties":{"POA_CODE21":"6035"}},{"arcs":[[-7086,-7080,7102,7103]],"type":"Polygon","properties":{"POA_CODE21":"6036"}},{"arcs":[[-7097,7104,7105]],"type":"Polygon","properties":{"POA_CODE21":"6037"}},{"arcs":[[-7091,-7087,-7104,7106,-7096]],"type":"Polygon","properties":{"POA_CODE21":"6038"}},{"arcs":[[-7098,-7106,7107,7108,7109,7110]],"type":"Polygon","properties":{"POA_CODE21":"6041"}},{"arcs":[[-7109,7111,7112]],"type":"Polygon","properties":{"POA_CODE21":"6042"}},{"arcs":[[7113,-7110,-7113,7114,7115]],"type":"Polygon","properties":{"POA_CODE21":"6043"}},{"arcs":[[7116,7117,7118,-7116,7119]],"type":"Polygon","properties":{"POA_CODE21":"6044"}},{"arcs":[[7120,7121,-7000,-6989,-6999,-6996,-7008,7122,7123]],"type":"Polygon","properties":{"POA_CODE21":"6050"}},{"arcs":[[7124,-7121,7125,7126]],"type":"Polygon","properties":{"POA_CODE21":"6051"}},{"arcs":[[-7124,7127,7128,7129,7130,-7126]],"type":"Polygon","properties":{"POA_CODE21":"6052"}},{"arcs":[[-7127,-7131,7131,7132,7133]],"type":"Polygon","properties":{"POA_CODE21":"6053"}},{"arcs":[[-7133,7134,7135,7136,7137]],"type":"Polygon","properties":{"POA_CODE21":"6054"}},{"arcs":[[-7137,7138,7139,7140,7141,7142,7143,7144,7145,7146]],"type":"Polygon","properties":{"POA_CODE21":"6055"}},{"arcs":[[7147,-7142,7148,7149,7150,7151,7152]],"type":"Polygon","properties":{"POA_CODE21":"6056"}},{"arcs":[[7153,7154,7155,-7144]],"type":"Polygon","properties":{"POA_CODE21":"6057"}},{"arcs":[[7156,-7155,7157,7158]],"type":"Polygon","properties":{"POA_CODE21":"6058"}},{"arcs":[[-7129,7159,7160,7161,7162]],"type":"Polygon","properties":{"POA_CODE21":"6059"}},{"arcs":[[-7042,-7057,7163,-7160,-7128,-7123,-7011,-7039]],"type":"Polygon","properties":{"POA_CODE21":"6060"}},{"arcs":[[7164,-7161,-7164,-7056,-7060,-7063,7165]],"type":"Polygon","properties":{"POA_CODE21":"6061"}},{"arcs":[[-7130,-7163,7166,7167,-7135,-7132]],"type":"Polygon","properties":{"POA_CODE21":"6062"}},{"arcs":[[-7136,-7168,7168,7169,-7139]],"type":"Polygon","properties":{"POA_CODE21":"6063"}},{"arcs":[[7170,7171,-7166,-7065,7172]],"type":"Polygon","properties":{"POA_CODE21":"6064"}},{"arcs":[[7173,-7173,-7070,-7074,-7085,7174,7175]],"type":"Polygon","properties":{"POA_CODE21":"6065"}},{"arcs":[[7176,7177,-7171,7178]],"type":"Polygon","properties":{"POA_CODE21":"6066"}},{"arcs":[[-7179,-7174,7179,7180,7181]],"type":"Polygon","properties":{"POA_CODE21":"6067"}},{"arcs":[[-7170,-7177,-7182,7182,7183,-7140]],"type":"Polygon","properties":{"POA_CODE21":"6068"}},{"arcs":[[7184,7185,-7149,-7141,-7184,7186]],"type":"Polygon","properties":{"POA_CODE21":"6069"}},{"arcs":[[7187,-7153,7188]],"type":"Polygon","properties":{"POA_CODE21":"6070"}},{"arcs":[[-7152,7189,7190,7191,-7189]],"type":"Polygon","properties":{"POA_CODE21":"6071"}},{"arcs":[[7192,7193,-7191,7194]],"type":"Polygon","properties":{"POA_CODE21":"6072"}},{"arcs":[[7195,-7193,7196,7197]],"type":"Polygon","properties":{"POA_CODE21":"6073"}},{"arcs":[[7198,7199,7200,-7198,7201,7202]],"type":"Polygon","properties":{"POA_CODE21":"6074"}},{"arcs":[[-7148,-7188,-7192,-7194,-7196,-7201,7203,7204,7205,7206,-7158,-7154,-7143]],"type":"Polygon","properties":{"POA_CODE21":"6076"}},{"arcs":[[-7180,-7176,7207,7208]],"type":"Polygon","properties":{"POA_CODE21":"6077"}},{"arcs":[[7209,7210,7211,-7208,-7175,-7084,-7090,-7101]],"type":"Polygon","properties":{"POA_CODE21":"6078"}},{"arcs":[[-7183,-7181,-7209,-7212,7212,-7187]],"type":"Polygon","properties":{"POA_CODE21":"6079"}},{"arcs":[[-7195,-7190,-7151,7213,7214,-7202,-7197]],"type":"Polygon","properties":{"POA_CODE21":"6081"}},{"arcs":[[[-7203,-7215,7215,7216]],[[7217,7218,7219]]],"type":"MultiPolygon","properties":{"POA_CODE21":"6082"}},{"arcs":[[-7214,-7150,-7186,7220,7221,7222,7223,7224,-7220,7225,7226,-7216]],"type":"Polygon","properties":{"POA_CODE21":"6083"}},{"arcs":[[-7213,-7211,7227,7228,7229,7230,-7221,-7185]],"type":"Polygon","properties":{"POA_CODE21":"6084"}},{"arcs":[[-7162,-7165,-7172,-7178,-7169,-7167]],"type":"Polygon","properties":{"POA_CODE21":"6090"}},{"arcs":[[7231,7232,7233,7234]],"type":"Polygon","properties":{"POA_CODE21":"6100"}},{"arcs":[[7235,7236,7237,7238,7239,-7235]],"type":"Polygon","properties":{"POA_CODE21":"6101"}},{"arcs":[[7240,7241,-7239,7242,7243]],"type":"Polygon","properties":{"POA_CODE21":"6102"}},{"arcs":[[-7236,-7234,7244,7245,7246]],"type":"Polygon","properties":{"POA_CODE21":"6103"}},{"arcs":[[-7246,7247,-7146,7248]],"type":"Polygon","properties":{"POA_CODE21":"6104"}},{"arcs":[[-7145,-7156,-7157,7249,7250,-7237,-7247,-7249]],"type":"Polygon","properties":{"POA_CODE21":"6105"}},{"arcs":[[-7243,-7238,-7251,7251]],"type":"Polygon","properties":{"POA_CODE21":"6106"}},{"arcs":[[7252,7253,7254,7255,7256,-7244,-7252,-7250,-7159,-7207,7257]],"type":"Polygon","properties":{"POA_CODE21":"6107"}},{"arcs":[[7258,7259,-7253,7260,7261]],"type":"Polygon","properties":{"POA_CODE21":"6108"}},{"arcs":[[-7261,-7258,-7206,7262,7263]],"type":"Polygon","properties":{"POA_CODE21":"6109"}},{"arcs":[[7264,7265,-7262,-7264,7266]],"type":"Polygon","properties":{"POA_CODE21":"6110"}},{"arcs":[[-7263,-7205,7267,7268,7269,7270,7271,-7267]],"type":"Polygon","properties":{"POA_CODE21":"6111"}},{"arcs":[[7272,7273,7274,7275,-7265,-7272]],"type":"Polygon","properties":{"POA_CODE21":"6112"}},{"arcs":[[7276,7277,7278,7279,7280,7281,-7274]],"type":"Polygon","properties":{"POA_CODE21":"6121"}},{"arcs":[[-7271,7282,7283,-7277,-7273]],"type":"Polygon","properties":{"POA_CODE21":"6122"}},{"arcs":[[7284,-7278,-7284,7285]],"type":"Polygon","properties":{"POA_CODE21":"6123"}},{"arcs":[[7286,7287,-7286,-7283,-7270,7288]],"type":"Polygon","properties":{"POA_CODE21":"6124"}},{"arcs":[[-7288,7289,7290,7291,7292,-7279,-7285]],"type":"Polygon","properties":{"POA_CODE21":"6125"}},{"arcs":[[7293,7294,7295,-7290,-7287]],"type":"Polygon","properties":{"POA_CODE21":"6126"}},{"arcs":[[7296,7297,-7254,-7260]],"type":"Polygon","properties":{"POA_CODE21":"6147"}},{"arcs":[[-7298,7298,7299,7300,7301,-7255]],"type":"Polygon","properties":{"POA_CODE21":"6148"}},{"arcs":[[7302,7303,7304,-7300,7305,7306]],"type":"Polygon","properties":{"POA_CODE21":"6149"}},{"arcs":[[7307,7308,7309,7310,-7304]],"type":"Polygon","properties":{"POA_CODE21":"6150"}},{"arcs":[[-7232,-7240,-7242,7311,7312]],"type":"Polygon","properties":{"POA_CODE21":"6151"}},{"arcs":[[-7257,7313,-7312,-7241]],"type":"Polygon","properties":{"POA_CODE21":"6152"}},{"arcs":[[-7301,-7305,-7311,7314,7315]],"type":"Polygon","properties":{"POA_CODE21":"6153"}},{"arcs":[[-7310,7316,7317,-7315]],"type":"Polygon","properties":{"POA_CODE21":"6154"}},{"arcs":[[-7266,-7276,7318,-7306,-7299,-7297,-7259]],"type":"Polygon","properties":{"POA_CODE21":"6155"}},{"arcs":[[7319,7320,7321,-7317,-7309]],"type":"Polygon","properties":{"POA_CODE21":"6156"}},{"arcs":[[7322,7323,7324,7325,-7321]],"type":"Polygon","properties":{"POA_CODE21":"6157"}},{"arcs":[[7326,7327,-7325]],"type":"Polygon","properties":{"POA_CODE21":"6158"}},{"arcs":[[-7029,7328]],"type":"Polygon","properties":{"POA_CODE21":"6159"}},{"arcs":[[7329,-7327,-7324,7330,7331]],"type":"Polygon","properties":{"POA_CODE21":"6160"}},{"arcs":[[7332]],"type":"Polygon","properties":{"POA_CODE21":"6161"}},{"arcs":[[7333,-7332,7334]],"type":"Polygon","properties":{"POA_CODE21":"6162"}},{"arcs":[[7335,-7335,-7331,-7323,-7320,-7308,-7303,7336,7337]],"type":"Polygon","properties":{"POA_CODE21":"6163"}},{"arcs":[[7338,-7337,-7307,-7319,-7275,7339]],"type":"Polygon","properties":{"POA_CODE21":"6164"}},{"arcs":[[7340,7341,7342]],"type":"Polygon","properties":{"POA_CODE21":"6165"}},{"arcs":[[7343,-7338,-7339,7344,-7342]],"type":"Polygon","properties":{"POA_CODE21":"6166"}},{"arcs":[[7345,7346,7347,-7343,-7345,-7340,-7282]],"type":"Polygon","properties":{"POA_CODE21":"6167"}},{"arcs":[[-7347,7348,7349,7350,7351]],"type":"Polygon","properties":{"POA_CODE21":"6168"}},{"arcs":[[7352,7353,7354,-7351]],"type":"Polygon","properties":{"POA_CODE21":"6169"}},{"arcs":[[-7349,-7346,-7281,7355]],"type":"Polygon","properties":{"POA_CODE21":"6170"}},{"arcs":[[7356,-7353,-7350,-7356,-7280,-7293,7357]],"type":"Polygon","properties":{"POA_CODE21":"6171"}},{"arcs":[[-7357,7358,7359,7360,-7354]],"type":"Polygon","properties":{"POA_CODE21":"6172"}},{"arcs":[[7361,-7360,7362,7363]],"type":"Polygon","properties":{"POA_CODE21":"6173"}},{"arcs":[[7364,7365,7366,-7364]],"type":"Polygon","properties":{"POA_CODE21":"6174"}},{"arcs":[[7367,-7366,7368,7369]],"type":"Polygon","properties":{"POA_CODE21":"6175"}},{"arcs":[[-7365,-7363,-7359,-7358,-7292,7370,7371,7372,-7369]],"type":"Polygon","properties":{"POA_CODE21":"6176"}},{"arcs":[[7373,7374,-7373,7375]],"type":"Polygon","properties":{"POA_CODE21":"6180"}},{"arcs":[[-7376,-7372,7376,7377]],"type":"Polygon","properties":{"POA_CODE21":"6181"}},{"arcs":[[-7296,7378,-7377,-7371,-7291]],"type":"Polygon","properties":{"POA_CODE21":"6182"}},{"arcs":[[7379,-7378,-7379,-7295,7380,7381,7382]],"type":"Polygon","properties":{"POA_CODE21":"6207"}},{"arcs":[[-7383,7383,7384,7385,7386,7387,7388]],"type":"Polygon","properties":{"POA_CODE21":"6208"}},{"arcs":[[7389,-7374,-7380,-7389]],"type":"Polygon","properties":{"POA_CODE21":"6209"}},{"arcs":[[[-7370,-7375,-7390,-7388,7390]],[[7391,7392]]],"type":"MultiPolygon","properties":{"POA_CODE21":"6210"}},{"arcs":[[[-7392,7393,7394,7395]],[[7396,7397,7398]]],"type":"MultiPolygon","properties":{"POA_CODE21":"6211"}},{"arcs":[[-7382,7399,7400,-7384]],"type":"Polygon","properties":{"POA_CODE21":"6213"}},{"arcs":[[-7398,7401,-7386,7402]],"type":"Polygon","properties":{"POA_CODE21":"6214"}},{"arcs":[[7403,-7399,-7403,-7385,-7401,7404,7405,7406,7407,7408,-7395]],"type":"Polygon","properties":{"POA_CODE21":"6215"}},{"arcs":[[7409,7410,7411,-7407]],"type":"Polygon","properties":{"POA_CODE21":"6218"}},{"arcs":[[7412,-7411]],"type":"Polygon","properties":{"POA_CODE21":"6219"}},{"arcs":[[-7410,-7406,7413,7414,7415,7416,7417,-7408,-7412,-7413]],"type":"Polygon","properties":{"POA_CODE21":"6220"}},{"arcs":[[7418,7419,7420,-7416,7421]],"type":"Polygon","properties":{"POA_CODE21":"6221"}},{"arcs":[[7422,7423,-7420]],"type":"Polygon","properties":{"POA_CODE21":"6223"}},{"arcs":[[7424,-7423,-7419,7425,7426]],"type":"Polygon","properties":{"POA_CODE21":"6224"}},{"arcs":[[-7415,7427,7428,7429,7430,7431,7432,7433,7434,7435,7436,7437,-7426,-7422]],"type":"Polygon","properties":{"POA_CODE21":"6225"}},{"arcs":[[-7427,-7438,7438,7439,7440,7441]],"type":"Polygon","properties":{"POA_CODE21":"6226"}},{"arcs":[[7442,7443,-7440]],"type":"Polygon","properties":{"POA_CODE21":"6227"}},{"arcs":[[7444,7445,7446,7447,-7441,-7444]],"type":"Polygon","properties":{"POA_CODE21":"6228"}},{"arcs":[[-7446,7448,7449,7450]],"type":"Polygon","properties":{"POA_CODE21":"6229"}},{"arcs":[[7451,7452,-7450,7453,7454,7455]],"type":"Polygon","properties":{"POA_CODE21":"6230"}},{"arcs":[[-7453,7456,-7447,-7451]],"type":"Polygon","properties":{"POA_CODE21":"6232"}},{"arcs":[[-7452,7457,-7417,-7421,-7424,-7425,-7442,-7448,-7457]],"type":"Polygon","properties":{"POA_CODE21":"6233"}},{"arcs":[[-7454,-7449,-7445,-7443,-7439,-7437,7458,7459,7460,7461]],"type":"Polygon","properties":{"POA_CODE21":"6236"}},{"arcs":[[7462,7463,7464,-7455,-7462]],"type":"Polygon","properties":{"POA_CODE21":"6237"}},{"arcs":[[-7459,-7436,7465,7466,7467,7468,-7463,-7461,7469]],"type":"Polygon","properties":{"POA_CODE21":"6239"}},{"arcs":[[-7460,-7470]],"type":"Polygon","properties":{"POA_CODE21":"6240"}},{"arcs":[[7470,-7434,7471]],"type":"Polygon","properties":{"POA_CODE21":"6243"}},{"arcs":[[7472,-7432,7473,7474,7475,7476,7477,7478]],"type":"Polygon","properties":{"POA_CODE21":"6244"}},{"arcs":[[7479,-7467,7480,7481]],"type":"Polygon","properties":{"POA_CODE21":"6251"}},{"arcs":[[7482,-7482,7483]],"type":"Polygon","properties":{"POA_CODE21":"6252"}},{"arcs":[[7484,7485,-7484,-7481,-7466,-7435,-7471,7486,7487]],"type":"Polygon","properties":{"POA_CODE21":"6253"}},{"arcs":[[7488,-7488,7489]],"type":"Polygon","properties":{"POA_CODE21":"6254"}},{"arcs":[[-7487,-7472,-7433,-7473,7490,-7490]],"type":"Polygon","properties":{"POA_CODE21":"6255"}},{"arcs":[[-7479,7491,7492,-7485,-7489,-7491]],"type":"Polygon","properties":{"POA_CODE21":"6256"}},{"arcs":[[-7478,7493,7494,7495,7496,7497,7498,-7492]],"type":"Polygon","properties":{"POA_CODE21":"6258"}},{"arcs":[[7499,7500,-7498,7501]],"type":"Polygon","properties":{"POA_CODE21":"6260"}},{"arcs":[[-7497,7502,7503,-7502]],"type":"Polygon","properties":{"POA_CODE21":"6262"}},{"arcs":[[-7464,-7469,7504,7505,7506]],"type":"Polygon","properties":{"POA_CODE21":"6271"}},{"arcs":[[7507,7508,7509,7510,7511,-7505,-7468,-7480,-7483,-7486,-7493,-7499,-7501]],"type":"Polygon","properties":{"POA_CODE21":"6275"}},{"arcs":[[7512,7513,7514,7515,7516,-7506,-7512]],"type":"Polygon","properties":{"POA_CODE21":"6280"}},{"arcs":[[-7516,7517,7518]],"type":"Polygon","properties":{"POA_CODE21":"6281"}},{"arcs":[[-7515,7519,-7518]],"type":"Polygon","properties":{"POA_CODE21":"6282"}},{"arcs":[[-7511,7520,7521,-7513]],"type":"Polygon","properties":{"POA_CODE21":"6284"}},{"arcs":[[-7510,7522,7523,7524,-7521]],"type":"Polygon","properties":{"POA_CODE21":"6285"}},{"arcs":[[7525,7526,-7524]],"type":"Polygon","properties":{"POA_CODE21":"6286"}},{"arcs":[[-7523,-7509,7527,7528,7529,7530,7531,-7526]],"type":"Polygon","properties":{"POA_CODE21":"6288"}},{"arcs":[[-7531,7533]],"type":"Polygon","properties":{"POA_CODE21":"6290"}},{"arcs":[[7534,-7268,-7204,-7200,7535,7536,7537,7538,7539,7540]],"type":"Polygon","properties":{"POA_CODE21":"6302"}},{"arcs":[[-7541,7541,7542]],"type":"Polygon","properties":{"POA_CODE21":"6304"}},{"arcs":[[7543,-7543,7544,7545,7546,7547]],"type":"Polygon","properties":{"POA_CODE21":"6306"}},{"arcs":[[7548,7549,7550,-7548,7551,7552,7553,7554]],"type":"Polygon","properties":{"POA_CODE21":"6308"}},{"arcs":[[7555,7556,-7555]],"type":"Polygon","properties":{"POA_CODE21":"6309"}},{"arcs":[[7557,7558,7559,-7549,-7557]],"type":"Polygon","properties":{"POA_CODE21":"6311"}},{"arcs":[[7560,-7559,7561,7562,7563,7564]],"type":"Polygon","properties":{"POA_CODE21":"6312"}},{"arcs":[[7565,7566,-7565]],"type":"Polygon","properties":{"POA_CODE21":"6313"}},{"arcs":[[7567,7568,7569,7570,-7566,-7564,7571,7572,7573,7574]],"type":"Polygon","properties":{"POA_CODE21":"6315"}},{"arcs":[[7575,7576,-7568,7577]],"type":"Polygon","properties":{"POA_CODE21":"6316"}},{"arcs":[[-7575,7578,7579,7580,7581,7582,-7578]],"type":"Polygon","properties":{"POA_CODE21":"6317"}},{"arcs":[[7583,7584,7585,-7582]],"type":"Polygon","properties":{"POA_CODE21":"6318"}},{"arcs":[[7586,7587,7588,-7585,7589]],"type":"Polygon","properties":{"POA_CODE21":"6320"}},{"arcs":[[7590,7591,7592,7593,-7588]],"type":"Polygon","properties":{"POA_CODE21":"6321"}},{"arcs":[[7594,7595,7596,7597,-7592]],"type":"Polygon","properties":{"POA_CODE21":"6322"}},{"arcs":[[-7596,7598,7599]],"type":"Polygon","properties":{"POA_CODE21":"6323"}},{"arcs":[[7600,7601,7602,-7597,-7600,7603,7604,7605,7606]],"type":"Polygon","properties":{"POA_CODE21":"6324"}},{"arcs":[[7607,-7607,7608,7609]],"type":"Polygon","properties":{"POA_CODE21":"6326"}},{"arcs":[[7610,-7610,7611]],"type":"Polygon","properties":{"POA_CODE21":"6327"}},{"arcs":[[7612,-7605,7613,7614]],"type":"Polygon","properties":{"POA_CODE21":"6328"}},{"arcs":[[7615,-7612,-7609,-7606,-7613,7616]],"type":"Polygon","properties":{"POA_CODE21":"6330"}},{"arcs":[[7617,7618,-7601,-7608,-7611,-7616,7619]],"type":"Polygon","properties":{"POA_CODE21":"6333"}},{"arcs":[[7620,-7590,-7584,-7581,7621,7622]],"type":"Polygon","properties":{"POA_CODE21":"6335"}},{"arcs":[[7623,-7623,7624,7625,7626]],"type":"Polygon","properties":{"POA_CODE21":"6336"}},{"arcs":[[7627,7628,7629,-7627,7630]],"type":"Polygon","properties":{"POA_CODE21":"6337"}},{"arcs":[[-7614,-7604,-7599,-7595,-7591,-7587,-7621,-7624,-7630,7631,7632]],"type":"Polygon","properties":{"POA_CODE21":"6338"}},{"arcs":[[7633,7634,-7625,-7622,-7580,7635,7636]],"type":"Polygon","properties":{"POA_CODE21":"6341"}},{"arcs":[[-7631,-7626,-7635,7637,7638]],"type":"Polygon","properties":{"POA_CODE21":"6343"}},{"arcs":[[7639,-7632,-7629,7640,7641,7642,7643,7644]],"type":"Polygon","properties":{"POA_CODE21":"6346"}},{"arcs":[[-7645,7645]],"type":"Polygon","properties":{"POA_CODE21":"6348"}},{"arcs":[[7646,7647,-7636,-7579,-7574]],"type":"Polygon","properties":{"POA_CODE21":"6350"}},{"arcs":[[7648,7649,7650,-7647,-7573]],"type":"Polygon","properties":{"POA_CODE21":"6351"}},{"arcs":[[-7637,-7648,-7651,7651,7652]],"type":"Polygon","properties":{"POA_CODE21":"6352"}},{"arcs":[[-7638,-7634,-7653,7653,7654,7655,7656]],"type":"Polygon","properties":{"POA_CODE21":"6353"}},{"arcs":[[-7657,7657,7658,7659,-7641,-7628,-7639]],"type":"Polygon","properties":{"POA_CODE21":"6355"}},{"arcs":[[7660,7661,7662,7663,-7642,-7660]],"type":"Polygon","properties":{"POA_CODE21":"6356"}},{"arcs":[[-7656,7664,7665,7666,-7658]],"type":"Polygon","properties":{"POA_CODE21":"6357"}},{"arcs":[[-7666,7667,7668,7669,7670,7671]],"type":"Polygon","properties":{"POA_CODE21":"6358"}},{"arcs":[[-7672,7672,7673,7674,-7661,-7659,-7667]],"type":"Polygon","properties":{"POA_CODE21":"6359"}},{"arcs":[[-7563,7675,7676,-7649,-7572]],"type":"Polygon","properties":{"POA_CODE21":"6361"}},{"arcs":[[-7652,-7650,-7677,7677,7678,-7654]],"type":"Polygon","properties":{"POA_CODE21":"6363"}},{"arcs":[[7679,7680,7681,7682,7683,-7668,-7665,-7655,-7679]],"type":"Polygon","properties":{"POA_CODE21":"6365"}},{"arcs":[[-7669,-7684,7684,7685]],"type":"Polygon","properties":{"POA_CODE21":"6367"}},{"arcs":[[7686,-7670,-7686,7687,7688,7689]],"type":"Polygon","properties":{"POA_CODE21":"6368"}},{"arcs":[[7690,-7673,-7671,-7687,7691,7692,7693]],"type":"Polygon","properties":{"POA_CODE21":"6369"}},{"arcs":[[-7558,-7556,-7554,7694,-7680,-7678,-7676,-7562]],"type":"Polygon","properties":{"POA_CODE21":"6370"}},{"arcs":[[-7681,-7695,-7553,7695]],"type":"Polygon","properties":{"POA_CODE21":"6372"}},{"arcs":[[-7552,-7547,7696,-7682,-7696]],"type":"Polygon","properties":{"POA_CODE21":"6373"}},{"arcs":[[-7683,-7697,-7546,7697,7698,7699,7700,-7688,-7685]],"type":"Polygon","properties":{"POA_CODE21":"6375"}},{"arcs":[[-7542,-7540,7701,7702,7703,7704,7705,7706,-7698,-7545]],"type":"Polygon","properties":{"POA_CODE21":"6383"}},{"arcs":[[7707,7708,-7706]],"type":"Polygon","properties":{"POA_CODE21":"6384"}},{"arcs":[[-7699,-7707,-7709,7709,7710]],"type":"Polygon","properties":{"POA_CODE21":"6385"}},{"arcs":[[7711,7712,-7700,-7711,7713,7714]],"type":"Polygon","properties":{"POA_CODE21":"6386"}},{"arcs":[[-7428,-7414,-7405,-7400,-7381,-7294,-7289,-7269,-7535,-7544,-7551,7715]],"type":"Polygon","properties":{"POA_CODE21":"6390"}},{"arcs":[[-7571,7716,-7429,-7716,-7550,-7560,-7561,-7567]],"type":"Polygon","properties":{"POA_CODE21":"6391"}},{"arcs":[[7717,7718,-7430,-7717,-7570]],"type":"Polygon","properties":{"POA_CODE21":"6392"}},{"arcs":[[7719,-7474,-7431,-7719]],"type":"Polygon","properties":{"POA_CODE21":"6393"}},{"arcs":[[7720,-7475,-7720,-7718,-7569,-7577]],"type":"Polygon","properties":{"POA_CODE21":"6394"}},{"arcs":[[7721,-7476,-7721,-7576,-7583,-7586,-7589,-7594]],"type":"Polygon","properties":{"POA_CODE21":"6395"}},{"arcs":[[-7494,-7477,-7722,-7593,-7598,-7603,7722]],"type":"Polygon","properties":{"POA_CODE21":"6396"}},{"arcs":[[-7602,-7619,7723,-7495,-7723]],"type":"Polygon","properties":{"POA_CODE21":"6397"}},{"arcs":[[7724,-7503,-7496,-7724,-7618]],"type":"Polygon","properties":{"POA_CODE21":"6398"}},{"arcs":[[7725,7726,7727,7728,7729,7730,-7538],[7731]],"type":"Polygon","properties":{"POA_CODE21":"6401"}},{"arcs":[[-7732]],"type":"Polygon","properties":{"POA_CODE21":"6403"}},{"arcs":[[-7702,-7539,-7731,7732,7733]],"type":"Polygon","properties":{"POA_CODE21":"6405"}},{"arcs":[[-7703,-7734,7734,7735,7736]],"type":"Polygon","properties":{"POA_CODE21":"6407"}},{"arcs":[[-7704,-7737,7737,7738]],"type":"Polygon","properties":{"POA_CODE21":"6409"}},{"arcs":[[-7705,-7739,7739,7740,7741,7742,7743,7744,-7714,-7710,-7708]],"type":"Polygon","properties":{"POA_CODE21":"6410"}},{"arcs":[[7745,7746,7747,-7744,7748]],"type":"Polygon","properties":{"POA_CODE21":"6411"}},{"arcs":[[-7749,-7743,7749,7750,7751,7752,7753,7754]],"type":"Polygon","properties":{"POA_CODE21":"6412"}},{"arcs":[[7755,-7746,-7755,7756,7757]],"type":"Polygon","properties":{"POA_CODE21":"6413"}},{"arcs":[[-7758,7758]],"type":"Polygon","properties":{"POA_CODE21":"6414"}},{"arcs":[[[7759,7760,7761,7762,-7747,-7756,-7759,-7757,-7754,7763]],[[7764,7765,7766,7767,7768]]],"type":"MultiPolygon","properties":{"POA_CODE21":"6415"}},{"arcs":[[7769,-7693,7770,-7715,-7745,-7748,-7763]],"type":"Polygon","properties":{"POA_CODE21":"6418"}},{"arcs":[[-7690,7771,-7712,-7771,-7692]],"type":"Polygon","properties":{"POA_CODE21":"6419"}},{"arcs":[[7772,-7694,-7770,-7762]],"type":"Polygon","properties":{"POA_CODE21":"6420"}},{"arcs":[[[7773,-7767,7774,7775,7776,-7760]],[[7777,-7765,7778,7779,7780]]],"type":"MultiPolygon","properties":{"POA_CODE21":"6421"}},{"arcs":[[7781,-7775,-7766,-7778]],"type":"Polygon","properties":{"POA_CODE21":"6422"}},{"arcs":[[7782,-7776,-7782,-7781,7783,7784]],"type":"Polygon","properties":{"POA_CODE21":"6423"}},{"arcs":[[-7783,7785,7786,7787,7788,-7777]],"type":"Polygon","properties":{"POA_CODE21":"6424"}},{"arcs":[[-7788,7789]],"type":"Polygon","properties":{"POA_CODE21":"6425"}},{"arcs":[[[-7787,7790,7791,7792,7793,7794,-7674,-7691,-7773,-7761,-7789,-7790]],[[7795,7796,7797,7798]]],"type":"MultiPolygon","properties":{"POA_CODE21":"6426"}},{"arcs":[[7799,-7792]],"type":"Polygon","properties":{"POA_CODE21":"6427"}},{"arcs":[[-7713,-7772,-7689,-7701]],"type":"Polygon","properties":{"POA_CODE21":"6428"}},{"arcs":[[7800,-7794,7801,7802,7803,7804,7805,7806]],"type":"Polygon","properties":{"POA_CODE21":"6429"}},{"arcs":[[-7805,7807,7808,7809,7810,7811]],"type":"Polygon","properties":{"POA_CODE21":"6430"}},{"arcs":[[[-148]],[[7812,7813,-6940,7814,7815,7816,-7806,-7812,7817,-7810,7818,-7808,-7804,7819]]],"type":"MultiPolygon","properties":{"POA_CODE21":"6431"}},{"arcs":[[-7818,-7811]],"type":"Polygon","properties":{"POA_CODE21":"6432"}},{"arcs":[[[-6939,7820,-7815]],[[-7819,-7809]]],"type":"MultiPolygon","properties":{"POA_CODE21":"6434"}},{"arcs":[[-7803,7821,-7799,7822,7823,7824,-7820]],"type":"Polygon","properties":{"POA_CODE21":"6436"}},{"arcs":[[-7824,7825,7826,7827]],"type":"Polygon","properties":{"POA_CODE21":"6437"}},{"arcs":[[-7813,-7825,-7828,7828,7829]],"type":"Polygon","properties":{"POA_CODE21":"6438"}},{"arcs":[[-7830,7830,-134,-6941,-7814]],"type":"Polygon","properties":{"POA_CODE21":"6440"}},{"arcs":[[-7807,-7817,7831]],"type":"Polygon","properties":{"POA_CODE21":"6442"}},{"arcs":[[-7832,-7816,-7821,-6938,7832,7833,7834,-7662,-7675,-7795,-7801]],"type":"Polygon","properties":{"POA_CODE21":"6443"}},{"arcs":[[7835,7836,-7663,-7835,7837,7838]],"type":"Polygon","properties":{"POA_CODE21":"6445"}},{"arcs":[[-7839,7839,7840]],"type":"Polygon","properties":{"POA_CODE21":"6446"}},{"arcs":[[7841,-7836,-7841,7842,7843,7844]],"type":"Polygon","properties":{"POA_CODE21":"6447"}},{"arcs":[[7845,-7845]],"type":"Polygon","properties":{"POA_CODE21":"6448"}},{"arcs":[[-7643,-7664,-7837,-7842,-7846,-7844,7846,7847]],"type":"Polygon","properties":{"POA_CODE21":"6450"}},{"arcs":[[[7848,-7847,-7843,-7840,-7838,-7834]],[[7849]]],"type":"MultiPolygon","properties":{"POA_CODE21":"6452"}},{"arcs":[[-7729,7850,7851,7852,7853]],"type":"Polygon","properties":{"POA_CODE21":"6460"}},{"arcs":[[7854,7855,7856,-7853]],"type":"Polygon","properties":{"POA_CODE21":"6461"}},{"arcs":[[7857,-7735,-7733,-7730,-7854,-7857,7858,7859,7860,7861]],"type":"Polygon","properties":{"POA_CODE21":"6462"}},{"arcs":[[-7862,7862]],"type":"Polygon","properties":{"POA_CODE21":"6463"}},{"arcs":[[7863,7864,7865,-7859,-7856]],"type":"Polygon","properties":{"POA_CODE21":"6465"}},{"arcs":[[7866,-7865,7867,7868,7869,7870]],"type":"Polygon","properties":{"POA_CODE21":"6466"}},{"arcs":[[-7871,7871,7872,7873,7874]],"type":"Polygon","properties":{"POA_CODE21":"6467"}},{"arcs":[[7875,-7873,7876,7877,7878,7879,7880,7881]],"type":"Polygon","properties":{"POA_CODE21":"6468"}},{"arcs":[[-7874,-7876,7882]],"type":"Polygon","properties":{"POA_CODE21":"6470"}},{"arcs":[[7883,7884,7885,-7881,7886,7887,-7798,7888,7889]],"type":"Polygon","properties":{"POA_CODE21":"6472"}},{"arcs":[[7890,-7890,7891]],"type":"Polygon","properties":{"POA_CODE21":"6473"}},{"arcs":[[-7860,-7866,-7867,-7875,-7883,-7882,-7886,7892,7893]],"type":"Polygon","properties":{"POA_CODE21":"6475"}},{"arcs":[[7894,7895,7896,7897,-7893,-7885]],"type":"Polygon","properties":{"POA_CODE21":"6476"}},{"arcs":[[7898,7899,-7895,-7884,-7891,7900]],"type":"Polygon","properties":{"POA_CODE21":"6477"}},{"arcs":[[7901,-7901,-7892,-7889,-7797,7902,-7784,-7780,7903]],"type":"Polygon","properties":{"POA_CODE21":"6479"}},{"arcs":[[-7764,-7753,7904,-7768,-7774]],"type":"Polygon","properties":{"POA_CODE21":"6480"}},{"arcs":[[-7796,-7822,-7802,-7793,-7800,-7791,-7786,-7785,-7903]],"type":"Polygon","properties":{"POA_CODE21":"6484"}},{"arcs":[[7905,-7740,-7738,-7736,-7858,-7863,-7861,-7894,-7898]],"type":"Polygon","properties":{"POA_CODE21":"6485"}},{"arcs":[[-7897,7906,-7741,-7906]],"type":"Polygon","properties":{"POA_CODE21":"6487"}},{"arcs":[[-7750,-7742,-7907,-7896,-7900,7907]],"type":"Polygon","properties":{"POA_CODE21":"6488"}},{"arcs":[[-7751,-7908,-7899,-7902,7908]],"type":"Polygon","properties":{"POA_CODE21":"6489"}},{"arcs":[[-7752,-7909,-7904,-7779,-7769,-7905]],"type":"Polygon","properties":{"POA_CODE21":"6490"}},{"arcs":[[-7210,-7100,7909,-7228]],"type":"Polygon","properties":{"POA_CODE21":"6501"}},{"arcs":[[7910,7911,7912,7913,7914,-7230,7915,7916]],"type":"Polygon","properties":{"POA_CODE21":"6502"}},{"arcs":[[-7229,-7910,-7099,-7111,-7114,-7119,7917,7918,7919,7920,-7916]],"type":"Polygon","properties":{"POA_CODE21":"6503"}},{"arcs":[[-7921,7921,-7917]],"type":"Polygon","properties":{"POA_CODE21":"6504"}},{"arcs":[[-7922,-7920,7922,7923,-7911]],"type":"Polygon","properties":{"POA_CODE21":"6505"}},{"arcs":[[-7923,-7919,7924,7925,7926]],"type":"Polygon","properties":{"POA_CODE21":"6506"}},{"arcs":[[7927,7928,-7925,-7918,-7118,7929]],"type":"Polygon","properties":{"POA_CODE21":"6507"}},{"arcs":[[7930,7931,7932,7933,-7912,-7924,-7927,7934]],"type":"Polygon","properties":{"POA_CODE21":"6509"}},{"arcs":[[-7935,-7926,-7929,7935,7936,7937]],"type":"Polygon","properties":{"POA_CODE21":"6510"}},{"arcs":[[7938,7939,7940]],"type":"Polygon","properties":{"POA_CODE21":"6511"}},{"arcs":[[7941,-7936,-7928,7942,7943]],"type":"Polygon","properties":{"POA_CODE21":"6512"}},{"arcs":[[7944,7945,7946,-7944,7947,7948]],"type":"Polygon","properties":{"POA_CODE21":"6513"}},{"arcs":[[7949,7950,7951]],"type":"Polygon","properties":{"POA_CODE21":"6514"}},{"arcs":[[7952,7953,7954,7955,7956,7957,7958,-7949]],"type":"Polygon","properties":{"POA_CODE21":"6515"}},{"arcs":[[-7951,7959,7960,-7939,7961]],"type":"Polygon","properties":{"POA_CODE21":"6516"}},{"arcs":[[7962,7963,-7955,7964,7965]],"type":"Polygon","properties":{"POA_CODE21":"6517"}},{"arcs":[[-7950,7966,7967,7968,-7965,-7954,7969,-7960]],"type":"Polygon","properties":{"POA_CODE21":"6518"}},{"arcs":[[-7969,7970,7971,7972,7973,7974,-7966]],"type":"Polygon","properties":{"POA_CODE21":"6519"}},{"arcs":[[-7948,-7943,-7930,-7117,7975,-7940,-7961,-7970,-7953]],"type":"Polygon","properties":{"POA_CODE21":"6521"}},{"arcs":[[7976,7977,7978,-7972,7979,7980]],"type":"Polygon","properties":{"POA_CODE21":"6522"}},{"arcs":[[-7971,-7968,7981,7982,7983,7984,-7980]],"type":"Polygon","properties":{"POA_CODE21":"6525"}},{"arcs":[[-7983,7985,7986]],"type":"Polygon","properties":{"POA_CODE21":"6528"}},{"arcs":[[7987,7988]],"type":"Polygon","properties":{"POA_CODE21":"6530"}},{"arcs":[[7989,7990,7991,7992,7993,7994,7995,7996,7997,7998,7999,8000,-7984,-7987,8001,-7988]],"type":"Polygon","properties":{"POA_CODE21":"6532"}},{"arcs":[[8002,8003,-7991]],"type":"Polygon","properties":{"POA_CODE21":"6535"}},{"arcs":[[-7992,-8004,8004]],"type":"Polygon","properties":{"POA_CODE21":"6536"}},{"arcs":[[[8005,-7994]],[[-7996,8006]],[[8007]],[[8008]]],"type":"MultiPolygon","properties":{"POA_CODE21":"6537"}},{"arcs":[[8009,8010,-7536,-7199,-7217,-7227]],"type":"Polygon","properties":{"POA_CODE21":"6556"}},{"arcs":[[8011,-8010,-7226,-7219,8012]],"type":"Polygon","properties":{"POA_CODE21":"6558"}},{"arcs":[[-8013,-7218,-7225,8013]],"type":"Polygon","properties":{"POA_CODE21":"6560"}},{"arcs":[[-8014,-7224,8014,8015,-7726,-7537,-8011,-8012]],"type":"Polygon","properties":{"POA_CODE21":"6562"}},{"arcs":[[-8016,8016,-7727]],"type":"Polygon","properties":{"POA_CODE21":"6564"}},{"arcs":[[-8017,-8015,-7223,8017,8018,-7728]],"type":"Polygon","properties":{"POA_CODE21":"6566"}},{"arcs":[[-7222,-7231,-7915,8019,-8018]],"type":"Polygon","properties":{"POA_CODE21":"6567"}},{"arcs":[[-8019,-8020,-7914,8020,8021,-7851]],"type":"Polygon","properties":{"POA_CODE21":"6568"}},{"arcs":[[-7913,-7934,8022,8023,-8021]],"type":"Polygon","properties":{"POA_CODE21":"6569"}},{"arcs":[[-7933,8024,8025,-8023]],"type":"Polygon","properties":{"POA_CODE21":"6571"}},{"arcs":[[8026,8027,-8025,-7932]],"type":"Polygon","properties":{"POA_CODE21":"6572"}},{"arcs":[[8028,8029,8030,-8027,-7931,-7938]],"type":"Polygon","properties":{"POA_CODE21":"6574"}},{"arcs":[[8031,8032,-8029,-7937,-7942,-7947,8033]],"type":"Polygon","properties":{"POA_CODE21":"6575"}},{"arcs":[[-7868,-7864,-7855,-7852,-8022,-8024,-8026,-8028,-8031,8034,8035]],"type":"Polygon","properties":{"POA_CODE21":"6603"}},{"arcs":[[8036,-7869,-8036]],"type":"Polygon","properties":{"POA_CODE21":"6605"}},{"arcs":[[-8035,-8030,-8033,8037,-7877,-7872,-7870,-8037]],"type":"Polygon","properties":{"POA_CODE21":"6606"}},{"arcs":[[-7878,-8038,-8032,8038]],"type":"Polygon","properties":{"POA_CODE21":"6608"}},{"arcs":[[-7879,-8039,-8034,-7946,8039]],"type":"Polygon","properties":{"POA_CODE21":"6609"}},{"arcs":[[8040,8041,8042,8043,8044,8045,-7887,-7880,-8040,-7945,-7959,8046]],"type":"Polygon","properties":{"POA_CODE21":"6612"}},{"arcs":[[-7958,8047,-8047]],"type":"Polygon","properties":{"POA_CODE21":"6613"}},{"arcs":[[8048,-8041,-8048,-7957]],"type":"Polygon","properties":{"POA_CODE21":"6614"}},{"arcs":[[-8049,-7956,-7964,8049,-8042]],"type":"Polygon","properties":{"POA_CODE21":"6616"}},{"arcs":[[-8050,-7963,-7975,8050,8051,-8043]],"type":"Polygon","properties":{"POA_CODE21":"6620"}},{"arcs":[[8052,8053,-8051,-7974,8054,-7978]],"type":"Polygon","properties":{"POA_CODE21":"6623"}},{"arcs":[[-7979,-8055,-7973]],"type":"Polygon","properties":{"POA_CODE21":"6625"}},{"arcs":[[8055,8056,-8053,-7977,8057,8058]],"type":"Polygon","properties":{"POA_CODE21":"6627"}},{"arcs":[[8059,8060,-8059]],"type":"Polygon","properties":{"POA_CODE21":"6628"}},{"arcs":[[-8060,-8058,-7981,-7985,-8001,8061,-7999,8062,8063,8064,8065,8066,8067]],"type":"Polygon","properties":{"POA_CODE21":"6630"}},{"arcs":[[-8056,-8061,-8068,8068]],"type":"Polygon","properties":{"POA_CODE21":"6631"}},{"arcs":[[-8000,-8062]],"type":"Polygon","properties":{"POA_CODE21":"6632"}},{"arcs":[[8069,8070,-8044,-8052,-8054,-8057,-8069,-8067]],"type":"Polygon","properties":{"POA_CODE21":"6635"}},{"arcs":[[-8045,-8071,8071,8072]],"type":"Polygon","properties":{"POA_CODE21":"6638"}},{"arcs":[[-7823,-7888,-8046,-8073,8073,8074,8075,-7826]],"type":"Polygon","properties":{"POA_CODE21":"6639"}},{"arcs":[[-8074,-8072,-8070,-8066,8076]],"type":"Polygon","properties":{"POA_CODE21":"6640"}},{"arcs":[[-8075,-8077,-8065,8077,8078,8079,8080]],"type":"Polygon","properties":{"POA_CODE21":"6642"}},{"arcs":[[-7829,-7827,-8076,-8081,8081,8082,-135,-7831]],"type":"Polygon","properties":{"POA_CODE21":"6646"}},{"arcs":[[[8083,8084,8085,8086,-8063,-7998,8087]],[[8088]],[[8089]]],"type":"MultiPolygon","properties":{"POA_CODE21":"6701"}},{"arcs":[[-8064,-8087,8090,-8078]],"type":"Polygon","properties":{"POA_CODE21":"6705"}},{"arcs":[[8091,-8084,8092]],"type":"Polygon","properties":{"POA_CODE21":"6707"}},{"arcs":[[[8093,8094,8095,8096,8097,-8085,-8092,8098]],[[8099]]],"type":"MultiPolygon","properties":{"POA_CODE21":"6710"}},{"arcs":[[8100]],"type":"Polygon","properties":{"POA_CODE21":"6712"}},{"arcs":[[[8101,8102]],[[8103]],[[8104]],[[8105]],[[8106]],[[8107]]],"type":"MultiPolygon","properties":{"POA_CODE21":"6713"}},{"arcs":[[[-8094,8108]],[[8109,8110,8111,8112,8113,8114,8115,-8096,8116,-8103,8117],[8118]],[[8119]],[[8120]],[[8121]]],"type":"MultiPolygon","properties":{"POA_CODE21":"6714"}},{"arcs":[[8122,-8097,-8116]],"type":"Polygon","properties":{"POA_CODE21":"6716"}},{"arcs":[[[8123,8124,-8111]],[[-8119]]],"type":"MultiPolygon","properties":{"POA_CODE21":"6718"}},{"arcs":[[8125,-8124,-8110]],"type":"Polygon","properties":{"POA_CODE21":"6720"}},{"arcs":[[[-8113,8126,8127,8128]],[[8129,8130]],[[8133,8134,8135,8136,8137]]],"type":"MultiPolygon","properties":{"POA_CODE21":"6721"}},{"arcs":[[8140,-8132,8141,-8131,8142,-8139,8143,-8137,8144,-8128]],"type":"Polygon","properties":{"POA_CODE21":"6722"}},{"arcs":[[[8145,8146,8147,8148,-8134,8149]],[[8150]]],"type":"MultiPolygon","properties":{"POA_CODE21":"6725"}},{"arcs":[[8151,-8146]],"type":"Polygon","properties":{"POA_CODE21":"6726"}},{"arcs":[[[8152,8153,8154,8155,8156,8157,-8148,8158],[8161]],[[8159]],[[8160]],[[8162]],[[8163]],[[8164]]],"type":"MultiPolygon","properties":{"POA_CODE21":"6728"}},{"arcs":[[[-8153,8165]],[[8166,-8155,8167]],[[8168]],[[8169]],[[8170]],[[8171]],[[8172]],[[8173]],[[8174]],[[8175]],[[8176]],[[8177]],[[8178]],[[8179]],[[8180]],[[8181]],[[8182]],[[8183]],[[8184]],[[8185,8186,8187,8188]]],"type":"MultiPolygon","properties":{"POA_CODE21":"6740"}},{"arcs":[[[-8156,-8167,8189,-8188,8190,-109,8191]],[[8192,-8186]],[[8193]]],"type":"MultiPolygon","properties":{"POA_CODE21":"6743"}},{"arcs":[[-8091,-8086,-8098,-8123,-8115,8194,8195,8196,-8079],[8197]],"type":"Polygon","properties":{"POA_CODE21":"6751"}},{"arcs":[[8198,-8082,-8080,-8197,8199]],"type":"Polygon","properties":{"POA_CODE21":"6753"}},{"arcs":[[-8198]],"type":"Polygon","properties":{"POA_CODE21":"6754"}},{"arcs":[[8200,-8200,-8196,8201]],"type":"Polygon","properties":{"POA_CODE21":"6758"}},{"arcs":[[-8202,-8195,-8114,-8129,-8145,-8136,8202]],"type":"Polygon","properties":{"POA_CODE21":"6760"}},{"arcs":[[8203,-136,-8083,-8199,-8201,-8203,-8135,-8149,-8158]],"type":"Polygon","properties":{"POA_CODE21":"6762"}},{"arcs":[[-8162]],"type":"Polygon","properties":{"POA_CODE21":"6765"}},{"arcs":[[-8204,-8157,-8192,-108,-137]],"type":"Polygon","properties":{"POA_CODE21":"6770"}},{"arcs":[[8204]],"type":"Polygon","properties":{"POA_CODE21":"6798"}},{"arcs":[[8205]],"type":"Polygon","properties":{"POA_CODE21":"6799"}},{"arcs":[[8206,8207,8208,8209,8210]],"type":"Polygon","properties":{"POA_CODE21":"7000"}},{"arcs":[[[8211,8212,8213,-8208]],[[8214,8215,-8211]]],"type":"MultiPolygon","properties":{"POA_CODE21":"7004"}},{"arcs":[[8216,8217,8218,-8212,-8207,-8216,8219]],"type":"Polygon","properties":{"POA_CODE21":"7005"}},{"arcs":[[8220,8221,8222,-8218]],"type":"Polygon","properties":{"POA_CODE21":"7007"}},{"arcs":[[-8214,8223,8224,8225,8226,-8209]],"type":"Polygon","properties":{"POA_CODE21":"7008"}},{"arcs":[[8227,8228,-8226]],"type":"Polygon","properties":{"POA_CODE21":"7009"}},{"arcs":[[-8225,8229,8230,8231,8232,-8228]],"type":"Polygon","properties":{"POA_CODE21":"7010"}},{"arcs":[[8233,8234,8235,8236,-8232]],"type":"Polygon","properties":{"POA_CODE21":"7011"}},{"arcs":[[8237,-8234,-8231,8238]],"type":"Polygon","properties":{"POA_CODE21":"7012"}},{"arcs":[[8239,8240,8241,8242,8243]],"type":"Polygon","properties":{"POA_CODE21":"7015"}},{"arcs":[[8244,8245,-8240,8246]],"type":"Polygon","properties":{"POA_CODE21":"7016"}},{"arcs":[[8247,8248,8249,8250,8251,-8247,-8244,8252]],"type":"Polygon","properties":{"POA_CODE21":"7017"}},{"arcs":[[8253,-8242,8254,8255]],"type":"Polygon","properties":{"POA_CODE21":"7018"}},{"arcs":[[8256,8257,-8256,8258]],"type":"Polygon","properties":{"POA_CODE21":"7019"}},{"arcs":[[8259,8260,8261,8262,8263,8264]],"type":"Polygon","properties":{"POA_CODE21":"7020"}},{"arcs":[[-8262,8265,-8257,8266,8267]],"type":"Polygon","properties":{"POA_CODE21":"7021"}},{"arcs":[[8268,8269,-8260,8270]],"type":"Polygon","properties":{"POA_CODE21":"7022"}},{"arcs":[[-8269,8271]],"type":"Polygon","properties":{"POA_CODE21":"7023"}},{"arcs":[[8272,-8264]],"type":"Polygon","properties":{"POA_CODE21":"7024"}},{"arcs":[[-8245,-8252,8273,8274,8275,8276,8277]],"type":"Polygon","properties":{"POA_CODE21":"7025"}},{"arcs":[[8278,8279,8280,8281,-8274,-8251,8282]],"type":"Polygon","properties":{"POA_CODE21":"7026"}},{"arcs":[[-8279,8283,8284]],"type":"Polygon","properties":{"POA_CODE21":"7027"}},{"arcs":[[[8285,8286,-8236]],[[8288,8289,8290,8291,8292,8293,8294,8295,8296,-8284,-8283,-8250]]],"type":"MultiPolygon","properties":{"POA_CODE21":"7030"}},{"arcs":[[8297,8298,8299,-8222,8300,8301]],"type":"Polygon","properties":{"POA_CODE21":"7050"}},{"arcs":[[8302,8303,-8298,8304]],"type":"Polygon","properties":{"POA_CODE21":"7052"}},{"arcs":[[-8301,-8221,-8217,8305]],"type":"Polygon","properties":{"POA_CODE21":"7053"}},{"arcs":[[8306,8307,8308,8309,8310,8311,-8239,-8230,-8224,-8213,-8219,-8223,-8300,8312,-8303]],"type":"Polygon","properties":{"POA_CODE21":"7054"}},{"arcs":[[-8304,-8313,-8299]],"type":"Polygon","properties":{"POA_CODE21":"7055"}},{"arcs":[[[8313,8314,8315,-8311,8316,8317,8318]],[[8321,8322,8323,8324]],[[8325,8326,8327]]],"type":"MultiPolygon","properties":{"POA_CODE21":"7109"}},{"arcs":[[-8318,8328,-8309,8329,8330,8331,8332,8333]],"type":"Polygon","properties":{"POA_CODE21":"7112"}},{"arcs":[[8334,-8314,8335]],"type":"Polygon","properties":{"POA_CODE21":"7113"}},{"arcs":[[[8336,-8326,-8322,8337,-8321,8338,8339,8340,8341,8342,8343,-8315,-8335],[8346]],[[8344,8345,-8323,-8328]]],"type":"MultiPolygon","properties":{"POA_CODE21":"7116"}},{"arcs":[[-8346,8347,-8324]],"type":"Polygon","properties":{"POA_CODE21":"7117"}},{"arcs":[[-8296,8348]],"type":"Polygon","properties":{"POA_CODE21":"7119"}},{"arcs":[[8349,-8280,-8285,-8297,-8349,-8295,8350]],"type":"Polygon","properties":{"POA_CODE21":"7120"}},{"arcs":[[-8347]],"type":"Polygon","properties":{"POA_CODE21":"7139"}},{"arcs":[[-8238,-8312,-8316,-8344,8351,8352,8353,-8290,8354,-8286,-8235]],"type":"Polygon","properties":{"POA_CODE21":"7140"}},{"arcs":[[[8355,-8330,-8308,8356,8357]],[[-8329,-8317,-8310]],[[-8333,8358,8359]],[[8360]]],"type":"MultiPolygon","properties":{"POA_CODE21":"7150"}},{"arcs":[[8361,-8358,8362]],"type":"Polygon","properties":{"POA_CODE21":"7155"}},{"arcs":[[8363,-8331,-8356,-8362,8364]],"type":"Polygon","properties":{"POA_CODE21":"7162"}},{"arcs":[[-8359,-8332,-8364,8365]],"type":"Polygon","properties":{"POA_CODE21":"7163"}},{"arcs":[[-8259,-8255,-8241,-8246,-8278,8366,-8267]],"type":"Polygon","properties":{"POA_CODE21":"7170"}},{"arcs":[[-8276,8367,8368]],"type":"Polygon","properties":{"POA_CODE21":"7171"}},{"arcs":[[8369,-8368,-8275,-8282,8370,8371,8372]],"type":"Polygon","properties":{"POA_CODE21":"7172"}},{"arcs":[[-8373,8373,8374,8375,8376]],"type":"Polygon","properties":{"POA_CODE21":"7173"}},{"arcs":[[8377,8378,-8375,8379]],"type":"Polygon","properties":{"POA_CODE21":"7174"}},{"arcs":[[8380,-8378,8381,8382,8383]],"type":"Polygon","properties":{"POA_CODE21":"7175"}},{"arcs":[[8384,-8382,-8380,-8374,-8372]],"type":"Polygon","properties":{"POA_CODE21":"7176"}},{"arcs":[[[-8376,-8379,-8381,8385]],[[8386,8387]]],"type":"MultiPolygon","properties":{"POA_CODE21":"7177"}},{"arcs":[[-8387,8388,8389,8390]],"type":"Polygon","properties":{"POA_CODE21":"7178"}},{"arcs":[[8391,8392,8393,8394,-8390]],"type":"Polygon","properties":{"POA_CODE21":"7179"}},{"arcs":[[-8394,8395,8396,8397]],"type":"Polygon","properties":{"POA_CODE21":"7180"}},{"arcs":[[8398,8399,8400,8401,-8396,-8393,8402]],"type":"Polygon","properties":{"POA_CODE21":"7182"}},{"arcs":[[-8400,8403]],"type":"Polygon","properties":{"POA_CODE21":"7183"}},{"arcs":[[8404,-8401,-8404,-8399,8405,8406,8407]],"type":"Polygon","properties":{"POA_CODE21":"7184"}},{"arcs":[[8408,8409,8410,-8408]],"type":"Polygon","properties":{"POA_CODE21":"7185"}},{"arcs":[[-8409,-8407,8411]],"type":"Polygon","properties":{"POA_CODE21":"7186"}},{"arcs":[[-8397,-8402,-8405,-8411,8412]],"type":"Polygon","properties":{"POA_CODE21":"7187"}},{"arcs":[[[-8383,-8385,-8371,-8281,-8350,8413,8414,8415,8416,8417]],[[8418]]],"type":"MultiPolygon","properties":{"POA_CODE21":"7190"}},{"arcs":[[-8414,-8351,-8294,8419]],"type":"Polygon","properties":{"POA_CODE21":"7209"}},{"arcs":[[-8415,-8420,-8293,8420,8421,8422]],"type":"Polygon","properties":{"POA_CODE21":"7210"}},{"arcs":[[8423,8424,8425,-8422,8426]],"type":"Polygon","properties":{"POA_CODE21":"7211"}},{"arcs":[[8427,8428,-8425,8429,8430,8431]],"type":"Polygon","properties":{"POA_CODE21":"7212"}},{"arcs":[[8432,-8416,-8423,-8426,-8429,8433]],"type":"Polygon","properties":{"POA_CODE21":"7213"}},{"arcs":[[8434,8435,-8434,-8428,8436,8437]],"type":"Polygon","properties":{"POA_CODE21":"7214"}},{"arcs":[[[-8417,-8433,-8436,8438,8439]],[[8440]]],"type":"MultiPolygon","properties":{"POA_CODE21":"7215"}},{"arcs":[[-8439,-8435,8441,8442,8443]],"type":"Polygon","properties":{"POA_CODE21":"7216"}},{"arcs":[[8444,8445,8446,8447,8448]],"type":"Polygon","properties":{"POA_CODE21":"7248"}},{"arcs":[[8449,8450]],"type":"Polygon","properties":{"POA_CODE21":"7249"}},{"arcs":[[8451,8452,8453,8454,8455,8456,-8448,8457,8458,-8451]],"type":"Polygon","properties":{"POA_CODE21":"7250"}},{"arcs":[[8459,8460,8461,-8445,8462,8463,8464]],"type":"Polygon","properties":{"POA_CODE21":"7252"}},{"arcs":[[8465,-8464]],"type":"Polygon","properties":{"POA_CODE21":"7253"}},{"arcs":[[8466,8467,-8460,8468,8469,8470]],"type":"Polygon","properties":{"POA_CODE21":"7254"}},{"arcs":[[[8471]],[[8472]]],"type":"MultiPolygon","properties":{"POA_CODE21":"7255"}},{"arcs":[[8473]],"type":"Polygon","properties":{"POA_CODE21":"7256"}},{"arcs":[[[8474]],[[8475]]],"type":"MultiPolygon","properties":{"POA_CODE21":"7257"}},{"arcs":[[8476,-8431,8477,8478,-8452,-8450,-8459]],"type":"Polygon","properties":{"POA_CODE21":"7258"}},{"arcs":[[8479,-8437,-8432,-8477,-8458,-8447,8480,8481]],"type":"Polygon","properties":{"POA_CODE21":"7259"}},{"arcs":[[8482,-8482,8483,-8471,8484,8485,8486]],"type":"Polygon","properties":{"POA_CODE21":"7260"}},{"arcs":[[-8487,8487,8488,8489]],"type":"Polygon","properties":{"POA_CODE21":"7261"}},{"arcs":[[8490,8491,-8485,-8470,8492]],"type":"Polygon","properties":{"POA_CODE21":"7262"}},{"arcs":[[-8480,-8483,-8490,8493,-8442,-8438]],"type":"Polygon","properties":{"POA_CODE21":"7263"}},{"arcs":[[-8443,-8494,-8489,8494,-8491,8495]],"type":"Polygon","properties":{"POA_CODE21":"7264"}},{"arcs":[[-8488,-8486,-8492,-8495]],"type":"Polygon","properties":{"POA_CODE21":"7265"}},{"arcs":[[-8461,-8468,8496]],"type":"Polygon","properties":{"POA_CODE21":"7267"}},{"arcs":[[-8484,-8481,-8446,-8462,-8497,-8467]],"type":"Polygon","properties":{"POA_CODE21":"7268"}},{"arcs":[[8497,8498,8499]],"type":"Polygon","properties":{"POA_CODE21":"7270"}},{"arcs":[[8500,8501,8502,8503,-8498,8504,8505,8506,8507]],"type":"Polygon","properties":{"POA_CODE21":"7275"}},{"arcs":[[-8506,8508]],"type":"Polygon","properties":{"POA_CODE21":"7276"}},{"arcs":[[8509,-8508,8510,-8456]],"type":"Polygon","properties":{"POA_CODE21":"7277"}},{"arcs":[[8511,8512,-8454,8513]],"type":"Polygon","properties":{"POA_CODE21":"7290"}},{"arcs":[[8514,-8512,8515,8516]],"type":"Polygon","properties":{"POA_CODE21":"7291"}},{"arcs":[[-8510,-8455,-8513,-8515,8517,-8501]],"type":"Polygon","properties":{"POA_CODE21":"7292"}},{"arcs":[[-8424,8518,8519,-8478,-8430]],"type":"Polygon","properties":{"POA_CODE21":"7300"}},{"arcs":[[[-8479,-8520,8520,8521,-8516,-8514,-8453]],[[8522,8523,8524]]],"type":"MultiPolygon","properties":{"POA_CODE21":"7301"}},{"arcs":[[8525,-8521,-8519,-8427,-8421,-8292,8526,-8525]],"type":"Polygon","properties":{"POA_CODE21":"7302"}},{"arcs":[[-8517,-8522,-8526,-8524,8527,-8502,-8518]],"type":"Polygon","properties":{"POA_CODE21":"7303"}},{"arcs":[[-8523,-8527,-8291,-8354,8528,8529,8530,-8503,-8528]],"type":"Polygon","properties":{"POA_CODE21":"7304"}},{"arcs":[[-8530,8531,8532]],"type":"Polygon","properties":{"POA_CODE21":"7305"}},{"arcs":[[-8529,-8353,8533,8534,8535,8536,8537,-8532]],"type":"Polygon","properties":{"POA_CODE21":"7306"}},{"arcs":[[-8504,-8531,-8533,-8538,8538,8539,8540,8541,8542,-8499]],"type":"Polygon","properties":{"POA_CODE21":"7307"}},{"arcs":[[[-8539,-8537,8543,8544,8545,8546]],[[-8542,8548]]],"type":"MultiPolygon","properties":{"POA_CODE21":"7310"}},{"arcs":[[-8536,8549,8550,8551,-8544]],"type":"Polygon","properties":{"POA_CODE21":"7315"}},{"arcs":[[8553,8554,-8551]],"type":"Polygon","properties":{"POA_CODE21":"7316"}},{"arcs":[[8557,8558]],"type":"Polygon","properties":{"POA_CODE21":"7320"}},{"arcs":[[[8559,8560,-8558,8561,-8557,8562,-8554,-8550,-8535,8563,8564,8565,8566]],[[8567,8568]],[[8569,8570,8571,8572]],[[8573,8574,8575]]],"type":"MultiPolygon","properties":{"POA_CODE21":"7321"}},{"arcs":[[8576,8577,-8560]],"type":"Polygon","properties":{"POA_CODE21":"7322"}},{"arcs":[[8578,-8570,8579,-8577,-8567]],"type":"Polygon","properties":{"POA_CODE21":"7325"}},{"arcs":[[[8580,-8574,8581,-8572,8582,8583]],[[8584,8585]],[[8586]],[[8587]],[[8588]]],"type":"MultiPolygon","properties":{"POA_CODE21":"7330"}},{"arcs":[[-8575,-8581,8589]],"type":"Polygon","properties":{"POA_CODE21":"7331"}},{"arcs":[[8590,-8342,8591]],"type":"Polygon","properties":{"POA_CODE21":"7466"}},{"arcs":[[-8341,8592,8593,-8592]],"type":"Polygon","properties":{"POA_CODE21":"7467"}},{"arcs":[[-8593,-8340,8594,8595]],"type":"Polygon","properties":{"POA_CODE21":"7468"}},{"arcs":[[[-8343,-8591,-8594,-8596,8596,-8564,-8534,-8352],[-8569,8599]],[[8597,-8585,8598,-8583,-8571,-8579,-8566]]],"type":"MultiPolygon","properties":{"POA_CODE21":"7469"}},{"arcs":[[-8568,-8600]],"type":"Polygon","properties":{"POA_CODE21":"7470"}},{"type":null,"properties":{"POA_CODE21":"9494"}},{"type":null,"properties":{"POA_CODE21":"9797"}},{"type":null,"properties":{"POA_CODE21":"ZZZZ"}}]}}}